# Star: M4V: Pickles (1998) UVK stellar library, STScI CDBS. M4V main-sequence star.
# wavelength[A] f_lambda[relative]
1150.00 0.000000e+00
1155.00 0.000000e+00
1160.00 0.000000e+00
1165.00 0.000000e+00
1170.00 0.000000e+00
1175.00 0.000000e+00
1180.00 0.000000e+00
1185.00 0.000000e+00
1190.00 0.000000e+00
1195.00 0.000000e+00
1200.00 0.000000e+00
1205.00 0.000000e+00
1210.00 0.000000e+00
1215.00 0.000000e+00
1220.00 0.000000e+00
1225.00 0.000000e+00
1230.00 0.000000e+00
1235.00 0.000000e+00
1240.00 0.000000e+00
1245.00 0.000000e+00
1250.00 0.000000e+00
1255.00 0.000000e+00
1260.00 0.000000e+00
1265.00 0.000000e+00
1270.00 0.000000e+00
1275.00 0.000000e+00
1280.00 0.000000e+00
1285.00 0.000000e+00
1290.00 0.000000e+00
1295.00 0.000000e+00
1300.00 0.000000e+00
1305.00 0.000000e+00
1310.00 0.000000e+00
1315.00 0.000000e+00
1320.00 0.000000e+00
1325.00 0.000000e+00
1330.00 0.000000e+00
1335.00 0.000000e+00
1340.00 0.000000e+00
1345.00 0.000000e+00
1350.00 0.000000e+00
1355.00 0.000000e+00
1360.00 0.000000e+00
1365.00 0.000000e+00
1370.00 0.000000e+00
1375.00 0.000000e+00
1380.00 0.000000e+00
1385.00 0.000000e+00
1390.00 0.000000e+00
1395.00 0.000000e+00
1400.00 0.000000e+00
1405.00 0.000000e+00
1410.00 0.000000e+00
1415.00 0.000000e+00
1420.00 0.000000e+00
1425.00 0.000000e+00
1430.00 0.000000e+00
1435.00 0.000000e+00
1440.00 0.000000e+00
1445.00 0.000000e+00
1450.00 0.000000e+00
1455.00 0.000000e+00
1460.00 0.000000e+00
1465.00 0.000000e+00
1470.00 0.000000e+00
1475.00 0.000000e+00
1480.00 0.000000e+00
1485.00 0.000000e+00
1490.00 0.000000e+00
1495.00 0.000000e+00
1500.00 0.000000e+00
1505.00 0.000000e+00
1510.00 0.000000e+00
1515.00 0.000000e+00
1520.00 0.000000e+00
1525.00 0.000000e+00
1530.00 0.000000e+00
1535.00 0.000000e+00
1540.00 0.000000e+00
1545.00 0.000000e+00
1550.00 0.000000e+00
1555.00 0.000000e+00
1560.00 0.000000e+00
1565.00 0.000000e+00
1570.00 0.000000e+00
1575.00 0.000000e+00
1580.00 0.000000e+00
1585.00 0.000000e+00
1590.00 0.000000e+00
1595.00 0.000000e+00
1600.00 0.000000e+00
1605.00 0.000000e+00
1610.00 0.000000e+00
1615.00 0.000000e+00
1620.00 0.000000e+00
1625.00 0.000000e+00
1630.00 0.000000e+00
1635.00 0.000000e+00
1640.00 0.000000e+00
1645.00 0.000000e+00
1650.00 0.000000e+00
1655.00 0.000000e+00
1660.00 0.000000e+00
1665.00 0.000000e+00
1670.00 0.000000e+00
1675.00 0.000000e+00
1680.00 0.000000e+00
1685.00 0.000000e+00
1690.00 0.000000e+00
1695.00 0.000000e+00
1700.00 0.000000e+00
1705.00 0.000000e+00
1710.00 0.000000e+00
1715.00 0.000000e+00
1720.00 0.000000e+00
1725.00 0.000000e+00
1730.00 0.000000e+00
1735.00 0.000000e+00
1740.00 0.000000e+00
1745.00 0.000000e+00
1750.00 0.000000e+00
1755.00 0.000000e+00
1760.00 0.000000e+00
1765.00 0.000000e+00
1770.00 0.000000e+00
1775.00 0.000000e+00
1780.00 0.000000e+00
1785.00 0.000000e+00
1790.00 0.000000e+00
1795.00 0.000000e+00
1800.00 0.000000e+00
1805.00 0.000000e+00
1810.00 0.000000e+00
1815.00 0.000000e+00
1820.00 0.000000e+00
1825.00 0.000000e+00
1830.00 0.000000e+00
1835.00 0.000000e+00
1840.00 0.000000e+00
1845.00 0.000000e+00
1850.00 0.000000e+00
1855.00 0.000000e+00
1860.00 0.000000e+00
1865.00 0.000000e+00
1870.00 0.000000e+00
1875.00 0.000000e+00
1880.00 0.000000e+00
1885.00 0.000000e+00
1890.00 0.000000e+00
1895.00 0.000000e+00
1900.00 0.000000e+00
1905.00 0.000000e+00
1910.00 0.000000e+00
1915.00 0.000000e+00
1920.00 0.000000e+00
1925.00 0.000000e+00
1930.00 0.000000e+00
1935.00 0.000000e+00
1940.00 0.000000e+00
1945.00 0.000000e+00
1950.00 0.000000e+00
1955.00 0.000000e+00
1960.00 0.000000e+00
1965.00 0.000000e+00
1970.00 0.000000e+00
1975.00 0.000000e+00
1980.00 0.000000e+00
1985.00 0.000000e+00
1990.00 0.000000e+00
1995.00 0.000000e+00
2000.00 0.000000e+00
2005.00 0.000000e+00
2010.00 0.000000e+00
2015.00 0.000000e+00
2020.00 0.000000e+00
2025.00 0.000000e+00
2030.00 0.000000e+00
2035.00 0.000000e+00
2040.00 0.000000e+00
2045.00 0.000000e+00
2050.00 0.000000e+00
2055.00 0.000000e+00
2060.00 0.000000e+00
2065.00 0.000000e+00
2070.00 0.000000e+00
2075.00 0.000000e+00
2080.00 0.000000e+00
2085.00 0.000000e+00
2090.00 0.000000e+00
2095.00 0.000000e+00
2100.00 0.000000e+00
2105.00 0.000000e+00
2110.00 0.000000e+00
2115.00 0.000000e+00
2120.00 0.000000e+00
2125.00 0.000000e+00
2130.00 0.000000e+00
2135.00 0.000000e+00
2140.00 0.000000e+00
2145.00 0.000000e+00
2150.00 0.000000e+00
2155.00 0.000000e+00
2160.00 0.000000e+00
2165.00 0.000000e+00
2170.00 0.000000e+00
2175.00 0.000000e+00
2180.00 0.000000e+00
2185.00 0.000000e+00
2190.00 0.000000e+00
2195.00 0.000000e+00
2200.00 0.000000e+00
2205.00 0.000000e+00
2210.00 0.000000e+00
2215.00 0.000000e+00
2220.00 0.000000e+00
2225.00 0.000000e+00
2230.00 0.000000e+00
2235.00 0.000000e+00
2240.00 0.000000e+00
2245.00 0.000000e+00
2250.00 0.000000e+00
2255.00 0.000000e+00
2260.00 0.000000e+00
2265.00 0.000000e+00
2270.00 0.000000e+00
2275.00 0.000000e+00
2280.00 0.000000e+00
2285.00 0.000000e+00
2290.00 0.000000e+00
2295.00 0.000000e+00
2300.00 0.000000e+00
2305.00 0.000000e+00
2310.00 0.000000e+00
2315.00 0.000000e+00
2320.00 0.000000e+00
2325.00 0.000000e+00
2330.00 0.000000e+00
2335.00 0.000000e+00
2340.00 0.000000e+00
2345.00 0.000000e+00
2350.00 0.000000e+00
2355.00 0.000000e+00
2360.00 0.000000e+00
2365.00 0.000000e+00
2370.00 0.000000e+00
2375.00 0.000000e+00
2380.00 0.000000e+00
2385.00 0.000000e+00
2390.00 0.000000e+00
2395.00 0.000000e+00
2400.00 0.000000e+00
2405.00 0.000000e+00
2410.00 0.000000e+00
2415.00 0.000000e+00
2420.00 0.000000e+00
2425.00 0.000000e+00
2430.00 0.000000e+00
2435.00 0.000000e+00
2440.00 0.000000e+00
2445.00 0.000000e+00
2450.00 0.000000e+00
2455.00 0.000000e+00
2460.00 0.000000e+00
2465.00 0.000000e+00
2470.00 0.000000e+00
2475.00 0.000000e+00
2480.00 0.000000e+00
2485.00 0.000000e+00
2490.00 0.000000e+00
2495.00 0.000000e+00
2500.00 0.000000e+00
2505.00 0.000000e+00
2510.00 0.000000e+00
2515.00 0.000000e+00
2520.00 0.000000e+00
2525.00 0.000000e+00
2530.00 0.000000e+00
2535.00 0.000000e+00
2540.00 0.000000e+00
2545.00 0.000000e+00
2550.00 0.000000e+00
2555.00 0.000000e+00
2560.00 0.000000e+00
2565.00 0.000000e+00
2570.00 0.000000e+00
2575.00 0.000000e+00
2580.00 0.000000e+00
2585.00 0.000000e+00
2590.00 0.000000e+00
2595.00 0.000000e+00
2600.00 0.000000e+00
2605.00 0.000000e+00
2610.00 0.000000e+00
2615.00 0.000000e+00
2620.00 0.000000e+00
2625.00 0.000000e+00
2630.00 0.000000e+00
2635.00 0.000000e+00
2640.00 0.000000e+00
2645.00 0.000000e+00
2650.00 0.000000e+00
2655.00 0.000000e+00
2660.00 0.000000e+00
2665.00 0.000000e+00
2670.00 0.000000e+00
2675.00 0.000000e+00
2680.00 0.000000e+00
2685.00 0.000000e+00
2690.00 0.000000e+00
2695.00 0.000000e+00
2700.00 0.000000e+00
2705.00 0.000000e+00
2710.00 0.000000e+00
2715.00 4.328947e-16
2720.00 3.025488e-15
2725.00 3.456793e-15
2730.00 3.456791e-15
2735.00 3.456791e-15
2740.00 3.023903e-15
2745.00 4.313124e-16
2750.00 0.000000e+00
2755.00 0.000000e+00
2760.00 0.000000e+00
2765.00 0.000000e+00
2770.00 0.000000e+00
2775.00 0.000000e+00
2780.00 0.000000e+00
2785.00 0.000000e+00
2790.00 0.000000e+00
2795.00 0.000000e+00
2800.00 8.657415e-16
2805.00 6.916665e-15
2810.00 1.383025e-14
2815.00 2.031097e-14
2820.00 2.463197e-14
2825.00 3.024844e-14
2830.00 3.111110e-14
2835.00 3.024540e-14
2840.00 2.419450e-14
2845.00 1.598235e-14
2850.00 2.156705e-15
2855.00 0.000000e+00
2860.00 0.000000e+00
2865.00 0.000000e+00
2870.00 0.000000e+00
2875.00 0.000000e+00
2880.00 0.000000e+00
2885.00 0.000000e+00
2890.00 0.000000e+00
2895.00 0.000000e+00
2900.00 9.955408e-15
2905.00 8.170464e-14
2910.00 1.759052e-13
2915.00 2.688042e-13
2920.00 3.530569e-13
2925.00 4.144030e-13
2930.00 4.433365e-13
2935.00 4.251664e-13
2940.00 3.512517e-13
2945.00 2.107881e-13
2950.00 2.760748e-14
2955.00 0.000000e+00
2960.00 0.000000e+00
2965.00 0.000000e+00
2970.00 0.000000e+00
2975.00 0.000000e+00
2980.00 0.000000e+00
2985.00 0.000000e+00
2990.00 0.000000e+00
2995.00 0.000000e+00
3000.00 1.441288e-13
3005.00 1.189246e-12
3010.00 2.636895e-12
3015.00 4.349839e-12
3020.00 6.287451e-12
3025.00 8.408696e-12
3030.00 1.067553e-11
3035.00 1.305168e-11
3040.00 1.549480e-11
3045.00 1.796768e-11
3050.00 2.042891e-11
3055.00 2.284995e-11
3060.00 2.521305e-11
3065.00 2.750704e-11
3070.00 2.972242e-11
3075.00 3.185303e-11
3080.00 3.388469e-11
3085.00 3.580926e-11
3090.00 3.761882e-11
3095.00 3.930180e-11
3100.00 4.085298e-11
3105.00 4.227365e-11
3110.00 4.361056e-11
3115.00 4.491467e-11
3120.00 4.624548e-11
3125.00 4.765935e-11
3130.00 4.921197e-11
3135.00 5.096121e-11
3140.00 5.296284e-11
3145.00 5.527295e-11
3150.00 5.794778e-11
3155.00 5.864067e-11
3160.00 5.430061e-11
3165.00 9.636468e-11
3170.00 1.160012e-10
3175.00 9.119759e-11
3180.00 5.957028e-11
3185.00 7.713350e-11
3190.00 7.808029e-11
3195.00 4.823431e-11
3200.00 2.660254e-11
3205.00 4.642791e-11
3210.00 1.011283e-10
3215.00 1.789194e-10
3220.00 2.042906e-10
3225.00 1.268749e-10
3230.00 2.928893e-11
3235.00 4.265093e-12
3240.00 1.648946e-11
3245.00 3.014587e-11
3250.00 3.195385e-11
3255.00 2.903133e-11
3260.00 3.407831e-11
3265.00 5.111941e-11
3270.00 5.956131e-11
3275.00 4.546023e-11
3280.00 3.585150e-11
3285.00 5.753824e-11
3290.00 9.529671e-11
3295.00 1.223428e-10
3300.00 1.253003e-10
3305.00 1.056724e-10
3310.00 8.912893e-11
3315.00 1.016856e-10
3320.00 1.455947e-10
3325.00 2.026068e-10
3330.00 2.264687e-10
3335.00 1.855521e-10
3340.00 1.136734e-10
3345.00 5.969597e-11
3350.00 4.546089e-11
3355.00 7.068100e-11
3360.00 1.063526e-10
3365.00 1.262790e-10
3370.00 1.386909e-10
3375.00 1.586989e-10
3380.00 1.844947e-10
3385.00 2.075339e-10
3390.00 2.195417e-10
3395.00 2.140495e-10
3400.00 1.889327e-10
3405.00 1.482579e-10
3410.00 1.079983e-10
3415.00 8.396164e-11
3420.00 7.982333e-11
3425.00 9.488801e-11
3430.00 1.288100e-10
3435.00 1.770365e-10
3440.00 2.229764e-10
3445.00 2.466367e-10
3450.00 2.327752e-10
3455.00 1.859388e-10
3460.00 1.555954e-10
3465.00 1.772344e-10
3470.00 2.070146e-10
3475.00 2.001022e-10
3480.00 1.872241e-10
3485.00 2.019648e-10
3490.00 2.108267e-10
3495.00 1.909190e-10
3500.00 2.116782e-10
3505.00 3.171510e-10
3510.00 3.952081e-10
3515.00 3.433419e-10
3520.00 2.406368e-10
3525.00 1.978739e-10
3530.00 2.232896e-10
3535.00 2.806377e-10
3540.00 3.254781e-10
3545.00 3.312460e-10
3550.00 3.213539e-10
3555.00 3.169864e-10
3560.00 2.868207e-10
3565.00 2.138565e-10
3570.00 1.692785e-10
3575.00 2.117214e-10
3580.00 2.790333e-10
3585.00 2.936638e-10
3590.00 2.604456e-10
3595.00 2.139362e-10
3600.00 1.809451e-10
3605.00 1.765846e-10
3610.00 1.955205e-10
3615.00 2.246964e-10
3620.00 2.504266e-10
3625.00 2.607044e-10
3630.00 2.489148e-10
3635.00 2.200852e-10
3640.00 2.033042e-10
3645.00 2.177305e-10
3650.00 2.340418e-10
3655.00 2.249747e-10
3660.00 2.163325e-10
3665.00 2.368482e-10
3670.00 2.691106e-10
3675.00 2.861482e-10
3680.00 2.834059e-10
3685.00 2.651265e-10
3690.00 2.357951e-10
3695.00 2.072871e-10
3700.00 2.091002e-10
3705.00 2.484143e-10
3710.00 2.586909e-10
3715.00 1.849089e-10
3720.00 7.637320e-11
3725.00 8.771057e-12
3730.00 1.019044e-11
3735.00 8.227158e-11
3740.00 1.623302e-10
3745.00 1.979295e-10
3750.00 2.154854e-10
3755.00 2.521386e-10
3760.00 2.948055e-10
3765.00 3.234741e-10
3770.00 3.512891e-10
3775.00 3.907900e-10
3780.00 4.188243e-10
3785.00 4.090266e-10
3790.00 3.643106e-10
3795.00 3.074712e-10
3800.00 2.814659e-10
3805.00 3.099032e-10
3810.00 3.474715e-10
3815.00 3.442664e-10
3820.00 3.071380e-10
3825.00 2.605439e-10
3830.00 2.177528e-10
3835.00 1.940690e-10
3840.00 2.207542e-10
3845.00 3.065349e-10
3850.00 3.859839e-10
3855.00 3.949855e-10
3860.00 3.480236e-10
3865.00 2.930629e-10
3870.00 2.828222e-10
3875.00 3.316179e-10
3880.00 3.553052e-10
3885.00 2.972846e-10
3890.00 2.656953e-10
3895.00 3.551920e-10
3900.00 4.520890e-10
3905.00 4.050913e-10
3910.00 3.957529e-10
3915.00 4.402896e-10
3920.00 4.901635e-10
3925.00 5.035440e-10
3930.00 4.790335e-10
3935.00 4.419334e-10
3940.00 4.031407e-10
3945.00 3.601918e-10
3950.00 3.305165e-10
3955.00 3.318686e-10
3960.00 3.562922e-10
3965.00 4.023471e-10
3970.00 4.905839e-10
3975.00 6.158418e-10
3980.00 7.208305e-10
3985.00 7.589001e-10
3990.00 7.486531e-10
3995.00 7.412014e-10
4000.00 7.826274e-10
4005.00 8.728996e-10
4010.00 9.572891e-10
4015.00 9.685562e-10
4020.00 8.825192e-10
4025.00 7.429837e-10
4030.00 6.357271e-10
4035.00 6.358696e-10
4040.00 7.607145e-10
4045.00 9.554647e-10
4050.00 1.123359e-09
4055.00 1.180716e-09
4060.00 1.103606e-09
4065.00 9.383141e-10
4070.00 7.728559e-10
4075.00 6.857310e-10
4080.00 7.002469e-10
4085.00 7.761428e-10
4090.00 8.434142e-10
4095.00 8.501072e-10
4100.00 7.932357e-10
4105.00 7.158544e-10
4110.00 6.728904e-10
4115.00 6.894498e-10
4120.00 7.474205e-10
4125.00 8.031135e-10
4130.00 8.193027e-10
4135.00 7.896410e-10
4140.00 7.386863e-10
4145.00 6.996245e-10
4150.00 6.909929e-10
4155.00 7.091013e-10
4160.00 7.368712e-10
4165.00 7.589579e-10
4170.00 7.703643e-10
4175.00 7.733605e-10
4180.00 7.705060e-10
4185.00 7.625181e-10
4190.00 7.523307e-10
4195.00 7.476160e-10
4200.00 7.540990e-10
4205.00 7.669338e-10
4210.00 7.652689e-10
4215.00 7.241641e-10
4220.00 6.360450e-10
4225.00 5.256935e-10
4230.00 4.448623e-10
4235.00 4.399554e-10
4240.00 5.180216e-10
4245.00 6.368659e-10
4250.00 7.270174e-10
4255.00 7.337767e-10
4260.00 6.533977e-10
4265.00 5.364653e-10
4270.00 4.552636e-10
4275.00 4.612116e-10
4280.00 5.559164e-10
4285.00 6.913777e-10
4290.00 8.006548e-10
4295.00 8.380949e-10
4300.00 8.066728e-10
4305.00 7.536655e-10
4310.00 7.398193e-10
4315.00 7.999464e-10
4320.00 9.167359e-10
4325.00 1.028501e-09
4330.00 1.070790e-09
4335.00 1.022025e-09
4340.00 9.212630e-10
4345.00 8.444876e-10
4350.00 8.518422e-10
4355.00 9.424617e-10
4360.00 1.055601e-09
4365.00 1.115743e-09
4370.00 1.087718e-09
4375.00 1.001850e-09
4380.00 9.284249e-10
4385.00 9.240314e-10
4390.00 9.915484e-10
4395.00 1.085876e-09
4400.00 1.152816e-09
4405.00 1.168059e-09
4410.00 1.148362e-09
4415.00 1.131742e-09
4420.00 1.145488e-09
4425.00 1.192361e-09
4430.00 1.256626e-09
4435.00 1.319032e-09
4440.00 1.368952e-09
4445.00 1.405102e-09
4450.00 1.432729e-09
4455.00 1.462225e-09
4460.00 1.503764e-09
4465.00 1.558441e-09
4470.00 1.614343e-09
4475.00 1.653512e-09
4480.00 1.672564e-09
4485.00 1.697259e-09
4490.00 1.771036e-09
4495.00 1.917296e-09
4500.00 2.101627e-09
4505.00 2.236968e-09
4510.00 2.240661e-09
4515.00 2.100763e-09
4520.00 1.898251e-09
4525.00 1.760625e-09
4530.00 1.771258e-09
4535.00 1.907797e-09
4540.00 2.066787e-09
4545.00 2.146098e-09
4550.00 2.118904e-09
4555.00 2.045354e-09
4560.00 2.012789e-09
4565.00 2.060276e-09
4570.00 2.156556e-09
4575.00 2.238546e-09
4580.00 2.265710e-09
4585.00 2.245292e-09
4590.00 2.213106e-09
4595.00 2.193888e-09
4600.00 2.188646e-09
4605.00 2.190033e-09
4610.00 2.199765e-09
4615.00 2.226903e-09
4620.00 2.267611e-09
4625.00 2.293820e-09
4630.00 2.273360e-09
4635.00 2.201990e-09
4640.00 2.116045e-09
4645.00 2.070522e-09
4650.00 2.096158e-09
4655.00 2.175827e-09
4660.00 2.261275e-09
4665.00 2.308597e-09
4670.00 2.303961e-09
4675.00 2.262538e-09
4680.00 2.207010e-09
4685.00 2.155782e-09
4690.00 2.126396e-09
4695.00 2.137905e-09
4700.00 2.199523e-09
4705.00 2.292440e-09
4710.00 2.367733e-09
4715.00 2.376957e-09
4720.00 2.316775e-09
4725.00 2.244242e-09
4730.00 2.242625e-09
4735.00 2.356964e-09
4740.00 2.548290e-09
4745.00 2.709777e-09
4750.00 2.735403e-09
4755.00 2.586562e-09
4760.00 2.312591e-09
4765.00 2.017478e-09
4770.00 1.800970e-09
4775.00 1.714948e-09
4780.00 1.754267e-09
4785.00 1.873550e-09
4790.00 2.010209e-09
4795.00 2.105523e-09
4800.00 2.125858e-09
4805.00 2.076510e-09
4810.00 2.000438e-09
4815.00 1.953946e-09
4820.00 1.972985e-09
4825.00 2.052096e-09
4830.00 2.151008e-09
4835.00 2.223192e-09
4840.00 2.243526e-09
4845.00 2.216099e-09
4850.00 2.164852e-09
4855.00 2.119626e-09
4860.00 2.107360e-09
4865.00 2.144741e-09
4870.00 2.229486e-09
4875.00 2.336718e-09
4880.00 2.428411e-09
4885.00 2.478736e-09
4890.00 2.501803e-09
4895.00 2.546378e-09
4900.00 2.653966e-09
4905.00 2.818341e-09
4910.00 2.980780e-09
4915.00 3.073164e-09
4920.00 3.083116e-09
4925.00 3.073405e-09
4930.00 3.129872e-09
4935.00 3.279876e-09
4940.00 3.449735e-09
4945.00 3.501263e-09
4950.00 3.331541e-09
4955.00 2.959145e-09
4960.00 2.520166e-09
4965.00 2.185704e-09
4970.00 2.062491e-09
4975.00 2.140357e-09
4980.00 2.318317e-09
4985.00 2.479297e-09
4990.00 2.550025e-09
4995.00 2.516806e-09
5000.00 2.407063e-09
5005.00 2.261986e-09
5010.00 2.121605e-09
5015.00 2.023007e-09
5020.00 1.998237e-09
5025.00 2.063105e-09
5030.00 2.206276e-09
5035.00 2.388896e-09
5040.00 2.558623e-09
5045.00 2.675713e-09
5050.00 2.728807e-09
5055.00 2.736363e-09
5060.00 2.731265e-09
5065.00 2.737919e-09
5070.00 2.759582e-09
5075.00 2.779749e-09
5080.00 2.779580e-09
5085.00 2.753548e-09
5090.00 2.712404e-09
5095.00 2.673585e-09
5100.00 2.648131e-09
5105.00 2.636890e-09
5110.00 2.638437e-09
5115.00 2.655512e-09
5120.00 2.690518e-09
5125.00 2.735285e-09
5130.00 2.771044e-09
5135.00 2.785991e-09
5140.00 2.791076e-09
5145.00 2.811854e-09
5150.00 2.856329e-09
5155.00 2.884166e-09
5160.00 2.815913e-09
5165.00 2.597287e-09
5170.00 2.266455e-09
5175.00 1.954435e-09
5180.00 1.808310e-09
5185.00 1.885854e-09
5190.00 2.104527e-09
5195.00 2.307106e-09
5200.00 2.392867e-09
5205.00 2.394986e-09
5210.00 2.445109e-09
5215.00 2.653246e-09
5220.00 3.000937e-09
5225.00 3.350945e-09
5230.00 3.561781e-09
5235.00 3.595729e-09
5240.00 3.534050e-09
5245.00 3.493480e-09
5250.00 3.520201e-09
5255.00 3.565941e-09
5260.00 3.561555e-09
5265.00 3.499624e-09
5270.00 3.450142e-09
5275.00 3.497748e-09
5280.00 3.657347e-09
5285.00 3.855409e-09
5290.00 3.994622e-09
5295.00 4.030019e-09
5300.00 3.991630e-09
5305.00 3.940859e-09
5310.00 3.905702e-09
5315.00 3.866490e-09
5320.00 3.800574e-09
5325.00 3.727544e-09
5330.00 3.705977e-09
5335.00 3.782170e-09
5340.00 3.939487e-09
5345.00 4.103394e-09
5350.00 4.205067e-09
5355.00 4.237564e-09
5360.00 4.256199e-09
5365.00 4.322014e-09
5370.00 4.435938e-09
5375.00 4.534861e-09
5380.00 4.549610e-09
5385.00 4.470439e-09
5390.00 4.362451e-09
5395.00 4.316393e-09
5400.00 4.373932e-09
5405.00 4.494987e-09
5410.00 4.596270e-09
5415.00 4.619880e-09
5420.00 4.575202e-09
5425.00 4.523135e-09
5430.00 4.514746e-09
5435.00 4.537697e-09
5440.00 4.520765e-09
5445.00 4.385118e-09
5450.00 4.105847e-09
5455.00 3.741462e-09
5460.00 3.406681e-09
5465.00 3.210005e-09
5470.00 3.198419e-09
5475.00 3.339421e-09
5480.00 3.543582e-09
5485.00 3.711415e-09
5490.00 3.778195e-09
5495.00 3.731901e-09
5500.00 3.604034e-09
5505.00 3.446313e-09
5510.00 3.306277e-09
5515.00 3.211479e-09
5520.00 3.165515e-09
5525.00 3.152480e-09
5530.00 3.146660e-09
5535.00 3.126962e-09
5540.00 3.090074e-09
5545.00 3.057131e-09
5550.00 3.070235e-09
5555.00 3.173047e-09
5560.00 3.383460e-09
5565.00 3.673965e-09
5570.00 3.971981e-09
5575.00 4.183164e-09
5580.00 4.230945e-09
5585.00 4.096587e-09
5590.00 3.835920e-09
5595.00 3.560121e-09
5600.00 3.386000e-09
5605.00 3.376934e-09
5610.00 3.505356e-09
5615.00 3.667413e-09
5620.00 3.749955e-09
5625.00 3.704524e-09
5630.00 3.579813e-09
5635.00 3.488594e-09
5640.00 3.524814e-09
5645.00 3.690120e-09
5650.00 3.893053e-09
5655.00 4.019033e-09
5660.00 4.013598e-09
5665.00 3.919071e-09
5670.00 3.836860e-09
5675.00 3.842842e-09
5680.00 3.937034e-09
5685.00 4.061133e-09
5690.00 4.157208e-09
5695.00 4.215546e-09
5700.00 4.269680e-09
5705.00 4.346689e-09
5710.00 4.430613e-09
5715.00 4.475387e-09
5720.00 4.450937e-09
5725.00 4.380425e-09
5730.00 4.331288e-09
5735.00 4.362601e-09
5740.00 4.477880e-09
5745.00 4.623271e-09
5750.00 4.726129e-09
5755.00 4.741333e-09
5760.00 4.671875e-09
5765.00 4.555917e-09
5770.00 4.442190e-09
5775.00 4.375880e-09
5780.00 4.391772e-09
5785.00 4.503828e-09
5790.00 4.688401e-09
5795.00 4.873527e-09
5800.00 4.962559e-09
5805.00 4.885023e-09
5810.00 4.646027e-09
5815.00 4.337397e-09
5820.00 4.089549e-09
5825.00 3.992629e-09
5830.00 4.039677e-09
5835.00 4.136417e-09
5840.00 4.165456e-09
5845.00 4.062420e-09
5850.00 3.854860e-09
5855.00 3.630795e-09
5860.00 3.461239e-09
5865.00 3.340491e-09
5870.00 3.186007e-09
5875.00 2.901243e-09
5880.00 2.463899e-09
5885.00 1.970615e-09
5890.00 1.591849e-09
5895.00 1.470002e-09
5900.00 1.629025e-09
5905.00 1.955794e-09
5910.00 2.273730e-09
5915.00 2.459580e-09
5920.00 2.510551e-09
5925.00 2.518504e-09
5930.00 2.582345e-09
5935.00 2.726207e-09
5940.00 2.885401e-09
5945.00 2.969491e-09
5950.00 2.942224e-09
5955.00 2.848142e-09
5960.00 2.775395e-09
5965.00 2.789921e-09
5970.00 2.893897e-09
5975.00 3.041032e-09
5980.00 3.183208e-09
5985.00 3.302327e-09
5990.00 3.406275e-09
5995.00 3.501926e-09
6000.00 3.578305e-09
6005.00 3.618602e-09
6010.00 3.625802e-09
6015.00 3.631962e-09
6020.00 3.680346e-09
6025.00 3.793357e-09
6030.00 3.953348e-09
6035.00 4.114581e-09
6040.00 4.235288e-09
6045.00 4.301346e-09
6050.00 4.326178e-09
6055.00 4.332113e-09
6060.00 4.332108e-09
6065.00 4.325963e-09
6070.00 4.311865e-09
6075.00 4.295423e-09
6080.00 4.290799e-09
6085.00 4.312249e-09
6090.00 4.360260e-09
6095.00 4.419358e-09
6100.00 4.463374e-09
6105.00 4.469840e-09
6110.00 4.437509e-09
6115.00 4.395669e-09
6120.00 4.395193e-09
6125.00 4.478840e-09
6130.00 4.641059e-09
6135.00 4.810702e-09
6140.00 4.873202e-09
6145.00 4.729530e-09
6150.00 4.364839e-09
6155.00 3.868409e-09
6160.00 3.387299e-09
6165.00 3.043239e-09
6170.00 2.869534e-09
6175.00 2.808363e-09
6180.00 2.768082e-09
6185.00 2.696923e-09
6190.00 2.606274e-09
6195.00 2.538557e-09
6200.00 2.516118e-09
6205.00 2.514517e-09
6210.00 2.484541e-09
6215.00 2.401598e-09
6220.00 2.290334e-09
6225.00 2.206890e-09
6230.00 2.196526e-09
6235.00 2.261347e-09
6240.00 2.365995e-09
6245.00 2.471329e-09
6250.00 2.563441e-09
6255.00 2.655090e-09
6260.00 2.763860e-09
6265.00 2.890068e-09
6270.00 3.016191e-09
6275.00 3.124590e-09
6280.00 3.215364e-09
6285.00 3.308750e-09
6290.00 3.431092e-09
6295.00 3.595684e-09
6300.00 3.793829e-09
6305.00 4.002932e-09
6310.00 4.202075e-09
6315.00 4.386000e-09
6320.00 4.567191e-09
6325.00 4.764112e-09
6330.00 4.984005e-09
6335.00 5.211273e-09
6340.00 5.409308e-09
6345.00 5.535871e-09
6350.00 5.564156e-09
6355.00 5.496182e-09
6360.00 5.359404e-09
6365.00 5.190557e-09
6370.00 5.023742e-09
6375.00 4.891244e-09
6380.00 4.830713e-09
6385.00 4.883678e-09
6390.00 5.075016e-09
6395.00 5.385907e-09
6400.00 5.744582e-09
6405.00 6.052228e-09
6410.00 6.233336e-09
6415.00 6.280073e-09
6420.00 6.256400e-09
6425.00 6.253499e-09
6430.00 6.330434e-09
6435.00 6.481684e-09
6440.00 6.651286e-09
6445.00 6.781051e-09
6450.00 6.854307e-09
6455.00 6.900856e-09
6460.00 6.964200e-09
6465.00 7.060413e-09
6470.00 7.161201e-09
6475.00 7.215227e-09
6480.00 7.193487e-09
6485.00 7.124747e-09
6490.00 7.090401e-09
6495.00 7.181807e-09
6500.00 7.443935e-09
6505.00 7.840680e-09
6510.00 8.269045e-09
6515.00 8.615413e-09
6520.00 8.819259e-09
6525.00 8.898243e-09
6530.00 8.921839e-09
6535.00 8.951624e-09
6540.00 8.987050e-09
6545.00 8.964065e-09
6550.00 8.811113e-09
6555.00 8.513938e-09
6560.00 8.142561e-09
6565.00 7.821080e-09
6570.00 7.656918e-09
6575.00 7.678190e-09
6580.00 7.826292e-09
6585.00 7.998548e-09
6590.00 8.103155e-09
6595.00 8.093527e-09
6600.00 7.970820e-09
6605.00 7.764544e-09
6610.00 7.519392e-09
6615.00 7.287311e-09
6620.00 7.114166e-09
6625.00 7.017983e-09
6630.00 6.970137e-09
6635.00 6.905419e-09
6640.00 6.771196e-09
6645.00 6.573594e-09
6650.00 6.383240e-09
6655.00 6.286190e-09
6660.00 6.303055e-09
6665.00 6.353936e-09
6670.00 6.311402e-09
6675.00 6.104810e-09
6680.00 5.791885e-09
6685.00 5.534242e-09
6690.00 5.477134e-09
6695.00 5.619455e-09
6700.00 5.799604e-09
6705.00 5.809788e-09
6710.00 5.552889e-09
6715.00 5.128515e-09
6720.00 4.771478e-09
6725.00 4.675099e-09
6730.00 4.852255e-09
6735.00 5.140316e-09
6740.00 5.331661e-09
6745.00 5.330662e-09
6750.00 5.214528e-09
6755.00 5.142523e-09
6760.00 5.209682e-09
6765.00 5.370893e-09
6770.00 5.485558e-09
6775.00 5.441091e-09
6780.00 5.250893e-09
6785.00 5.037445e-09
6790.00 4.926091e-09
6795.00 4.949483e-09
6800.00 5.036186e-09
6805.00 5.085906e-09
6810.00 5.065096e-09
6815.00 5.031943e-09
6820.00 5.071534e-09
6825.00 5.210919e-09
6830.00 5.384837e-09
6835.00 5.479804e-09
6840.00 5.427934e-09
6845.00 5.271380e-09
6850.00 5.134791e-09
6855.00 5.139477e-09
6860.00 5.318315e-09
6865.00 5.588149e-09
6870.00 5.807070e-09
6875.00 5.872878e-09
6880.00 5.794015e-09
6885.00 5.682333e-09
6890.00 5.679166e-09
6895.00 5.860848e-09
6900.00 6.183221e-09
6905.00 6.512066e-09
6910.00 6.718966e-09
6915.00 6.775181e-09
6920.00 6.778544e-09
6925.00 6.890148e-09
6930.00 7.215012e-09
6935.00 7.711602e-09
6940.00 8.210694e-09
6945.00 8.529399e-09
6950.00 8.599780e-09
6955.00 8.522354e-09
6960.00 8.495257e-09
6965.00 8.660873e-09
6970.00 8.999611e-09
6975.00 9.353547e-09
6980.00 9.553569e-09
6985.00 9.555438e-09
6990.00 9.475724e-09
6995.00 9.485321e-09
7000.00 9.661897e-09
7005.00 9.934054e-09
7010.00 1.016078e-08
7015.00 1.028269e-08
7020.00 1.040928e-08
7025.00 1.073299e-08
7030.00 1.132690e-08
7035.00 1.201037e-08
7040.00 1.240630e-08
7045.00 1.217969e-08
7050.00 1.130628e-08
7055.00 1.013868e-08
7060.00 9.186445e-09
7065.00 8.782369e-09
7070.00 8.870363e-09
7075.00 9.064345e-09
7080.00 8.955304e-09
7085.00 8.431821e-09
7090.00 7.747431e-09
7095.00 7.307967e-09
7100.00 7.354066e-09
7105.00 7.765577e-09
7110.00 8.140154e-09
7115.00 8.090991e-09
7120.00 7.517737e-09
7125.00 6.657506e-09
7130.00 5.915151e-09
7135.00 5.600995e-09
7140.00 5.753350e-09
7145.00 6.167594e-09
7150.00 6.569155e-09
7155.00 6.786833e-09
7160.00 6.826042e-09
7165.00 6.819992e-09
7170.00 6.910460e-09
7175.00 7.146135e-09
7180.00 7.462118e-09
7185.00 7.729847e-09
7190.00 7.841694e-09
7195.00 7.783254e-09
7200.00 7.650740e-09
7205.00 7.597124e-09
7210.00 7.736860e-09
7215.00 8.073529e-09
7220.00 8.496614e-09
7225.00 8.855553e-09
7230.00 9.069251e-09
7235.00 9.183638e-09
7240.00 9.326861e-09
7245.00 9.604365e-09
7250.00 1.001285e-08
7255.00 1.043837e-08
7260.00 1.074867e-08
7265.00 1.089931e-08
7270.00 1.095935e-08
7275.00 1.104531e-08
7280.00 1.122410e-08
7285.00 1.146344e-08
7290.00 1.167442e-08
7295.00 1.180879e-08
7300.00 1.191332e-08
7305.00 1.209668e-08
7310.00 1.243935e-08
7315.00 1.291763e-08
7320.00 1.340850e-08
7325.00 1.377309e-08
7330.00 1.394850e-08
7335.00 1.397790e-08
7340.00 1.397032e-08
7345.00 1.402755e-08
7350.00 1.418927e-08
7355.00 1.443309e-08
7360.00 1.470839e-08
7365.00 1.496911e-08
7370.00 1.518674e-08
7375.00 1.534798e-08
7380.00 1.545480e-08
7385.00 1.553019e-08
7390.00 1.561524e-08
7395.00 1.574819e-08
7400.00 1.593566e-08
7405.00 1.613931e-08
7410.00 1.629660e-08
7415.00 1.636614e-08
7420.00 1.635902e-08
7425.00 1.632742e-08
7430.00 1.632004e-08
7435.00 1.634035e-08
7440.00 1.634644e-08
7445.00 1.629735e-08
7450.00 1.620403e-08
7455.00 1.613410e-08
7460.00 1.616647e-08
7465.00 1.632842e-08
7470.00 1.656388e-08
7475.00 1.677008e-08
7480.00 1.687067e-08
7485.00 1.686596e-08
7490.00 1.682729e-08
7495.00 1.684225e-08
7500.00 1.694960e-08
7505.00 1.711289e-08
7510.00 1.725089e-08
7515.00 1.729420e-08
7520.00 1.723171e-08
7525.00 1.711948e-08
7530.00 1.704588e-08
7535.00 1.707601e-08
7540.00 1.721105e-08
7545.00 1.739313e-08
7550.00 1.754936e-08
7555.00 1.764516e-08
7560.00 1.770178e-08
7565.00 1.775091e-08
7570.00 1.776367e-08
7575.00 1.762882e-08
7580.00 1.721960e-08
7585.00 1.651882e-08
7590.00 1.570509e-08
7595.00 1.508453e-08
7600.00 1.488527e-08
7605.00 1.507649e-08
7610.00 1.535956e-08
7615.00 1.536605e-08
7620.00 1.494278e-08
7625.00 1.428015e-08
7630.00 1.374373e-08
7635.00 1.355982e-08
7640.00 1.360866e-08
7645.00 1.350071e-08
7650.00 1.291635e-08
7655.00 1.192674e-08
7660.00 1.099089e-08
7665.00 1.062637e-08
7670.00 1.101178e-08
7675.00 1.181901e-08
7680.00 1.243245e-08
7685.00 1.241232e-08
7690.00 1.181139e-08
7695.00 1.112288e-08
7700.00 1.093233e-08
7705.00 1.151874e-08
7710.00 1.268006e-08
7715.00 1.390253e-08
7720.00 1.469994e-08
7725.00 1.486515e-08
7730.00 1.451492e-08
7735.00 1.395170e-08
7740.00 1.346068e-08
7745.00 1.318162e-08
7750.00 1.309788e-08
7755.00 1.310414e-08
7760.00 1.309432e-08
7765.00 1.302743e-08
7770.00 1.295009e-08
7775.00 1.295939e-08
7780.00 1.312673e-08
7785.00 1.343376e-08
7790.00 1.376708e-08
7795.00 1.398648e-08
7800.00 1.402911e-08
7805.00 1.396127e-08
7810.00 1.391788e-08
7815.00 1.398111e-08
7820.00 1.409845e-08
7825.00 1.411540e-08
7830.00 1.391721e-08
7835.00 1.356120e-08
7840.00 1.326259e-08
7845.00 1.324286e-08
7850.00 1.355945e-08
7855.00 1.404857e-08
7860.00 1.444552e-08
7865.00 1.459387e-08
7870.00 1.455164e-08
7875.00 1.451745e-08
7880.00 1.464975e-08
7885.00 1.492335e-08
7890.00 1.514950e-08
7895.00 1.514747e-08
7900.00 1.490603e-08
7905.00 1.459826e-08
7910.00 1.445307e-08
7915.00 1.458612e-08
7920.00 1.492347e-08
7925.00 1.528035e-08
7930.00 1.550826e-08
7935.00 1.558132e-08
7940.00 1.557706e-08
7945.00 1.558540e-08
7950.00 1.562776e-08
7955.00 1.565798e-08
7960.00 1.562336e-08
7965.00 1.551619e-08
7970.00 1.537812e-08
7975.00 1.526272e-08
7980.00 1.519454e-08
7985.00 1.516746e-08
7990.00 1.517435e-08
7995.00 1.523149e-08
8000.00 1.537351e-08
8005.00 1.561864e-08
8010.00 1.593311e-08
8015.00 1.623405e-08
8020.00 1.643334e-08
8025.00 1.649617e-08
8030.00 1.647305e-08
8035.00 1.647750e-08
8040.00 1.661678e-08
8045.00 1.691667e-08
8050.00 1.730067e-08
8055.00 1.763833e-08
8060.00 1.782776e-08
8065.00 1.785694e-08
8070.00 1.780128e-08
8075.00 1.775992e-08
8080.00 1.778604e-08
8085.00 1.786371e-08
8090.00 1.793658e-08
8095.00 1.795746e-08
8100.00 1.792143e-08
8105.00 1.786291e-08
8110.00 1.783653e-08
8115.00 1.789784e-08
8120.00 1.808403e-08
8125.00 1.838704e-08
8130.00 1.873037e-08
8135.00 1.898354e-08
8140.00 1.903782e-08
8145.00 1.889206e-08
8150.00 1.867479e-08
8155.00 1.855907e-08
8160.00 1.860328e-08
8165.00 1.865236e-08
8170.00 1.842146e-08
8175.00 1.771854e-08
8180.00 1.664255e-08
8185.00 1.559819e-08
8190.00 1.507339e-08
8195.00 1.531791e-08
8200.00 1.618428e-08
8205.00 1.723980e-08
8210.00 1.804900e-08
8215.00 1.842909e-08
8220.00 1.850082e-08
8225.00 1.851075e-08
8230.00 1.861234e-08
8235.00 1.877912e-08
8240.00 1.887885e-08
8245.00 1.882265e-08
8250.00 1.865419e-08
8255.00 1.850406e-08
8260.00 1.847484e-08
8265.00 1.856717e-08
8270.00 1.869089e-08
8275.00 1.874139e-08
8280.00 1.867391e-08
8285.00 1.851700e-08
8290.00 1.833580e-08
8295.00 1.818684e-08
8300.00 1.809516e-08
8305.00 1.805797e-08
8310.00 1.805789e-08
8315.00 1.807138e-08
8320.00 1.807028e-08
8325.00 1.802803e-08
8330.00 1.793019e-08
8335.00 1.778485e-08
8340.00 1.762817e-08
8345.00 1.751045e-08
8350.00 1.747161e-08
8355.00 1.751624e-08
8360.00 1.760366e-08
8365.00 1.766225e-08
8370.00 1.762770e-08
8375.00 1.749033e-08
8380.00 1.730926e-08
8385.00 1.718458e-08
8390.00 1.719798e-08
8395.00 1.735449e-08
8400.00 1.756763e-08
8405.00 1.770599e-08
8410.00 1.766628e-08
8415.00 1.742994e-08
8420.00 1.706897e-08
8425.00 1.670086e-08
8430.00 1.642407e-08
8435.00 1.627361e-08
8440.00 1.621651e-08
8445.00 1.618078e-08
8450.00 1.609958e-08
8455.00 1.595022e-08
8460.00 1.577053e-08
8465.00 1.564160e-08
8470.00 1.563962e-08
8475.00 1.578324e-08
8480.00 1.600913e-08
8485.00 1.619753e-08
8490.00 1.624167e-08
8495.00 1.611860e-08
8500.00 1.590218e-08
8505.00 1.570774e-08
8510.00 1.560659e-08
8515.00 1.557170e-08
8520.00 1.550568e-08
8525.00 1.533242e-08
8530.00 1.507592e-08
8535.00 1.485694e-08
8540.00 1.481346e-08
8545.00 1.500169e-08
8550.00 1.535052e-08
8555.00 1.571398e-08
8560.00 1.597138e-08
8565.00 1.609096e-08
8570.00 1.612278e-08
8575.00 1.613877e-08
8580.00 1.617498e-08
8585.00 1.622336e-08
8590.00 1.626478e-08
8595.00 1.629381e-08
8600.00 1.631384e-08
8605.00 1.631861e-08
8610.00 1.629409e-08
8615.00 1.624714e-08
8620.00 1.622820e-08
8625.00 1.630529e-08
8630.00 1.649866e-08
8635.00 1.673014e-08
8640.00 1.684943e-08
8645.00 1.674366e-08
8650.00 1.644427e-08
8655.00 1.613188e-08
8660.00 1.602543e-08
8665.00 1.622754e-08
8670.00 1.664107e-08
8675.00 1.703985e-08
8680.00 1.723479e-08
8685.00 1.719865e-08
8690.00 1.706570e-08
8695.00 1.701632e-08
8700.00 1.713632e-08
8705.00 1.736921e-08
8710.00 1.758739e-08
8715.00 1.770298e-08
8720.00 1.773084e-08
8725.00 1.776153e-08
8730.00 1.787221e-08
8735.00 1.805489e-08
8740.00 1.821898e-08
8745.00 1.825695e-08
8750.00 1.812113e-08
8755.00 1.786061e-08
8760.00 1.759421e-08
8765.00 1.743896e-08
8770.00 1.744494e-08
8775.00 1.757818e-08
8780.00 1.775518e-08
8785.00 1.790509e-08
8790.00 1.801840e-08
8795.00 1.814325e-08
8800.00 1.833103e-08
8805.00 1.858175e-08
8810.00 1.883368e-08
8815.00 1.900675e-08
8820.00 1.907015e-08
8825.00 1.907452e-08
8830.00 1.911132e-08
8835.00 1.923080e-08
8840.00 1.938278e-08
8845.00 1.942887e-08
8850.00 1.922714e-08
8855.00 1.873348e-08
8860.00 1.803925e-08
8865.00 1.733042e-08
8870.00 1.679747e-08
8875.00 1.654951e-08
8880.00 1.658259e-08
8885.00 1.680949e-08
8890.00 1.712043e-08
8895.00 1.743394e-08
8900.00 1.771688e-08
8905.00 1.797149e-08
8910.00 1.820487e-08
8915.00 1.840194e-08
8920.00 1.852603e-08
8925.00 1.854314e-08
8930.00 1.845299e-08
8935.00 1.830440e-08
8940.00 1.817950e-08
8945.00 1.814904e-08
8950.00 1.823819e-08
8955.00 1.842009e-08
8960.00 1.863855e-08
8965.00 1.884304e-08
8970.00 1.901112e-08
8975.00 1.914803e-08
8980.00 1.927235e-08
8985.00 1.940334e-08
8990.00 1.955066e-08
8995.00 1.970488e-08
9000.00 1.982962e-08
9005.00 1.986810e-08
9010.00 1.977309e-08
9015.00 1.954736e-08
9020.00 1.926063e-08
9025.00 1.902211e-08
9030.00 1.891851e-08
9035.00 1.895897e-08
9040.00 1.907820e-08
9045.00 1.919331e-08
9050.00 1.926567e-08
9055.00 1.931934e-08
9060.00 1.940220e-08
9065.00 1.952416e-08
9070.00 1.964202e-08
9075.00 1.969798e-08
9080.00 1.967291e-08
9085.00 1.960601e-08
9090.00 1.955794e-08
9095.00 1.955132e-08
9100.00 1.955413e-08
9105.00 1.951977e-08
9110.00 1.944265e-08
9115.00 1.937783e-08
9120.00 1.940241e-08
9125.00 1.954943e-08
9130.00 1.977989e-08
9135.00 2.001690e-08
9140.00 2.020541e-08
9145.00 2.034754e-08
9150.00 2.048591e-08
9155.00 2.065154e-08
9160.00 2.083412e-08
9165.00 2.099518e-08
9170.00 2.110147e-08
9175.00 2.114556e-08
9180.00 2.113767e-08
9185.00 2.108404e-08
9190.00 2.098796e-08
9195.00 2.087056e-08
9200.00 2.078200e-08
9205.00 2.077746e-08
9210.00 2.086329e-08
9215.00 2.096001e-08
9220.00 2.093000e-08
9225.00 2.066014e-08
9230.00 2.014090e-08
9235.00 1.948753e-08
9240.00 1.888245e-08
9245.00 1.847829e-08
9250.00 1.833793e-08
9255.00 1.843822e-08
9260.00 1.871579e-08
9265.00 1.910954e-08
9270.00 1.956920e-08
9275.00 2.004374e-08
9280.00 2.047757e-08
9285.00 2.082811e-08
9290.00 2.108321e-08
9295.00 2.125429e-08
9300.00 2.134455e-08
9305.00 2.132311e-08
9310.00 2.114801e-08
9315.00 2.082220e-08
9320.00 2.043244e-08
9325.00 2.012687e-08
9330.00 2.002675e-08
9335.00 2.013610e-08
9340.00 2.033802e-08
9345.00 2.048419e-08
9350.00 2.051148e-08
9355.00 2.049744e-08
9360.00 2.059813e-08
9365.00 2.090925e-08
9370.00 2.137642e-08
9375.00 2.182611e-08
9380.00 2.208668e-08
9385.00 2.210917e-08
9390.00 2.198951e-08
9395.00 2.187214e-08
9400.00 2.182619e-08
9405.00 2.179829e-08
9410.00 2.166638e-08
9415.00 2.134577e-08
9420.00 2.086120e-08
9425.00 2.033102e-08
9430.00 1.988924e-08
9435.00 1.961977e-08
9440.00 1.953516e-08
9445.00 1.959629e-08
9450.00 1.974528e-08
9455.00 1.992393e-08
9460.00 2.008371e-08
9465.00 2.020144e-08
9470.00 2.028971e-08
9475.00 2.038518e-08
9480.00 2.050881e-08
9485.00 2.062761e-08
9490.00 2.067295e-08
9495.00 2.061010e-08
9500.00 2.050909e-08
9505.00 2.054827e-08
9510.00 2.091233e-08
9515.00 2.164111e-08
9520.00 2.255547e-08
9525.00 2.333162e-08
9530.00 2.368279e-08
9535.00 2.353191e-08
9540.00 2.304899e-08
9545.00 2.251445e-08
9550.00 2.212113e-08
9555.00 2.187097e-08
9560.00 2.162512e-08
9565.00 2.125829e-08
9570.00 2.079099e-08
9575.00 2.037715e-08
9580.00 2.016740e-08
9585.00 2.018355e-08
9590.00 2.030993e-08
9595.00 2.040976e-08
9600.00 2.046767e-08
9605.00 2.061521e-08
9610.00 2.099662e-08
9615.00 2.160374e-08
9620.00 2.222342e-08
9625.00 2.256015e-08
9630.00 2.246602e-08
9635.00 2.207569e-08
9640.00 2.171604e-08
9645.00 2.166044e-08
9650.00 2.191804e-08
9655.00 2.221334e-08
9660.00 2.218995e-08
9665.00 2.168629e-08
9670.00 2.084889e-08
9675.00 2.002533e-08
9680.00 1.953566e-08
9685.00 1.948662e-08
9690.00 1.975551e-08
9695.00 2.013572e-08
9700.00 2.042025e-08
9705.00 2.028371e-08
9710.00 2.039792e-08
9715.00 2.058178e-08
9720.00 2.071652e-08
9725.00 2.071499e-08
9730.00 2.053796e-08
9735.00 2.022749e-08
9740.00 1.989662e-08
9745.00 1.967394e-08
9750.00 1.962779e-08
9755.00 1.972428e-08
9760.00 1.985249e-08
9765.00 1.990564e-08
9770.00 1.986544e-08
9775.00 1.982442e-08
9780.00 1.992406e-08
9785.00 2.024029e-08
9790.00 2.070292e-08
9795.00 2.113252e-08
9800.00 2.135043e-08
9805.00 2.129000e-08
9810.00 2.103161e-08
9815.00 2.072619e-08
9820.00 2.048146e-08
9825.00 2.031173e-08
9830.00 2.018093e-08
9835.00 2.005939e-08
9840.00 1.996986e-08
9845.00 1.996031e-08
9850.00 2.002167e-08
9855.00 2.009417e-08
9860.00 2.010600e-08
9865.00 2.003373e-08
9870.00 1.994803e-08
9875.00 1.993191e-08
9880.00 2.000140e-08
9885.00 2.008023e-08
9890.00 2.003443e-08
9895.00 1.978670e-08
9900.00 1.938539e-08
9905.00 1.897967e-08
9910.00 1.873619e-08
9915.00 1.874085e-08
9920.00 1.896584e-08
9925.00 1.930016e-08
9930.00 1.960549e-08
9935.00 1.978729e-08
9940.00 1.981982e-08
9945.00 1.974662e-08
9950.00 1.967556e-08
9955.00 1.972084e-08
9960.00 1.995166e-08
9965.00 2.034705e-08
9970.00 2.077417e-08
9975.00 2.106155e-08
9980.00 2.108375e-08
9985.00 2.082394e-08
9990.00 2.039534e-08
9995.00 1.998925e-08
10000.00 1.976379e-08
10005.00 1.957075e-08
10010.00 1.939565e-08
10015.00 1.926609e-08
10020.00 1.921044e-08
10025.00 1.924513e-08
10030.00 1.935645e-08
10035.00 1.951872e-08
10040.00 1.970531e-08
10045.00 1.988929e-08
10050.00 2.004321e-08
10055.00 2.013947e-08
10060.00 2.015226e-08
10065.00 2.007305e-08
10070.00 1.993914e-08
10075.00 1.980511e-08
10080.00 1.972526e-08
10085.00 1.973260e-08
10090.00 1.980436e-08
10095.00 1.989677e-08
10100.00 1.996516e-08
10105.00 1.998006e-08
10110.00 1.995148e-08
10115.00 1.990444e-08
10120.00 1.986456e-08
10125.00 1.984789e-08
10130.00 1.984566e-08
10135.00 1.983944e-08
10140.00 1.981099e-08
10145.00 1.975214e-08
10150.00 1.968120e-08
10155.00 1.962661e-08
10160.00 1.961604e-08
10165.00 1.966009e-08
10170.00 1.972446e-08
10175.00 1.975782e-08
10180.00 1.970988e-08
10185.00 1.955930e-08
10190.00 1.936010e-08
10195.00 1.919505e-08
10200.00 1.914606e-08
10205.00 1.925609e-08
10210.00 1.946702e-08
10215.00 1.968208e-08
10220.00 1.980406e-08
10225.00 1.977291e-08
10230.00 1.962486e-08
10235.00 1.943314e-08
10240.00 1.927230e-08
10245.00 1.919367e-08
10250.00 1.918839e-08
10255.00 1.922422e-08
10260.00 1.926747e-08
10265.00 1.929239e-08
10270.00 1.929350e-08
10275.00 1.927344e-08
10280.00 1.923562e-08
10285.00 1.918545e-08
10290.00 1.913338e-08
10295.00 1.909171e-08
10300.00 1.910500e-08
10305.00 1.930773e-08
10310.00 1.935192e-08
10315.00 1.936132e-08
10320.00 1.936061e-08
10325.00 1.934745e-08
10330.00 1.933649e-08
10335.00 1.934907e-08
10340.00 1.940552e-08
10345.00 1.951144e-08
10350.00 1.963419e-08
10355.00 1.972627e-08
10360.00 1.974108e-08
10365.00 1.965583e-08
10370.00 1.950933e-08
10375.00 1.936415e-08
10380.00 1.928280e-08
10385.00 1.930344e-08
10390.00 1.940125e-08
10395.00 1.952684e-08
10400.00 1.963026e-08
10405.00 1.967726e-08
10410.00 1.967531e-08
10415.00 1.964762e-08
10420.00 1.961828e-08
10425.00 1.960368e-08
10430.00 1.960028e-08
10435.00 1.959670e-08
10440.00 1.958149e-08
10445.00 1.954893e-08
10450.00 1.950851e-08
10455.00 1.947547e-08
10460.00 1.946517e-08
10465.00 1.948858e-08
10470.00 1.954489e-08
10475.00 1.962874e-08
10480.00 1.973418e-08
10485.00 1.985197e-08
10490.00 1.996489e-08
10495.00 2.005260e-08
10500.00 2.009545e-08
10505.00 2.008415e-08
10510.00 2.003642e-08
10515.00 1.998026e-08
10520.00 1.994369e-08
10525.00 1.994287e-08
10530.00 1.996393e-08
10535.00 1.998137e-08
10540.00 1.996952e-08
10545.00 1.991495e-08
10550.00 1.983488e-08
10555.00 1.975861e-08
10560.00 1.971534e-08
10565.00 1.972155e-08
10570.00 1.976107e-08
10575.00 1.980495e-08
10580.00 1.982419e-08
10585.00 1.980074e-08
10590.00 1.974507e-08
10595.00 1.967871e-08
10600.00 1.962346e-08
10605.00 1.959488e-08
10610.00 1.959142e-08
10615.00 1.960520e-08
10620.00 1.960319e-08
10625.00 1.947775e-08
10630.00 1.945450e-08
10635.00 1.945240e-08
10640.00 1.945025e-08
10645.00 1.944812e-08
10650.00 1.944598e-08
10655.00 1.944386e-08
10660.00 1.944174e-08
10665.00 1.943964e-08
10670.00 1.943753e-08
10675.00 1.943541e-08
10680.00 1.943332e-08
10685.00 1.943117e-08
10690.00 1.942907e-08
10695.00 1.942695e-08
10700.00 1.942488e-08
10705.00 1.942280e-08
10710.00 1.942069e-08
10715.00 1.941860e-08
10720.00 1.941648e-08
10725.00 1.941441e-08
10730.00 1.941228e-08
10735.00 1.941021e-08
10740.00 1.940811e-08
10745.00 1.940608e-08
10750.00 1.940396e-08
10755.00 1.940190e-08
10760.00 1.939980e-08
10765.00 1.939772e-08
10770.00 1.939563e-08
10775.00 1.939355e-08
10780.00 1.939149e-08
10785.00 1.938942e-08
10790.00 1.938734e-08
10795.00 1.938527e-08
10800.00 1.938320e-08
10805.00 1.938108e-08
10810.00 1.937900e-08
10815.00 1.937695e-08
10820.00 1.937489e-08
10825.00 1.937281e-08
10830.00 1.937074e-08
10835.00 1.936869e-08
10840.00 1.936662e-08
10845.00 1.936455e-08
10850.00 1.936251e-08
10855.00 1.936039e-08
10860.00 1.935835e-08
10865.00 1.935628e-08
10870.00 1.935424e-08
10875.00 1.935212e-08
10880.00 1.935009e-08
10885.00 1.934799e-08
10890.00 1.934594e-08
10895.00 1.934386e-08
10900.00 1.934180e-08
10905.00 1.933972e-08
10910.00 1.933766e-08
10915.00 1.933557e-08
10920.00 1.933352e-08
10925.00 1.933141e-08
10930.00 1.932936e-08
10935.00 1.932729e-08
10940.00 1.932521e-08
10945.00 1.932314e-08
10950.00 1.932105e-08
10955.00 1.931896e-08
10960.00 1.931690e-08
10965.00 1.931480e-08
10970.00 1.931274e-08
10975.00 1.931063e-08
10980.00 1.930851e-08
10985.00 1.930646e-08
10990.00 1.930436e-08
10995.00 1.930229e-08
11000.00 1.930016e-08
11005.00 1.929807e-08
11010.00 1.929600e-08
11015.00 1.929387e-08
11020.00 1.929180e-08
11025.00 1.928966e-08
11030.00 1.928760e-08
11035.00 1.928547e-08
11040.00 1.928337e-08
11045.00 1.928124e-08
11050.00 1.927914e-08
11055.00 1.927702e-08
11060.00 1.927489e-08
11065.00 1.927279e-08
11070.00 1.927065e-08
11075.00 1.926854e-08
11080.00 1.926639e-08
11085.00 1.926428e-08
11090.00 1.926215e-08
11095.00 1.926002e-08
11100.00 1.925786e-08
11105.00 1.925572e-08
11110.00 1.925354e-08
11115.00 1.925143e-08
11120.00 1.924926e-08
11125.00 1.924713e-08
11130.00 1.924494e-08
11135.00 1.924275e-08
11140.00 1.924062e-08
11145.00 1.923845e-08
11150.00 1.923627e-08
11155.00 1.923411e-08
11160.00 1.923189e-08
11165.00 1.922971e-08
11170.00 1.922751e-08
11175.00 1.922531e-08
11180.00 1.922313e-08
11185.00 1.922093e-08
11190.00 1.921873e-08
11195.00 1.921651e-08
11200.00 1.921429e-08
11205.00 1.921207e-08
11210.00 1.920984e-08
11215.00 1.920763e-08
11220.00 1.920536e-08
11225.00 1.920316e-08
11230.00 1.920089e-08
11235.00 1.919864e-08
11240.00 1.919644e-08
11245.00 1.919413e-08
11250.00 1.919189e-08
11255.00 1.918960e-08
11260.00 1.918737e-08
11265.00 1.918507e-08
11270.00 1.918280e-08
11275.00 1.918047e-08
11280.00 1.917821e-08
11285.00 1.917592e-08
11290.00 1.917360e-08
11295.00 1.917131e-08
11300.00 1.916898e-08
11305.00 1.916668e-08
11310.00 1.916436e-08
11315.00 1.916202e-08
11320.00 1.915966e-08
11325.00 1.915734e-08
11330.00 1.915500e-08
11335.00 1.915263e-08
11340.00 1.915029e-08
11345.00 1.914792e-08
11350.00 1.914552e-08
11355.00 1.914315e-08
11360.00 1.914074e-08
11365.00 1.913837e-08
11370.00 1.913594e-08
11375.00 1.913357e-08
11380.00 1.913114e-08
11385.00 1.912873e-08
11390.00 1.912630e-08
11395.00 1.912385e-08
11400.00 1.912146e-08
11405.00 1.911898e-08
11410.00 1.911651e-08
11415.00 1.911410e-08
11420.00 1.911162e-08
11425.00 1.910913e-08
11430.00 1.910665e-08
11435.00 1.910414e-08
11440.00 1.910162e-08
11445.00 1.909914e-08
11450.00 1.909666e-08
11455.00 1.909411e-08
11460.00 1.909160e-08
11465.00 1.908908e-08
11470.00 1.908654e-08
11475.00 1.908398e-08
11480.00 1.908141e-08
11485.00 1.907883e-08
11490.00 1.907630e-08
11495.00 1.907368e-08
11500.00 1.907110e-08
11505.00 1.906848e-08
11510.00 1.906591e-08
11515.00 1.906326e-08
11520.00 1.906066e-08
11525.00 1.905801e-08
11530.00 1.905540e-08
11535.00 1.905274e-08
11540.00 1.905008e-08
11545.00 1.904739e-08
11550.00 1.904477e-08
11555.00 1.904205e-08
11560.00 1.903936e-08
11565.00 1.903667e-08
11570.00 1.903394e-08
11575.00 1.903122e-08
11580.00 1.902850e-08
11585.00 1.902577e-08
11590.00 1.902304e-08
11595.00 1.902029e-08
11600.00 1.901749e-08
11605.00 1.901471e-08
11610.00 1.901195e-08
11615.00 1.900915e-08
11620.00 1.900633e-08
11625.00 1.900354e-08
11630.00 1.900066e-08
11635.00 1.899787e-08
11640.00 1.899500e-08
11645.00 1.899212e-08
11650.00 1.898929e-08
11655.00 1.898644e-08
11660.00 1.898353e-08
11665.00 1.898067e-08
11670.00 1.897773e-08
11675.00 1.897482e-08
11680.00 1.897194e-08
11685.00 1.896897e-08
11690.00 1.896602e-08
11695.00 1.896309e-08
11700.00 1.896009e-08
11705.00 1.895711e-08
11710.00 1.895410e-08
11715.00 1.895111e-08
11720.00 1.894814e-08
11725.00 1.894507e-08
11730.00 1.894207e-08
11735.00 1.893899e-08
11740.00 1.893596e-08
11745.00 1.893289e-08
11750.00 1.892984e-08
11755.00 1.892671e-08
11760.00 1.892362e-08
11765.00 1.892049e-08
11770.00 1.891741e-08
11775.00 1.891425e-08
11780.00 1.891108e-08
11785.00 1.890790e-08
11790.00 1.890476e-08
11795.00 1.890157e-08
11800.00 1.889837e-08
11805.00 1.889520e-08
11810.00 1.889196e-08
11815.00 1.888870e-08
11820.00 1.888547e-08
11825.00 1.888224e-08
11830.00 1.887895e-08
11835.00 1.887567e-08
11840.00 1.887238e-08
11845.00 1.886909e-08
11850.00 1.886576e-08
11855.00 1.886243e-08
11860.00 1.885910e-08
11865.00 1.885574e-08
11870.00 1.885239e-08
11875.00 1.884900e-08
11880.00 1.884560e-08
11885.00 1.884216e-08
11890.00 1.883873e-08
11895.00 1.883532e-08
11900.00 1.883189e-08
11905.00 1.882843e-08
11910.00 1.882496e-08
11915.00 1.882144e-08
11920.00 1.881794e-08
11925.00 1.881445e-08
11930.00 1.881092e-08
11935.00 1.880736e-08
11940.00 1.880381e-08
11945.00 1.880022e-08
11950.00 1.879667e-08
11955.00 1.879305e-08
11960.00 1.878942e-08
11965.00 1.878581e-08
11970.00 1.878215e-08
11975.00 1.877850e-08
11980.00 1.877485e-08
11985.00 1.877121e-08
11990.00 1.876750e-08
11995.00 1.876376e-08
12000.00 1.876004e-08
12005.00 1.875631e-08
12010.00 1.875255e-08
12015.00 1.874876e-08
12020.00 1.874500e-08
12025.00 1.874120e-08
12030.00 1.873738e-08
12035.00 1.873355e-08
12040.00 1.872970e-08
12045.00 1.872583e-08
12050.00 1.872195e-08
12055.00 1.871808e-08
12060.00 1.871416e-08
12065.00 1.871023e-08
12070.00 1.870629e-08
12075.00 1.870235e-08
12080.00 1.869839e-08
12085.00 1.869440e-08
12090.00 1.869040e-08
12095.00 1.868640e-08
12100.00 1.868237e-08
12105.00 1.867834e-08
12110.00 1.867424e-08
12115.00 1.867018e-08
12120.00 1.866609e-08
12125.00 1.866194e-08
12130.00 1.865785e-08
12135.00 1.865373e-08
12140.00 1.864955e-08
12145.00 1.864539e-08
12150.00 1.864118e-08
12155.00 1.863698e-08
12160.00 1.863273e-08
12165.00 1.862853e-08
12170.00 1.862424e-08
12175.00 1.861996e-08
12180.00 1.861566e-08
12185.00 1.861137e-08
12190.00 1.860701e-08
12195.00 1.860271e-08
12200.00 1.859835e-08
12205.00 1.859396e-08
12210.00 1.858958e-08
12215.00 1.858516e-08
12220.00 1.858072e-08
12225.00 1.857631e-08
12230.00 1.857181e-08
12235.00 1.856734e-08
12240.00 1.856284e-08
12245.00 1.855834e-08
12250.00 1.855380e-08
12255.00 1.854924e-08
12260.00 1.854469e-08
12265.00 1.854012e-08
12270.00 1.853553e-08
12275.00 1.853089e-08
12280.00 1.852626e-08
12285.00 1.852157e-08
12290.00 1.851694e-08
12295.00 1.851227e-08
12300.00 1.850754e-08
12305.00 1.850284e-08
12310.00 1.849807e-08
12315.00 1.849337e-08
12320.00 1.848857e-08
12325.00 1.848380e-08
12330.00 1.847896e-08
12335.00 1.847419e-08
12340.00 1.846937e-08
12345.00 1.846447e-08
12350.00 1.845963e-08
12355.00 1.845475e-08
12360.00 1.844984e-08
12365.00 1.844491e-08
12370.00 1.843999e-08
12375.00 1.843506e-08
12380.00 1.843009e-08
12385.00 1.842509e-08
12390.00 1.842009e-08
12395.00 1.841506e-08
12400.00 1.841006e-08
12405.00 1.840501e-08
12410.00 1.839994e-08
12415.00 1.839490e-08
12420.00 1.838977e-08
12425.00 1.838468e-08
12430.00 1.837951e-08
12435.00 1.837437e-08
12440.00 1.836924e-08
12445.00 1.836406e-08
12450.00 1.835884e-08
12455.00 1.835365e-08
12460.00 1.834845e-08
12465.00 1.834321e-08
12470.00 1.833794e-08
12475.00 1.833270e-08
12480.00 1.832740e-08
12485.00 1.832212e-08
12490.00 1.831677e-08
12495.00 1.831146e-08
12500.00 1.830611e-08
12505.00 1.830072e-08
12510.00 1.829536e-08
12515.00 1.828994e-08
12520.00 1.828458e-08
12525.00 1.827913e-08
12530.00 1.827370e-08
12535.00 1.826823e-08
12540.00 1.826275e-08
12545.00 1.825725e-08
12550.00 1.825174e-08
12555.00 1.824626e-08
12560.00 1.824074e-08
12565.00 1.823515e-08
12570.00 1.822961e-08
12575.00 1.822402e-08
12580.00 1.821842e-08
12585.00 1.821283e-08
12590.00 1.820720e-08
12595.00 1.820155e-08
12600.00 1.819592e-08
12605.00 1.819024e-08
12610.00 1.818458e-08
12615.00 1.817888e-08
12620.00 1.817313e-08
12625.00 1.816741e-08
12630.00 1.816167e-08
12635.00 1.815592e-08
12640.00 1.815010e-08
12645.00 1.814434e-08
12650.00 1.813856e-08
12655.00 1.813274e-08
12660.00 1.812690e-08
12665.00 1.812103e-08
12670.00 1.811516e-08
12675.00 1.810932e-08
12680.00 1.810340e-08
12685.00 1.809749e-08
12690.00 1.809160e-08
12695.00 1.808563e-08
12700.00 1.807971e-08
12705.00 1.807376e-08
12710.00 1.806775e-08
12715.00 1.806177e-08
12720.00 1.805577e-08
12725.00 1.804974e-08
12730.00 1.804370e-08
12735.00 1.803767e-08
12740.00 1.803161e-08
12745.00 1.802552e-08
12750.00 1.801943e-08
12755.00 1.801332e-08
12760.00 1.800720e-08
12765.00 1.800107e-08
12770.00 1.799493e-08
12775.00 1.798875e-08
12780.00 1.798261e-08
12785.00 1.797642e-08
12790.00 1.797020e-08
12795.00 1.796399e-08
12800.00 1.795776e-08
12805.00 1.795148e-08
12810.00 1.794522e-08
12815.00 1.793897e-08
12820.00 1.793269e-08
12825.00 1.792641e-08
12830.00 1.792007e-08
12835.00 1.791375e-08
12840.00 1.790742e-08
12845.00 1.790105e-08
12850.00 1.789467e-08
12855.00 1.788827e-08
12860.00 1.788190e-08
12865.00 1.787548e-08
12870.00 1.786909e-08
12875.00 1.786263e-08
12880.00 1.785620e-08
12885.00 1.784973e-08
12890.00 1.784325e-08
12895.00 1.783673e-08
12900.00 1.783026e-08
12905.00 1.782374e-08
12910.00 1.781718e-08
12915.00 1.781063e-08
12920.00 1.780410e-08
12925.00 1.779754e-08
12930.00 1.779096e-08
12935.00 1.778434e-08
12940.00 1.777772e-08
12945.00 1.777110e-08
12950.00 1.776448e-08
12955.00 1.775785e-08
12960.00 1.775118e-08
12965.00 1.774449e-08
12970.00 1.773782e-08
12975.00 1.773113e-08
12980.00 1.772443e-08
12985.00 1.771767e-08
12990.00 1.771094e-08
12995.00 1.770420e-08
13000.00 1.769741e-08
13005.00 1.769065e-08
13010.00 1.768388e-08
13015.00 1.767706e-08
13020.00 1.767024e-08
13025.00 1.766343e-08
13030.00 1.765659e-08
13035.00 1.764975e-08
13040.00 1.764288e-08
13045.00 1.763600e-08
13050.00 1.762911e-08
13055.00 1.762224e-08
13060.00 1.761530e-08
13065.00 1.760838e-08
13070.00 1.760146e-08
13075.00 1.759449e-08
13080.00 1.758751e-08
13085.00 1.758057e-08
13090.00 1.757353e-08
13095.00 1.756658e-08
13100.00 1.755956e-08
13105.00 1.755254e-08
13110.00 1.754552e-08
13115.00 1.753844e-08
13120.00 1.753138e-08
13125.00 1.752431e-08
13130.00 1.751723e-08
13135.00 1.751014e-08
13140.00 1.750304e-08
13145.00 1.749593e-08
13150.00 1.748876e-08
13155.00 1.748164e-08
13160.00 1.747449e-08
13165.00 1.746731e-08
13170.00 1.746013e-08
13175.00 1.745294e-08
13180.00 1.744576e-08
13185.00 1.743855e-08
13190.00 1.743132e-08
13195.00 1.742409e-08
13200.00 1.741686e-08
13205.00 1.740957e-08
13210.00 1.740230e-08
13215.00 1.739503e-08
13220.00 1.738775e-08
13225.00 1.738043e-08
13230.00 1.737312e-08
13235.00 1.736581e-08
13240.00 1.735847e-08
13245.00 1.735108e-08
13250.00 1.734372e-08
13255.00 1.733636e-08
13260.00 1.732896e-08
13265.00 1.732160e-08
13270.00 1.731419e-08
13275.00 1.730677e-08
13280.00 1.729934e-08
13285.00 1.729187e-08
13290.00 1.728442e-08
13295.00 1.727698e-08
13300.00 1.726951e-08
13305.00 1.726206e-08
13310.00 1.725453e-08
13315.00 1.724704e-08
13320.00 1.723954e-08
13325.00 1.723197e-08
13330.00 1.722444e-08
13335.00 1.721690e-08
13340.00 1.720936e-08
13345.00 1.720176e-08
13350.00 1.719419e-08
13355.00 1.718660e-08
13360.00 1.717900e-08
13365.00 1.717136e-08
13370.00 1.716378e-08
13375.00 1.715613e-08
13380.00 1.714851e-08
13385.00 1.714082e-08
13390.00 1.713319e-08
13395.00 1.712552e-08
13400.00 1.711783e-08
13405.00 1.711010e-08
13410.00 1.710241e-08
13415.00 1.709470e-08
13420.00 1.708696e-08
13425.00 1.707925e-08
13430.00 1.707150e-08
13435.00 1.706375e-08
13440.00 1.705599e-08
13445.00 1.704817e-08
13450.00 1.704041e-08
13455.00 1.703261e-08
13460.00 1.702478e-08
13465.00 1.701698e-08
13470.00 1.700917e-08
13475.00 1.700133e-08
13480.00 1.699345e-08
13485.00 1.698561e-08
13490.00 1.697774e-08
13495.00 1.696989e-08
13500.00 1.696200e-08
13505.00 1.695410e-08
13510.00 1.694618e-08
13515.00 1.693827e-08
13520.00 1.693034e-08
13525.00 1.692240e-08
13530.00 1.691447e-08
13535.00 1.690647e-08
13540.00 1.689852e-08
13545.00 1.689058e-08
13550.00 1.688256e-08
13555.00 1.687461e-08
13560.00 1.686659e-08
13565.00 1.685855e-08
13570.00 1.685057e-08
13575.00 1.684251e-08
13580.00 1.683448e-08
13585.00 1.682645e-08
13590.00 1.681835e-08
13595.00 1.681031e-08
13600.00 1.680221e-08
13605.00 1.679415e-08
13610.00 1.678606e-08
13615.00 1.677796e-08
13620.00 1.676984e-08
13625.00 1.676170e-08
13630.00 1.675359e-08
13635.00 1.674543e-08
13640.00 1.673727e-08
13645.00 1.672914e-08
13650.00 1.672097e-08
13655.00 1.671280e-08
13660.00 1.670461e-08
13665.00 1.669640e-08
13670.00 1.668820e-08
13675.00 1.668000e-08
13680.00 1.667175e-08
13685.00 1.666354e-08
13690.00 1.665531e-08
13695.00 1.664706e-08
13700.00 1.663878e-08
13705.00 1.663056e-08
13710.00 1.662228e-08
13715.00 1.661400e-08
13720.00 1.660573e-08
13725.00 1.659741e-08
13730.00 1.658912e-08
13735.00 1.658079e-08
13740.00 1.657244e-08
13745.00 1.656415e-08
13750.00 1.655580e-08
13755.00 1.654744e-08
13760.00 1.653910e-08
13765.00 1.653073e-08
13770.00 1.652236e-08
13775.00 1.651398e-08
13780.00 1.650559e-08
13785.00 1.649716e-08
13790.00 1.648879e-08
13795.00 1.648035e-08
13800.00 1.647196e-08
13805.00 1.646353e-08
13810.00 1.645506e-08
13815.00 1.644664e-08
13820.00 1.643816e-08
13825.00 1.642969e-08
13830.00 1.642123e-08
13835.00 1.641276e-08
13840.00 1.640429e-08
13845.00 1.639579e-08
13850.00 1.638727e-08
13855.00 1.637879e-08
13860.00 1.637025e-08
13865.00 1.636175e-08
13870.00 1.635321e-08
13875.00 1.634470e-08
13880.00 1.633611e-08
13885.00 1.632757e-08
13890.00 1.631902e-08
13895.00 1.631043e-08
13900.00 1.630185e-08
13905.00 1.629327e-08
13910.00 1.628468e-08
13915.00 1.627610e-08
13920.00 1.626749e-08
13925.00 1.625888e-08
13930.00 1.625025e-08
13935.00 1.624161e-08
13940.00 1.623300e-08
13945.00 1.622434e-08
13950.00 1.621570e-08
13955.00 1.620703e-08
13960.00 1.619839e-08
13965.00 1.618969e-08
13970.00 1.618100e-08
13975.00 1.617233e-08
13980.00 1.616364e-08
13985.00 1.615493e-08
13990.00 1.614622e-08
13995.00 1.613754e-08
14000.00 1.612883e-08
14005.00 1.612007e-08
14010.00 1.611133e-08
14015.00 1.610261e-08
14020.00 1.609388e-08
14025.00 1.608509e-08
14030.00 1.607633e-08
14035.00 1.606759e-08
14040.00 1.605882e-08
14045.00 1.605003e-08
14050.00 1.604124e-08
14055.00 1.603244e-08
14060.00 1.602364e-08
14065.00 1.601484e-08
14070.00 1.600602e-08
14075.00 1.599719e-08
14080.00 1.598838e-08
14085.00 1.597955e-08
14090.00 1.597071e-08
14095.00 1.596187e-08
14100.00 1.595300e-08
14105.00 1.594415e-08
14110.00 1.593527e-08
14115.00 1.592644e-08
14120.00 1.591754e-08
14125.00 1.590863e-08
14130.00 1.589977e-08
14135.00 1.589087e-08
14140.00 1.588196e-08
14145.00 1.587306e-08
14150.00 1.586414e-08
14155.00 1.585523e-08
14160.00 1.584629e-08
14165.00 1.583736e-08
14170.00 1.582843e-08
14175.00 1.581948e-08
14180.00 1.581053e-08
14185.00 1.580160e-08
14190.00 1.579264e-08
14195.00 1.578366e-08
14200.00 1.577467e-08
14205.00 1.576572e-08
14210.00 1.575674e-08
14215.00 1.574774e-08
14220.00 1.573873e-08
14225.00 1.572976e-08
14230.00 1.572074e-08
14235.00 1.571173e-08
14240.00 1.570271e-08
14245.00 1.569368e-08
14250.00 1.568466e-08
14255.00 1.567563e-08
14260.00 1.566659e-08
14265.00 1.565756e-08
14270.00 1.564851e-08
14275.00 1.563944e-08
14280.00 1.563040e-08
14285.00 1.562134e-08
14290.00 1.561224e-08
14295.00 1.560318e-08
14300.00 1.559409e-08
14305.00 1.558500e-08
14310.00 1.557590e-08
14315.00 1.556682e-08
14320.00 1.555772e-08
14325.00 1.554863e-08
14330.00 1.553953e-08
14335.00 1.553039e-08
14340.00 1.552127e-08
14345.00 1.551215e-08
14350.00 1.550304e-08
14355.00 1.549390e-08
14360.00 1.548477e-08
14365.00 1.547559e-08
14370.00 1.546646e-08
14375.00 1.545730e-08
14380.00 1.544814e-08
14385.00 1.543896e-08
14390.00 1.542979e-08
14395.00 1.542063e-08
14400.00 1.541146e-08
14405.00 1.540227e-08
14410.00 1.539310e-08
14415.00 1.538392e-08
14420.00 1.537470e-08
14425.00 1.536553e-08
14430.00 1.535629e-08
14435.00 1.534710e-08
14440.00 1.533789e-08
14445.00 1.532866e-08
14450.00 1.531944e-08
14455.00 1.531023e-08
14460.00 1.530099e-08
14465.00 1.529175e-08
14470.00 1.528253e-08
14475.00 1.527329e-08
14480.00 1.526404e-08
14485.00 1.525477e-08
14490.00 1.524553e-08
14495.00 1.523627e-08
14500.00 1.522698e-08
14505.00 1.521775e-08
14510.00 1.520849e-08
14515.00 1.519920e-08
14520.00 1.518993e-08
14525.00 1.518065e-08
14530.00 1.517136e-08
14535.00 1.516206e-08
14540.00 1.515277e-08
14545.00 1.514346e-08
14550.00 1.513418e-08
14555.00 1.512488e-08
14560.00 1.511556e-08
14565.00 1.510627e-08
14570.00 1.509693e-08
14575.00 1.508760e-08
14580.00 1.507827e-08
14585.00 1.506897e-08
14590.00 1.505964e-08
14595.00 1.505030e-08
14600.00 1.504099e-08
14605.00 1.503163e-08
14610.00 1.502228e-08
14615.00 1.501294e-08
14620.00 1.500361e-08
14625.00 1.499426e-08
14630.00 1.498490e-08
14635.00 1.497554e-08
14640.00 1.496618e-08
14645.00 1.495681e-08
14650.00 1.494742e-08
14655.00 1.493806e-08
14660.00 1.492867e-08
14665.00 1.491933e-08
14670.00 1.490994e-08
14675.00 1.490055e-08
14680.00 1.489116e-08
14685.00 1.488176e-08
14690.00 1.487239e-08
14695.00 1.486299e-08
14700.00 1.485359e-08
14705.00 1.484420e-08
14710.00 1.483479e-08
14715.00 1.482537e-08
14720.00 1.481598e-08
14725.00 1.480657e-08
14730.00 1.479712e-08
14735.00 1.478772e-08
14740.00 1.477832e-08
14745.00 1.476890e-08
14750.00 1.475947e-08
14755.00 1.475003e-08
14760.00 1.474061e-08
14765.00 1.473118e-08
14770.00 1.472174e-08
14775.00 1.471230e-08
14780.00 1.470284e-08
14785.00 1.469341e-08
14790.00 1.468398e-08
14795.00 1.467455e-08
14800.00 1.466509e-08
14805.00 1.465563e-08
14810.00 1.464620e-08
14815.00 1.463673e-08
14820.00 1.462727e-08
14825.00 1.461782e-08
14830.00 1.460836e-08
14835.00 1.459890e-08
14840.00 1.458941e-08
14845.00 1.457994e-08
14850.00 1.457047e-08
14855.00 1.456103e-08
14860.00 1.455155e-08
14865.00 1.454207e-08
14870.00 1.453258e-08
14875.00 1.452313e-08
14880.00 1.451362e-08
14885.00 1.450417e-08
14890.00 1.449468e-08
14895.00 1.448516e-08
14900.00 1.447570e-08
14905.00 1.446621e-08
14910.00 1.445673e-08
14915.00 1.444721e-08
14920.00 1.443775e-08
14925.00 1.442824e-08
14930.00 1.441874e-08
14935.00 1.440924e-08
14940.00 1.439974e-08
14945.00 1.439024e-08
14950.00 1.438075e-08
14955.00 1.437124e-08
14960.00 1.436173e-08
14965.00 1.435223e-08
14970.00 1.434275e-08
14975.00 1.433321e-08
14980.00 1.432370e-08
14985.00 1.431420e-08
14990.00 1.430468e-08
14995.00 1.429517e-08
15000.00 1.428566e-08
15005.00 1.427615e-08
15010.00 1.426665e-08
15015.00 1.425712e-08
15020.00 1.424758e-08
15025.00 1.423808e-08
15030.00 1.422857e-08
15035.00 1.421905e-08
15040.00 1.420951e-08
15045.00 1.420000e-08
15050.00 1.419047e-08
15055.00 1.418095e-08
15060.00 1.417144e-08
15065.00 1.416189e-08
15070.00 1.415237e-08
15075.00 1.414285e-08
15080.00 1.413331e-08
15085.00 1.412379e-08
15090.00 1.411426e-08
15095.00 1.410474e-08
15100.00 1.409520e-08
15105.00 1.408567e-08
15110.00 1.407614e-08
15115.00 1.406661e-08
15120.00 1.405708e-08
15125.00 1.404757e-08
15130.00 1.403800e-08
15135.00 1.402849e-08
15140.00 1.401897e-08
15145.00 1.400942e-08
15150.00 1.399990e-08
15155.00 1.399037e-08
15160.00 1.398083e-08
15165.00 1.397127e-08
15170.00 1.396176e-08
15175.00 1.395223e-08
15180.00 1.394269e-08
15185.00 1.393317e-08
15190.00 1.392362e-08
15195.00 1.391410e-08
15200.00 1.390456e-08
15205.00 1.389502e-08
15210.00 1.388547e-08
15215.00 1.387598e-08
15220.00 1.386645e-08
15225.00 1.385690e-08
15230.00 1.384737e-08
15235.00 1.383785e-08
15240.00 1.382830e-08
15245.00 1.381877e-08
15250.00 1.380925e-08
15255.00 1.379970e-08
15260.00 1.379019e-08
15265.00 1.378064e-08
15270.00 1.377114e-08
15275.00 1.376162e-08
15280.00 1.375206e-08
15285.00 1.374255e-08
15290.00 1.373304e-08
15295.00 1.372349e-08
15300.00 1.371396e-08
15305.00 1.370444e-08
15310.00 1.369492e-08
15315.00 1.368542e-08
15320.00 1.367588e-08
15325.00 1.366635e-08
15330.00 1.365684e-08
15335.00 1.364731e-08
15340.00 1.363779e-08
15345.00 1.362829e-08
15350.00 1.361877e-08
15355.00 1.360927e-08
15360.00 1.359971e-08
15365.00 1.359021e-08
15370.00 1.358071e-08
15375.00 1.357117e-08
15380.00 1.356167e-08
15385.00 1.355217e-08
15390.00 1.354265e-08
15395.00 1.353317e-08
15400.00 1.352365e-08
15405.00 1.351413e-08
15410.00 1.350465e-08
15415.00 1.349515e-08
15420.00 1.348563e-08
15425.00 1.347613e-08
15430.00 1.346667e-08
15435.00 1.345715e-08
15440.00 1.344767e-08
15445.00 1.343815e-08
15450.00 1.342868e-08
15455.00 1.341918e-08
15460.00 1.340969e-08
15465.00 1.340021e-08
15470.00 1.339074e-08
15475.00 1.338124e-08
15480.00 1.337176e-08
15485.00 1.336227e-08
15490.00 1.335279e-08
15495.00 1.334332e-08
15500.00 1.333386e-08
15505.00 1.332439e-08
15510.00 1.331492e-08
15515.00 1.330546e-08
15520.00 1.329596e-08
15525.00 1.328650e-08
15530.00 1.327705e-08
15535.00 1.326758e-08
15540.00 1.325812e-08
15545.00 1.324867e-08
15550.00 1.323921e-08
15555.00 1.322976e-08
15560.00 1.322032e-08
15565.00 1.321086e-08
15570.00 1.320140e-08
15575.00 1.319198e-08
15580.00 1.318253e-08
15585.00 1.317309e-08
15590.00 1.316366e-08
15595.00 1.315422e-08
15600.00 1.314479e-08
15605.00 1.313537e-08
15610.00 1.312593e-08
15615.00 1.311653e-08
15620.00 1.310709e-08
15625.00 1.309767e-08
15630.00 1.308824e-08
15635.00 1.307886e-08
15640.00 1.306945e-08
15645.00 1.306002e-08
15650.00 1.305063e-08
15655.00 1.304122e-08
15660.00 1.303180e-08
15665.00 1.302241e-08
15670.00 1.301301e-08
15675.00 1.300363e-08
15680.00 1.299424e-08
15685.00 1.298485e-08
15690.00 1.297546e-08
15695.00 1.296610e-08
15700.00 1.295670e-08
15705.00 1.294732e-08
15710.00 1.293797e-08
15715.00 1.292858e-08
15720.00 1.291923e-08
15725.00 1.290986e-08
15730.00 1.290053e-08
15735.00 1.289115e-08
15740.00 1.288181e-08
15745.00 1.287246e-08
15750.00 1.286312e-08
15755.00 1.285377e-08
15760.00 1.284444e-08
15765.00 1.283509e-08
15770.00 1.282576e-08
15775.00 1.281645e-08
15780.00 1.280711e-08
15785.00 1.279780e-08
15790.00 1.278848e-08
15795.00 1.277916e-08
15800.00 1.276983e-08
15805.00 1.276052e-08
15810.00 1.275121e-08
15815.00 1.274191e-08
15820.00 1.273263e-08
15825.00 1.272335e-08
15830.00 1.271404e-08
15835.00 1.270477e-08
15840.00 1.269548e-08
15845.00 1.268620e-08
15850.00 1.267693e-08
15855.00 1.266765e-08
15860.00 1.265839e-08
15865.00 1.264913e-08
15870.00 1.263986e-08
15875.00 1.263061e-08
15880.00 1.262138e-08
15885.00 1.261211e-08
15890.00 1.260288e-08
15895.00 1.259365e-08
15900.00 1.258441e-08
15905.00 1.257518e-08
15910.00 1.256595e-08
15915.00 1.255676e-08
15920.00 1.254750e-08
15925.00 1.253831e-08
15930.00 1.252910e-08
15935.00 1.251989e-08
15940.00 1.251067e-08
15945.00 1.250148e-08
15950.00 1.249229e-08
15955.00 1.248313e-08
15960.00 1.247395e-08
15965.00 1.246478e-08
15970.00 1.245560e-08
15975.00 1.244643e-08
15980.00 1.243728e-08
15985.00 1.242811e-08
15990.00 1.241895e-08
15995.00 1.240982e-08
16000.00 1.240067e-08
16005.00 1.239153e-08
16010.00 1.238239e-08
16015.00 1.237326e-08
16020.00 1.236413e-08
16025.00 1.235500e-08
16030.00 1.234589e-08
16035.00 1.233677e-08
16040.00 1.232769e-08
16045.00 1.231859e-08
16050.00 1.230947e-08
16055.00 1.230040e-08
16060.00 1.229130e-08
16065.00 1.228222e-08
16070.00 1.227315e-08
16075.00 1.226407e-08
16080.00 1.225503e-08
16085.00 1.224596e-08
16090.00 1.223691e-08
16095.00 1.222784e-08
16100.00 1.221880e-08
16105.00 1.220977e-08
16110.00 1.220073e-08
16115.00 1.219173e-08
16120.00 1.218267e-08
16125.00 1.217368e-08
16130.00 1.216466e-08
16135.00 1.215566e-08
16140.00 1.214666e-08
16145.00 1.213765e-08
16150.00 1.212868e-08
16155.00 1.211969e-08
16160.00 1.211072e-08
16165.00 1.210174e-08
16170.00 1.209277e-08
16175.00 1.208382e-08
16180.00 1.207485e-08
16185.00 1.206590e-08
16190.00 1.205695e-08
16195.00 1.204803e-08
16200.00 1.203910e-08
16205.00 1.203019e-08
16210.00 1.202126e-08
16215.00 1.201236e-08
16220.00 1.200346e-08
16225.00 1.199456e-08
16230.00 1.198564e-08
16235.00 1.197677e-08
16240.00 1.196788e-08
16245.00 1.195898e-08
16250.00 1.195013e-08
16255.00 1.194126e-08
16260.00 1.193242e-08
16265.00 1.192356e-08
16270.00 1.191471e-08
16275.00 1.190587e-08
16280.00 1.189702e-08
16285.00 1.188821e-08
16290.00 1.187939e-08
16295.00 1.187058e-08
16300.00 1.186177e-08
16305.00 1.185296e-08
16310.00 1.184417e-08
16315.00 1.183540e-08
16320.00 1.182660e-08
16325.00 1.181784e-08
16330.00 1.180907e-08
16335.00 1.180032e-08
16340.00 1.179155e-08
16345.00 1.178281e-08
16350.00 1.177406e-08
16355.00 1.176534e-08
16360.00 1.175662e-08
16365.00 1.174788e-08
16370.00 1.173916e-08
16375.00 1.173045e-08
16380.00 1.172178e-08
16385.00 1.171309e-08
16390.00 1.170438e-08
16395.00 1.169569e-08
16400.00 1.168702e-08
16405.00 1.167836e-08
16410.00 1.166970e-08
16415.00 1.166105e-08
16420.00 1.165241e-08
16425.00 1.164375e-08
16430.00 1.163513e-08
16435.00 1.162648e-08
16440.00 1.161785e-08
16445.00 1.160925e-08
16450.00 1.160064e-08
16455.00 1.159202e-08
16460.00 1.158343e-08
16465.00 1.157484e-08
16470.00 1.156626e-08
16475.00 1.155770e-08
16480.00 1.154913e-08
16485.00 1.154056e-08
16490.00 1.153201e-08
16495.00 1.152345e-08
16500.00 1.151491e-08
16505.00 1.150638e-08
16510.00 1.149785e-08
16515.00 1.148931e-08
16520.00 1.148079e-08
16525.00 1.147227e-08
16530.00 1.146380e-08
16535.00 1.145529e-08
16540.00 1.144679e-08
16545.00 1.143830e-08
16550.00 1.142981e-08
16555.00 1.142134e-08
16560.00 1.141289e-08
16565.00 1.140442e-08
16570.00 1.139597e-08
16575.00 1.138753e-08
16580.00 1.137908e-08
16585.00 1.137066e-08
16590.00 1.136222e-08
16595.00 1.135380e-08
16600.00 1.134538e-08
16605.00 1.133697e-08
16610.00 1.132857e-08
16615.00 1.132018e-08
16620.00 1.131180e-08
16625.00 1.130341e-08
16630.00 1.129501e-08
16635.00 1.128668e-08
16640.00 1.127830e-08
16645.00 1.126993e-08
16650.00 1.126159e-08
16655.00 1.125325e-08
16660.00 1.124491e-08
16665.00 1.123658e-08
16670.00 1.122824e-08
16675.00 1.121994e-08
16680.00 1.121162e-08
16685.00 1.120330e-08
16690.00 1.119500e-08
16695.00 1.118674e-08
16700.00 1.117843e-08
16705.00 1.117016e-08
16710.00 1.116189e-08
16715.00 1.115363e-08
16720.00 1.114535e-08
16725.00 1.113709e-08
16730.00 1.112885e-08
16735.00 1.112061e-08
16740.00 1.111237e-08
16745.00 1.110412e-08
16750.00 1.109590e-08
16755.00 1.108769e-08
16760.00 1.107947e-08
16765.00 1.107128e-08
16770.00 1.106307e-08
16775.00 1.105488e-08
16780.00 1.104670e-08
16785.00 1.103851e-08
16790.00 1.103033e-08
16795.00 1.102220e-08
16800.00 1.101402e-08
16805.00 1.100586e-08
16810.00 1.099771e-08
16815.00 1.098957e-08
16820.00 1.098145e-08
16825.00 1.097331e-08
16830.00 1.096520e-08
16835.00 1.095706e-08
16840.00 1.094894e-08
16845.00 1.094084e-08
16850.00 1.093276e-08
16855.00 1.092466e-08
16860.00 1.091657e-08
16865.00 1.090850e-08
16870.00 1.090042e-08
16875.00 1.089235e-08
16880.00 1.088429e-08
16885.00 1.087622e-08
16890.00 1.086820e-08
16895.00 1.086017e-08
16900.00 1.085212e-08
16905.00 1.084408e-08
16910.00 1.083606e-08
16915.00 1.082804e-08
16920.00 1.082003e-08
16925.00 1.081202e-08
16930.00 1.080402e-08
16935.00 1.079605e-08
16940.00 1.078804e-08
16945.00 1.078006e-08
16950.00 1.077209e-08
16955.00 1.076414e-08
16960.00 1.075617e-08
16965.00 1.074820e-08
16970.00 1.074027e-08
16975.00 1.073230e-08
16980.00 1.072437e-08
16985.00 1.071644e-08
16990.00 1.070851e-08
16995.00 1.070061e-08
17000.00 1.069268e-08
17005.00 1.068478e-08
17010.00 1.067687e-08
17015.00 1.066898e-08
17020.00 1.066110e-08
17025.00 1.065321e-08
17030.00 1.064534e-08
17035.00 1.063747e-08
17040.00 1.062961e-08
17045.00 1.062175e-08
17050.00 1.061388e-08
17055.00 1.060603e-08
17060.00 1.059821e-08
17065.00 1.059038e-08
17070.00 1.058256e-08
17075.00 1.057473e-08
17080.00 1.056691e-08
17085.00 1.055911e-08
17090.00 1.055128e-08
17095.00 1.054350e-08
17100.00 1.053571e-08
17105.00 1.052791e-08
17110.00 1.052014e-08
17115.00 1.051238e-08
17120.00 1.050461e-08
17125.00 1.049683e-08
17130.00 1.048908e-08
17135.00 1.048134e-08
17140.00 1.047361e-08
17145.00 1.046587e-08
17150.00 1.045814e-08
17155.00 1.045041e-08
17160.00 1.044268e-08
17165.00 1.043497e-08
17170.00 1.042728e-08
17175.00 1.041959e-08
17180.00 1.041187e-08
17185.00 1.040419e-08
17190.00 1.039650e-08
17195.00 1.038881e-08
17200.00 1.038116e-08
17205.00 1.037348e-08
17210.00 1.036582e-08
17215.00 1.035818e-08
17220.00 1.035054e-08
17225.00 1.034289e-08
17230.00 1.033525e-08
17235.00 1.032762e-08
17240.00 1.032000e-08
17245.00 1.031238e-08
17250.00 1.030477e-08
17255.00 1.029716e-08
17260.00 1.028956e-08
17265.00 1.028197e-08
17270.00 1.027440e-08
17275.00 1.026680e-08
17280.00 1.025923e-08
17285.00 1.025164e-08
17290.00 1.024411e-08
17295.00 1.023654e-08
17300.00 1.022897e-08
17305.00 1.022144e-08
17310.00 1.021388e-08
17315.00 1.020637e-08
17320.00 1.019882e-08
17325.00 1.019130e-08
17330.00 1.018380e-08
17335.00 1.017629e-08
17340.00 1.016878e-08
17345.00 1.016127e-08
17350.00 1.015380e-08
17355.00 1.014631e-08
17360.00 1.013881e-08
17365.00 1.013134e-08
17370.00 1.012386e-08
17375.00 1.011641e-08
17380.00 1.010896e-08
17385.00 1.010149e-08
17390.00 1.009407e-08
17395.00 1.008661e-08
17400.00 1.007917e-08
17405.00 1.007174e-08
17410.00 1.006431e-08
17415.00 1.005689e-08
17420.00 1.004950e-08
17425.00 1.004207e-08
17430.00 1.003468e-08
17435.00 1.002729e-08
17440.00 1.001990e-08
17445.00 1.001251e-08
17450.00 1.000516e-08
17455.00 9.997758e-09
17460.00 9.990396e-09
17465.00 9.983052e-09
17470.00 9.975680e-09
17475.00 9.968343e-09
17480.00 9.960997e-09
17485.00 9.953666e-09
17490.00 9.946326e-09
17495.00 9.939005e-09
17500.00 9.931688e-09
17505.00 9.924373e-09
17510.00 9.917072e-09
17515.00 9.909771e-09
17520.00 9.902464e-09
17525.00 9.895185e-09
17530.00 9.887907e-09
17535.00 9.880615e-09
17540.00 9.873358e-09
17545.00 9.866076e-09
17550.00 9.858827e-09
17555.00 9.851576e-09
17560.00 9.844314e-09
17565.00 9.837071e-09
17570.00 9.829813e-09
17575.00 9.822581e-09
17580.00 9.815369e-09
17585.00 9.808129e-09
17590.00 9.800925e-09
17595.00 9.793705e-09
17600.00 9.786501e-09
17605.00 9.779305e-09
17610.00 9.772115e-09
17615.00 9.764936e-09
17620.00 9.757749e-09
17625.00 9.750563e-09
17630.00 9.743395e-09
17635.00 9.736247e-09
17640.00 9.729074e-09
17645.00 9.721914e-09
17650.00 9.714776e-09
17655.00 9.707620e-09
17660.00 9.700495e-09
17665.00 9.693351e-09
17670.00 9.686232e-09
17675.00 9.679114e-09
17680.00 9.672005e-09
17685.00 9.664890e-09
17690.00 9.657783e-09
17695.00 9.650691e-09
17700.00 9.643612e-09
17705.00 9.636516e-09
17710.00 9.629417e-09
17715.00 9.622363e-09
17720.00 9.615297e-09
17725.00 9.608209e-09
17730.00 9.601167e-09
17735.00 9.594110e-09
17740.00 9.587066e-09
17745.00 9.580028e-09
17750.00 9.572976e-09
17755.00 9.565954e-09
17760.00 9.558931e-09
17765.00 9.551912e-09
17770.00 9.544881e-09
17775.00 9.537877e-09
17780.00 9.530875e-09
17785.00 9.523884e-09
17790.00 9.516893e-09
17795.00 9.509896e-09
17800.00 9.502926e-09
17805.00 9.495968e-09
17810.00 9.488988e-09
17815.00 9.482005e-09
17820.00 9.475048e-09
17825.00 9.468097e-09
17830.00 9.461159e-09
17835.00 9.454221e-09
17840.00 9.447276e-09
17845.00 9.440335e-09
17850.00 9.433434e-09
17855.00 9.426502e-09
17860.00 9.419574e-09
17865.00 9.412678e-09
17870.00 9.405781e-09
17875.00 9.398870e-09
17880.00 9.391983e-09
17885.00 9.385078e-09
17890.00 9.378204e-09
17895.00 9.371331e-09
17900.00 9.364459e-09
17905.00 9.357597e-09
17910.00 9.350728e-09
17915.00 9.343896e-09
17920.00 9.337029e-09
17925.00 9.330186e-09
17930.00 9.323357e-09
17935.00 9.316524e-09
17940.00 9.309673e-09
17945.00 9.302873e-09
17950.00 9.296058e-09
17955.00 9.289229e-09
17960.00 9.282449e-09
17965.00 9.275633e-09
17970.00 9.268848e-09
17975.00 9.262045e-09
17980.00 9.255249e-09
17985.00 9.248479e-09
17990.00 9.241711e-09
17995.00 9.234939e-09
18000.00 9.228168e-09
18005.00 9.221416e-09
18010.00 9.214658e-09
18015.00 9.207935e-09
18020.00 9.201173e-09
18025.00 9.194451e-09
18030.00 9.187709e-09
18035.00 9.180995e-09
18040.00 9.174282e-09
18045.00 9.167572e-09
18050.00 9.160845e-09
18055.00 9.154160e-09
18060.00 9.147446e-09
18065.00 9.140740e-09
18070.00 9.134062e-09
18075.00 9.127376e-09
18080.00 9.120704e-09
18085.00 9.114030e-09
18090.00 9.107362e-09
18095.00 9.100692e-09
18100.00 9.094036e-09
18105.00 9.087392e-09
18110.00 9.080749e-09
18115.00 9.074111e-09
18120.00 9.067460e-09
18125.00 9.060850e-09
18130.00 9.054219e-09
18135.00 9.047587e-09
18140.00 9.040991e-09
18145.00 9.034364e-09
18150.00 9.027781e-09
18155.00 9.021172e-09
18160.00 9.014587e-09
18165.00 9.007993e-09
18170.00 9.001424e-09
18175.00 8.994855e-09
18180.00 8.988263e-09
18185.00 8.981694e-09
18190.00 8.975130e-09
18195.00 8.968587e-09
18200.00 8.962025e-09
18205.00 8.955481e-09
18210.00 8.948945e-09
18215.00 8.942410e-09
18220.00 8.935885e-09
18225.00 8.929343e-09
18230.00 8.922822e-09
18235.00 8.916309e-09
18240.00 8.909811e-09
18245.00 8.903301e-09
18250.00 8.896810e-09
18255.00 8.890314e-09
18260.00 8.883819e-09
18265.00 8.877343e-09
18270.00 8.870853e-09
18275.00 8.864395e-09
18280.00 8.857930e-09
18285.00 8.851458e-09
18290.00 8.845006e-09
18295.00 8.838545e-09
18300.00 8.832098e-09
18305.00 8.825667e-09
18310.00 8.819227e-09
18315.00 8.812796e-09
18320.00 8.806364e-09
18325.00 8.799956e-09
18330.00 8.793539e-09
18335.00 8.787107e-09
18340.00 8.780701e-09
18345.00 8.774304e-09
18350.00 8.767926e-09
18355.00 8.761540e-09
18360.00 8.755127e-09
18365.00 8.748768e-09
18370.00 8.742378e-09
18375.00 8.736011e-09
18380.00 8.729641e-09
18385.00 8.723299e-09
18390.00 8.716927e-09
18395.00 8.710585e-09
18400.00 8.704246e-09
18405.00 8.697904e-09
18410.00 8.691567e-09
18415.00 8.685233e-09
18420.00 8.678927e-09
18425.00 8.672605e-09
18430.00 8.666267e-09
18435.00 8.659964e-09
18440.00 8.653679e-09
18445.00 8.647365e-09
18450.00 8.641060e-09
18455.00 8.634791e-09
18460.00 8.628487e-09
18465.00 8.622231e-09
18470.00 8.615930e-09
18475.00 8.609691e-09
18480.00 8.603407e-09
18485.00 8.597154e-09
18490.00 8.590897e-09
18495.00 8.584639e-09
18500.00 8.578413e-09
18505.00 8.572170e-09
18510.00 8.565935e-09
18515.00 8.559694e-09
18520.00 8.553477e-09
18525.00 8.547257e-09
18530.00 8.541043e-09
18535.00 8.534840e-09
18540.00 8.528620e-09
18545.00 8.522441e-09
18550.00 8.516236e-09
18555.00 8.510049e-09
18560.00 8.503861e-09
18565.00 8.497693e-09
18570.00 8.491519e-09
18575.00 8.485344e-09
18580.00 8.479175e-09
18585.00 8.473007e-09
18590.00 8.466871e-09
18595.00 8.460716e-09
18600.00 8.454572e-09
18605.00 8.448430e-09
18610.00 8.442288e-09
18615.00 8.436161e-09
18620.00 8.430032e-09
18625.00 8.423916e-09
18630.00 8.417807e-09
18635.00 8.411689e-09
18640.00 8.405586e-09
18645.00 8.399500e-09
18650.00 8.393409e-09
18655.00 8.387299e-09
18660.00 8.381225e-09
18665.00 8.375128e-09
18670.00 8.369067e-09
18675.00 8.362979e-09
18680.00 8.356930e-09
18685.00 8.350846e-09
18690.00 8.344800e-09
18695.00 8.338747e-09
18700.00 8.332706e-09
18705.00 8.326674e-09
18710.00 8.320615e-09
18715.00 8.314595e-09
18720.00 8.308573e-09
18725.00 8.302546e-09
18730.00 8.296517e-09
18735.00 8.290518e-09
18740.00 8.284490e-09
18745.00 8.278513e-09
18750.00 8.272509e-09
18755.00 8.266515e-09
18760.00 8.260521e-09
18765.00 8.254549e-09
18770.00 8.248551e-09
18775.00 8.242574e-09
18780.00 8.236619e-09
18785.00 8.230647e-09
18790.00 8.224684e-09
18795.00 8.218723e-09
18800.00 8.212782e-09
18805.00 8.206835e-09
18810.00 8.200889e-09
18815.00 8.194961e-09
18820.00 8.189033e-09
18825.00 8.183093e-09
18830.00 8.177181e-09
18835.00 8.171259e-09
18840.00 8.165346e-09
18845.00 8.159442e-09
18850.00 8.153531e-09
18855.00 8.147638e-09
18860.00 8.141757e-09
18865.00 8.135852e-09
18870.00 8.129982e-09
18875.00 8.124101e-09
18880.00 8.118217e-09
18885.00 8.112335e-09
18890.00 8.106473e-09
18895.00 8.100630e-09
18900.00 8.094767e-09
18905.00 8.088917e-09
18910.00 8.083069e-09
18915.00 8.077222e-09
18920.00 8.071387e-09
18925.00 8.065544e-09
18930.00 8.059732e-09
18935.00 8.053909e-09
18940.00 8.048076e-09
18945.00 8.042271e-09
18950.00 8.036471e-09
18955.00 8.030673e-09
18960.00 8.024864e-09
18965.00 8.019061e-09
18970.00 8.013288e-09
18975.00 8.007494e-09
18980.00 8.001712e-09
18985.00 7.995927e-09
18990.00 7.990163e-09
18995.00 7.984398e-09
19000.00 7.978619e-09
19005.00 7.972879e-09
19010.00 7.967127e-09
19015.00 7.961372e-09
19020.00 7.955639e-09
19025.00 7.949906e-09
19030.00 7.944155e-09
19035.00 7.938425e-09
19040.00 7.932694e-09
19045.00 7.926981e-09
19050.00 7.921269e-09
19055.00 7.915540e-09
19060.00 7.909845e-09
19065.00 7.904150e-09
19070.00 7.898426e-09
19075.00 7.892742e-09
19080.00 7.887066e-09
19085.00 7.881360e-09
19090.00 7.875686e-09
19095.00 7.870017e-09
19100.00 7.864348e-09
19105.00 7.858683e-09
19110.00 7.853013e-09
19115.00 7.847353e-09
19120.00 7.841710e-09
19125.00 7.836068e-09
19130.00 7.830405e-09
19135.00 7.824768e-09
19140.00 7.819133e-09
19145.00 7.813528e-09
19150.00 7.807889e-09
19155.00 7.802271e-09
19160.00 7.796642e-09
19165.00 7.791042e-09
19170.00 7.785432e-09
19175.00 7.779821e-09
19180.00 7.774225e-09
19185.00 7.768632e-09
19190.00 7.763052e-09
19195.00 7.757477e-09
19200.00 7.751884e-09
19205.00 7.746303e-09
19210.00 7.740748e-09
19215.00 7.735163e-09
19220.00 7.729608e-09
19225.00 7.724042e-09
19230.00 7.718494e-09
19235.00 7.712949e-09
19240.00 7.707404e-09
19245.00 7.701874e-09
19250.00 7.696328e-09
19255.00 7.690785e-09
19260.00 7.685260e-09
19265.00 7.679751e-09
19270.00 7.674221e-09
19275.00 7.668717e-09
19280.00 7.663211e-09
19285.00 7.657707e-09
19290.00 7.652197e-09
19295.00 7.646697e-09
19300.00 7.641210e-09
19305.00 7.635720e-09
19310.00 7.630253e-09
19315.00 7.624763e-09
19320.00 7.619295e-09
19325.00 7.613818e-09
19330.00 7.608355e-09
19335.00 7.602889e-09
19340.00 7.597441e-09
19345.00 7.591977e-09
19350.00 7.586533e-09
19355.00 7.581099e-09
19360.00 7.575654e-09
19365.00 7.570216e-09
19370.00 7.564782e-09
19375.00 7.559357e-09
19380.00 7.553946e-09
19385.00 7.548527e-09
19390.00 7.543108e-09
19395.00 7.537702e-09
19400.00 7.532295e-09
19405.00 7.526894e-09
19410.00 7.521509e-09
19415.00 7.516112e-09
19420.00 7.510724e-09
19425.00 7.505333e-09
19430.00 7.499967e-09
19435.00 7.494596e-09
19440.00 7.489210e-09
19445.00 7.483854e-09
19450.00 7.478485e-09
19455.00 7.473136e-09
19460.00 7.467784e-09
19465.00 7.462440e-09
19470.00 7.457102e-09
19475.00 7.451755e-09
19480.00 7.446408e-09
19485.00 7.441079e-09
19490.00 7.435756e-09
19495.00 7.430440e-09
19500.00 7.425116e-09
19505.00 7.419801e-09
19510.00 7.414491e-09
19515.00 7.409196e-09
19520.00 7.403893e-09
19525.00 7.398574e-09
19530.00 7.393283e-09
19535.00 7.387993e-09
19540.00 7.382720e-09
19545.00 7.377440e-09
19550.00 7.372154e-09
19555.00 7.366887e-09
19560.00 7.361630e-09
19565.00 7.356350e-09
19570.00 7.351100e-09
19575.00 7.345855e-09
19580.00 7.340596e-09
19585.00 7.335357e-09
19590.00 7.330095e-09
19595.00 7.324874e-09
19600.00 7.319636e-09
19605.00 7.314403e-09
19610.00 7.309173e-09
19615.00 7.303964e-09
19620.00 7.298726e-09
19625.00 7.293520e-09
19630.00 7.288317e-09
19635.00 7.283107e-09
19640.00 7.277910e-09
19645.00 7.272711e-09
19650.00 7.267520e-09
19655.00 7.262324e-09
19660.00 7.257147e-09
19665.00 7.251958e-09
19670.00 7.246786e-09
19675.00 7.241616e-09
19680.00 7.236448e-09
19685.00 7.231281e-09
19690.00 7.226116e-09
19695.00 7.220966e-09
19700.00 7.215823e-09
19705.00 7.210677e-09
19710.00 7.205535e-09
19715.00 7.200383e-09
19720.00 7.195254e-09
19725.00 7.190121e-09
19730.00 7.184992e-09
19735.00 7.179879e-09
19740.00 7.174764e-09
19745.00 7.169650e-09
19750.00 7.164524e-09
19755.00 7.159416e-09
19760.00 7.154318e-09
19765.00 7.149220e-09
19770.00 7.144134e-09
19775.00 7.139032e-09
19780.00 7.133960e-09
19785.00 7.128861e-09
19790.00 7.123790e-09
19795.00 7.118712e-09
19800.00 7.113648e-09
19805.00 7.108585e-09
19810.00 7.103523e-09
19815.00 7.098468e-09
19820.00 7.093402e-09
19825.00 7.088350e-09
19830.00 7.083303e-09
19835.00 7.078266e-09
19840.00 7.073242e-09
19845.00 7.068205e-09
19850.00 7.063162e-09
19855.00 7.058141e-09
19860.00 7.053109e-09
19865.00 7.048113e-09
19870.00 7.043087e-09
19875.00 7.038083e-09
19880.00 7.033064e-09
19885.00 7.028061e-09
19890.00 7.023072e-09
19895.00 7.018085e-09
19900.00 7.013094e-09
19905.00 7.008093e-09
19910.00 7.003124e-09
19915.00 6.998144e-09
19920.00 6.993164e-09
19925.00 6.988199e-09
19930.00 6.983236e-09
19935.00 6.978274e-09
19940.00 6.973315e-09
19945.00 6.968357e-09
19950.00 6.963401e-09
19955.00 6.958472e-09
19960.00 6.953503e-09
19965.00 6.948581e-09
19970.00 6.943646e-09
19975.00 6.938718e-09
19980.00 6.933776e-09
19985.00 6.928861e-09
19990.00 6.923946e-09
19995.00 6.919012e-09
20000.00 6.914105e-09
20005.00 6.909200e-09
20010.00 6.904295e-09
20015.00 6.899399e-09
20020.00 6.894511e-09
20025.00 6.889613e-09
20030.00 6.884719e-09
20035.00 6.879841e-09
20040.00 6.874968e-09
20045.00 6.870081e-09
20050.00 6.865205e-09
20055.00 6.860333e-09
20060.00 6.855465e-09
20065.00 6.850609e-09
20070.00 6.845754e-09
20075.00 6.840893e-09
20080.00 6.836045e-09
20085.00 6.831201e-09
20090.00 6.826366e-09
20095.00 6.821518e-09
20100.00 6.816692e-09
20105.00 6.811850e-09
20110.00 6.807013e-09
20115.00 6.802204e-09
20120.00 6.797377e-09
20125.00 6.792557e-09
20130.00 6.787754e-09
20135.00 6.782954e-09
20140.00 6.778141e-09
20145.00 6.773341e-09
20150.00 6.768539e-09
20155.00 6.763756e-09
20160.00 6.758956e-09
20165.00 6.754168e-09
20170.00 6.749397e-09
20175.00 6.744614e-09
20180.00 6.739830e-09
20185.00 6.735063e-09
20190.00 6.730294e-09
20195.00 6.725533e-09
20200.00 6.720783e-09
20205.00 6.716022e-09
20210.00 6.711261e-09
20215.00 6.706525e-09
20220.00 6.701775e-09
20225.00 6.697027e-09
20230.00 6.692306e-09
20235.00 6.687558e-09
20240.00 6.682833e-09
20245.00 6.678111e-09
20250.00 6.673391e-09
20255.00 6.668668e-09
20260.00 6.663943e-09
20265.00 6.659241e-09
20270.00 6.654538e-09
20275.00 6.649833e-09
20280.00 6.645125e-09
20285.00 6.640422e-09
20290.00 6.635737e-09
20295.00 6.631045e-09
20300.00 6.626353e-09
20305.00 6.621676e-09
20310.00 6.617000e-09
20315.00 6.612319e-09
20320.00 6.607660e-09
20325.00 6.602991e-09
20330.00 6.598324e-09
20335.00 6.593656e-09
20340.00 6.589006e-09
20345.00 6.584347e-09
20350.00 6.579712e-09
20355.00 6.575047e-09
20360.00 6.570418e-09
20365.00 6.565775e-09
20370.00 6.561146e-09
20375.00 6.556502e-09
20380.00 6.551882e-09
20385.00 6.547258e-09
20390.00 6.542640e-09
20395.00 6.538013e-09
20400.00 6.533400e-09
20405.00 6.528789e-09
20410.00 6.524189e-09
20415.00 6.519578e-09
20420.00 6.514998e-09
20425.00 6.510394e-09
20430.00 6.505790e-09
20435.00 6.501211e-09
20440.00 6.496628e-09
20445.00 6.492041e-09
20450.00 6.487469e-09
20455.00 6.482887e-09
20460.00 6.478333e-09
20465.00 6.473757e-09
20470.00 6.469203e-09
20475.00 6.464628e-09
20480.00 6.460082e-09
20485.00 6.455524e-09
20490.00 6.450968e-09
20495.00 6.446426e-09
20500.00 6.441875e-09
20505.00 6.437348e-09
20510.00 6.432798e-09
20515.00 6.428273e-09
20520.00 6.423748e-09
20525.00 6.419224e-09
20530.00 6.414698e-09
20535.00 6.410187e-09
20540.00 6.405675e-09
20545.00 6.401150e-09
20550.00 6.396657e-09
20555.00 6.392144e-09
20560.00 6.387652e-09
20565.00 6.383135e-09
20570.00 6.378650e-09
20575.00 6.374157e-09
20580.00 6.369676e-09
20585.00 6.365184e-09
20590.00 6.360712e-09
20595.00 6.356231e-09
20600.00 6.351756e-09
20605.00 6.347288e-09
20610.00 6.342812e-09
20615.00 6.338349e-09
20620.00 6.333905e-09
20625.00 6.329433e-09
20630.00 6.324997e-09
20635.00 6.320540e-09
20640.00 6.316091e-09
20645.00 6.311649e-09
20650.00 6.307208e-09
20655.00 6.302792e-09
20660.00 6.298343e-09
20665.00 6.293923e-09
20670.00 6.289491e-09
20675.00 6.285060e-09
20680.00 6.280654e-09
20685.00 6.276234e-09
20690.00 6.271820e-09
20695.00 6.267420e-09
20700.00 6.263006e-09
20705.00 6.258603e-09
20710.00 6.254212e-09
20715.00 6.249822e-09
20720.00 6.245412e-09
20725.00 6.241033e-09
20730.00 6.236660e-09
20735.00 6.232264e-09
20740.00 6.227893e-09
20745.00 6.223512e-09
20750.00 6.219132e-09
20755.00 6.214767e-09
20760.00 6.210403e-09
20765.00 6.206039e-09
20770.00 6.201684e-09
20775.00 6.197336e-09
20780.00 6.192977e-09
20785.00 6.188620e-09
20790.00 6.184283e-09
20795.00 6.179932e-09
20800.00 6.175605e-09
20805.00 6.171268e-09
20810.00 6.166924e-09
20815.00 6.162601e-09
20820.00 6.158275e-09
20825.00 6.153951e-09
20830.00 6.149639e-09
20835.00 6.145310e-09
20840.00 6.141006e-09
20845.00 6.136694e-09
20850.00 6.132398e-09
20855.00 6.128082e-09
20860.00 6.123792e-09
20865.00 6.119487e-09
20870.00 6.115186e-09
20875.00 6.110897e-09
20880.00 6.106621e-09
20885.00 6.102336e-09
20890.00 6.098051e-09
20895.00 6.093781e-09
20900.00 6.089502e-09
20905.00 6.085224e-09
20910.00 6.080955e-09
20915.00 6.076693e-09
20920.00 6.072443e-09
20925.00 6.068173e-09
20930.00 6.063934e-09
20935.00 6.059672e-09
20940.00 6.055429e-09
20945.00 6.051186e-09
20950.00 6.046934e-09
20955.00 6.042702e-09
20960.00 6.038457e-09
20965.00 6.034225e-09
20970.00 6.029995e-09
20975.00 6.025781e-09
20980.00 6.021553e-09
20985.00 6.017325e-09
20990.00 6.013111e-09
20995.00 6.008894e-09
21000.00 6.004682e-09
21005.00 6.000486e-09
21010.00 5.996269e-09
21015.00 5.992072e-09
21020.00 5.987876e-09
21025.00 5.983683e-09
21030.00 5.979480e-09
21035.00 5.975302e-09
21040.00 5.971115e-09
21045.00 5.966924e-09
21050.00 5.962757e-09
21055.00 5.958569e-09
21060.00 5.954393e-09
21065.00 5.950234e-09
21070.00 5.946067e-09
21075.00 5.941890e-09
21080.00 5.937744e-09
21085.00 5.933570e-09
21090.00 5.929427e-09
21095.00 5.925274e-09
21100.00 5.921121e-09
21105.00 5.916971e-09
21110.00 5.912827e-09
21115.00 5.908687e-09
21120.00 5.904562e-09
21125.00 5.900416e-09
21130.00 5.896291e-09
21135.00 5.892154e-09
21140.00 5.888039e-09
21145.00 5.883922e-09
21150.00 5.879802e-09
21155.00 5.875691e-09
21160.00 5.871580e-09
21165.00 5.867464e-09
21170.00 5.863357e-09
21175.00 5.859250e-09
21180.00 5.855153e-09
21185.00 5.851045e-09
21190.00 5.846958e-09
21195.00 5.842867e-09
21200.00 5.838773e-09
21205.00 5.834692e-09
21210.00 5.830613e-09
21215.00 5.826521e-09
21220.00 5.822452e-09
21225.00 5.818376e-09
21230.00 5.814311e-09
21235.00 5.810243e-09
21240.00 5.806176e-09
21245.00 5.802111e-09
21250.00 5.798048e-09
21255.00 5.794004e-09
21260.00 5.789947e-09
21265.00 5.785902e-09
21270.00 5.781845e-09
21275.00 5.777807e-09
21280.00 5.773770e-09
21285.00 5.769722e-09
21290.00 5.765689e-09
21295.00 5.761655e-09
21300.00 5.757623e-09
21305.00 5.753597e-09
21310.00 5.749586e-09
21315.00 5.745552e-09
21320.00 5.741537e-09
21325.00 5.737524e-09
21330.00 5.733503e-09
21335.00 5.729504e-09
21340.00 5.725497e-09
21345.00 5.721487e-09
21350.00 5.717490e-09
21355.00 5.713484e-09
21360.00 5.709488e-09
21365.00 5.705511e-09
21370.00 5.701513e-09
21375.00 5.697524e-09
21380.00 5.693542e-09
21385.00 5.689565e-09
21390.00 5.685585e-09
21395.00 5.681609e-09
21400.00 5.677643e-09
21405.00 5.673662e-09
21410.00 5.669703e-09
21415.00 5.665735e-09
21420.00 5.661776e-09
21425.00 5.657810e-09
21430.00 5.653859e-09
21435.00 5.649913e-09
21440.00 5.645958e-09
21445.00 5.642022e-09
21450.00 5.638070e-09
21455.00 5.634121e-09
21460.00 5.630187e-09
21465.00 5.626246e-09
21470.00 5.622314e-09
21475.00 5.618381e-09
21480.00 5.614460e-09
21485.00 5.610543e-09
21490.00 5.606618e-09
21495.00 5.602690e-09
21500.00 5.598774e-09
21505.00 5.594860e-09
21510.00 5.590955e-09
21515.00 5.587049e-09
21520.00 5.583140e-09
21525.00 5.579237e-09
21530.00 5.575345e-09
21535.00 5.571445e-09
21540.00 5.567544e-09
21545.00 5.563662e-09
21550.00 5.559768e-09
21555.00 5.555879e-09
21560.00 5.551986e-09
21565.00 5.548116e-09
21570.00 5.544242e-09
21575.00 5.540356e-09
21580.00 5.536481e-09
21585.00 5.532620e-09
21590.00 5.528748e-09
21595.00 5.524889e-09
21600.00 5.521022e-09
21605.00 5.517164e-09
21610.00 5.513310e-09
21615.00 5.509456e-09
21620.00 5.505594e-09
21625.00 5.501754e-09
21630.00 5.497913e-09
21635.00 5.494064e-09
21640.00 5.490231e-09
21645.00 5.486379e-09
21650.00 5.482550e-09
21655.00 5.478714e-09
21660.00 5.474892e-09
21665.00 5.471057e-09
21670.00 5.467245e-09
21675.00 5.463416e-09
21680.00 5.459595e-09
21685.00 5.455784e-09
21690.00 5.451960e-09
21695.00 5.448142e-09
21700.00 5.444341e-09
21705.00 5.440536e-09
21710.00 5.436723e-09
21715.00 5.432934e-09
21720.00 5.429121e-09
21725.00 5.425340e-09
21730.00 5.421535e-09
21735.00 5.417747e-09
21740.00 5.413953e-09
21745.00 5.410178e-09
21750.00 5.406392e-09
21755.00 5.402606e-09
21760.00 5.398836e-09
21765.00 5.395061e-09
21770.00 5.391286e-09
21775.00 5.387518e-09
21780.00 5.383749e-09
21785.00 5.379973e-09
21790.00 5.376215e-09
21795.00 5.372464e-09
21800.00 5.368697e-09
21805.00 5.364934e-09
21810.00 5.361190e-09
21815.00 5.357446e-09
21820.00 5.353697e-09
21825.00 5.349939e-09
21830.00 5.346203e-09
21835.00 5.342464e-09
21840.00 5.338725e-09
21845.00 5.334995e-09
21850.00 5.331259e-09
21855.00 5.327535e-09
21860.00 5.323797e-09
21865.00 5.320079e-09
21870.00 5.316363e-09
21875.00 5.312629e-09
21880.00 5.308913e-09
21885.00 5.305198e-09
21890.00 5.301493e-09
21895.00 5.297781e-09
21900.00 5.294069e-09
21905.00 5.290373e-09
21910.00 5.286662e-09
21915.00 5.282971e-09
21920.00 5.279262e-09
21925.00 5.275571e-09
21930.00 5.271881e-09
21935.00 5.268182e-09
21940.00 5.264504e-09
21945.00 5.260811e-09
21950.00 5.257123e-09
21955.00 5.253445e-09
21960.00 5.249758e-09
21965.00 5.246094e-09
21970.00 5.242422e-09
21975.00 5.238752e-09
21980.00 5.235083e-09
21985.00 5.231416e-09
21990.00 5.227748e-09
21995.00 5.224097e-09
22000.00 5.220425e-09
22005.00 5.216775e-09
22010.00 5.213120e-09
22015.00 5.209478e-09
22020.00 5.205818e-09
22025.00 5.202167e-09
22030.00 5.198530e-09
22035.00 5.194886e-09
22040.00 5.191249e-09
22045.00 5.187611e-09
22050.00 5.183975e-09
22055.00 5.180346e-09
22060.00 5.176708e-09
22065.00 5.173090e-09
22070.00 5.169463e-09
22075.00 5.165843e-09
22080.00 5.162218e-09
22085.00 5.158602e-09
22090.00 5.154988e-09
22095.00 5.151378e-09
22100.00 5.147772e-09
22105.00 5.144157e-09
22110.00 5.140555e-09
22115.00 5.136951e-09
22120.00 5.133351e-09
22125.00 5.129755e-09
22130.00 5.126159e-09
22135.00 5.122564e-09
22140.00 5.118976e-09
22145.00 5.115386e-09
22150.00 5.111804e-09
22155.00 5.108212e-09
22160.00 5.104648e-09
22165.00 5.101060e-09
22170.00 5.097474e-09
22175.00 5.093908e-09
22180.00 5.090341e-09
22185.00 5.086769e-09
22190.00 5.083203e-09
22195.00 5.079639e-09
22200.00 5.076068e-09
22205.00 5.072510e-09
22210.00 5.068964e-09
22215.00 5.065402e-09
22220.00 5.061853e-09
22225.00 5.058304e-09
22230.00 5.054753e-09
22235.00 5.051210e-09
22240.00 5.047676e-09
22245.00 5.044136e-09
22250.00 5.040584e-09
22255.00 5.037050e-09
22260.00 5.033524e-09
22265.00 5.029998e-09
22270.00 5.026464e-09
22275.00 5.022935e-09
22280.00 5.019411e-09
22285.00 5.015901e-09
22290.00 5.012377e-09
22295.00 5.008856e-09
22300.00 5.005347e-09
22305.00 5.001839e-09
22310.00 4.998322e-09
22315.00 4.994825e-09
22320.00 4.991318e-09
22325.00 4.987815e-09
22330.00 4.984321e-09
22335.00 4.980818e-09
22340.00 4.977327e-09
22345.00 4.973836e-09
22350.00 4.970344e-09
22355.00 4.966862e-09
22360.00 4.963372e-09
22365.00 4.959891e-09
22370.00 4.956407e-09
22375.00 4.952927e-09
22380.00 4.949453e-09
22385.00 4.945980e-09
22390.00 4.942515e-09
22395.00 4.939039e-09
22400.00 4.935576e-09
22405.00 4.932120e-09
22410.00 4.928646e-09
22415.00 4.925189e-09
22420.00 4.921742e-09
22425.00 4.918278e-09
22430.00 4.914821e-09
22435.00 4.911373e-09
22440.00 4.907942e-09
22445.00 4.904485e-09
22450.00 4.901046e-09
22455.00 4.897606e-09
22460.00 4.894163e-09
22465.00 4.890723e-09
22470.00 4.887302e-09
22475.00 4.883863e-09
22480.00 4.880439e-09
22485.00 4.877014e-09
22490.00 4.873590e-09
22495.00 4.870169e-09
22500.00 4.866747e-09
22505.00 4.863338e-09
22510.00 4.859929e-09
22515.00 4.856502e-09
22520.00 4.853103e-09
22525.00 4.849689e-09
22530.00 4.846280e-09
22535.00 4.842887e-09
22540.00 4.839488e-09
22545.00 4.836080e-09
22550.00 4.832696e-09
22555.00 4.829294e-09
22560.00 4.825901e-09
22565.00 4.822519e-09
22570.00 4.819128e-09
22575.00 4.815748e-09
22580.00 4.812369e-09
22585.00 4.808991e-09
22590.00 4.805620e-09
22595.00 4.802230e-09
22600.00 4.798859e-09
22605.00 4.795488e-09
22610.00 4.792137e-09
22615.00 4.788760e-09
22620.00 4.785410e-09
22625.00 4.782035e-09
22630.00 4.778684e-09
22635.00 4.775327e-09
22640.00 4.771974e-09
22645.00 4.768627e-09
22650.00 4.765266e-09
22655.00 4.761925e-09
22660.00 4.758585e-09
22665.00 4.755242e-09
22670.00 4.751898e-09
22675.00 4.748564e-09
22680.00 4.745230e-09
22685.00 4.741901e-09
22690.00 4.738573e-09
22695.00 4.735246e-09
22700.00 4.731919e-09
22705.00 4.728590e-09
22710.00 4.725269e-09
22715.00 4.721947e-09
22720.00 4.718637e-09
22725.00 4.715325e-09
22730.00 4.712012e-09
22735.00 4.708701e-09
22740.00 4.705383e-09
22745.00 4.702084e-09
22750.00 4.698778e-09
22755.00 4.695484e-09
22760.00 4.692191e-09
22765.00 4.688898e-09
22770.00 4.685596e-09
22775.00 4.682301e-09
22780.00 4.679012e-09
22785.00 4.675725e-09
22790.00 4.672444e-09
22795.00 4.669157e-09
22800.00 4.665890e-09
22805.00 4.662608e-09
22810.00 4.659324e-09
22815.00 4.656060e-09
22820.00 4.652785e-09
22825.00 4.649528e-09
22830.00 4.646255e-09
22835.00 4.642991e-09
22840.00 4.639721e-09
22845.00 4.636466e-09
22850.00 4.633214e-09
22855.00 4.629963e-09
22860.00 4.626711e-09
22865.00 4.623459e-09
22870.00 4.620207e-09
22875.00 4.616955e-09
22880.00 4.613719e-09
22885.00 4.610476e-09
22890.00 4.607242e-09
22895.00 4.604004e-09
22900.00 4.600774e-09
22905.00 4.597537e-09
22910.00 4.594310e-09
22915.00 4.591080e-09
22920.00 4.587850e-09
22925.00 4.584639e-09
22930.00 4.581411e-09
22935.00 4.578192e-09
22940.00 4.574980e-09
22945.00 4.571768e-09
22950.00 4.568557e-09
22955.00 4.565355e-09
22960.00 4.562132e-09
22965.00 4.558928e-09
22970.00 4.555724e-09
22975.00 4.552540e-09
22980.00 4.549332e-09
22985.00 4.546136e-09
22990.00 4.542942e-09
22995.00 4.539749e-09
23000.00 4.536575e-09
23005.00 4.533380e-09
23010.00 4.530192e-09
23015.00 4.527014e-09
23020.00 4.523826e-09
23025.00 4.520654e-09
23030.00 4.517485e-09
23035.00 4.514308e-09
23040.00 4.511143e-09
23045.00 4.507967e-09
23050.00 4.504801e-09
23055.00 4.501634e-09
23060.00 4.498474e-09
23065.00 4.495317e-09
23070.00 4.492156e-09
23075.00 4.489005e-09
23080.00 4.485850e-09
23085.00 4.482706e-09
23090.00 4.479545e-09
23095.00 4.476409e-09
23100.00 4.473266e-09
23105.00 4.470122e-09
23110.00 4.466981e-09
23115.00 4.463842e-09
23120.00 4.460718e-09
23125.00 4.457574e-09
23130.00 4.454443e-09
23135.00 4.451318e-09
23140.00 4.448189e-09
23145.00 4.445071e-09
23150.00 4.441947e-09
23155.00 4.438828e-09
23160.00 4.435713e-09
23165.00 4.432597e-09
23170.00 4.429480e-09
23175.00 4.426365e-09
23180.00 4.423264e-09
23185.00 4.420150e-09
23190.00 4.417056e-09
23195.00 4.413955e-09
23200.00 4.410849e-09
23205.00 4.407750e-09
23210.00 4.404653e-09
23215.00 4.401567e-09
23220.00 4.398484e-09
23225.00 4.395386e-09
23230.00 4.392295e-09
23235.00 4.389213e-09
23240.00 4.386135e-09
23245.00 4.383056e-09
23250.00 4.379971e-09
23255.00 4.376906e-09
23260.00 4.373838e-09
23265.00 4.370753e-09
23270.00 4.367686e-09
23275.00 4.364619e-09
23280.00 4.361570e-09
23285.00 4.358502e-09
23290.00 4.355443e-09
23295.00 4.352377e-09
23300.00 4.349320e-09
23305.00 4.346270e-09
23310.00 4.343226e-09
23315.00 4.340167e-09
23320.00 4.337126e-09
23325.00 4.334076e-09
23330.00 4.331041e-09
23335.00 4.327999e-09
23340.00 4.324956e-09
23345.00 4.321922e-09
23350.00 4.318896e-09
23355.00 4.315861e-09
23360.00 4.312835e-09
23365.00 4.309809e-09
23370.00 4.306785e-09
23375.00 4.303760e-09
23380.00 4.300735e-09
23385.00 4.297714e-09
23390.00 4.294703e-09
23395.00 4.291686e-09
23400.00 4.288685e-09
23405.00 4.285664e-09
23410.00 4.282655e-09
23415.00 4.279654e-09
23420.00 4.276650e-09
23425.00 4.273654e-09
23430.00 4.270652e-09
23435.00 4.267656e-09
23440.00 4.264663e-09
23445.00 4.261677e-09
23450.00 4.258684e-09
23455.00 4.255691e-09
23460.00 4.252700e-09
23465.00 4.249726e-09
23470.00 4.246744e-09
23475.00 4.243757e-09
23480.00 4.240779e-09
23485.00 4.237817e-09
23490.00 4.234839e-09
23495.00 4.231860e-09
23500.00 4.228897e-09
23505.00 4.225926e-09
23510.00 4.222971e-09
23515.00 4.220009e-09
23520.00 4.217044e-09
23525.00 4.214088e-09
23530.00 4.211134e-09
23535.00 4.208172e-09
23540.00 4.205230e-09
23545.00 4.202278e-09
23550.00 4.199328e-09
23555.00 4.196387e-09
23560.00 4.193444e-09
23565.00 4.190504e-09
23570.00 4.187570e-09
23575.00 4.184630e-09
23580.00 4.181690e-09
23585.00 4.178766e-09
23590.00 4.175832e-09
23595.00 4.172907e-09
23600.00 4.169974e-09
23605.00 4.167057e-09
23610.00 4.164135e-09
23615.00 4.161217e-09
23620.00 4.158299e-09
23625.00 4.155383e-09
23630.00 4.152468e-09
23635.00 4.149557e-09
23640.00 4.146654e-09
23645.00 4.143744e-09
23650.00 4.140834e-09
23655.00 4.137942e-09
23660.00 4.135039e-09
23665.00 4.132145e-09
23670.00 4.129244e-09
23675.00 4.126352e-09
23680.00 4.123461e-09
23685.00 4.120572e-09
23690.00 4.117688e-09
23695.00 4.114804e-09
23700.00 4.111921e-09
23705.00 4.109034e-09
23710.00 4.106153e-09
23715.00 4.103281e-09
23720.00 4.100402e-09
23725.00 4.097531e-09
23730.00 4.094658e-09
23735.00 4.091788e-09
23740.00 4.088927e-09
23745.00 4.086065e-09
23750.00 4.083204e-09
23755.00 4.080338e-09
23760.00 4.077485e-09
23765.00 4.074635e-09
23770.00 4.071776e-09
23775.00 4.068924e-09
23780.00 4.066077e-09
23785.00 4.063223e-09
23790.00 4.060379e-09
23795.00 4.057542e-09
23800.00 4.054697e-09
23805.00 4.051859e-09
23810.00 4.049022e-09
23815.00 4.046185e-09
23820.00 4.043356e-09
23825.00 4.040531e-09
23830.00 4.037700e-09
23835.00 4.034870e-09
23840.00 4.032041e-09
23845.00 4.029228e-09
23850.00 4.026404e-09
23855.00 4.023589e-09
23860.00 4.020766e-09
23865.00 4.017960e-09
23870.00 4.015147e-09
23875.00 4.012330e-09
23880.00 4.009530e-09
23885.00 4.006723e-09
23890.00 4.003917e-09
23895.00 4.001118e-09
23900.00 3.998317e-09
23905.00 3.995519e-09
23910.00 3.992726e-09
23915.00 3.989929e-09
23920.00 3.987137e-09
23925.00 3.984345e-09
23930.00 3.981567e-09
23935.00 3.978776e-09
23940.00 3.976000e-09
23945.00 3.973213e-09
23950.00 3.970434e-09
23955.00 3.967661e-09
23960.00 3.964891e-09
23965.00 3.962111e-09
23970.00 3.959344e-09
23975.00 3.956576e-09
23980.00 3.953810e-09
23985.00 3.951046e-09
23990.00 3.948287e-09
23995.00 3.945519e-09
24000.00 3.942765e-09
24005.00 3.940011e-09
24010.00 3.937260e-09
24015.00 3.934506e-09
24020.00 3.931763e-09
24025.00 3.929008e-09
24030.00 3.926261e-09
24035.00 3.923514e-09
24040.00 3.920776e-09
24045.00 3.918043e-09
24050.00 3.915296e-09
24055.00 3.912564e-09
24060.00 3.909832e-09
24065.00 3.907106e-09
24070.00 3.904374e-09
24075.00 3.901642e-09
24080.00 3.898924e-09
24085.00 3.896194e-09
24090.00 3.893480e-09
24095.00 3.890762e-09
24100.00 3.888037e-09
24105.00 3.885321e-09
24110.00 3.882618e-09
24115.00 3.879899e-09
24120.00 3.877200e-09
24125.00 3.874482e-09
24130.00 3.871786e-09
24135.00 3.869080e-09
24140.00 3.866379e-09
24145.00 3.863677e-09
24150.00 3.860991e-09
24155.00 3.858291e-09
24160.00 3.855602e-09
24165.00 3.852906e-09
24170.00 3.850213e-09
24175.00 3.847534e-09
24180.00 3.844844e-09
24185.00 3.842164e-09
24190.00 3.839485e-09
24195.00 3.836799e-09
24200.00 3.834122e-09
24205.00 3.831455e-09
24210.00 3.828782e-09
24215.00 3.826111e-09
24220.00 3.823448e-09
24225.00 3.820771e-09
24230.00 3.818110e-09
24235.00 3.815446e-09
24240.00 3.812786e-09
24245.00 3.810132e-09
24250.00 3.807473e-09
24255.00 3.804819e-09
24260.00 3.802171e-09
24265.00 3.799514e-09
24270.00 3.796865e-09
24275.00 3.794225e-09
24280.00 3.791575e-09
24285.00 3.788938e-09
24290.00 3.786289e-09
24295.00 3.783661e-09
24300.00 3.781021e-09
24305.00 3.778391e-09
24310.00 3.775755e-09
24315.00 3.773125e-09
24320.00 3.770503e-09
24325.00 3.767867e-09
24330.00 3.765241e-09
24335.00 3.762625e-09
24340.00 3.760006e-09
24345.00 3.757381e-09
24350.00 3.754770e-09
24355.00 3.752158e-09
24360.00 3.749544e-09
24365.00 3.746940e-09
24370.00 3.744328e-09
24375.00 3.741718e-09
24380.00 3.739118e-09
24385.00 3.736511e-09
24390.00 3.733911e-09
24395.00 3.731312e-09
24400.00 3.728719e-09
24405.00 3.726122e-09
24410.00 3.723531e-09
24415.00 3.720940e-09
24420.00 3.718350e-09
24425.00 3.715760e-09
24430.00 3.713179e-09
24435.00 3.710594e-09
24440.00 3.708011e-09
24445.00 3.705438e-09
24450.00 3.702862e-09
24455.00 3.700285e-09
24460.00 3.697708e-09
24465.00 3.695141e-09
24470.00 3.692576e-09
24475.00 3.690004e-09
24480.00 3.687443e-09
24485.00 3.684878e-09
24490.00 3.682317e-09
24495.00 3.679758e-09
24500.00 3.677201e-09
24505.00 3.674649e-09
24510.00 3.672091e-09
24515.00 3.669543e-09
24520.00 3.666988e-09
24525.00 3.664442e-09
24530.00 3.661902e-09
24535.00 3.659356e-09
24540.00 3.656812e-09
24545.00 3.654271e-09
24550.00 3.651739e-09
24555.00 3.649202e-09
24560.00 3.646665e-09
24565.00 3.644129e-09
24570.00 3.641603e-09
24575.00 3.639079e-09
24580.00 3.636550e-09
24585.00 3.634022e-09
24590.00 3.631510e-09
24595.00 3.628989e-09
24600.00 3.626469e-09
24605.00 3.623950e-09
24610.00 3.621437e-09
24615.00 3.618919e-09
24620.00 3.616415e-09
24625.00 3.613906e-09
24630.00 3.611401e-09
24635.00 3.608901e-09
24640.00 3.606400e-09
24645.00 3.603898e-09
24650.00 3.601392e-09
24655.00 3.598898e-09
24660.00 3.596400e-09
24665.00 3.593907e-09
24670.00 3.591414e-09
24675.00 3.588928e-09
24680.00 3.586435e-09
24685.00 3.583958e-09
24690.00 3.581475e-09
24695.00 3.578991e-09
24700.00 3.576509e-09
24705.00 3.574034e-09
24710.00 3.571562e-09
24715.00 3.569084e-09
24720.00 3.566613e-09
24725.00 3.564142e-09
24730.00 3.561674e-09
24735.00 3.559210e-09
24740.00 3.556749e-09
24745.00 3.554289e-09
24750.00 3.551820e-09
24755.00 3.549365e-09
24760.00 3.546906e-09
24765.00 3.544448e-09
24770.00 3.541998e-09
24775.00 3.539553e-09
24780.00 3.537096e-09
24785.00 3.534650e-09
24790.00 3.532205e-09
24795.00 3.529760e-09
24800.00 3.527317e-09
24805.00 3.524880e-09
24810.00 3.522447e-09
24815.00 3.520002e-09
24820.00 3.517578e-09
24825.00 3.515141e-09
24830.00 3.512712e-09
24835.00 3.510290e-09
24840.00 3.507862e-09
24845.00 3.505436e-09
24850.00 3.503015e-09
24855.00 3.500592e-09
24860.00 3.498175e-09
24865.00 3.495756e-09
24870.00 3.493342e-09
24875.00 3.490930e-09
24880.00 3.488516e-09
24885.00 3.486107e-09
24890.00 3.483703e-09
24895.00 3.481295e-09
24900.00 3.478892e-09
24905.00 3.476492e-09
24910.00 3.474086e-09
24915.00 3.471693e-09
24920.00 3.469300e-09
24925.00 3.466901e-09
24930.00 3.464512e-09
24935.00 3.462119e-09
24940.00 3.459737e-09
24945.00 3.457346e-09
24950.00 3.454964e-09
24955.00 3.452577e-09
24960.00 3.450203e-09
24965.00 3.447818e-09
24970.00 3.445447e-09
24975.00 3.443068e-09
24980.00 3.440692e-09
24985.00 3.438316e-09
24990.00 3.435944e-09
24995.00 3.004597e-09
25000.00 4.291112e-10
