# Star: M0V: Pickles (1998) UVK stellar library, STScI CDBS. M0V main-sequence star.
# wavelength[A] f_lambda[relative]
1150.00 0.000000e+00
1155.00 0.000000e+00
1160.00 0.000000e+00
1165.00 0.000000e+00
1170.00 0.000000e+00
1175.00 0.000000e+00
1180.00 0.000000e+00
1185.00 0.000000e+00
1190.00 0.000000e+00
1195.00 0.000000e+00
1200.00 0.000000e+00
1205.00 0.000000e+00
1210.00 0.000000e+00
1215.00 0.000000e+00
1220.00 0.000000e+00
1225.00 0.000000e+00
1230.00 0.000000e+00
1235.00 0.000000e+00
1240.00 0.000000e+00
1245.00 0.000000e+00
1250.00 0.000000e+00
1255.00 0.000000e+00
1260.00 0.000000e+00
1265.00 0.000000e+00
1270.00 0.000000e+00
1275.00 0.000000e+00
1280.00 0.000000e+00
1285.00 0.000000e+00
1290.00 0.000000e+00
1295.00 0.000000e+00
1300.00 0.000000e+00
1305.00 0.000000e+00
1310.00 0.000000e+00
1315.00 0.000000e+00
1320.00 0.000000e+00
1325.00 0.000000e+00
1330.00 0.000000e+00
1335.00 0.000000e+00
1340.00 0.000000e+00
1345.00 0.000000e+00
1350.00 0.000000e+00
1355.00 0.000000e+00
1360.00 0.000000e+00
1365.00 0.000000e+00
1370.00 0.000000e+00
1375.00 0.000000e+00
1380.00 0.000000e+00
1385.00 0.000000e+00
1390.00 0.000000e+00
1395.00 0.000000e+00
1400.00 0.000000e+00
1405.00 0.000000e+00
1410.00 0.000000e+00
1415.00 0.000000e+00
1420.00 0.000000e+00
1425.00 0.000000e+00
1430.00 0.000000e+00
1435.00 0.000000e+00
1440.00 0.000000e+00
1445.00 0.000000e+00
1450.00 0.000000e+00
1455.00 0.000000e+00
1460.00 0.000000e+00
1465.00 0.000000e+00
1470.00 0.000000e+00
1475.00 0.000000e+00
1480.00 0.000000e+00
1485.00 0.000000e+00
1490.00 0.000000e+00
1495.00 0.000000e+00
1500.00 0.000000e+00
1505.00 0.000000e+00
1510.00 0.000000e+00
1515.00 0.000000e+00
1520.00 0.000000e+00
1525.00 0.000000e+00
1530.00 0.000000e+00
1535.00 0.000000e+00
1540.00 0.000000e+00
1545.00 0.000000e+00
1550.00 0.000000e+00
1555.00 0.000000e+00
1560.00 0.000000e+00
1565.00 0.000000e+00
1570.00 0.000000e+00
1575.00 0.000000e+00
1580.00 0.000000e+00
1585.00 0.000000e+00
1590.00 0.000000e+00
1595.00 0.000000e+00
1600.00 0.000000e+00
1605.00 0.000000e+00
1610.00 0.000000e+00
1615.00 0.000000e+00
1620.00 0.000000e+00
1625.00 0.000000e+00
1630.00 0.000000e+00
1635.00 0.000000e+00
1640.00 0.000000e+00
1645.00 0.000000e+00
1650.00 0.000000e+00
1655.00 0.000000e+00
1660.00 0.000000e+00
1665.00 0.000000e+00
1670.00 0.000000e+00
1675.00 0.000000e+00
1680.00 0.000000e+00
1685.00 0.000000e+00
1690.00 0.000000e+00
1695.00 0.000000e+00
1700.00 0.000000e+00
1705.00 0.000000e+00
1710.00 0.000000e+00
1715.00 0.000000e+00
1720.00 0.000000e+00
1725.00 0.000000e+00
1730.00 0.000000e+00
1735.00 0.000000e+00
1740.00 0.000000e+00
1745.00 0.000000e+00
1750.00 0.000000e+00
1755.00 0.000000e+00
1760.00 0.000000e+00
1765.00 0.000000e+00
1770.00 0.000000e+00
1775.00 0.000000e+00
1780.00 0.000000e+00
1785.00 0.000000e+00
1790.00 0.000000e+00
1795.00 0.000000e+00
1800.00 0.000000e+00
1805.00 0.000000e+00
1810.00 0.000000e+00
1815.00 0.000000e+00
1820.00 0.000000e+00
1825.00 0.000000e+00
1830.00 0.000000e+00
1835.00 0.000000e+00
1840.00 0.000000e+00
1845.00 0.000000e+00
1850.00 0.000000e+00
1855.00 0.000000e+00
1860.00 0.000000e+00
1865.00 0.000000e+00
1870.00 0.000000e+00
1875.00 0.000000e+00
1880.00 0.000000e+00
1885.00 0.000000e+00
1890.00 0.000000e+00
1895.00 0.000000e+00
1900.00 0.000000e+00
1905.00 0.000000e+00
1910.00 0.000000e+00
1915.00 0.000000e+00
1920.00 0.000000e+00
1925.00 0.000000e+00
1930.00 0.000000e+00
1935.00 0.000000e+00
1940.00 0.000000e+00
1945.00 0.000000e+00
1950.00 0.000000e+00
1955.00 0.000000e+00
1960.00 0.000000e+00
1965.00 0.000000e+00
1970.00 0.000000e+00
1975.00 0.000000e+00
1980.00 0.000000e+00
1985.00 0.000000e+00
1990.00 0.000000e+00
1995.00 0.000000e+00
2000.00 0.000000e+00
2005.00 0.000000e+00
2010.00 0.000000e+00
2015.00 0.000000e+00
2020.00 0.000000e+00
2025.00 0.000000e+00
2030.00 0.000000e+00
2035.00 0.000000e+00
2040.00 0.000000e+00
2045.00 0.000000e+00
2050.00 0.000000e+00
2055.00 0.000000e+00
2060.00 0.000000e+00
2065.00 0.000000e+00
2070.00 0.000000e+00
2075.00 0.000000e+00
2080.00 0.000000e+00
2085.00 0.000000e+00
2090.00 0.000000e+00
2095.00 0.000000e+00
2100.00 0.000000e+00
2105.00 0.000000e+00
2110.00 0.000000e+00
2115.00 0.000000e+00
2120.00 0.000000e+00
2125.00 0.000000e+00
2130.00 0.000000e+00
2135.00 0.000000e+00
2140.00 0.000000e+00
2145.00 0.000000e+00
2150.00 0.000000e+00
2155.00 0.000000e+00
2160.00 0.000000e+00
2165.00 0.000000e+00
2170.00 0.000000e+00
2175.00 0.000000e+00
2180.00 0.000000e+00
2185.00 0.000000e+00
2190.00 0.000000e+00
2195.00 0.000000e+00
2200.00 0.000000e+00
2205.00 0.000000e+00
2210.00 0.000000e+00
2215.00 0.000000e+00
2220.00 0.000000e+00
2225.00 0.000000e+00
2230.00 0.000000e+00
2235.00 0.000000e+00
2240.00 0.000000e+00
2245.00 0.000000e+00
2250.00 0.000000e+00
2255.00 0.000000e+00
2260.00 0.000000e+00
2265.00 0.000000e+00
2270.00 0.000000e+00
2275.00 0.000000e+00
2280.00 0.000000e+00
2285.00 0.000000e+00
2290.00 0.000000e+00
2295.00 0.000000e+00
2300.00 0.000000e+00
2305.00 0.000000e+00
2310.00 0.000000e+00
2315.00 0.000000e+00
2320.00 0.000000e+00
2325.00 0.000000e+00
2330.00 0.000000e+00
2335.00 0.000000e+00
2340.00 0.000000e+00
2345.00 0.000000e+00
2350.00 0.000000e+00
2355.00 0.000000e+00
2360.00 0.000000e+00
2365.00 0.000000e+00
2370.00 0.000000e+00
2375.00 0.000000e+00
2380.00 0.000000e+00
2385.00 0.000000e+00
2390.00 0.000000e+00
2395.00 0.000000e+00
2400.00 0.000000e+00
2405.00 0.000000e+00
2410.00 0.000000e+00
2415.00 0.000000e+00
2420.00 0.000000e+00
2425.00 0.000000e+00
2430.00 0.000000e+00
2435.00 0.000000e+00
2440.00 0.000000e+00
2445.00 0.000000e+00
2450.00 0.000000e+00
2455.00 0.000000e+00
2460.00 0.000000e+00
2465.00 0.000000e+00
2470.00 0.000000e+00
2475.00 0.000000e+00
2480.00 0.000000e+00
2485.00 0.000000e+00
2490.00 0.000000e+00
2495.00 0.000000e+00
2500.00 0.000000e+00
2505.00 0.000000e+00
2510.00 0.000000e+00
2515.00 0.000000e+00
2520.00 0.000000e+00
2525.00 0.000000e+00
2530.00 0.000000e+00
2535.00 0.000000e+00
2540.00 0.000000e+00
2545.00 0.000000e+00
2550.00 0.000000e+00
2555.00 0.000000e+00
2560.00 4.935566e-16
2565.00 3.449122e-15
2570.00 3.940757e-15
2575.00 3.940758e-15
2580.00 3.940759e-15
2585.00 3.940754e-15
2590.00 3.447212e-15
2595.00 4.916458e-16
2600.00 0.000000e+00
2605.00 0.000000e+00
2610.00 0.000000e+00
2615.00 0.000000e+00
2620.00 0.000000e+00
2625.00 0.000000e+00
2630.00 0.000000e+00
2635.00 0.000000e+00
2640.00 0.000000e+00
2645.00 0.000000e+00
2650.00 9.870466e-16
2655.00 8.378739e-15
2660.00 1.921579e-14
2665.00 2.758898e-14
2670.00 3.547050e-14
2675.00 4.285847e-14
2680.00 4.630386e-14
2685.00 4.285296e-14
2690.00 3.496961e-14
2695.00 2.215850e-14
2700.00 2.950094e-15
2705.00 0.000000e+00
2710.00 0.000000e+00
2715.00 0.000000e+00
2720.00 0.000000e+00
2725.00 0.000000e+00
2730.00 0.000000e+00
2735.00 0.000000e+00
2740.00 0.000000e+00
2745.00 0.000000e+00
2750.00 1.431120e-14
2755.00 1.168012e-13
2760.00 2.488217e-13
2765.00 3.842824e-13
2770.00 5.039709e-13
2775.00 5.896648e-13
2780.00 6.300323e-13
2785.00 6.048773e-13
2790.00 5.004091e-13
2795.00 3.003681e-13
2800.00 3.933717e-14
2805.00 0.000000e+00
2810.00 0.000000e+00
2815.00 0.000000e+00
2820.00 0.000000e+00
2825.00 0.000000e+00
2830.00 0.000000e+00
2835.00 0.000000e+00
2840.00 0.000000e+00
2845.00 0.000000e+00
2850.00 2.042917e-13
2855.00 1.681533e-12
2860.00 3.695902e-12
2865.00 6.013667e-12
2870.00 8.543214e-12
2875.00 1.118847e-11
2880.00 1.386078e-11
2885.00 1.646953e-11
2890.00 1.892058e-11
2895.00 2.111988e-11
2900.00 2.297977e-11
2905.00 2.444454e-11
2910.00 2.553106e-11
2915.00 2.629002e-11
2920.00 2.677363e-11
2925.00 2.703612e-11
2930.00 2.712965e-11
2935.00 2.710842e-11
2940.00 2.702417e-11
2945.00 2.692912e-11
2950.00 2.687888e-11
2955.00 2.691097e-11
2960.00 2.703266e-11
2965.00 2.724106e-11
2970.00 2.753173e-11
2975.00 2.789827e-11
2980.00 2.833818e-11
2985.00 2.884309e-11
2990.00 2.941259e-11
2995.00 3.003572e-11
3000.00 3.071309e-11
3005.00 3.144309e-11
3010.00 3.223276e-11
3015.00 3.309384e-11
3020.00 3.404113e-11
3025.00 3.508746e-11
3030.00 3.624656e-11
3035.00 3.752641e-11
3040.00 3.894565e-11
3045.00 4.051261e-11
3050.00 4.224367e-11
3055.00 4.414713e-11
3060.00 4.622451e-11
3065.00 4.847819e-11
3070.00 5.090569e-11
3075.00 5.350676e-11
3080.00 5.628108e-11
3085.00 5.922885e-11
3090.00 6.235046e-11
3095.00 6.564740e-11
3100.00 6.911343e-11
3105.00 7.275860e-11
3110.00 7.658671e-11
3115.00 8.060834e-11
3120.00 8.483781e-11
3125.00 8.928466e-11
3130.00 9.396037e-11
3135.00 9.887908e-11
3140.00 1.040480e-10
3145.00 1.094827e-10
3150.00 1.151872e-10
3155.00 1.302326e-10
3160.00 1.904636e-10
3165.00 2.029903e-10
3170.00 2.046589e-10
3175.00 2.031785e-10
3180.00 1.963512e-10
3185.00 1.844272e-10
3190.00 1.742971e-10
3195.00 1.728247e-10
3200.00 1.806236e-10
3205.00 1.790315e-10
3210.00 1.846874e-10
3215.00 2.038975e-10
3220.00 2.083151e-10
3225.00 1.727924e-10
3230.00 1.148937e-10
3235.00 6.931142e-11
3240.00 7.067054e-11
3245.00 1.311134e-10
3250.00 2.057948e-10
3255.00 2.465618e-10
3260.00 2.532373e-10
3265.00 2.446928e-10
3270.00 2.403037e-10
3275.00 2.518191e-10
3280.00 2.721084e-10
3285.00 2.892475e-10
3290.00 2.972107e-10
3295.00 2.925583e-10
3300.00 2.731686e-10
3305.00 2.467750e-10
3310.00 2.442131e-10
3315.00 2.822863e-10
3320.00 3.196029e-10
3325.00 3.183294e-10
3330.00 3.072543e-10
3335.00 3.216652e-10
3340.00 3.462792e-10
3345.00 3.532191e-10
3350.00 3.346515e-10
3355.00 2.991521e-10
3360.00 2.757505e-10
3365.00 2.845960e-10
3370.00 3.038010e-10
3375.00 3.102145e-10
3380.00 3.187239e-10
3385.00 3.467492e-10
3390.00 3.795132e-10
3395.00 3.960068e-10
3400.00 3.925323e-10
3405.00 3.767659e-10
3410.00 3.672839e-10
3415.00 3.751662e-10
3420.00 3.823401e-10
3425.00 3.714739e-10
3430.00 3.556252e-10
3435.00 3.489638e-10
3440.00 3.385814e-10
3445.00 3.147489e-10
3450.00 3.026834e-10
3455.00 3.228025e-10
3460.00 3.483567e-10
3465.00 3.514885e-10
3470.00 3.483683e-10
3475.00 3.582555e-10
3480.00 3.644794e-10
3485.00 3.521754e-10
3490.00 3.471678e-10
3495.00 3.735092e-10
3500.00 4.093353e-10
3505.00 4.243954e-10
3510.00 4.140036e-10
3515.00 3.904584e-10
3520.00 3.828719e-10
3525.00 4.111998e-10
3530.00 4.557650e-10
3535.00 4.894822e-10
3540.00 5.052968e-10
3545.00 5.021875e-10
3550.00 4.746861e-10
3555.00 4.235495e-10
3560.00 3.706128e-10
3565.00 3.362414e-10
3570.00 3.161522e-10
3575.00 3.018434e-10
3580.00 2.982469e-10
3585.00 3.095332e-10
3590.00 3.239732e-10
3595.00 3.288360e-10
3600.00 3.253348e-10
3605.00 3.221595e-10
3610.00 3.325168e-10
3615.00 3.612869e-10
3620.00 3.880538e-10
3625.00 3.936328e-10
3630.00 3.872088e-10
3635.00 3.852839e-10
3640.00 3.948341e-10
3645.00 4.194331e-10
3650.00 4.629315e-10
3655.00 5.181132e-10
3660.00 5.492088e-10
3665.00 5.285870e-10
3670.00 4.786110e-10
3675.00 4.357116e-10
3680.00 4.219340e-10
3685.00 4.408566e-10
3690.00 4.639441e-10
3695.00 4.637566e-10
3700.00 4.467691e-10
3705.00 4.278985e-10
3710.00 4.098938e-10
3715.00 3.916950e-10
3720.00 3.751371e-10
3725.00 3.600637e-10
3730.00 3.386308e-10
3735.00 3.105040e-10
3740.00 3.013788e-10
3745.00 3.273455e-10
3750.00 3.548430e-10
3755.00 3.560026e-10
3760.00 3.663022e-10
3765.00 4.205203e-10
3770.00 4.877515e-10
3775.00 5.252767e-10
3780.00 5.270963e-10
3785.00 5.059634e-10
3790.00 4.848638e-10
3795.00 4.805886e-10
3800.00 4.847207e-10
3805.00 4.811653e-10
3810.00 4.594029e-10
3815.00 4.183140e-10
3820.00 3.752567e-10
3825.00 3.513156e-10
3830.00 3.584766e-10
3835.00 3.962895e-10
3840.00 4.411828e-10
3845.00 4.666930e-10
3850.00 4.625810e-10
3855.00 4.368619e-10
3860.00 4.266633e-10
3865.00 4.506980e-10
3870.00 4.540562e-10
3875.00 3.969965e-10
3880.00 3.507298e-10
3885.00 3.848528e-10
3890.00 4.535793e-10
3895.00 4.927790e-10
3900.00 5.073165e-10
3905.00 5.180313e-10
3910.00 5.163497e-10
3915.00 4.923021e-10
3920.00 4.636474e-10
3925.00 4.517804e-10
3930.00 4.587437e-10
3935.00 4.764845e-10
3940.00 4.909378e-10
3945.00 4.925729e-10
3950.00 4.892982e-10
3955.00 4.951189e-10
3960.00 5.220775e-10
3965.00 5.740641e-10
3970.00 6.362898e-10
3975.00 6.937272e-10
3980.00 7.487833e-10
3985.00 8.060567e-10
3990.00 8.582619e-10
3995.00 8.969412e-10
4000.00 9.232160e-10
4005.00 9.437090e-10
4010.00 9.689141e-10
4015.00 1.002006e-09
4020.00 1.023797e-09
4025.00 1.015084e-09
4030.00 9.800087e-10
4035.00 9.409937e-10
4040.00 9.422896e-10
4045.00 1.005247e-09
4050.00 1.071755e-09
4055.00 1.084785e-09
4060.00 1.068984e-09
4065.00 1.067020e-09
4070.00 1.085765e-09
4075.00 1.120942e-09
4080.00 1.175546e-09
4085.00 1.239722e-09
4090.00 1.263755e-09
4095.00 1.216929e-09
4100.00 1.156937e-09
4105.00 1.146432e-09
4110.00 1.172561e-09
4115.00 1.203206e-09
4120.00 1.232409e-09
4125.00 1.257690e-09
4130.00 1.258724e-09
4135.00 1.226788e-09
4140.00 1.201125e-09
4145.00 1.217046e-09
4150.00 1.251798e-09
4155.00 1.271086e-09
4160.00 1.269594e-09
4165.00 1.255057e-09
4170.00 1.238832e-09
4175.00 1.230017e-09
4180.00 1.229105e-09
4185.00 1.231857e-09
4190.00 1.230703e-09
4195.00 1.223781e-09
4200.00 1.225134e-09
4205.00 1.230665e-09
4210.00 1.176063e-09
4215.00 1.019164e-09
4220.00 8.363824e-10
4225.00 7.311910e-10
4230.00 7.547408e-10
4235.00 8.949091e-10
4240.00 1.032243e-09
4245.00 1.068822e-09
4250.00 1.065654e-09
4255.00 1.104620e-09
4260.00 1.162452e-09
4265.00 1.188600e-09
4270.00 1.171524e-09
4275.00 1.127807e-09
4280.00 1.103615e-09
4285.00 1.127180e-09
4290.00 1.154133e-09
4295.00 1.147266e-09
4300.00 1.158959e-09
4305.00 1.243988e-09
4310.00 1.371900e-09
4315.00 1.486380e-09
4320.00 1.552458e-09
4325.00 1.567226e-09
4330.00 1.585712e-09
4335.00 1.648209e-09
4340.00 1.702220e-09
4345.00 1.697134e-09
4350.00 1.679242e-09
4355.00 1.702145e-09
4360.00 1.739600e-09
4365.00 1.743113e-09
4370.00 1.690862e-09
4375.00 1.600459e-09
4380.00 1.560049e-09
4385.00 1.626811e-09
4390.00 1.710688e-09
4395.00 1.719407e-09
4400.00 1.701245e-09
4405.00 1.727008e-09
4410.00 1.782597e-09
4415.00 1.825634e-09
4420.00 1.830651e-09
4425.00 1.805451e-09
4430.00 1.821361e-09
4435.00 1.917726e-09
4440.00 1.991864e-09
4445.00 1.953176e-09
4450.00 1.884435e-09
4455.00 1.900769e-09
4460.00 2.023377e-09
4465.00 2.213673e-09
4470.00 2.377131e-09
4475.00 2.443768e-09
4480.00 2.459001e-09
4485.00 2.485245e-09
4490.00 2.515368e-09
4495.00 2.532785e-09
4500.00 2.566325e-09
4505.00 2.632365e-09
4510.00 2.668501e-09
4515.00 2.611637e-09
4520.00 2.478458e-09
4525.00 2.326800e-09
4530.00 2.239295e-09
4535.00 2.274753e-09
4540.00 2.406489e-09
4545.00 2.578856e-09
4550.00 2.745108e-09
4555.00 2.870129e-09
4560.00 2.939004e-09
4565.00 2.954337e-09
4570.00 2.945256e-09
4575.00 2.940295e-09
4580.00 2.940916e-09
4585.00 2.941493e-09
4590.00 2.945574e-09
4595.00 2.964076e-09
4600.00 3.015198e-09
4605.00 3.097691e-09
4610.00 3.154706e-09
4615.00 3.145086e-09
4620.00 3.121762e-09
4625.00 3.135716e-09
4630.00 3.140004e-09
4635.00 3.084617e-09
4640.00 3.010647e-09
4645.00 2.973742e-09
4650.00 2.973799e-09
4655.00 2.988453e-09
4660.00 2.995670e-09
4665.00 2.984274e-09
4670.00 2.969255e-09
4675.00 2.971031e-09
4680.00 2.997054e-09
4685.00 3.036059e-09
4690.00 3.043408e-09
4695.00 2.993298e-09
4700.00 2.940587e-09
4705.00 2.942425e-09
4710.00 2.980867e-09
4715.00 3.014599e-09
4720.00 3.018663e-09
4725.00 2.986553e-09
4730.00 2.941424e-09
4735.00 2.909518e-09
4740.00 2.895465e-09
4745.00 2.883345e-09
4750.00 2.827610e-09
4755.00 2.699825e-09
4760.00 2.545029e-09
4765.00 2.422064e-09
4770.00 2.351835e-09
4775.00 2.335724e-09
4780.00 2.363381e-09
4785.00 2.423636e-09
4790.00 2.512717e-09
4795.00 2.624258e-09
4800.00 2.737186e-09
4805.00 2.824946e-09
4810.00 2.862587e-09
4815.00 2.839269e-09
4820.00 2.779820e-09
4825.00 2.719817e-09
4830.00 2.687642e-09
4835.00 2.701303e-09
4840.00 2.758212e-09
4845.00 2.837010e-09
4850.00 2.888611e-09
4855.00 2.878092e-09
4860.00 2.834166e-09
4865.00 2.794563e-09
4870.00 2.757812e-09
4875.00 2.716664e-09
4880.00 2.689634e-09
4885.00 2.700628e-09
4890.00 2.758958e-09
4895.00 2.849354e-09
4900.00 2.909705e-09
4905.00 2.897837e-09
4910.00 2.868416e-09
4915.00 2.884442e-09
4920.00 2.933560e-09
4925.00 2.982264e-09
4930.00 3.019066e-09
4935.00 3.041172e-09
4940.00 3.043887e-09
4945.00 3.018104e-09
4950.00 2.948375e-09
4955.00 2.842198e-09
4960.00 2.770492e-09
4965.00 2.782711e-09
4970.00 2.810487e-09
4975.00 2.776678e-09
4980.00 2.700010e-09
4985.00 2.629160e-09
4990.00 2.591223e-09
4995.00 2.585365e-09
5000.00 2.564479e-09
5005.00 2.499438e-09
5010.00 2.451011e-09
5015.00 2.475896e-09
5020.00 2.530564e-09
5025.00 2.554156e-09
5030.00 2.543038e-09
5035.00 2.517690e-09
5040.00 2.501204e-09
5045.00 2.504666e-09
5050.00 2.507470e-09
5055.00 2.486791e-09
5060.00 2.445412e-09
5065.00 2.395802e-09
5070.00 2.349617e-09
5075.00 2.316642e-09
5080.00 2.302905e-09
5085.00 2.306828e-09
5090.00 2.310819e-09
5095.00 2.298036e-09
5100.00 2.269857e-09
5105.00 2.236821e-09
5110.00 2.214324e-09
5115.00 2.208931e-09
5120.00 2.201559e-09
5125.00 2.184559e-09
5130.00 2.202789e-09
5135.00 2.281272e-09
5140.00 2.343209e-09
5145.00 2.321624e-09
5150.00 2.275181e-09
5155.00 2.264148e-09
5160.00 2.228405e-09
5165.00 2.107659e-09
5170.00 1.964653e-09
5175.00 1.892659e-09
5180.00 1.935633e-09
5185.00 2.079821e-09
5190.00 2.215419e-09
5195.00 2.248780e-09
5200.00 2.223510e-09
5205.00 2.232775e-09
5210.00 2.356367e-09
5215.00 2.607363e-09
5220.00 2.845527e-09
5225.00 2.948866e-09
5230.00 2.991930e-09
5235.00 3.075301e-09
5240.00 3.168606e-09
5245.00 3.201519e-09
5250.00 3.137256e-09
5255.00 2.979194e-09
5260.00 2.799637e-09
5265.00 2.691601e-09
5270.00 2.730569e-09
5275.00 2.927129e-09
5280.00 3.143243e-09
5285.00 3.244908e-09
5290.00 3.256163e-09
5295.00 3.256105e-09
5300.00 3.304363e-09
5305.00 3.410084e-09
5310.00 3.477544e-09
5315.00 3.423711e-09
5320.00 3.301725e-09
5325.00 3.197674e-09
5330.00 3.145635e-09
5335.00 3.151805e-09
5340.00 3.204728e-09
5345.00 3.289815e-09
5350.00 3.398231e-09
5355.00 3.512139e-09
5360.00 3.585980e-09
5365.00 3.592865e-09
5370.00 3.581354e-09
5375.00 3.603548e-09
5380.00 3.644474e-09
5385.00 3.662862e-09
5390.00 3.619823e-09
5395.00 3.509309e-09
5400.00 3.406479e-09
5405.00 3.394505e-09
5410.00 3.493858e-09
5415.00 3.669211e-09
5420.00 3.806039e-09
5425.00 3.812837e-09
5430.00 3.735475e-09
5435.00 3.658839e-09
5440.00 3.630680e-09
5445.00 3.661555e-09
5450.00 3.706785e-09
5455.00 3.723980e-09
5460.00 3.729144e-09
5465.00 3.746161e-09
5470.00 3.761682e-09
5475.00 3.764951e-09
5480.00 3.789229e-09
5485.00 3.858590e-09
5490.00 3.928488e-09
5495.00 3.943126e-09
5500.00 3.888849e-09
5505.00 3.788739e-09
5510.00 3.717102e-09
5515.00 3.737342e-09
5520.00 3.833488e-09
5525.00 3.954652e-09
5530.00 4.040635e-09
5535.00 4.062318e-09
5540.00 4.076693e-09
5545.00 4.135589e-09
5550.00 4.193205e-09
5555.00 4.191008e-09
5560.00 4.136957e-09
5565.00 4.065129e-09
5570.00 4.007946e-09
5575.00 3.980378e-09
5580.00 3.955481e-09
5585.00 3.898855e-09
5590.00 3.800853e-09
5595.00 3.690383e-09
5600.00 3.667288e-09
5605.00 3.791426e-09
5610.00 3.950545e-09
5615.00 4.019771e-09
5620.00 4.014321e-09
5625.00 3.998208e-09
5630.00 4.017950e-09
5635.00 4.090249e-09
5640.00 4.176199e-09
5645.00 4.232561e-09
5650.00 4.258351e-09
5655.00 4.262414e-09
5660.00 4.237624e-09
5665.00 4.191079e-09
5670.00 4.181659e-09
5675.00 4.247521e-09
5680.00 4.322033e-09
5685.00 4.333665e-09
5690.00 4.302457e-09
5695.00 4.265899e-09
5700.00 4.215356e-09
5705.00 4.148281e-09
5710.00 4.124033e-09
5715.00 4.185162e-09
5720.00 4.268942e-09
5725.00 4.311016e-09
5730.00 4.347113e-09
5735.00 4.422682e-09
5740.00 4.506771e-09
5745.00 4.554924e-09
5750.00 4.566505e-09
5755.00 4.558974e-09
5760.00 4.551030e-09
5765.00 4.555692e-09
5770.00 4.571294e-09
5775.00 4.590452e-09
5780.00 4.605627e-09
5785.00 4.612914e-09
5790.00 4.617867e-09
5795.00 4.629681e-09
5800.00 4.645390e-09
5805.00 4.613744e-09
5810.00 4.609760e-09
5815.00 4.611409e-09
5820.00 4.618772e-09
5825.00 4.637993e-09
5830.00 4.631321e-09
5835.00 4.598778e-09
5840.00 4.579312e-09
5845.00 4.548088e-09
5850.00 4.493401e-09
5855.00 4.377172e-09
5860.00 4.256318e-09
5865.00 4.169245e-09
5870.00 4.041969e-09
5875.00 3.867619e-09
5880.00 3.582173e-09
5885.00 3.143841e-09
5890.00 2.738914e-09
5895.00 2.714128e-09
5900.00 3.119970e-09
5905.00 3.511611e-09
5910.00 3.748838e-09
5915.00 3.906364e-09
5920.00 4.037866e-09
5925.00 4.133881e-09
5930.00 4.216827e-09
5935.00 4.303204e-09
5940.00 4.362013e-09
5945.00 4.375999e-09
5950.00 4.370774e-09
5955.00 4.359665e-09
5960.00 4.392859e-09
5965.00 4.429798e-09
5970.00 4.446255e-09
5975.00 4.463379e-09
5980.00 4.472051e-09
5985.00 4.494352e-09
5990.00 4.538815e-09
5995.00 4.552353e-09
6000.00 4.518895e-09
6005.00 4.502704e-09
6010.00 4.486497e-09
6015.00 4.470811e-09
6020.00 4.504523e-09
6025.00 4.605750e-09
6030.00 4.694009e-09
6035.00 4.750960e-09
6040.00 4.722204e-09
6045.00 4.802095e-09
6050.00 4.807572e-09
6055.00 4.789881e-09
6060.00 4.773294e-09
6065.00 4.748978e-09
6070.00 4.783793e-09
6075.00 4.782762e-09
6080.00 4.726731e-09
6085.00 4.698711e-09
6090.00 4.688921e-09
6095.00 4.664811e-09
6100.00 4.564137e-09
6105.00 4.474380e-09
6110.00 4.561971e-09
6115.00 4.579301e-09
6120.00 4.353351e-09
6125.00 4.366016e-09
6130.00 4.580633e-09
6135.00 4.581228e-09
6140.00 4.604634e-09
6145.00 4.633174e-09
6150.00 4.549876e-09
6155.00 4.375666e-09
6160.00 4.039784e-09
6165.00 3.884567e-09
6170.00 4.016820e-09
6175.00 4.169399e-09
6180.00 4.269125e-09
6185.00 4.261013e-09
6190.00 4.168236e-09
6195.00 4.199056e-09
6200.00 4.244921e-09
6205.00 4.282255e-09
6210.00 4.204479e-09
6215.00 4.051558e-09
6220.00 3.976750e-09
6225.00 3.928295e-09
6230.00 3.888319e-09
6235.00 3.908154e-09
6240.00 3.898686e-09
6245.00 3.902842e-09
6250.00 3.951362e-09
6255.00 3.953301e-09
6260.00 3.982904e-09
6265.00 4.082738e-09
6270.00 4.137379e-09
6275.00 4.151774e-09
6280.00 4.186824e-09
6285.00 4.268662e-09
6290.00 4.319428e-09
6295.00 4.305163e-09
6300.00 4.327493e-09
6305.00 4.399805e-09
6310.00 4.471691e-09
6315.00 4.505406e-09
6320.00 4.533879e-09
6325.00 4.602744e-09
6330.00 4.621189e-09
6335.00 4.631605e-09
6340.00 4.667264e-09
6345.00 4.696727e-09
6350.00 4.736283e-09
6355.00 4.688766e-09
6360.00 4.600765e-09
6365.00 4.583136e-09
6370.00 4.595143e-09
6375.00 4.553742e-09
6380.00 4.452368e-09
6385.00 4.422374e-09
6390.00 4.454924e-09
6395.00 4.531453e-09
6400.00 4.604732e-09
6405.00 4.712053e-09
6410.00 4.774120e-09
6415.00 4.824218e-09
6420.00 4.829943e-09
6425.00 4.889670e-09
6430.00 4.902541e-09
6435.00 4.868576e-09
6440.00 4.866424e-09
6445.00 4.962082e-09
6450.00 4.957914e-09
6455.00 5.008720e-09
6460.00 5.002568e-09
6465.00 4.954051e-09
6470.00 5.055762e-09
6475.00 5.108034e-09
6480.00 5.131538e-09
6485.00 5.109314e-09
6490.00 5.051155e-09
6495.00 4.930957e-09
6500.00 5.040366e-09
6505.00 5.219406e-09
6510.00 5.330236e-09
6515.00 5.376515e-09
6520.00 5.435153e-09
6525.00 5.474531e-09
6530.00 5.495552e-09
6535.00 5.523923e-09
6540.00 5.545130e-09
6545.00 5.494141e-09
6550.00 5.439020e-09
6555.00 5.387658e-09
6560.00 5.330495e-09
6565.00 5.267343e-09
6570.00 5.305528e-09
6575.00 5.330220e-09
6580.00 5.408342e-09
6585.00 5.441668e-09
6590.00 5.436723e-09
6595.00 5.407597e-09
6600.00 5.467457e-09
6605.00 5.472134e-09
6610.00 5.439408e-09
6615.00 5.438118e-09
6620.00 5.400502e-09
6625.00 5.373750e-09
6630.00 5.355025e-09
6635.00 5.341007e-09
6640.00 5.335732e-09
6645.00 5.311442e-09
6650.00 5.268241e-09
6655.00 5.203542e-09
6660.00 5.173237e-09
6665.00 5.142834e-09
6670.00 5.158628e-09
6675.00 5.106974e-09
6680.00 5.023343e-09
6685.00 5.004844e-09
6690.00 5.001702e-09
6695.00 4.991533e-09
6700.00 4.993790e-09
6705.00 4.986581e-09
6710.00 4.949948e-09
6715.00 4.844421e-09
6720.00 4.777348e-09
6725.00 4.827939e-09
6730.00 4.844675e-09
6735.00 4.849361e-09
6740.00 4.834509e-09
6745.00 4.789143e-09
6750.00 4.746356e-09
6755.00 4.759874e-09
6760.00 4.789877e-09
6765.00 4.777220e-09
6770.00 4.779175e-09
6775.00 4.798489e-09
6780.00 4.749500e-09
6785.00 4.678689e-09
6790.00 4.664489e-09
6795.00 4.659090e-09
6800.00 4.670211e-09
6805.00 4.669738e-09
6810.00 4.668640e-09
6815.00 4.665884e-09
6820.00 4.670494e-09
6825.00 4.702815e-09
6830.00 4.713995e-09
6835.00 4.670780e-09
6840.00 4.681805e-09
6845.00 4.704086e-09
6850.00 4.726748e-09
6855.00 4.749641e-09
6860.00 4.772641e-09
6865.00 4.795656e-09
6870.00 4.818590e-09
6875.00 4.841385e-09
6880.00 4.863910e-09
6885.00 4.886095e-09
6890.00 4.907866e-09
6895.00 4.929133e-09
6900.00 4.949784e-09
6905.00 4.969827e-09
6910.00 4.989400e-09
6915.00 5.008700e-09
6920.00 5.027941e-09
6925.00 5.047339e-09
6930.00 5.067093e-09
6935.00 5.087426e-09
6940.00 5.108551e-09
6945.00 5.130670e-09
6950.00 5.153976e-09
6955.00 5.178524e-09
6960.00 5.203951e-09
6965.00 5.229745e-09
6970.00 5.255379e-09
6975.00 5.261845e-09
6980.00 5.180667e-09
6985.00 5.215610e-09
6990.00 5.214980e-09
6995.00 5.221922e-09
7000.00 5.246743e-09
7005.00 5.280844e-09
7010.00 5.279793e-09
7015.00 5.290852e-09
7020.00 5.314441e-09
7025.00 5.357595e-09
7030.00 5.432985e-09
7035.00 5.488361e-09
7040.00 5.533044e-09
7045.00 5.591447e-09
7050.00 5.537999e-09
7055.00 5.375449e-09
7060.00 5.279480e-09
7065.00 5.259291e-09
7070.00 5.279277e-09
7075.00 5.300625e-09
7080.00 5.243378e-09
7085.00 5.168777e-09
7090.00 5.070417e-09
7095.00 5.062981e-09
7100.00 5.083806e-09
7105.00 5.100037e-09
7110.00 5.110520e-09
7115.00 5.103375e-09
7120.00 5.085145e-09
7125.00 4.958181e-09
7130.00 4.841595e-09
7135.00 4.815055e-09
7140.00 4.830290e-09
7145.00 4.845522e-09
7150.00 4.879712e-09
7155.00 5.017835e-09
7160.00 5.050034e-09
7165.00 5.065266e-09
7170.00 5.091265e-09
7175.00 5.090546e-09
7180.00 5.081036e-09
7185.00 5.017901e-09
7190.00 4.988418e-09
7195.00 4.993134e-09
7200.00 4.920884e-09
7205.00 4.903943e-09
7210.00 5.008119e-09
7215.00 5.139968e-09
7220.00 5.246072e-09
7225.00 5.280499e-09
7230.00 5.282787e-09
7235.00 5.288949e-09
7240.00 5.289609e-09
7245.00 5.301514e-09
7250.00 5.338932e-09
7255.00 5.360694e-09
7260.00 5.401408e-09
7265.00 5.417031e-09
7270.00 5.446947e-09
7275.00 5.440344e-09
7280.00 5.516513e-09
7285.00 5.567973e-09
7290.00 5.563109e-09
7295.00 5.622320e-09
7300.00 5.652112e-09
7305.00 5.650560e-09
7310.00 5.659410e-09
7315.00 5.667165e-09
7320.00 5.659080e-09
7325.00 5.637868e-09
7330.00 5.659757e-09
7335.00 5.739452e-09
7340.00 5.772265e-09
7345.00 5.736170e-09
7350.00 5.737229e-09
7355.00 5.696510e-09
7360.00 5.690793e-09
7365.00 5.746485e-09
7370.00 5.819327e-09
7375.00 5.863545e-09
7380.00 5.869977e-09
7385.00 5.853182e-09
7390.00 5.823408e-09
7395.00 5.827439e-09
7400.00 5.806057e-09
7405.00 5.848954e-09
7410.00 5.849467e-09
7415.00 5.844926e-09
7420.00 5.849788e-09
7425.00 5.870990e-09
7430.00 5.898309e-09
7435.00 5.906334e-09
7440.00 5.899636e-09
7445.00 5.879201e-09
7450.00 5.895678e-09
7455.00 5.934356e-09
7460.00 5.894777e-09
7465.00 5.866845e-09
7470.00 5.911089e-09
7475.00 5.916916e-09
7480.00 5.907132e-09
7485.00 5.886839e-09
7490.00 5.841474e-09
7495.00 5.820791e-09
7500.00 5.871819e-09
7505.00 5.872880e-09
7510.00 5.858320e-09
7515.00 5.896765e-09
7520.00 5.926857e-09
7525.00 5.925113e-09
7530.00 5.937891e-09
7535.00 5.966630e-09
7540.00 5.976163e-09
7545.00 5.966707e-09
7550.00 5.958340e-09
7555.00 5.952280e-09
7560.00 5.945509e-09
7565.00 5.937644e-09
7570.00 5.928816e-09
7575.00 5.919130e-09
7580.00 5.908691e-09
7585.00 5.897641e-09
7590.00 5.886055e-09
7595.00 5.874081e-09
7600.00 5.861813e-09
7605.00 5.849363e-09
7610.00 5.836847e-09
7615.00 5.824346e-09
7620.00 5.811998e-09
7625.00 5.799899e-09
7630.00 5.788122e-09
7635.00 5.776803e-09
7640.00 5.766020e-09
7645.00 5.755915e-09
7650.00 5.746559e-09
7655.00 5.737999e-09
7660.00 5.730242e-09
7665.00 5.723226e-09
7670.00 5.716858e-09
7675.00 5.711079e-09
7680.00 5.705813e-09
7685.00 5.701016e-09
7690.00 5.696599e-09
7695.00 5.692512e-09
7700.00 5.688669e-09
7705.00 5.685023e-09
7710.00 5.681637e-09
7715.00 5.678519e-09
7720.00 5.675753e-09
7725.00 5.673380e-09
7730.00 5.680200e-09
7735.00 5.731382e-09
7740.00 5.737858e-09
7745.00 5.714970e-09
7750.00 5.680940e-09
7755.00 5.706910e-09
7760.00 5.733460e-09
7765.00 5.754759e-09
7770.00 5.790834e-09
7775.00 5.808216e-09
7780.00 5.771500e-09
7785.00 5.766086e-09
7790.00 5.767066e-09
7795.00 5.778323e-09
7800.00 5.773032e-09
7805.00 5.776262e-09
7810.00 5.782367e-09
7815.00 5.790999e-09
7820.00 5.779887e-09
7825.00 5.774559e-09
7830.00 5.748965e-09
7835.00 5.742053e-09
7840.00 5.793666e-09
7845.00 5.832233e-09
7850.00 5.841104e-09
7855.00 5.850634e-09
7860.00 5.865179e-09
7865.00 5.872249e-09
7870.00 5.870854e-09
7875.00 5.871017e-09
7880.00 5.881330e-09
7885.00 5.889696e-09
7890.00 5.880242e-09
7895.00 5.862067e-09
7900.00 5.841941e-09
7905.00 5.819018e-09
7910.00 5.793305e-09
7915.00 5.774652e-09
7920.00 5.769741e-09
7925.00 5.763224e-09
7930.00 5.761911e-09
7935.00 5.724123e-09
7940.00 5.695258e-09
7945.00 5.672889e-09
7950.00 5.686080e-09
7955.00 5.737168e-09
7960.00 5.754659e-09
7965.00 5.775748e-09
7970.00 5.811601e-09
7975.00 5.827643e-09
7980.00 5.823944e-09
7985.00 5.841750e-09
7990.00 5.847084e-09
7995.00 5.831577e-09
8000.00 5.818539e-09
8005.00 5.874401e-09
8010.00 5.888664e-09
8015.00 5.886259e-09
8020.00 5.882768e-09
8025.00 5.849774e-09
8030.00 5.850107e-09
8035.00 5.862791e-09
8040.00 5.864135e-09
8045.00 5.844168e-09
8050.00 5.863049e-09
8055.00 5.906914e-09
8060.00 5.922342e-09
8065.00 5.905219e-09
8070.00 5.867401e-09
8075.00 5.864125e-09
8080.00 5.860352e-09
8085.00 5.803913e-09
8090.00 5.855080e-09
8095.00 5.873593e-09
8100.00 5.887860e-09
8105.00 5.913580e-09
8110.00 5.924953e-09
8115.00 5.926913e-09
8120.00 5.957847e-09
8125.00 6.007620e-09
8130.00 5.999160e-09
8135.00 6.001625e-09
8140.00 5.995981e-09
8145.00 5.958243e-09
8150.00 5.916380e-09
8155.00 5.874620e-09
8160.00 5.784179e-09
8165.00 5.760439e-09
8170.00 5.795834e-09
8175.00 5.717451e-09
8180.00 5.565109e-09
8185.00 5.412710e-09
8190.00 5.391788e-09
8195.00 5.261758e-09
8200.00 5.370687e-09
8205.00 5.569688e-09
8210.00 5.672538e-09
8215.00 5.724614e-09
8220.00 5.705794e-09
8225.00 5.625102e-09
8230.00 5.586701e-09
8235.00 5.700062e-09
8240.00 5.793598e-09
8245.00 5.809058e-09
8250.00 5.847406e-09
8255.00 5.859057e-09
8260.00 5.894516e-09
8265.00 5.939989e-09
8270.00 5.919838e-09
8275.00 5.882135e-09
8280.00 5.866343e-09
8285.00 5.862547e-09
8290.00 5.843508e-09
8295.00 5.858388e-09
8300.00 5.840866e-09
8305.00 5.807633e-09
8310.00 5.789781e-09
8315.00 5.757071e-09
8320.00 5.715139e-09
8325.00 5.696558e-09
8330.00 5.670530e-09
8335.00 5.723947e-09
8340.00 5.783328e-09
8345.00 5.852551e-09
8350.00 5.881214e-09
8355.00 5.908741e-09
8360.00 5.922344e-09
8365.00 5.905508e-09
8370.00 5.917514e-09
8375.00 5.897128e-09
8380.00 5.825662e-09
8385.00 5.749873e-09
8390.00 5.780143e-09
8395.00 5.855523e-09
8400.00 5.887415e-09
8405.00 5.911152e-09
8410.00 5.903970e-09
8415.00 5.886180e-09
8420.00 5.900989e-09
8425.00 5.882955e-09
8430.00 5.867273e-09
8435.00 5.801659e-09
8440.00 5.873436e-09
8445.00 5.935822e-09
8450.00 5.921918e-09
8455.00 5.899559e-09
8460.00 5.884494e-09
8465.00 5.847645e-09
8470.00 5.824423e-09
8475.00 5.849191e-09
8480.00 5.876897e-09
8485.00 5.885369e-09
8490.00 5.846017e-09
8495.00 5.707871e-09
8500.00 5.629157e-09
8505.00 5.714757e-09
8510.00 5.751898e-09
8515.00 5.686874e-09
8520.00 5.675098e-09
8525.00 5.686973e-09
8530.00 5.631194e-09
8535.00 5.481142e-09
8540.00 5.170385e-09
8545.00 5.130976e-09
8550.00 5.338041e-09
8555.00 5.514803e-09
8560.00 5.588834e-09
8565.00 5.656804e-09
8570.00 5.739000e-09
8575.00 5.817978e-09
8580.00 5.877000e-09
8585.00 5.896347e-09
8590.00 5.926498e-09
8595.00 5.923388e-09
8600.00 5.912333e-09
8605.00 5.887388e-09
8610.00 5.835328e-09
8615.00 5.806688e-09
8620.00 5.811702e-09
8625.00 5.837881e-09
8630.00 5.872073e-09
8635.00 5.876449e-09
8640.00 5.881152e-09
8645.00 5.865505e-09
8650.00 5.809087e-09
8655.00 5.670722e-09
8660.00 5.408430e-09
8665.00 5.288852e-09
8670.00 5.428215e-09
8675.00 5.439154e-09
8680.00 5.443975e-09
8685.00 5.421387e-09
8690.00 5.427357e-09
8695.00 5.557887e-09
8700.00 5.675054e-09
8705.00 5.757781e-09
8710.00 5.779343e-09
8715.00 5.795702e-09
8720.00 5.820774e-09
8725.00 5.841110e-09
8730.00 5.833196e-09
8735.00 5.798366e-09
8740.00 5.819654e-09
8745.00 5.831559e-09
8750.00 5.802293e-09
8755.00 5.760774e-09
8760.00 5.726283e-09
8765.00 5.697784e-09
8770.00 5.661685e-09
8775.00 5.644974e-09
8780.00 5.653558e-09
8785.00 5.674534e-09
8790.00 5.711638e-09
8795.00 5.701620e-09
8800.00 5.648057e-09
8805.00 5.540439e-09
8810.00 5.532627e-09
8815.00 5.613188e-09
8820.00 5.591632e-09
8825.00 5.513787e-09
8830.00 5.585795e-09
8835.00 5.639866e-09
8840.00 5.650429e-09
8845.00 5.689091e-09
8850.00 5.702167e-09
8855.00 5.705551e-09
8860.00 5.707086e-09
8865.00 5.629727e-09
8870.00 5.573047e-09
8875.00 5.574276e-09
8880.00 5.566983e-09
8885.00 5.550166e-09
8890.00 5.557315e-09
8895.00 5.547847e-09
8900.00 5.560799e-09
8905.00 5.571585e-09
8910.00 5.580721e-09
8915.00 5.582810e-09
8920.00 5.574370e-09
8925.00 5.559381e-09
8930.00 5.559391e-09
8935.00 5.544922e-09
8940.00 5.532500e-09
8945.00 5.504343e-09
8950.00 5.507394e-09
8955.00 5.514580e-09
8960.00 5.548791e-09
8965.00 5.535075e-09
8970.00 5.536533e-09
8975.00 5.544903e-09
8980.00 5.516674e-09
8985.00 5.417114e-09
8990.00 5.345680e-09
8995.00 5.416481e-09
9000.00 5.431611e-09
9005.00 5.418114e-09
9010.00 5.431964e-09
9015.00 5.438269e-09
9020.00 5.498060e-09
9025.00 5.547117e-09
9030.00 5.655138e-09
9035.00 5.738622e-09
9040.00 5.777310e-09
9045.00 5.795699e-09
9050.00 5.785344e-09
9055.00 5.754587e-09
9060.00 5.699407e-09
9065.00 5.634074e-09
9070.00 5.557817e-09
9075.00 5.521881e-09
9080.00 5.496090e-09
9085.00 5.489634e-09
9090.00 5.525914e-09
9095.00 5.598792e-09
9100.00 5.609373e-09
9105.00 5.625636e-09
9110.00 5.646890e-09
9115.00 5.614731e-09
9120.00 5.573180e-09
9125.00 5.549129e-09
9130.00 5.483649e-09
9135.00 5.458953e-09
9140.00 5.473228e-09
9145.00 5.471517e-09
9150.00 5.432231e-09
9155.00 5.424523e-09
9160.00 5.484964e-09
9165.00 5.508049e-09
9170.00 5.436819e-09
9175.00 5.436476e-09
9180.00 5.503109e-09
9185.00 5.547934e-09
9190.00 5.573989e-09
9195.00 5.583945e-09
9200.00 5.593630e-09
9205.00 5.614122e-09
9210.00 5.633086e-09
9215.00 5.644904e-09
9220.00 5.645918e-09
9225.00 5.633641e-09
9230.00 5.608881e-09
9235.00 5.573650e-09
9240.00 5.530305e-09
9245.00 5.483567e-09
9250.00 5.444211e-09
9255.00 5.425369e-09
9260.00 5.439575e-09
9265.00 5.491648e-09
9270.00 5.566356e-09
9275.00 5.640753e-09
9280.00 5.691970e-09
9285.00 5.704823e-09
9290.00 5.684351e-09
9295.00 5.643400e-09
9300.00 5.595449e-09
9305.00 5.553191e-09
9310.00 5.527159e-09
9315.00 5.527052e-09
9320.00 5.561616e-09
9325.00 5.630707e-09
9330.00 5.711181e-09
9335.00 5.771026e-09
9340.00 5.778753e-09
9345.00 5.717335e-09
9350.00 5.607143e-09
9355.00 5.482998e-09
9360.00 5.380306e-09
9365.00 5.325995e-09
9370.00 5.324988e-09
9375.00 5.373681e-09
9380.00 5.467068e-09
9385.00 5.594405e-09
9390.00 5.730103e-09
9395.00 5.842829e-09
9400.00 5.901877e-09
9405.00 5.888307e-09
9410.00 5.813909e-09
9415.00 5.702206e-09
9420.00 5.577627e-09
9425.00 5.461487e-09
9430.00 5.367115e-09
9435.00 5.304748e-09
9440.00 5.283702e-09
9445.00 5.306981e-09
9450.00 5.361280e-09
9455.00 5.427022e-09
9460.00 5.484567e-09
9465.00 5.519577e-09
9470.00 5.531604e-09
9475.00 5.525457e-09
9480.00 5.506539e-09
9485.00 5.480056e-09
9490.00 5.450944e-09
9495.00 5.424015e-09
9500.00 5.403988e-09
9505.00 5.394858e-09
9510.00 5.398878e-09
9515.00 5.417544e-09
9520.00 5.452017e-09
9525.00 5.500604e-09
9530.00 5.554007e-09
9535.00 5.600073e-09
9540.00 5.626823e-09
9545.00 5.626795e-09
9550.00 5.604289e-09
9555.00 5.568135e-09
9560.00 5.527399e-09
9565.00 5.489244e-09
9570.00 5.456004e-09
9575.00 5.428099e-09
9580.00 5.405805e-09
9585.00 5.389757e-09
9590.00 5.381367e-09
9595.00 5.382435e-09
9600.00 5.394495e-09
9605.00 5.416417e-09
9610.00 5.440175e-09
9615.00 5.455078e-09
9620.00 5.450673e-09
9625.00 5.421626e-09
9630.00 5.375856e-09
9635.00 5.326392e-09
9640.00 5.286341e-09
9645.00 5.264738e-09
9650.00 5.259927e-09
9655.00 5.266143e-09
9660.00 5.277296e-09
9665.00 5.288521e-09
9670.00 5.298216e-09
9675.00 5.306044e-09
9680.00 5.311775e-09
9685.00 5.315082e-09
9690.00 5.315437e-09
9695.00 5.312211e-09
9700.00 5.304893e-09
9705.00 5.294076e-09
9710.00 5.283411e-09
9715.00 5.277603e-09
9720.00 5.281235e-09
9725.00 5.295939e-09
9730.00 5.315798e-09
9735.00 5.331943e-09
9740.00 5.335640e-09
9745.00 5.322227e-09
9750.00 5.298935e-09
9755.00 5.279009e-09
9760.00 5.259720e-09
9765.00 5.283305e-09
9770.00 5.293137e-09
9775.00 5.294070e-09
9780.00 5.280732e-09
9785.00 5.227263e-09
9790.00 5.252967e-09
9795.00 5.270282e-09
9800.00 5.267725e-09
9805.00 5.280962e-09
9810.00 5.308623e-09
9815.00 5.317480e-09
9820.00 5.307810e-09
9825.00 5.278806e-09
9830.00 5.296923e-09
9835.00 5.310129e-09
9840.00 5.285325e-09
9845.00 5.300459e-09
9850.00 5.311376e-09
9855.00 5.305909e-09
9860.00 5.318610e-09
9865.00 5.301092e-09
9870.00 5.229543e-09
9875.00 5.243478e-09
9880.00 5.309599e-09
9885.00 5.282822e-09
9890.00 5.249945e-09
9895.00 5.219629e-09
9900.00 5.206882e-09
9905.00 5.208929e-09
9910.00 5.140788e-09
9915.00 5.131580e-09
9920.00 5.131149e-09
9925.00 5.153559e-09
9930.00 5.159547e-09
9935.00 5.166687e-09
9940.00 5.172846e-09
9945.00 5.208588e-09
9950.00 5.278723e-09
9955.00 5.218089e-09
9960.00 5.177609e-09
9965.00 5.195006e-09
9970.00 5.185885e-09
9975.00 5.204143e-09
9980.00 5.167380e-09
9985.00 5.144022e-09
9990.00 5.193402e-09
9995.00 5.187017e-09
10000.00 5.184722e-09
10005.00 5.186241e-09
10010.00 5.214050e-09
10015.00 5.241911e-09
10020.00 5.341390e-09
10025.00 5.292595e-09
10030.00 5.216894e-09
10035.00 5.159022e-09
10040.00 5.125903e-09
10045.00 5.143736e-09
10050.00 5.126825e-09
10055.00 5.104584e-09
10060.00 5.239265e-09
10065.00 5.228254e-09
10070.00 5.135482e-09
10075.00 5.066776e-09
10080.00 5.062962e-09
10085.00 5.100669e-09
10090.00 5.112326e-09
10095.00 5.104186e-09
10100.00 5.088618e-09
10105.00 5.115548e-09
10110.00 5.146820e-09
10115.00 5.173682e-09
10120.00 5.195034e-09
10125.00 5.209337e-09
10130.00 5.213584e-09
10135.00 5.204275e-09
10140.00 5.178275e-09
10145.00 5.136495e-09
10150.00 5.090520e-09
10155.00 5.055993e-09
10160.00 5.048185e-09
10165.00 5.074200e-09
10170.00 5.120081e-09
10175.00 5.163697e-09
10180.00 5.182974e-09
10185.00 5.164194e-09
10190.00 5.115326e-09
10195.00 5.052732e-09
10200.00 4.993139e-09
10205.00 4.948922e-09
10210.00 4.921141e-09
10215.00 4.906475e-09
10220.00 4.901264e-09
10225.00 4.902752e-09
10230.00 4.910597e-09
10235.00 4.925324e-09
10240.00 4.947514e-09
10245.00 4.977038e-09
10250.00 5.011946e-09
10255.00 5.049592e-09
10260.00 5.087249e-09
10265.00 5.122078e-09
10270.00 5.150886e-09
10275.00 5.170386e-09
10280.00 5.177420e-09
10285.00 5.170514e-09
10290.00 5.152443e-09
10295.00 5.127657e-09
10300.00 5.101377e-09
10305.00 5.081240e-09
10310.00 5.067300e-09
10315.00 5.054849e-09
10320.00 5.042947e-09
10325.00 5.031488e-09
10330.00 5.020640e-09
10335.00 5.010730e-09
10340.00 5.002132e-09
10345.00 4.995577e-09
10350.00 4.992933e-09
10355.00 4.996413e-09
10360.00 5.008101e-09
10365.00 5.028108e-09
10370.00 5.051431e-09
10375.00 5.071100e-09
10380.00 5.080281e-09
10385.00 5.075347e-09
10390.00 5.061049e-09
10395.00 5.045353e-09
10400.00 5.036267e-09
10405.00 5.038856e-09
10410.00 5.050575e-09
10415.00 5.065915e-09
10420.00 5.079285e-09
10425.00 5.086511e-09
10430.00 5.087282e-09
10435.00 5.082797e-09
10440.00 5.074347e-09
10445.00 5.063018e-09
10450.00 5.049339e-09
10455.00 5.033566e-09
10460.00 5.016068e-09
10465.00 4.997994e-09
10470.00 4.982605e-09
10475.00 4.973972e-09
10480.00 4.975969e-09
10485.00 4.989523e-09
10490.00 5.007956e-09
10495.00 5.021682e-09
10500.00 5.021286e-09
10505.00 5.001985e-09
10510.00 4.971068e-09
10515.00 4.940434e-09
10520.00 4.922062e-09
10525.00 4.923545e-09
10530.00 4.941291e-09
10535.00 4.967367e-09
10540.00 4.993556e-09
10545.00 5.013213e-09
10550.00 5.023764e-09
10555.00 5.024193e-09
10560.00 5.013816e-09
10565.00 4.993709e-09
10570.00 4.969418e-09
10575.00 4.948274e-09
10580.00 4.937450e-09
10585.00 4.941011e-09
10590.00 4.954914e-09
10595.00 4.971947e-09
10600.00 4.984896e-09
10605.00 4.988649e-09
10610.00 4.983755e-09
10615.00 4.972967e-09
10620.00 4.957332e-09
10625.00 4.933291e-09
10630.00 4.927646e-09
10635.00 4.925366e-09
10640.00 4.923098e-09
10645.00 4.920831e-09
10650.00 4.918578e-09
10655.00 4.916322e-09
10660.00 4.914078e-09
10665.00 4.911839e-09
10670.00 4.909589e-09
10675.00 4.907346e-09
10680.00 4.905121e-09
10685.00 4.902897e-09
10690.00 4.900671e-09
10695.00 4.898460e-09
10700.00 4.896233e-09
10705.00 4.894032e-09
10710.00 4.891825e-09
10715.00 4.889623e-09
10720.00 4.887431e-09
10725.00 4.885244e-09
10730.00 4.883061e-09
10735.00 4.880869e-09
10740.00 4.878687e-09
10745.00 4.876522e-09
10750.00 4.874344e-09
10755.00 4.872177e-09
10760.00 4.870023e-09
10765.00 4.867867e-09
10770.00 4.865718e-09
10775.00 4.863564e-09
10780.00 4.861424e-09
10785.00 4.859283e-09
10790.00 4.857148e-09
10795.00 4.855011e-09
10800.00 4.852891e-09
10805.00 4.850772e-09
10810.00 4.848641e-09
10815.00 4.846527e-09
10820.00 4.844412e-09
10825.00 4.842310e-09
10830.00 4.840209e-09
10835.00 4.838116e-09
10840.00 4.836012e-09
10845.00 4.833923e-09
10850.00 4.831844e-09
10855.00 4.829753e-09
10860.00 4.827666e-09
10865.00 4.825597e-09
10870.00 4.823539e-09
10875.00 4.821461e-09
10880.00 4.819388e-09
10885.00 4.817331e-09
10890.00 4.815284e-09
10895.00 4.813227e-09
10900.00 4.811182e-09
10905.00 4.809135e-09
10910.00 4.807095e-09
10915.00 4.805057e-09
10920.00 4.803027e-09
10925.00 4.800995e-09
10930.00 4.798967e-09
10935.00 4.796944e-09
10940.00 4.794936e-09
10945.00 4.792915e-09
10950.00 4.790908e-09
10955.00 4.788899e-09
10960.00 4.786890e-09
10965.00 4.784900e-09
10970.00 4.782895e-09
10975.00 4.780900e-09
10980.00 4.778916e-09
10985.00 4.776922e-09
10990.00 4.774936e-09
10995.00 4.772965e-09
11000.00 4.770988e-09
11005.00 4.769020e-09
11010.00 4.767052e-09
11015.00 4.765087e-09
11020.00 4.763118e-09
11025.00 4.761160e-09
11030.00 4.759204e-09
11035.00 4.757251e-09
11040.00 4.755311e-09
11045.00 4.753364e-09
11050.00 4.751413e-09
11055.00 4.749479e-09
11060.00 4.747543e-09
11065.00 4.745608e-09
11070.00 4.743682e-09
11075.00 4.741756e-09
11080.00 4.739836e-09
11085.00 4.737919e-09
11090.00 4.736005e-09
11095.00 4.734085e-09
11100.00 4.732171e-09
11105.00 4.730269e-09
11110.00 4.728369e-09
11115.00 4.726464e-09
11120.00 4.724562e-09
11125.00 4.722678e-09
11130.00 4.720781e-09
11135.00 4.718893e-09
11140.00 4.717003e-09
11145.00 4.715136e-09
11150.00 4.713244e-09
11155.00 4.711375e-09
11160.00 4.709499e-09
11165.00 4.707625e-09
11170.00 4.705762e-09
11175.00 4.703886e-09
11180.00 4.702039e-09
11185.00 4.700170e-09
11190.00 4.698313e-09
11195.00 4.696457e-09
11200.00 4.694603e-09
11205.00 4.692758e-09
11210.00 4.690919e-09
11215.00 4.689069e-09
11220.00 4.687229e-09
11225.00 4.685402e-09
11230.00 4.683564e-09
11235.00 4.681723e-09
11240.00 4.679895e-09
11245.00 4.678073e-09
11250.00 4.676249e-09
11255.00 4.674425e-09
11260.00 4.672617e-09
11265.00 4.670794e-09
11270.00 4.668979e-09
11275.00 4.667182e-09
11280.00 4.665358e-09
11285.00 4.663559e-09
11290.00 4.661757e-09
11295.00 4.659955e-09
11300.00 4.658161e-09
11305.00 4.656358e-09
11310.00 4.654561e-09
11315.00 4.652774e-09
11320.00 4.650984e-09
11325.00 4.649195e-09
11330.00 4.647410e-09
11335.00 4.645637e-09
11340.00 4.643852e-09
11345.00 4.642072e-09
11350.00 4.640297e-09
11355.00 4.638524e-09
11360.00 4.636762e-09
11365.00 4.634991e-09
11370.00 4.633229e-09
11375.00 4.631457e-09
11380.00 4.629692e-09
11385.00 4.627939e-09
11390.00 4.626180e-09
11395.00 4.624425e-09
11400.00 4.622677e-09
11405.00 4.620925e-09
11410.00 4.619181e-09
11415.00 4.617423e-09
11420.00 4.615681e-09
11425.00 4.613946e-09
11430.00 4.612196e-09
11435.00 4.610463e-09
11440.00 4.608732e-09
11445.00 4.606991e-09
11450.00 4.605260e-09
11455.00 4.603521e-09
11460.00 4.601802e-09
11465.00 4.600077e-09
11470.00 4.598350e-09
11475.00 4.596626e-09
11480.00 4.594911e-09
11485.00 4.593182e-09
11490.00 4.591468e-09
11495.00 4.589749e-09
11500.00 4.588040e-09
11505.00 4.586331e-09
11510.00 4.584617e-09
11515.00 4.582909e-09
11520.00 4.581204e-09
11525.00 4.579491e-09
11530.00 4.577795e-09
11535.00 4.576093e-09
11540.00 4.574392e-09
11545.00 4.572695e-09
11550.00 4.570988e-09
11555.00 4.569303e-09
11560.00 4.567613e-09
11565.00 4.565916e-09
11570.00 4.564218e-09
11575.00 4.562540e-09
11580.00 4.560847e-09
11585.00 4.559159e-09
11590.00 4.557473e-09
11595.00 4.555798e-09
11600.00 4.554112e-09
11605.00 4.552429e-09
11610.00 4.550759e-09
11615.00 4.549074e-09
11620.00 4.547401e-09
11625.00 4.545728e-09
11630.00 4.544056e-09
11635.00 4.542375e-09
11640.00 4.540709e-09
11645.00 4.539041e-09
11650.00 4.537366e-09
11655.00 4.535698e-09
11660.00 4.534038e-09
11665.00 4.532368e-09
11670.00 4.530710e-09
11675.00 4.529051e-09
11680.00 4.527387e-09
11685.00 4.525733e-09
11690.00 4.524067e-09
11695.00 4.522422e-09
11700.00 4.520762e-09
11705.00 4.519107e-09
11710.00 4.517445e-09
11715.00 4.515795e-09
11720.00 4.514143e-09
11725.00 4.512493e-09
11730.00 4.510843e-09
11735.00 4.509198e-09
11740.00 4.507551e-09
11745.00 4.505909e-09
11750.00 4.504257e-09
11755.00 4.502603e-09
11760.00 4.500967e-09
11765.00 4.499320e-09
11770.00 4.497688e-09
11775.00 4.496044e-09
11780.00 4.494397e-09
11785.00 4.492759e-09
11790.00 4.491128e-09
11795.00 4.489488e-09
11800.00 4.487845e-09
11805.00 4.486215e-09
11810.00 4.484572e-09
11815.00 4.482941e-09
11820.00 4.481307e-09
11825.00 4.479666e-09
11830.00 4.478039e-09
11835.00 4.476401e-09
11840.00 4.474771e-09
11845.00 4.473144e-09
11850.00 4.471512e-09
11855.00 4.469891e-09
11860.00 4.468254e-09
11865.00 4.466628e-09
11870.00 4.465002e-09
11875.00 4.463375e-09
11880.00 4.461739e-09
11885.00 4.460118e-09
11890.00 4.458483e-09
11895.00 4.456863e-09
11900.00 4.455237e-09
11905.00 4.453619e-09
11910.00 4.451995e-09
11915.00 4.450370e-09
11920.00 4.448738e-09
11925.00 4.447117e-09
11930.00 4.445502e-09
11935.00 4.443879e-09
11940.00 4.442251e-09
11945.00 4.440624e-09
11950.00 4.439013e-09
11955.00 4.437388e-09
11960.00 4.435766e-09
11965.00 4.434149e-09
11970.00 4.432524e-09
11975.00 4.430899e-09
11980.00 4.429275e-09
11985.00 4.427661e-09
11990.00 4.426040e-09
11995.00 4.424421e-09
12000.00 4.422803e-09
12005.00 4.421187e-09
12010.00 4.419563e-09
12015.00 4.417940e-09
12020.00 4.416325e-09
12025.00 4.414701e-09
12030.00 4.413089e-09
12035.00 4.411463e-09
12040.00 4.409852e-09
12045.00 4.408228e-09
12050.00 4.406606e-09
12055.00 4.404989e-09
12060.00 4.403369e-09
12065.00 4.401750e-09
12070.00 4.400126e-09
12075.00 4.398511e-09
12080.00 4.396893e-09
12085.00 4.395260e-09
12090.00 4.393649e-09
12095.00 4.392029e-09
12100.00 4.390401e-09
12105.00 4.388784e-09
12110.00 4.387158e-09
12115.00 4.385542e-09
12120.00 4.383926e-09
12125.00 4.382307e-09
12130.00 4.380675e-09
12135.00 4.379045e-09
12140.00 4.377425e-09
12145.00 4.375804e-09
12150.00 4.374179e-09
12155.00 4.372556e-09
12160.00 4.370929e-09
12165.00 4.369306e-09
12170.00 4.367672e-09
12175.00 4.366055e-09
12180.00 4.364424e-09
12185.00 4.362796e-09
12190.00 4.361171e-09
12195.00 4.359542e-09
12200.00 4.357910e-09
12205.00 4.356282e-09
12210.00 4.354652e-09
12215.00 4.353027e-09
12220.00 4.351391e-09
12225.00 4.349762e-09
12230.00 4.348128e-09
12235.00 4.346494e-09
12240.00 4.344859e-09
12245.00 4.343219e-09
12250.00 4.341584e-09
12255.00 4.339944e-09
12260.00 4.338317e-09
12265.00 4.336675e-09
12270.00 4.335038e-09
12275.00 4.333406e-09
12280.00 4.331759e-09
12285.00 4.330124e-09
12290.00 4.328485e-09
12295.00 4.326846e-09
12300.00 4.325201e-09
12305.00 4.323563e-09
12310.00 4.321917e-09
12315.00 4.320275e-09
12320.00 4.318636e-09
12325.00 4.316985e-09
12330.00 4.315338e-09
12335.00 4.313701e-09
12340.00 4.312052e-09
12345.00 4.310408e-09
12350.00 4.308763e-09
12355.00 4.307111e-09
12360.00 4.305472e-09
12365.00 4.303811e-09
12370.00 4.302161e-09
12375.00 4.300512e-09
12380.00 4.298869e-09
12385.00 4.297212e-09
12390.00 4.295570e-09
12395.00 4.293915e-09
12400.00 4.292252e-09
12405.00 4.290608e-09
12410.00 4.288943e-09
12415.00 4.287294e-09
12420.00 4.285646e-09
12425.00 4.283985e-09
12430.00 4.282323e-09
12435.00 4.280673e-09
12440.00 4.279021e-09
12445.00 4.277355e-09
12450.00 4.275696e-09
12455.00 4.274035e-09
12460.00 4.272382e-09
12465.00 4.270719e-09
12470.00 4.269050e-09
12475.00 4.267396e-09
12480.00 4.265736e-09
12485.00 4.264080e-09
12490.00 4.262407e-09
12495.00 4.260737e-09
12500.00 4.259082e-09
12505.00 4.257415e-09
12510.00 4.255749e-09
12515.00 4.254084e-09
12520.00 4.252412e-09
12525.00 4.250750e-09
12530.00 4.249091e-09
12535.00 4.247416e-09
12540.00 4.245756e-09
12545.00 4.244080e-09
12550.00 4.242413e-09
12555.00 4.240743e-09
12560.00 4.239072e-09
12565.00 4.237402e-09
12570.00 4.235728e-09
12575.00 4.234058e-09
12580.00 4.232385e-09
12585.00 4.230707e-09
12590.00 4.229042e-09
12595.00 4.227365e-09
12600.00 4.225687e-09
12605.00 4.224004e-09
12610.00 4.222341e-09
12615.00 4.220661e-09
12620.00 4.218979e-09
12625.00 4.217295e-09
12630.00 4.215621e-09
12635.00 4.213946e-09
12640.00 4.212263e-09
12645.00 4.210593e-09
12650.00 4.208905e-09
12655.00 4.207227e-09
12660.00 4.205547e-09
12665.00 4.203861e-09
12670.00 4.202183e-09
12675.00 4.200502e-09
12680.00 4.198813e-09
12685.00 4.197131e-09
12690.00 4.195451e-09
12695.00 4.193763e-09
12700.00 4.192080e-09
12705.00 4.190392e-09
12710.00 4.188712e-09
12715.00 4.187017e-09
12720.00 4.185323e-09
12725.00 4.183647e-09
12730.00 4.181952e-09
12735.00 4.180262e-09
12740.00 4.178579e-09
12745.00 4.176887e-09
12750.00 4.175190e-09
12755.00 4.173497e-09
12760.00 4.171808e-09
12765.00 4.170115e-09
12770.00 4.168431e-09
12775.00 4.166728e-09
12780.00 4.165034e-09
12785.00 4.163346e-09
12790.00 4.161649e-09
12795.00 4.159963e-09
12800.00 4.158264e-09
12805.00 4.156570e-09
12810.00 4.154872e-09
12815.00 4.153175e-09
12820.00 4.151472e-09
12825.00 4.149780e-09
12830.00 4.148088e-09
12835.00 4.146377e-09
12840.00 4.144677e-09
12845.00 4.142984e-09
12850.00 4.141283e-09
12855.00 4.139577e-09
12860.00 4.137883e-09
12865.00 4.136180e-09
12870.00 4.134476e-09
12875.00 4.132771e-09
12880.00 4.131066e-09
12885.00 4.129359e-09
12890.00 4.127670e-09
12895.00 4.125958e-09
12900.00 4.124252e-09
12905.00 4.122548e-09
12910.00 4.120837e-09
12915.00 4.119132e-09
12920.00 4.117428e-09
12925.00 4.115717e-09
12930.00 4.114014e-09
12935.00 4.112302e-09
12940.00 4.110597e-09
12945.00 4.108881e-09
12950.00 4.107176e-09
12955.00 4.105461e-09
12960.00 4.103749e-09
12965.00 4.102050e-09
12970.00 4.100328e-09
12975.00 4.098621e-09
12980.00 4.096907e-09
12985.00 4.095189e-09
12990.00 4.093482e-09
12995.00 4.091765e-09
13000.00 4.090052e-09
13005.00 4.088345e-09
13010.00 4.086624e-09
13015.00 4.084904e-09
13020.00 4.083191e-09
13025.00 4.081468e-09
13030.00 4.079751e-09
13035.00 4.078034e-09
13040.00 4.076310e-09
13045.00 4.074599e-09
13050.00 4.072880e-09
13055.00 4.071156e-09
13060.00 4.069436e-09
13065.00 4.067726e-09
13070.00 4.066005e-09
13075.00 4.064281e-09
13080.00 4.062561e-09
13085.00 4.060836e-09
13090.00 4.059119e-09
13095.00 4.057391e-09
13100.00 4.055672e-09
13105.00 4.053947e-09
13110.00 4.052221e-09
13115.00 4.050493e-09
13120.00 4.048770e-09
13125.00 4.047053e-09
13130.00 4.045318e-09
13135.00 4.043596e-09
13140.00 4.041870e-09
13145.00 4.040138e-09
13150.00 4.038410e-09
13155.00 4.036688e-09
13160.00 4.034966e-09
13165.00 4.033231e-09
13170.00 4.031500e-09
13175.00 4.029769e-09
13180.00 4.028042e-09
13185.00 4.026314e-09
13190.00 4.024580e-09
13195.00 4.022848e-09
13200.00 4.021122e-09
13205.00 4.019390e-09
13210.00 4.017648e-09
13215.00 4.015919e-09
13220.00 4.014189e-09
13225.00 4.012451e-09
13230.00 4.010712e-09
13235.00 4.008984e-09
13240.00 4.007247e-09
13245.00 4.005513e-09
13250.00 4.003780e-09
13255.00 4.002036e-09
13260.00 4.000302e-09
13265.00 3.998573e-09
13270.00 3.996827e-09
13275.00 3.995086e-09
13280.00 3.993356e-09
13285.00 3.991613e-09
13290.00 3.989878e-09
13295.00 3.988141e-09
13300.00 3.986403e-09
13305.00 3.984661e-09
13310.00 3.982923e-09
13315.00 3.981174e-09
13320.00 3.979435e-09
13325.00 3.977694e-09
13330.00 3.975956e-09
13335.00 3.974201e-09
13340.00 3.972469e-09
13345.00 3.970728e-09
13350.00 3.968982e-09
13355.00 3.967236e-09
13360.00 3.965487e-09
13365.00 3.963746e-09
13370.00 3.962003e-09
13375.00 3.960258e-09
13380.00 3.958506e-09
13385.00 3.956767e-09
13390.00 3.955017e-09
13395.00 3.953270e-09
13400.00 3.951527e-09
13405.00 3.949771e-09
13410.00 3.948024e-09
13415.00 3.946273e-09
13420.00 3.944527e-09
13425.00 3.942775e-09
13430.00 3.941026e-09
13435.00 3.939279e-09
13440.00 3.937528e-09
13445.00 3.935779e-09
13450.00 3.934030e-09
13455.00 3.932278e-09
13460.00 3.930524e-09
13465.00 3.928765e-09
13470.00 3.927017e-09
13475.00 3.925269e-09
13480.00 3.923512e-09
13485.00 3.921756e-09
13490.00 3.920008e-09
13495.00 3.918250e-09
13500.00 3.916498e-09
13505.00 3.914742e-09
13510.00 3.912988e-09
13515.00 3.911231e-09
13520.00 3.909475e-09
13525.00 3.907719e-09
13530.00 3.905970e-09
13535.00 3.904204e-09
13540.00 3.902450e-09
13545.00 3.900692e-09
13550.00 3.898930e-09
13555.00 3.897176e-09
13560.00 3.895413e-09
13565.00 3.893658e-09
13570.00 3.891896e-09
13575.00 3.890139e-09
13580.00 3.888371e-09
13585.00 3.886620e-09
13590.00 3.884858e-09
13595.00 3.883091e-09
13600.00 3.881335e-09
13605.00 3.879574e-09
13610.00 3.877808e-09
13615.00 3.876046e-09
13620.00 3.874279e-09
13625.00 3.872521e-09
13630.00 3.870755e-09
13635.00 3.868991e-09
13640.00 3.867224e-09
13645.00 3.865466e-09
13650.00 3.863702e-09
13655.00 3.861941e-09
13660.00 3.860171e-09
13665.00 3.858404e-09
13670.00 3.856638e-09
13675.00 3.854871e-09
13680.00 3.853106e-09
13685.00 3.851337e-09
13690.00 3.849570e-09
13695.00 3.847805e-09
13700.00 3.846039e-09
13705.00 3.844262e-09
13710.00 3.842497e-09
13715.00 3.840724e-09
13720.00 3.838962e-09
13725.00 3.837191e-09
13730.00 3.835423e-09
13735.00 3.833653e-09
13740.00 3.831878e-09
13745.00 3.830115e-09
13750.00 3.828331e-09
13755.00 3.826568e-09
13760.00 3.824800e-09
13765.00 3.823026e-09
13770.00 3.821257e-09
13775.00 3.819472e-09
13780.00 3.817707e-09
13785.00 3.815931e-09
13790.00 3.814162e-09
13795.00 3.812386e-09
13800.00 3.810613e-09
13805.00 3.808835e-09
13810.00 3.807063e-09
13815.00 3.805291e-09
13820.00 3.803514e-09
13825.00 3.801741e-09
13830.00 3.799962e-09
13835.00 3.798184e-09
13840.00 3.796410e-09
13845.00 3.794638e-09
13850.00 3.792865e-09
13855.00 3.791082e-09
13860.00 3.789306e-09
13865.00 3.787531e-09
13870.00 3.785752e-09
13875.00 3.783968e-09
13880.00 3.782193e-09
13885.00 3.780408e-09
13890.00 3.778627e-09
13895.00 3.776857e-09
13900.00 3.775070e-09
13905.00 3.773300e-09
13910.00 3.771512e-09
13915.00 3.769742e-09
13920.00 3.767954e-09
13925.00 3.766170e-09
13930.00 3.764391e-09
13935.00 3.762608e-09
13940.00 3.760825e-09
13945.00 3.759049e-09
13950.00 3.757265e-09
13955.00 3.755479e-09
13960.00 3.753702e-09
13965.00 3.751917e-09
13970.00 3.750134e-09
13975.00 3.748347e-09
13980.00 3.746570e-09
13985.00 3.744782e-09
13990.00 3.742999e-09
13995.00 3.741211e-09
14000.00 3.739427e-09
14005.00 3.737642e-09
14010.00 3.735857e-09
14015.00 3.734069e-09
14020.00 3.732282e-09
14025.00 3.730500e-09
14030.00 3.728717e-09
14035.00 3.726925e-09
14040.00 3.725141e-09
14045.00 3.723355e-09
14050.00 3.721571e-09
14055.00 3.719786e-09
14060.00 3.717991e-09
14065.00 3.716205e-09
14070.00 3.714411e-09
14075.00 3.712624e-09
14080.00 3.710839e-09
14085.00 3.709051e-09
14090.00 3.707267e-09
14095.00 3.705473e-09
14100.00 3.703681e-09
14105.00 3.701893e-09
14110.00 3.700098e-09
14115.00 3.698315e-09
14120.00 3.696516e-09
14125.00 3.694732e-09
14130.00 3.692938e-09
14135.00 3.691148e-09
14140.00 3.689353e-09
14145.00 3.687564e-09
14150.00 3.685777e-09
14155.00 3.683979e-09
14160.00 3.682186e-09
14165.00 3.680394e-09
14170.00 3.678606e-09
14175.00 3.676809e-09
14180.00 3.675012e-09
14185.00 3.673220e-09
14190.00 3.671429e-09
14195.00 3.669636e-09
14200.00 3.667843e-09
14205.00 3.666046e-09
14210.00 3.664260e-09
14215.00 3.662457e-09
14220.00 3.660664e-09
14225.00 3.658868e-09
14230.00 3.657076e-09
14235.00 3.655274e-09
14240.00 3.653485e-09
14245.00 3.651680e-09
14250.00 3.649888e-09
14255.00 3.648096e-09
14260.00 3.646304e-09
14265.00 3.644504e-09
14270.00 3.642697e-09
14275.00 3.640913e-09
14280.00 3.639116e-09
14285.00 3.637320e-09
14290.00 3.635508e-09
14295.00 3.633717e-09
14300.00 3.631924e-09
14305.00 3.630127e-09
14310.00 3.628320e-09
14315.00 3.626524e-09
14320.00 3.624721e-09
14325.00 3.622927e-09
14330.00 3.621133e-09
14335.00 3.619326e-09
14340.00 3.617526e-09
14345.00 3.615724e-09
14350.00 3.613929e-09
14355.00 3.612130e-09
14360.00 3.610323e-09
14365.00 3.608527e-09
14370.00 3.606721e-09
14375.00 3.604927e-09
14380.00 3.603118e-09
14385.00 3.601325e-09
14390.00 3.599522e-09
14395.00 3.597720e-09
14400.00 3.595922e-09
14405.00 3.594119e-09
14410.00 3.592313e-09
14415.00 3.590512e-09
14420.00 3.588706e-09
14425.00 3.586907e-09
14430.00 3.585107e-09
14435.00 3.583302e-09
14440.00 3.581497e-09
14445.00 3.579695e-09
14450.00 3.577887e-09
14455.00 3.576093e-09
14460.00 3.574289e-09
14465.00 3.572481e-09
14470.00 3.570679e-09
14475.00 3.568876e-09
14480.00 3.567073e-09
14485.00 3.565269e-09
14490.00 3.563460e-09
14495.00 3.561654e-09
14500.00 3.559850e-09
14505.00 3.558049e-09
14510.00 3.556245e-09
14515.00 3.554442e-09
14520.00 3.552629e-09
14525.00 3.550826e-09
14530.00 3.549016e-09
14535.00 3.547214e-09
14540.00 3.545402e-09
14545.00 3.543597e-09
14550.00 3.541791e-09
14555.00 3.539982e-09
14560.00 3.538179e-09
14565.00 3.536373e-09
14570.00 3.534565e-09
14575.00 3.532758e-09
14580.00 3.530953e-09
14585.00 3.529141e-09
14590.00 3.527341e-09
14595.00 3.525529e-09
14600.00 3.523722e-09
14605.00 3.521919e-09
14610.00 3.520105e-09
14615.00 3.518298e-09
14620.00 3.516489e-09
14625.00 3.514680e-09
14630.00 3.512875e-09
14635.00 3.511063e-09
14640.00 3.509256e-09
14645.00 3.507442e-09
14650.00 3.505635e-09
14655.00 3.503827e-09
14660.00 3.502018e-09
14665.00 3.500215e-09
14670.00 3.498404e-09
14675.00 3.496595e-09
14680.00 3.494777e-09
14685.00 3.492976e-09
14690.00 3.491163e-09
14695.00 3.489349e-09
14700.00 3.487540e-09
14705.00 3.485734e-09
14710.00 3.483928e-09
14715.00 3.482108e-09
14720.00 3.480304e-09
14725.00 3.478492e-09
14730.00 3.476681e-09
14735.00 3.474864e-09
14740.00 3.473065e-09
14745.00 3.471246e-09
14750.00 3.469431e-09
14755.00 3.467626e-09
14760.00 3.465814e-09
14765.00 3.464005e-09
14770.00 3.462193e-09
14775.00 3.460378e-09
14780.00 3.458567e-09
14785.00 3.456756e-09
14790.00 3.454939e-09
14795.00 3.453127e-09
14800.00 3.451318e-09
14805.00 3.449504e-09
14810.00 3.447696e-09
14815.00 3.445878e-09
14820.00 3.444070e-09
14825.00 3.442261e-09
14830.00 3.440443e-09
14835.00 3.438632e-09
14840.00 3.436815e-09
14845.00 3.435006e-09
14850.00 3.433192e-09
14855.00 3.431376e-09
14860.00 3.429569e-09
14865.00 3.427753e-09
14870.00 3.425942e-09
14875.00 3.424123e-09
14880.00 3.422309e-09
14885.00 3.420499e-09
14890.00 3.418682e-09
14895.00 3.416869e-09
14900.00 3.415058e-09
14905.00 3.413244e-09
14910.00 3.411427e-09
14915.00 3.409617e-09
14920.00 3.407805e-09
14925.00 3.405989e-09
14930.00 3.404173e-09
14935.00 3.402366e-09
14940.00 3.400547e-09
14945.00 3.398728e-09
14950.00 3.396921e-09
14955.00 3.395099e-09
14960.00 3.393287e-09
14965.00 3.391471e-09
14970.00 3.389659e-09
14975.00 3.387840e-09
14980.00 3.386032e-09
14985.00 3.384221e-09
14990.00 3.382397e-09
14995.00 3.380587e-09
15000.00 3.378766e-09
15005.00 3.376955e-09
15010.00 3.375142e-09
15015.00 3.373327e-09
15020.00 3.371507e-09
15025.00 3.369698e-09
15030.00 3.367879e-09
15035.00 3.366061e-09
15040.00 3.364248e-09
15045.00 3.362433e-09
15050.00 3.360613e-09
15055.00 3.358801e-09
15060.00 3.356992e-09
15065.00 3.355165e-09
15070.00 3.353356e-09
15075.00 3.351537e-09
15080.00 3.349723e-09
15085.00 3.347908e-09
15090.00 3.346091e-09
15095.00 3.344278e-09
15100.00 3.342458e-09
15105.00 3.340643e-09
15110.00 3.338834e-09
15115.00 3.337014e-09
15120.00 3.335199e-09
15125.00 3.333387e-09
15130.00 3.331568e-09
15135.00 3.329754e-09
15140.00 3.327939e-09
15145.00 3.326116e-09
15150.00 3.324299e-09
15155.00 3.322488e-09
15160.00 3.320670e-09
15165.00 3.318855e-09
15170.00 3.317038e-09
15175.00 3.315221e-09
15180.00 3.313410e-09
15185.00 3.311590e-09
15190.00 3.309778e-09
15195.00 3.307956e-09
15200.00 3.306148e-09
15205.00 3.304327e-09
15210.00 3.302508e-09
15215.00 3.300691e-09
15220.00 3.298881e-09
15225.00 3.297063e-09
15230.00 3.295247e-09
15235.00 3.293431e-09
15240.00 3.291615e-09
15245.00 3.289798e-09
15250.00 3.287977e-09
15255.00 3.286171e-09
15260.00 3.284349e-09
15265.00 3.282529e-09
15270.00 3.280711e-09
15275.00 3.278905e-09
15280.00 3.277082e-09
15285.00 3.275265e-09
15290.00 3.273452e-09
15295.00 3.271642e-09
15300.00 3.269818e-09
15305.00 3.268007e-09
15310.00 3.266188e-09
15315.00 3.264372e-09
15320.00 3.262555e-09
15325.00 3.260733e-09
15330.00 3.258928e-09
15335.00 3.257105e-09
15340.00 3.255284e-09
15345.00 3.253475e-09
15350.00 3.251658e-09
15355.00 3.249848e-09
15360.00 3.248026e-09
15365.00 3.246213e-09
15370.00 3.244394e-09
15375.00 3.242583e-09
15380.00 3.240767e-09
15385.00 3.238947e-09
15390.00 3.237134e-09
15395.00 3.235322e-09
15400.00 3.233501e-09
15405.00 3.231684e-09
15410.00 3.229870e-09
15415.00 3.228051e-09
15420.00 3.226241e-09
15425.00 3.224421e-09
15430.00 3.222609e-09
15435.00 3.220791e-09
15440.00 3.218972e-09
15445.00 3.217164e-09
15450.00 3.215349e-09
15455.00 3.213530e-09
15460.00 3.211714e-09
15465.00 3.209896e-09
15470.00 3.208084e-09
15475.00 3.206270e-09
15480.00 3.204453e-09
15485.00 3.202636e-09
15490.00 3.200825e-09
15495.00 3.199004e-09
15500.00 3.197196e-09
15505.00 3.195373e-09
15510.00 3.193564e-09
15515.00 3.191753e-09
15520.00 3.189934e-09
15525.00 3.188126e-09
15530.00 3.186305e-09
15535.00 3.184490e-09
15540.00 3.182672e-09
15545.00 3.180863e-09
15550.00 3.179049e-09
15555.00 3.177231e-09
15560.00 3.175416e-09
15565.00 3.173606e-09
15570.00 3.171786e-09
15575.00 3.169973e-09
15580.00 3.168164e-09
15585.00 3.166347e-09
15590.00 3.164530e-09
15595.00 3.162721e-09
15600.00 3.160905e-09
15605.00 3.159095e-09
15610.00 3.157285e-09
15615.00 3.155466e-09
15620.00 3.153654e-09
15625.00 3.151838e-09
15630.00 3.150028e-09
15635.00 3.148218e-09
15640.00 3.146399e-09
15645.00 3.144590e-09
15650.00 3.142776e-09
15655.00 3.140961e-09
15660.00 3.139150e-09
15665.00 3.137335e-09
15670.00 3.135527e-09
15675.00 3.133714e-09
15680.00 3.131903e-09
15685.00 3.130083e-09
15690.00 3.128277e-09
15695.00 3.126463e-09
15700.00 3.124648e-09
15705.00 3.122840e-09
15710.00 3.121028e-09
15715.00 3.119220e-09
15720.00 3.117402e-09
15725.00 3.115589e-09
15730.00 3.113776e-09
15735.00 3.111965e-09
15740.00 3.110157e-09
15745.00 3.108344e-09
15750.00 3.106537e-09
15755.00 3.104726e-09
15760.00 3.102917e-09
15765.00 3.101100e-09
15770.00 3.099292e-09
15775.00 3.097480e-09
15780.00 3.095672e-09
15785.00 3.093857e-09
15790.00 3.092049e-09
15795.00 3.090242e-09
15800.00 3.088424e-09
15805.00 3.086615e-09
15810.00 3.084814e-09
15815.00 3.082997e-09
15820.00 3.081192e-09
15825.00 3.079379e-09
15830.00 3.077568e-09
15835.00 3.075756e-09
15840.00 3.073949e-09
15845.00 3.072147e-09
15850.00 3.070337e-09
15855.00 3.068527e-09
15860.00 3.066715e-09
15865.00 3.064903e-09
15870.00 3.063102e-09
15875.00 3.061296e-09
15880.00 3.059483e-09
15885.00 3.057675e-09
15890.00 3.055864e-09
15895.00 3.054059e-09
15900.00 3.052253e-09
15905.00 3.050449e-09
15910.00 3.048632e-09
15915.00 3.046830e-09
15920.00 3.045024e-09
15925.00 3.043214e-09
15930.00 3.041408e-09
15935.00 3.039599e-09
15940.00 3.037793e-09
15945.00 3.035989e-09
15950.00 3.034183e-09
15955.00 3.032378e-09
15960.00 3.030569e-09
15965.00 3.028766e-09
15970.00 3.026956e-09
15975.00 3.025153e-09
15980.00 3.023353e-09
15985.00 3.021537e-09
15990.00 3.019740e-09
15995.00 3.017934e-09
16000.00 3.016127e-09
16005.00 3.014328e-09
16010.00 3.012522e-09
16015.00 3.010715e-09
16020.00 3.008906e-09
16025.00 3.007111e-09
16030.00 3.005304e-09
16035.00 3.003501e-09
16040.00 3.001692e-09
16045.00 2.999891e-09
16050.00 2.998089e-09
16055.00 2.996285e-09
16060.00 2.994482e-09
16065.00 2.992681e-09
16070.00 2.990881e-09
16075.00 2.989078e-09
16080.00 2.987268e-09
16085.00 2.985470e-09
16090.00 2.983667e-09
16095.00 2.981862e-09
16100.00 2.980065e-09
16105.00 2.978261e-09
16110.00 2.976458e-09
16115.00 2.974658e-09
16120.00 2.972861e-09
16125.00 2.971064e-09
16130.00 2.969254e-09
16135.00 2.967459e-09
16140.00 2.965658e-09
16145.00 2.963858e-09
16150.00 2.962057e-09
16155.00 2.960262e-09
16160.00 2.958462e-09
16165.00 2.956658e-09
16170.00 2.954860e-09
16175.00 2.953063e-09
16180.00 2.951263e-09
16185.00 2.949465e-09
16190.00 2.947666e-09
16195.00 2.945869e-09
16200.00 2.944073e-09
16205.00 2.942270e-09
16210.00 2.940474e-09
16215.00 2.938674e-09
16220.00 2.936877e-09
16225.00 2.935082e-09
16230.00 2.933287e-09
16235.00 2.931486e-09
16240.00 2.929697e-09
16245.00 2.927894e-09
16250.00 2.926108e-09
16255.00 2.924311e-09
16260.00 2.922513e-09
16265.00 2.920714e-09
16270.00 2.918919e-09
16275.00 2.917124e-09
16280.00 2.915330e-09
16285.00 2.913534e-09
16290.00 2.911741e-09
16295.00 2.909944e-09
16300.00 2.908157e-09
16305.00 2.906354e-09
16310.00 2.904568e-09
16315.00 2.902774e-09
16320.00 2.900977e-09
16325.00 2.899190e-09
16330.00 2.897393e-09
16335.00 2.895602e-09
16340.00 2.893807e-09
16345.00 2.892017e-09
16350.00 2.890225e-09
16355.00 2.888434e-09
16360.00 2.886640e-09
16365.00 2.884853e-09
16370.00 2.883058e-09
16375.00 2.881267e-09
16380.00 2.879476e-09
16385.00 2.877688e-09
16390.00 2.875899e-09
16395.00 2.874107e-09
16400.00 2.872314e-09
16405.00 2.870528e-09
16410.00 2.868738e-09
16415.00 2.866949e-09
16420.00 2.865165e-09
16425.00 2.863374e-09
16430.00 2.861585e-09
16435.00 2.859800e-09
16440.00 2.858009e-09
16445.00 2.856222e-09
16450.00 2.854438e-09
16455.00 2.852646e-09
16460.00 2.850863e-09
16465.00 2.849079e-09
16470.00 2.847288e-09
16475.00 2.845504e-09
16480.00 2.843719e-09
16485.00 2.841930e-09
16490.00 2.840147e-09
16495.00 2.838359e-09
16500.00 2.836576e-09
16505.00 2.834791e-09
16510.00 2.833008e-09
16515.00 2.831222e-09
16520.00 2.829437e-09
16525.00 2.827651e-09
16530.00 2.825870e-09
16535.00 2.824085e-09
16540.00 2.822306e-09
16545.00 2.820522e-09
16550.00 2.818740e-09
16555.00 2.816956e-09
16560.00 2.815179e-09
16565.00 2.813395e-09
16570.00 2.811613e-09
16575.00 2.809836e-09
16580.00 2.808053e-09
16585.00 2.806270e-09
16590.00 2.804489e-09
16595.00 2.802711e-09
16600.00 2.800932e-09
16605.00 2.799151e-09
16610.00 2.797373e-09
16615.00 2.795590e-09
16620.00 2.793808e-09
16625.00 2.792032e-09
16630.00 2.790255e-09
16635.00 2.788477e-09
16640.00 2.786701e-09
16645.00 2.784921e-09
16650.00 2.783144e-09
16655.00 2.781365e-09
16660.00 2.779588e-09
16665.00 2.777811e-09
16670.00 2.776039e-09
16675.00 2.774259e-09
16680.00 2.772484e-09
16685.00 2.770713e-09
16690.00 2.768933e-09
16695.00 2.767156e-09
16700.00 2.765379e-09
16705.00 2.763605e-09
16710.00 2.761834e-09
16715.00 2.760062e-09
16720.00 2.758287e-09
16725.00 2.756513e-09
16730.00 2.754739e-09
16735.00 2.752969e-09
16740.00 2.751196e-09
16745.00 2.749420e-09
16750.00 2.747646e-09
16755.00 2.745877e-09
16760.00 2.744106e-09
16765.00 2.742338e-09
16770.00 2.740566e-09
16775.00 2.738796e-09
16780.00 2.737024e-09
16785.00 2.735248e-09
16790.00 2.733482e-09
16795.00 2.731712e-09
16800.00 2.729939e-09
16805.00 2.728169e-09
16810.00 2.726402e-09
16815.00 2.724639e-09
16820.00 2.722870e-09
16825.00 2.721101e-09
16830.00 2.719332e-09
16835.00 2.717562e-09
16840.00 2.715797e-09
16845.00 2.714031e-09
16850.00 2.712264e-09
16855.00 2.710498e-09
16860.00 2.708733e-09
16865.00 2.706969e-09
16870.00 2.705203e-09
16875.00 2.703439e-09
16880.00 2.701668e-09
16885.00 2.699908e-09
16890.00 2.698143e-09
16895.00 2.696381e-09
16900.00 2.694619e-09
16905.00 2.692852e-09
16910.00 2.691090e-09
16915.00 2.689325e-09
16920.00 2.687563e-09
16925.00 2.685804e-09
16930.00 2.684039e-09
16935.00 2.682276e-09
16940.00 2.680512e-09
16945.00 2.678751e-09
16950.00 2.676990e-09
16955.00 2.675230e-09
16960.00 2.673471e-09
16965.00 2.671715e-09
16970.00 2.669954e-09
16975.00 2.668195e-09
16980.00 2.666438e-09
16985.00 2.664673e-09
16990.00 2.662914e-09
16995.00 2.661161e-09
17000.00 2.659405e-09
17005.00 2.657644e-09
17010.00 2.655889e-09
17015.00 2.654135e-09
17020.00 2.652373e-09
17025.00 2.650613e-09
17030.00 2.648863e-09
17035.00 2.647106e-09
17040.00 2.645349e-09
17045.00 2.643596e-09
17050.00 2.641838e-09
17055.00 2.640089e-09
17060.00 2.638331e-09
17065.00 2.636578e-09
17070.00 2.634824e-09
17075.00 2.633069e-09
17080.00 2.631321e-09
17085.00 2.629567e-09
17090.00 2.627812e-09
17095.00 2.626059e-09
17100.00 2.624313e-09
17105.00 2.622558e-09
17110.00 2.620806e-09
17115.00 2.619061e-09
17120.00 2.617311e-09
17125.00 2.615557e-09
17130.00 2.613803e-09
17135.00 2.612059e-09
17140.00 2.610314e-09
17145.00 2.608560e-09
17150.00 2.606808e-09
17155.00 2.605064e-09
17160.00 2.603314e-09
17165.00 2.601573e-09
17170.00 2.599819e-09
17175.00 2.598074e-09
17180.00 2.596327e-09
17185.00 2.594586e-09
17190.00 2.592836e-09
17195.00 2.591092e-09
17200.00 2.589347e-09
17205.00 2.587596e-09
17210.00 2.585854e-09
17215.00 2.584114e-09
17220.00 2.582367e-09
17225.00 2.580623e-09
17230.00 2.578879e-09
17235.00 2.577137e-09
17240.00 2.575389e-09
17245.00 2.573655e-09
17250.00 2.571906e-09
17255.00 2.570169e-09
17260.00 2.568425e-09
17265.00 2.566683e-09
17270.00 2.564948e-09
17275.00 2.563203e-09
17280.00 2.561467e-09
17285.00 2.559728e-09
17290.00 2.557987e-09
17295.00 2.556255e-09
17300.00 2.554508e-09
17305.00 2.552776e-09
17310.00 2.551037e-09
17315.00 2.549304e-09
17320.00 2.547564e-09
17325.00 2.545826e-09
17330.00 2.544088e-09
17335.00 2.542356e-09
17340.00 2.540618e-09
17345.00 2.538877e-09
17350.00 2.537144e-09
17355.00 2.535411e-09
17360.00 2.533677e-09
17365.00 2.531944e-09
17370.00 2.530209e-09
17375.00 2.528476e-09
17380.00 2.526742e-09
17385.00 2.525010e-09
17390.00 2.523278e-09
17395.00 2.521543e-09
17400.00 2.519814e-09
17405.00 2.518083e-09
17410.00 2.516355e-09
17415.00 2.514621e-09
17420.00 2.512891e-09
17425.00 2.511158e-09
17430.00 2.509433e-09
17435.00 2.507704e-09
17440.00 2.505973e-09
17445.00 2.504246e-09
17450.00 2.502520e-09
17455.00 2.500793e-09
17460.00 2.499061e-09
17465.00 2.497333e-09
17470.00 2.495608e-09
17475.00 2.493882e-09
17480.00 2.492157e-09
17485.00 2.490433e-09
17490.00 2.488706e-09
17495.00 2.486984e-09
17500.00 2.485258e-09
17505.00 2.483535e-09
17510.00 2.481809e-09
17515.00 2.480091e-09
17520.00 2.478367e-09
17525.00 2.476640e-09
17530.00 2.474918e-09
17535.00 2.473201e-09
17540.00 2.471477e-09
17545.00 2.469757e-09
17550.00 2.468034e-09
17555.00 2.466315e-09
17560.00 2.464596e-09
17565.00 2.462878e-09
17570.00 2.461152e-09
17575.00 2.459441e-09
17580.00 2.457721e-09
17585.00 2.455999e-09
17590.00 2.454281e-09
17595.00 2.452573e-09
17600.00 2.450850e-09
17605.00 2.449130e-09
17610.00 2.447415e-09
17615.00 2.445703e-09
17620.00 2.443984e-09
17625.00 2.442270e-09
17630.00 2.440557e-09
17635.00 2.438842e-09
17640.00 2.437127e-09
17645.00 2.435416e-09
17650.00 2.433709e-09
17655.00 2.431989e-09
17660.00 2.430276e-09
17665.00 2.428563e-09
17670.00 2.426852e-09
17675.00 2.425149e-09
17680.00 2.423437e-09
17685.00 2.421726e-09
17690.00 2.420018e-09
17695.00 2.418304e-09
17700.00 2.416594e-09
17705.00 2.414888e-09
17710.00 2.413177e-09
17715.00 2.411473e-09
17720.00 2.409760e-09
17725.00 2.408052e-09
17730.00 2.406346e-09
17735.00 2.404645e-09
17740.00 2.402939e-09
17745.00 2.401229e-09
17750.00 2.399521e-09
17755.00 2.397821e-09
17760.00 2.396118e-09
17765.00 2.394410e-09
17770.00 2.392710e-09
17775.00 2.391005e-09
17780.00 2.389309e-09
17785.00 2.387602e-09
17790.00 2.385903e-09
17795.00 2.384196e-09
17800.00 2.382495e-09
17805.00 2.380800e-09
17810.00 2.379095e-09
17815.00 2.377394e-09
17820.00 2.375697e-09
17825.00 2.373995e-09
17830.00 2.372298e-09
17835.00 2.370599e-09
17840.00 2.368904e-09
17845.00 2.367205e-09
17850.00 2.365504e-09
17855.00 2.363812e-09
17860.00 2.362116e-09
17865.00 2.360419e-09
17870.00 2.358727e-09
17875.00 2.357031e-09
17880.00 2.355333e-09
17885.00 2.353640e-09
17890.00 2.351944e-09
17895.00 2.350253e-09
17900.00 2.348558e-09
17905.00 2.346867e-09
17910.00 2.345177e-09
17915.00 2.343479e-09
17920.00 2.341790e-09
17925.00 2.340097e-09
17930.00 2.338410e-09
17935.00 2.336717e-09
17940.00 2.335032e-09
17945.00 2.333339e-09
17950.00 2.331650e-09
17955.00 2.329965e-09
17960.00 2.328277e-09
17965.00 2.326592e-09
17970.00 2.324902e-09
17975.00 2.323217e-09
17980.00 2.321532e-09
17985.00 2.319847e-09
17990.00 2.318157e-09
17995.00 2.316474e-09
18000.00 2.314789e-09
18005.00 2.313107e-09
18010.00 2.311424e-09
18015.00 2.309741e-09
18020.00 2.308056e-09
18025.00 2.306371e-09
18030.00 2.304697e-09
18035.00 2.303008e-09
18040.00 2.301328e-09
18045.00 2.299648e-09
18050.00 2.297969e-09
18055.00 2.296288e-09
18060.00 2.294609e-09
18065.00 2.292931e-09
18070.00 2.291255e-09
18075.00 2.289577e-09
18080.00 2.287901e-09
18085.00 2.286222e-09
18090.00 2.284542e-09
18095.00 2.282868e-09
18100.00 2.281191e-09
18105.00 2.279520e-09
18110.00 2.277846e-09
18115.00 2.276168e-09
18120.00 2.274495e-09
18125.00 2.272822e-09
18130.00 2.271151e-09
18135.00 2.269475e-09
18140.00 2.267805e-09
18145.00 2.266132e-09
18150.00 2.264460e-09
18155.00 2.262790e-09
18160.00 2.261122e-09
18165.00 2.259452e-09
18170.00 2.257781e-09
18175.00 2.256113e-09
18180.00 2.254444e-09
18185.00 2.252777e-09
18190.00 2.251111e-09
18195.00 2.249446e-09
18200.00 2.247772e-09
18205.00 2.246107e-09
18210.00 2.244440e-09
18215.00 2.242778e-09
18220.00 2.241109e-09
18225.00 2.239445e-09
18230.00 2.237783e-09
18235.00 2.236118e-09
18240.00 2.234457e-09
18245.00 2.232797e-09
18250.00 2.231133e-09
18255.00 2.229473e-09
18260.00 2.227809e-09
18265.00 2.226153e-09
18270.00 2.224490e-09
18275.00 2.222832e-09
18280.00 2.221172e-09
18285.00 2.219511e-09
18290.00 2.217854e-09
18295.00 2.216194e-09
18300.00 2.214535e-09
18305.00 2.212880e-09
18310.00 2.211223e-09
18315.00 2.209567e-09
18320.00 2.207917e-09
18325.00 2.206259e-09
18330.00 2.204603e-09
18335.00 2.202945e-09
18340.00 2.201292e-09
18345.00 2.199642e-09
18350.00 2.197990e-09
18355.00 2.196338e-09
18360.00 2.194685e-09
18365.00 2.193037e-09
18370.00 2.191381e-09
18375.00 2.189734e-09
18380.00 2.188085e-09
18385.00 2.186433e-09
18390.00 2.184786e-09
18395.00 2.183139e-09
18400.00 2.181489e-09
18405.00 2.179843e-09
18410.00 2.178193e-09
18415.00 2.176548e-09
18420.00 2.174903e-09
18425.00 2.173254e-09
18430.00 2.171612e-09
18435.00 2.169971e-09
18440.00 2.168328e-09
18445.00 2.166685e-09
18450.00 2.165037e-09
18455.00 2.163394e-09
18460.00 2.161754e-09
18465.00 2.160115e-09
18470.00 2.158475e-09
18475.00 2.156828e-09
18480.00 2.155194e-09
18485.00 2.153552e-09
18490.00 2.151913e-09
18495.00 2.150274e-09
18500.00 2.148639e-09
18505.00 2.146999e-09
18510.00 2.145359e-09
18515.00 2.143723e-09
18520.00 2.142088e-09
18525.00 2.140455e-09
18530.00 2.138820e-09
18535.00 2.137181e-09
18540.00 2.135548e-09
18545.00 2.133914e-09
18550.00 2.132279e-09
18555.00 2.130651e-09
18560.00 2.129018e-09
18565.00 2.127389e-09
18570.00 2.125753e-09
18575.00 2.124121e-09
18580.00 2.122492e-09
18585.00 2.120863e-09
18590.00 2.119237e-09
18595.00 2.117607e-09
18600.00 2.115976e-09
18605.00 2.114350e-09
18610.00 2.112720e-09
18615.00 2.111098e-09
18620.00 2.109470e-09
18625.00 2.107845e-09
18630.00 2.106221e-09
18635.00 2.104597e-09
18640.00 2.102974e-09
18645.00 2.101351e-09
18650.00 2.099724e-09
18655.00 2.098100e-09
18660.00 2.096481e-09
18665.00 2.094859e-09
18670.00 2.093238e-09
18675.00 2.091620e-09
18680.00 2.090004e-09
18685.00 2.088380e-09
18690.00 2.086758e-09
18695.00 2.085141e-09
18700.00 2.083528e-09
18705.00 2.081906e-09
18710.00 2.080290e-09
18715.00 2.078674e-09
18720.00 2.077056e-09
18725.00 2.075440e-09
18730.00 2.073827e-09
18735.00 2.072215e-09
18740.00 2.070599e-09
18745.00 2.068985e-09
18750.00 2.067372e-09
18755.00 2.065762e-09
18760.00 2.064154e-09
18765.00 2.062539e-09
18770.00 2.060933e-09
18775.00 2.059319e-09
18780.00 2.057709e-09
18785.00 2.056102e-09
18790.00 2.054495e-09
18795.00 2.052888e-09
18800.00 2.051278e-09
18805.00 2.049674e-09
18810.00 2.048066e-09
18815.00 2.046463e-09
18820.00 2.044854e-09
18825.00 2.043253e-09
18830.00 2.041644e-09
18835.00 2.040043e-09
18840.00 2.038437e-09
18845.00 2.036838e-09
18850.00 2.035235e-09
18855.00 2.033631e-09
18860.00 2.032034e-09
18865.00 2.030436e-09
18870.00 2.028832e-09
18875.00 2.027236e-09
18880.00 2.025637e-09
18885.00 2.024041e-09
18890.00 2.022440e-09
18895.00 2.020843e-09
18900.00 2.019250e-09
18905.00 2.017652e-09
18910.00 2.016055e-09
18915.00 2.014462e-09
18920.00 2.012865e-09
18925.00 2.011275e-09
18930.00 2.009680e-09
18935.00 2.008087e-09
18940.00 2.006495e-09
18945.00 2.004904e-09
18950.00 2.003313e-09
18955.00 2.001723e-09
18960.00 2.000135e-09
18965.00 1.998541e-09
18970.00 1.996955e-09
18975.00 1.995364e-09
18980.00 1.993776e-09
18985.00 1.992195e-09
18990.00 1.990605e-09
18995.00 1.989022e-09
19000.00 1.987435e-09
19005.00 1.985849e-09
19010.00 1.984263e-09
19015.00 1.982680e-09
19020.00 1.981099e-09
19025.00 1.979518e-09
19030.00 1.977934e-09
19035.00 1.976353e-09
19040.00 1.974775e-09
19045.00 1.973189e-09
19050.00 1.971611e-09
19055.00 1.970034e-09
19060.00 1.968454e-09
19065.00 1.966877e-09
19070.00 1.965298e-09
19075.00 1.963725e-09
19080.00 1.962147e-09
19085.00 1.960569e-09
19090.00 1.958996e-09
19095.00 1.957420e-09
19100.00 1.955843e-09
19105.00 1.954272e-09
19110.00 1.952700e-09
19115.00 1.951129e-09
19120.00 1.949558e-09
19125.00 1.947980e-09
19130.00 1.946416e-09
19135.00 1.944844e-09
19140.00 1.943273e-09
19145.00 1.941705e-09
19150.00 1.940136e-09
19155.00 1.938571e-09
19160.00 1.937002e-09
19165.00 1.935433e-09
19170.00 1.933870e-09
19175.00 1.932304e-09
19180.00 1.930738e-09
19185.00 1.929175e-09
19190.00 1.927614e-09
19195.00 1.926050e-09
19200.00 1.924485e-09
19205.00 1.922921e-09
19210.00 1.921366e-09
19215.00 1.919801e-09
19220.00 1.918240e-09
19225.00 1.916680e-09
19230.00 1.915123e-09
19235.00 1.913562e-09
19240.00 1.912005e-09
19245.00 1.910451e-09
19250.00 1.908895e-09
19255.00 1.907336e-09
19260.00 1.905782e-09
19265.00 1.904231e-09
19270.00 1.902673e-09
19275.00 1.901118e-09
19280.00 1.899566e-09
19285.00 1.898015e-09
19290.00 1.896459e-09
19295.00 1.894910e-09
19300.00 1.893360e-09
19305.00 1.891811e-09
19310.00 1.890260e-09
19315.00 1.888708e-09
19320.00 1.887161e-09
19325.00 1.885615e-09
19330.00 1.884067e-09
19335.00 1.882523e-09
19340.00 1.880972e-09
19345.00 1.879428e-09
19350.00 1.877886e-09
19355.00 1.876342e-09
19360.00 1.874797e-09
19365.00 1.873254e-09
19370.00 1.871715e-09
19375.00 1.870172e-09
19380.00 1.868630e-09
19385.00 1.867090e-09
19390.00 1.865549e-09
19395.00 1.864012e-09
19400.00 1.862472e-09
19405.00 1.860934e-09
19410.00 1.859397e-09
19415.00 1.857861e-09
19420.00 1.856327e-09
19425.00 1.854789e-09
19430.00 1.853254e-09
19435.00 1.851722e-09
19440.00 1.850186e-09
19445.00 1.848649e-09
19450.00 1.847119e-09
19455.00 1.845590e-09
19460.00 1.844057e-09
19465.00 1.842527e-09
19470.00 1.840996e-09
19475.00 1.839469e-09
19480.00 1.837938e-09
19485.00 1.836411e-09
19490.00 1.834882e-09
19495.00 1.833360e-09
19500.00 1.831828e-09
19505.00 1.830304e-09
19510.00 1.828782e-09
19515.00 1.827254e-09
19520.00 1.825732e-09
19525.00 1.824209e-09
19530.00 1.822687e-09
19535.00 1.821162e-09
19540.00 1.819645e-09
19545.00 1.818123e-09
19550.00 1.816600e-09
19555.00 1.815086e-09
19560.00 1.813564e-09
19565.00 1.812043e-09
19570.00 1.810530e-09
19575.00 1.809013e-09
19580.00 1.807496e-09
19585.00 1.805980e-09
19590.00 1.804463e-09
19595.00 1.802953e-09
19600.00 1.801439e-09
19605.00 1.799923e-09
19610.00 1.798412e-09
19615.00 1.796897e-09
19620.00 1.795391e-09
19625.00 1.793880e-09
19630.00 1.792370e-09
19635.00 1.790860e-09
19640.00 1.789352e-09
19645.00 1.787845e-09
19650.00 1.786339e-09
19655.00 1.784827e-09
19660.00 1.783323e-09
19665.00 1.781817e-09
19670.00 1.780311e-09
19675.00 1.778809e-09
19680.00 1.777302e-09
19685.00 1.775803e-09
19690.00 1.774301e-09
19695.00 1.772802e-09
19700.00 1.771300e-09
19705.00 1.769798e-09
19710.00 1.768299e-09
19715.00 1.766799e-09
19720.00 1.765298e-09
19725.00 1.763804e-09
19730.00 1.762304e-09
19735.00 1.760809e-09
19740.00 1.759316e-09
19745.00 1.757821e-09
19750.00 1.756327e-09
19755.00 1.754835e-09
19760.00 1.753338e-09
19765.00 1.751849e-09
19770.00 1.750357e-09
19775.00 1.748864e-09
19780.00 1.747375e-09
19785.00 1.745885e-09
19790.00 1.744395e-09
19795.00 1.742906e-09
19800.00 1.741421e-09
19805.00 1.739935e-09
19810.00 1.738444e-09
19815.00 1.736961e-09
19820.00 1.735477e-09
19825.00 1.733991e-09
19830.00 1.732507e-09
19835.00 1.731022e-09
19840.00 1.729541e-09
19845.00 1.728061e-09
19850.00 1.726577e-09
19855.00 1.725097e-09
19860.00 1.723622e-09
19865.00 1.722141e-09
19870.00 1.720662e-09
19875.00 1.719186e-09
19880.00 1.717707e-09
19885.00 1.716229e-09
19890.00 1.714754e-09
19895.00 1.713280e-09
19900.00 1.711806e-09
19905.00 1.710331e-09
19910.00 1.708859e-09
19915.00 1.707390e-09
19920.00 1.705914e-09
19925.00 1.704445e-09
19930.00 1.702974e-09
19935.00 1.701504e-09
19940.00 1.700035e-09
19945.00 1.698570e-09
19950.00 1.697097e-09
19955.00 1.695632e-09
19960.00 1.694168e-09
19965.00 1.692699e-09
19970.00 1.691238e-09
19975.00 1.689774e-09
19980.00 1.688309e-09
19985.00 1.686846e-09
19990.00 1.685382e-09
19995.00 1.683925e-09
20000.00 1.682462e-09
20005.00 1.681002e-09
20010.00 1.679543e-09
20015.00 1.678083e-09
20020.00 1.676627e-09
20025.00 1.675168e-09
20030.00 1.673716e-09
20035.00 1.672257e-09
20040.00 1.670802e-09
20045.00 1.669348e-09
20050.00 1.667893e-09
20055.00 1.666438e-09
20060.00 1.664989e-09
20065.00 1.663535e-09
20070.00 1.662081e-09
20075.00 1.660633e-09
20080.00 1.659185e-09
20085.00 1.657735e-09
20090.00 1.656285e-09
20095.00 1.654842e-09
20100.00 1.653392e-09
20105.00 1.651945e-09
20110.00 1.650502e-09
20115.00 1.649055e-09
20120.00 1.647615e-09
20125.00 1.646170e-09
20130.00 1.644726e-09
20135.00 1.643282e-09
20140.00 1.641842e-09
20145.00 1.640403e-09
20150.00 1.638964e-09
20155.00 1.637529e-09
20160.00 1.636086e-09
20165.00 1.634649e-09
20170.00 1.633212e-09
20175.00 1.631777e-09
20180.00 1.630339e-09
20185.00 1.628905e-09
20190.00 1.627471e-09
20195.00 1.626037e-09
20200.00 1.624603e-09
20205.00 1.623173e-09
20210.00 1.621740e-09
20215.00 1.620311e-09
20220.00 1.618882e-09
20225.00 1.617451e-09
20230.00 1.616027e-09
20235.00 1.614593e-09
20240.00 1.613167e-09
20245.00 1.611741e-09
20250.00 1.610316e-09
20255.00 1.608893e-09
20260.00 1.607471e-09
20265.00 1.606044e-09
20270.00 1.604622e-09
20275.00 1.603200e-09
20280.00 1.601781e-09
20285.00 1.600360e-09
20290.00 1.598936e-09
20295.00 1.597516e-09
20300.00 1.596100e-09
20305.00 1.594682e-09
20310.00 1.593267e-09
20315.00 1.591850e-09
20320.00 1.590435e-09
20325.00 1.589021e-09
20330.00 1.587607e-09
20335.00 1.586194e-09
20340.00 1.584781e-09
20345.00 1.583368e-09
20350.00 1.581959e-09
20355.00 1.580549e-09
20360.00 1.579139e-09
20365.00 1.577729e-09
20370.00 1.576321e-09
20375.00 1.574917e-09
20380.00 1.573505e-09
20385.00 1.572103e-09
20390.00 1.570695e-09
20395.00 1.569293e-09
20400.00 1.567888e-09
20405.00 1.566487e-09
20410.00 1.565084e-09
20415.00 1.563678e-09
20420.00 1.562280e-09
20425.00 1.560883e-09
20430.00 1.559480e-09
20435.00 1.558084e-09
20440.00 1.556687e-09
20445.00 1.555291e-09
20450.00 1.553890e-09
20455.00 1.552495e-09
20460.00 1.551101e-09
20465.00 1.549709e-09
20470.00 1.548317e-09
20475.00 1.546923e-09
20480.00 1.545531e-09
20485.00 1.544140e-09
20490.00 1.542750e-09
20495.00 1.541360e-09
20500.00 1.539971e-09
20505.00 1.538581e-09
20510.00 1.537194e-09
20515.00 1.535813e-09
20520.00 1.534424e-09
20525.00 1.533037e-09
20530.00 1.531655e-09
20535.00 1.530271e-09
20540.00 1.528887e-09
20545.00 1.527507e-09
20550.00 1.526124e-09
20555.00 1.524747e-09
20560.00 1.523368e-09
20565.00 1.521988e-09
20570.00 1.520606e-09
20575.00 1.519228e-09
20580.00 1.517851e-09
20585.00 1.516479e-09
20590.00 1.515103e-09
20595.00 1.513727e-09
20600.00 1.512356e-09
20605.00 1.510979e-09
20610.00 1.509608e-09
20615.00 1.508235e-09
20620.00 1.506866e-09
20625.00 1.505498e-09
20630.00 1.504126e-09
20635.00 1.502759e-09
20640.00 1.501390e-09
20645.00 1.500027e-09
20650.00 1.498663e-09
20655.00 1.497295e-09
20660.00 1.495930e-09
20665.00 1.494568e-09
20670.00 1.493206e-09
20675.00 1.491842e-09
20680.00 1.490480e-09
20685.00 1.489122e-09
20690.00 1.487762e-09
20695.00 1.486404e-09
20700.00 1.485041e-09
20705.00 1.483687e-09
20710.00 1.482331e-09
20715.00 1.480973e-09
20720.00 1.479618e-09
20725.00 1.478264e-09
20730.00 1.476915e-09
20735.00 1.475555e-09
20740.00 1.474207e-09
20745.00 1.472854e-09
20750.00 1.471505e-09
20755.00 1.470154e-09
20760.00 1.468807e-09
20765.00 1.467458e-09
20770.00 1.466111e-09
20775.00 1.464764e-09
20780.00 1.463420e-09
20785.00 1.462075e-09
20790.00 1.460727e-09
20795.00 1.459386e-09
20800.00 1.458044e-09
20805.00 1.456703e-09
20810.00 1.455363e-09
20815.00 1.454020e-09
20820.00 1.452681e-09
20825.00 1.451345e-09
20830.00 1.450004e-09
20835.00 1.448671e-09
20840.00 1.447333e-09
20845.00 1.445999e-09
20850.00 1.444662e-09
20855.00 1.443331e-09
20860.00 1.441998e-09
20865.00 1.440663e-09
20870.00 1.439332e-09
20875.00 1.438002e-09
20880.00 1.436670e-09
20885.00 1.435342e-09
20890.00 1.434011e-09
20895.00 1.432685e-09
20900.00 1.431362e-09
20905.00 1.430032e-09
20910.00 1.428711e-09
20915.00 1.427386e-09
20920.00 1.426059e-09
20925.00 1.424740e-09
20930.00 1.423418e-09
20935.00 1.422097e-09
20940.00 1.420777e-09
20945.00 1.419455e-09
20950.00 1.418141e-09
20955.00 1.416820e-09
20960.00 1.415504e-09
20965.00 1.414189e-09
20970.00 1.412870e-09
20975.00 1.411558e-09
20980.00 1.410243e-09
20985.00 1.408931e-09
20990.00 1.407618e-09
20995.00 1.406310e-09
21000.00 1.405000e-09
21005.00 1.403688e-09
21010.00 1.402381e-09
21015.00 1.401074e-09
21020.00 1.399764e-09
21025.00 1.398457e-09
21030.00 1.397154e-09
21035.00 1.395848e-09
21040.00 1.394544e-09
21045.00 1.393243e-09
21050.00 1.391939e-09
21055.00 1.390637e-09
21060.00 1.389337e-09
21065.00 1.388036e-09
21070.00 1.386734e-09
21075.00 1.385439e-09
21080.00 1.384144e-09
21085.00 1.382848e-09
21090.00 1.381550e-09
21095.00 1.380255e-09
21100.00 1.378961e-09
21105.00 1.377667e-09
21110.00 1.376376e-09
21115.00 1.375083e-09
21120.00 1.373796e-09
21125.00 1.372505e-09
21130.00 1.371215e-09
21135.00 1.369929e-09
21140.00 1.368638e-09
21145.00 1.367351e-09
21150.00 1.366070e-09
21155.00 1.364783e-09
21160.00 1.363498e-09
21165.00 1.362217e-09
21170.00 1.360933e-09
21175.00 1.359651e-09
21180.00 1.358371e-09
21185.00 1.357091e-09
21190.00 1.355814e-09
21195.00 1.354534e-09
21200.00 1.353255e-09
21205.00 1.351979e-09
21210.00 1.350704e-09
21215.00 1.349429e-09
21220.00 1.348155e-09
21225.00 1.346882e-09
21230.00 1.345610e-09
21235.00 1.344338e-09
21240.00 1.343067e-09
21245.00 1.341801e-09
21250.00 1.340532e-09
21255.00 1.339263e-09
21260.00 1.337996e-09
21265.00 1.336730e-09
21270.00 1.335462e-09
21275.00 1.334199e-09
21280.00 1.332936e-09
21285.00 1.331672e-09
21290.00 1.330411e-09
21295.00 1.329152e-09
21300.00 1.327890e-09
21305.00 1.326628e-09
21310.00 1.325370e-09
21315.00 1.324113e-09
21320.00 1.322855e-09
21325.00 1.321600e-09
21330.00 1.320347e-09
21335.00 1.319092e-09
21340.00 1.317836e-09
21345.00 1.316583e-09
21350.00 1.315333e-09
21355.00 1.314081e-09
21360.00 1.312832e-09
21365.00 1.311583e-09
21370.00 1.310335e-09
21375.00 1.309087e-09
21380.00 1.307841e-09
21385.00 1.306592e-09
21390.00 1.305348e-09
21395.00 1.304108e-09
21400.00 1.302861e-09
21405.00 1.301621e-09
21410.00 1.300379e-09
21415.00 1.299137e-09
21420.00 1.297899e-09
21425.00 1.296660e-09
21430.00 1.295421e-09
21435.00 1.294183e-09
21440.00 1.292948e-09
21445.00 1.291715e-09
21450.00 1.290480e-09
21455.00 1.289244e-09
21460.00 1.288015e-09
21465.00 1.286781e-09
21470.00 1.285549e-09
21475.00 1.284321e-09
21480.00 1.283090e-09
21485.00 1.281862e-09
21490.00 1.280634e-09
21495.00 1.279408e-09
21500.00 1.278183e-09
21505.00 1.276959e-09
21510.00 1.275734e-09
21515.00 1.274511e-09
21520.00 1.273288e-09
21525.00 1.272069e-09
21530.00 1.270847e-09
21535.00 1.269628e-09
21540.00 1.268412e-09
21545.00 1.267193e-09
21550.00 1.265975e-09
21555.00 1.264761e-09
21560.00 1.263546e-09
21565.00 1.262330e-09
21570.00 1.261116e-09
21575.00 1.259903e-09
21580.00 1.258694e-09
21585.00 1.257483e-09
21590.00 1.256274e-09
21595.00 1.255064e-09
21600.00 1.253855e-09
21605.00 1.252649e-09
21610.00 1.251442e-09
21615.00 1.250236e-09
21620.00 1.249032e-09
21625.00 1.247828e-09
21630.00 1.246628e-09
21635.00 1.245427e-09
21640.00 1.244223e-09
21645.00 1.243023e-09
21650.00 1.241826e-09
21655.00 1.240628e-09
21660.00 1.239429e-09
21665.00 1.238233e-09
21670.00 1.237039e-09
21675.00 1.235845e-09
21680.00 1.234651e-09
21685.00 1.233458e-09
21690.00 1.232268e-09
21695.00 1.231077e-09
21700.00 1.229885e-09
21705.00 1.228695e-09
21710.00 1.227507e-09
21715.00 1.226319e-09
21720.00 1.225135e-09
21725.00 1.223949e-09
21730.00 1.222764e-09
21735.00 1.221579e-09
21740.00 1.220398e-09
21745.00 1.219217e-09
21750.00 1.218036e-09
21755.00 1.216854e-09
21760.00 1.215676e-09
21765.00 1.214497e-09
21770.00 1.213322e-09
21775.00 1.212145e-09
21780.00 1.210972e-09
21785.00 1.209798e-09
21790.00 1.208621e-09
21795.00 1.207449e-09
21800.00 1.206278e-09
21805.00 1.205106e-09
21810.00 1.203936e-09
21815.00 1.202765e-09
21820.00 1.201598e-09
21825.00 1.200432e-09
21830.00 1.199265e-09
21835.00 1.198100e-09
21840.00 1.196938e-09
21845.00 1.195772e-09
21850.00 1.194609e-09
21855.00 1.193452e-09
21860.00 1.192287e-09
21865.00 1.191128e-09
21870.00 1.189970e-09
21875.00 1.188813e-09
21880.00 1.187653e-09
21885.00 1.186499e-09
21890.00 1.185343e-09
21895.00 1.184189e-09
21900.00 1.183037e-09
21905.00 1.181885e-09
21910.00 1.180733e-09
21915.00 1.179583e-09
21920.00 1.178434e-09
21925.00 1.177285e-09
21930.00 1.176135e-09
21935.00 1.174988e-09
21940.00 1.173846e-09
21945.00 1.172699e-09
21950.00 1.171554e-09
21955.00 1.170411e-09
21960.00 1.169269e-09
21965.00 1.168129e-09
21970.00 1.166987e-09
21975.00 1.165851e-09
21980.00 1.164709e-09
21985.00 1.163572e-09
21990.00 1.162438e-09
21995.00 1.161299e-09
22000.00 1.160167e-09
22005.00 1.159032e-09
22010.00 1.157901e-09
22015.00 1.156766e-09
22020.00 1.155635e-09
22025.00 1.154504e-09
22030.00 1.153377e-09
22035.00 1.152249e-09
22040.00 1.151118e-09
22045.00 1.149994e-09
22050.00 1.148867e-09
22055.00 1.147742e-09
22060.00 1.146618e-09
22065.00 1.145497e-09
22070.00 1.144376e-09
22075.00 1.143253e-09
22080.00 1.142134e-09
22085.00 1.141015e-09
22090.00 1.139896e-09
22095.00 1.138780e-09
22100.00 1.137662e-09
22105.00 1.136546e-09
22110.00 1.135434e-09
22115.00 1.134320e-09
22120.00 1.133208e-09
22125.00 1.132094e-09
22130.00 1.130982e-09
22135.00 1.129873e-09
22140.00 1.128763e-09
22145.00 1.127656e-09
22150.00 1.126548e-09
22155.00 1.125442e-09
22160.00 1.124337e-09
22165.00 1.123230e-09
22170.00 1.122127e-09
22175.00 1.121025e-09
22180.00 1.119924e-09
22185.00 1.118823e-09
22190.00 1.117721e-09
22195.00 1.116621e-09
22200.00 1.115525e-09
22205.00 1.114427e-09
22210.00 1.113329e-09
22215.00 1.112237e-09
22220.00 1.111141e-09
22225.00 1.110048e-09
22230.00 1.108953e-09
22235.00 1.107862e-09
22240.00 1.106774e-09
22245.00 1.105681e-09
22250.00 1.104591e-09
22255.00 1.103502e-09
22260.00 1.102414e-09
22265.00 1.101332e-09
22270.00 1.100242e-09
22275.00 1.099160e-09
22280.00 1.098075e-09
22285.00 1.096992e-09
22290.00 1.095909e-09
22295.00 1.094829e-09
22300.00 1.093749e-09
22305.00 1.092670e-09
22310.00 1.091591e-09
22315.00 1.090513e-09
22320.00 1.089439e-09
22325.00 1.088363e-09
22330.00 1.087285e-09
22335.00 1.086212e-09
22340.00 1.085138e-09
22345.00 1.084066e-09
22350.00 1.082995e-09
22355.00 1.081927e-09
22360.00 1.080855e-09
22365.00 1.079788e-09
22370.00 1.078721e-09
22375.00 1.077654e-09
22380.00 1.076588e-09
22385.00 1.075523e-09
22390.00 1.074458e-09
22395.00 1.073395e-09
22400.00 1.072333e-09
22405.00 1.071270e-09
22410.00 1.070211e-09
22415.00 1.069150e-09
22420.00 1.068092e-09
22425.00 1.067034e-09
22430.00 1.065978e-09
22435.00 1.064921e-09
22440.00 1.063867e-09
22445.00 1.062811e-09
22450.00 1.061760e-09
22455.00 1.060707e-09
22460.00 1.059655e-09
22465.00 1.058601e-09
22470.00 1.057552e-09
22475.00 1.056505e-09
22480.00 1.055459e-09
22485.00 1.054408e-09
22490.00 1.053361e-09
22495.00 1.052316e-09
22500.00 1.051271e-09
22505.00 1.050228e-09
22510.00 1.049185e-09
22515.00 1.048144e-09
22520.00 1.047103e-09
22525.00 1.046063e-09
22530.00 1.045023e-09
22535.00 1.043985e-09
22540.00 1.042948e-09
22545.00 1.041910e-09
22550.00 1.040875e-09
22555.00 1.039839e-09
22560.00 1.038806e-09
22565.00 1.037771e-09
22570.00 1.036738e-09
22575.00 1.035710e-09
22580.00 1.034678e-09
22585.00 1.033650e-09
22590.00 1.032621e-09
22595.00 1.031590e-09
22600.00 1.030563e-09
22605.00 1.029539e-09
22610.00 1.028514e-09
22615.00 1.027490e-09
22620.00 1.026464e-09
22625.00 1.025443e-09
22630.00 1.024419e-09
22635.00 1.023399e-09
22640.00 1.022382e-09
22645.00 1.021362e-09
22650.00 1.020343e-09
22655.00 1.019322e-09
22660.00 1.018308e-09
22665.00 1.017293e-09
22670.00 1.016278e-09
22675.00 1.015265e-09
22680.00 1.014251e-09
22685.00 1.013238e-09
22690.00 1.012225e-09
22695.00 1.011217e-09
22700.00 1.010211e-09
22705.00 1.009200e-09
22710.00 1.008190e-09
22715.00 1.007183e-09
22720.00 1.006177e-09
22725.00 1.005173e-09
22730.00 1.004167e-09
22735.00 1.003165e-09
22740.00 1.002163e-09
22745.00 1.001161e-09
22750.00 1.000160e-09
22755.00 9.991604e-10
22760.00 9.981614e-10
22765.00 9.971612e-10
22770.00 9.961635e-10
22775.00 9.951672e-10
22780.00 9.941734e-10
22785.00 9.931761e-10
22790.00 9.921834e-10
22795.00 9.911928e-10
22800.00 9.901963e-10
22805.00 9.892061e-10
22810.00 9.882144e-10
22815.00 9.872252e-10
22820.00 9.862381e-10
22825.00 9.852482e-10
22830.00 9.842624e-10
22835.00 9.832791e-10
22840.00 9.822927e-10
22845.00 9.813074e-10
22850.00 9.803228e-10
22855.00 9.793425e-10
22860.00 9.783588e-10
22865.00 9.773790e-10
22870.00 9.763964e-10
22875.00 9.754163e-10
22880.00 9.744383e-10
22885.00 9.734610e-10
22890.00 9.724840e-10
22895.00 9.715068e-10
22900.00 9.705322e-10
22905.00 9.695601e-10
22910.00 9.685865e-10
22915.00 9.676132e-10
22920.00 9.666404e-10
22925.00 9.656700e-10
22930.00 9.647004e-10
22935.00 9.637317e-10
22940.00 9.627626e-10
22945.00 9.617960e-10
22950.00 9.608285e-10
22955.00 9.598614e-10
22960.00 9.588962e-10
22965.00 9.579348e-10
22970.00 9.569692e-10
22975.00 9.560075e-10
22980.00 9.550454e-10
22985.00 9.540847e-10
22990.00 9.531264e-10
22995.00 9.521653e-10
23000.00 9.512083e-10
23005.00 9.502518e-10
23010.00 9.492965e-10
23015.00 9.483389e-10
23020.00 9.473849e-10
23025.00 9.464312e-10
23030.00 9.454770e-10
23035.00 9.445252e-10
23040.00 9.435758e-10
23045.00 9.426255e-10
23050.00 9.416751e-10
23055.00 9.407254e-10
23060.00 9.397763e-10
23065.00 9.388296e-10
23070.00 9.378845e-10
23075.00 9.369382e-10
23080.00 9.359941e-10
23085.00 9.350521e-10
23090.00 9.341107e-10
23095.00 9.331677e-10
23100.00 9.322257e-10
23105.00 9.312829e-10
23110.00 9.303458e-10
23115.00 9.294024e-10
23120.00 9.284649e-10
23125.00 9.275326e-10
23130.00 9.265941e-10
23135.00 9.256613e-10
23140.00 9.247230e-10
23145.00 9.237907e-10
23150.00 9.228589e-10
23155.00 9.219248e-10
23160.00 9.209943e-10
23165.00 9.200645e-10
23170.00 9.191330e-10
23175.00 9.182043e-10
23180.00 9.172775e-10
23185.00 9.163517e-10
23190.00 9.154256e-10
23195.00 9.144986e-10
23200.00 9.135739e-10
23205.00 9.126518e-10
23210.00 9.117284e-10
23215.00 9.108065e-10
23220.00 9.098839e-10
23225.00 9.089618e-10
23230.00 9.080453e-10
23235.00 9.071260e-10
23240.00 9.062078e-10
23245.00 9.052905e-10
23250.00 9.043752e-10
23255.00 9.034596e-10
23260.00 9.025437e-10
23265.00 9.016287e-10
23270.00 9.007175e-10
23275.00 8.998054e-10
23280.00 8.988936e-10
23285.00 8.979839e-10
23290.00 8.970745e-10
23295.00 8.961629e-10
23300.00 8.952583e-10
23305.00 8.943504e-10
23310.00 8.934433e-10
23315.00 8.925382e-10
23320.00 8.916338e-10
23325.00 8.907300e-10
23330.00 8.898262e-10
23335.00 8.889231e-10
23340.00 8.880237e-10
23345.00 8.871233e-10
23350.00 8.862218e-10
23355.00 8.853221e-10
23360.00 8.844233e-10
23365.00 8.835294e-10
23370.00 8.826317e-10
23375.00 8.817362e-10
23380.00 8.808422e-10
23385.00 8.799472e-10
23390.00 8.790528e-10
23395.00 8.781620e-10
23400.00 8.772716e-10
23405.00 8.763800e-10
23410.00 8.754892e-10
23415.00 8.745992e-10
23420.00 8.737136e-10
23425.00 8.728270e-10
23430.00 8.719410e-10
23435.00 8.710526e-10
23440.00 8.701661e-10
23445.00 8.692835e-10
23450.00 8.684000e-10
23455.00 8.675184e-10
23460.00 8.666347e-10
23465.00 8.657531e-10
23470.00 8.648738e-10
23475.00 8.639954e-10
23480.00 8.631160e-10
23485.00 8.622388e-10
23490.00 8.613623e-10
23495.00 8.604857e-10
23500.00 8.596095e-10
23505.00 8.587343e-10
23510.00 8.578625e-10
23515.00 8.569896e-10
23520.00 8.561168e-10
23525.00 8.552464e-10
23530.00 8.543764e-10
23535.00 8.535040e-10
23540.00 8.526377e-10
23545.00 8.517683e-10
23550.00 8.508999e-10
23555.00 8.500333e-10
23560.00 8.491705e-10
23565.00 8.483036e-10
23570.00 8.474402e-10
23575.00 8.465774e-10
23580.00 8.457137e-10
23585.00 8.448537e-10
23590.00 8.439923e-10
23595.00 8.431326e-10
23600.00 8.422725e-10
23605.00 8.414157e-10
23610.00 8.405555e-10
23615.00 8.396994e-10
23620.00 8.388454e-10
23625.00 8.379903e-10
23630.00 8.371350e-10
23635.00 8.362807e-10
23640.00 8.354285e-10
23645.00 8.345782e-10
23650.00 8.337272e-10
23655.00 8.328739e-10
23660.00 8.320237e-10
23665.00 8.311754e-10
23670.00 8.303294e-10
23675.00 8.294824e-10
23680.00 8.286345e-10
23685.00 8.277914e-10
23690.00 8.269445e-10
23695.00 8.261009e-10
23700.00 8.252568e-10
23705.00 8.244153e-10
23710.00 8.235739e-10
23715.00 8.227319e-10
23720.00 8.218903e-10
23725.00 8.210522e-10
23730.00 8.202143e-10
23735.00 8.193776e-10
23740.00 8.185382e-10
23745.00 8.177028e-10
23750.00 8.168674e-10
23755.00 8.160360e-10
23760.00 8.152006e-10
23765.00 8.143687e-10
23770.00 8.135375e-10
23775.00 8.127060e-10
23780.00 8.118736e-10
23785.00 8.110432e-10
23790.00 8.102163e-10
23795.00 8.093884e-10
23800.00 8.085609e-10
23805.00 8.077323e-10
23810.00 8.069059e-10
23815.00 8.060815e-10
23820.00 8.052575e-10
23825.00 8.044347e-10
23830.00 8.036101e-10
23835.00 8.027901e-10
23840.00 8.019693e-10
23845.00 8.011479e-10
23850.00 8.003277e-10
23855.00 7.995082e-10
23860.00 7.986921e-10
23865.00 7.978766e-10
23870.00 7.970589e-10
23875.00 7.962412e-10
23880.00 7.954296e-10
23885.00 7.946158e-10
23890.00 7.938028e-10
23895.00 7.929913e-10
23900.00 7.921789e-10
23905.00 7.913671e-10
23910.00 7.905557e-10
23915.00 7.897465e-10
23920.00 7.889388e-10
23925.00 7.881315e-10
23930.00 7.873232e-10
23935.00 7.865159e-10
23940.00 7.857117e-10
23945.00 7.849073e-10
23950.00 7.841045e-10
23955.00 7.832996e-10
23960.00 7.824957e-10
23965.00 7.816958e-10
23970.00 7.808960e-10
23975.00 7.800968e-10
23980.00 7.792966e-10
23985.00 7.784972e-10
23990.00 7.777005e-10
23995.00 7.769029e-10
24000.00 7.761057e-10
24005.00 7.753106e-10
24010.00 7.745171e-10
24015.00 7.737224e-10
24020.00 7.729277e-10
24025.00 7.721351e-10
24030.00 7.713446e-10
24035.00 7.705561e-10
24040.00 7.697640e-10
24045.00 7.689748e-10
24050.00 7.681872e-10
24055.00 7.673991e-10
24060.00 7.666116e-10
24065.00 7.658280e-10
24070.00 7.650423e-10
24075.00 7.642544e-10
24080.00 7.634727e-10
24085.00 7.626900e-10
24090.00 7.619060e-10
24095.00 7.611253e-10
24100.00 7.603452e-10
24105.00 7.595657e-10
24110.00 7.587854e-10
24115.00 7.580074e-10
24120.00 7.572288e-10
24125.00 7.564521e-10
24130.00 7.556747e-10
24135.00 7.549001e-10
24140.00 7.541264e-10
24145.00 7.533508e-10
24150.00 7.525782e-10
24155.00 7.518061e-10
24160.00 7.510328e-10
24165.00 7.502641e-10
24170.00 7.494933e-10
24175.00 7.487231e-10
24180.00 7.479563e-10
24185.00 7.471869e-10
24190.00 7.464221e-10
24195.00 7.456536e-10
24200.00 7.448901e-10
24205.00 7.441245e-10
24210.00 7.433600e-10
24215.00 7.425962e-10
24220.00 7.418355e-10
24225.00 7.410741e-10
24230.00 7.403109e-10
24235.00 7.395525e-10
24240.00 7.387928e-10
24245.00 7.380324e-10
24250.00 7.372763e-10
24255.00 7.365201e-10
24260.00 7.357631e-10
24265.00 7.350053e-10
24270.00 7.342504e-10
24275.00 7.334972e-10
24280.00 7.327443e-10
24285.00 7.319904e-10
24290.00 7.312384e-10
24295.00 7.304869e-10
24300.00 7.297372e-10
24305.00 7.289878e-10
24310.00 7.282399e-10
24315.00 7.274911e-10
24320.00 7.267429e-10
24325.00 7.259964e-10
24330.00 7.252493e-10
24335.00 7.245051e-10
24340.00 7.237606e-10
24345.00 7.230188e-10
24350.00 7.222754e-10
24355.00 7.215332e-10
24360.00 7.207914e-10
24365.00 7.200514e-10
24370.00 7.193093e-10
24375.00 7.185708e-10
24380.00 7.178331e-10
24385.00 7.170954e-10
24390.00 7.163585e-10
24395.00 7.156208e-10
24400.00 7.148852e-10
24405.00 7.141516e-10
24410.00 7.134179e-10
24415.00 7.126861e-10
24420.00 7.119521e-10
24425.00 7.112199e-10
24430.00 7.104867e-10
24435.00 7.097577e-10
24440.00 7.090278e-10
24445.00 7.082996e-10
24450.00 7.075709e-10
24455.00 7.068464e-10
24460.00 7.061181e-10
24465.00 7.053914e-10
24470.00 7.046662e-10
24475.00 7.039406e-10
24480.00 7.032199e-10
24485.00 7.024947e-10
24490.00 7.017749e-10
24495.00 7.010532e-10
24500.00 7.003322e-10
24505.00 6.996100e-10
24510.00 6.988922e-10
24515.00 6.981717e-10
24520.00 6.974552e-10
24525.00 6.967370e-10
24530.00 6.960230e-10
24535.00 6.953070e-10
24540.00 6.945931e-10
24545.00 6.938774e-10
24550.00 6.931629e-10
24555.00 6.924525e-10
24560.00 6.917415e-10
24565.00 6.910275e-10
24570.00 6.903178e-10
24575.00 6.896092e-10
24580.00 6.889000e-10
24585.00 6.881927e-10
24590.00 6.874846e-10
24595.00 6.867785e-10
24600.00 6.860700e-10
24605.00 6.853646e-10
24610.00 6.846635e-10
24615.00 6.839577e-10
24620.00 6.832562e-10
24625.00 6.825521e-10
24630.00 6.818487e-10
24635.00 6.811481e-10
24640.00 6.804500e-10
24645.00 6.797500e-10
24650.00 6.790509e-10
24655.00 6.783540e-10
24660.00 6.776557e-10
24665.00 6.769589e-10
24670.00 6.762657e-10
24675.00 6.755686e-10
24680.00 6.748739e-10
24685.00 6.741805e-10
24690.00 6.734874e-10
24695.00 6.727945e-10
24700.00 6.721024e-10
24705.00 6.714134e-10
24710.00 6.707224e-10
24715.00 6.700347e-10
24720.00 6.693453e-10
24725.00 6.686567e-10
24730.00 6.679699e-10
24735.00 6.672838e-10
24740.00 6.665984e-10
24745.00 6.659140e-10
24750.00 6.652281e-10
24755.00 6.645454e-10
24760.00 6.638610e-10
24765.00 6.631772e-10
24770.00 6.624977e-10
24775.00 6.618170e-10
24780.00 6.611373e-10
24785.00 6.604580e-10
24790.00 6.597772e-10
24795.00 6.591009e-10
24800.00 6.584246e-10
24805.00 6.577470e-10
24810.00 6.570700e-10
24815.00 6.563958e-10
24820.00 6.557226e-10
24825.00 6.550475e-10
24830.00 6.543741e-10
24835.00 6.537035e-10
24840.00 6.530310e-10
24845.00 6.523617e-10
24850.00 6.516900e-10
24855.00 6.510210e-10
24860.00 6.503543e-10
24865.00 6.496856e-10
24870.00 6.490178e-10
24875.00 6.483533e-10
24880.00 6.476865e-10
24885.00 6.470199e-10
24890.00 6.463555e-10
24895.00 6.456929e-10
24900.00 6.450311e-10
24905.00 6.443699e-10
24910.00 6.437068e-10
24915.00 6.430452e-10
24920.00 6.423863e-10
24925.00 6.417247e-10
24930.00 6.410662e-10
24935.00 6.404086e-10
24940.00 6.397506e-10
24945.00 6.390965e-10
24950.00 6.384385e-10
24955.00 6.377834e-10
24960.00 6.371299e-10
24965.00 6.364749e-10
24970.00 6.358214e-10
24975.00 6.351704e-10
24980.00 6.345180e-10
24985.00 6.338672e-10
24990.00 6.332171e-10
24995.00 5.535611e-10
25000.00 7.905500e-11
