# Star: A0V: Pickles (1998) UVK stellar library, STScI CDBS. A0V main-sequence star.
# wavelength[A] f_lambda[relative]
1150.00 4.844087e-10
1155.00 6.718311e-10
1160.00 4.591016e-10
1165.00 6.399629e-11
1170.00 1.451967e-11
1175.00 2.409651e-12
1180.00 0.000000e+00
1185.00 0.000000e+00
1190.00 0.000000e+00
1195.00 4.388117e-13
1200.00 7.059768e-12
1205.00 3.669635e-11
1210.00 7.616446e-11
1215.00 1.072788e-10
1220.00 1.277030e-10
1225.00 1.175737e-10
1230.00 1.204876e-10
1235.00 1.240381e-10
1240.00 1.210393e-10
1245.00 1.709011e-10
1250.00 3.009340e-10
1255.00 3.646922e-10
1260.00 3.870742e-10
1265.00 5.973787e-10
1270.00 9.688773e-10
1275.00 1.213959e-09
1280.00 1.599007e-09
1285.00 1.876909e-09
1290.00 2.044809e-09
1295.00 2.205406e-09
1300.00 1.970447e-09
1305.00 1.706021e-09
1310.00 2.017220e-09
1315.00 2.772414e-09
1320.00 3.148959e-09
1325.00 3.170782e-09
1330.00 3.063977e-09
1335.00 3.275201e-09
1340.00 3.849974e-09
1345.00 3.943438e-09
1350.00 3.639692e-09
1355.00 3.415292e-09
1360.00 3.463341e-09
1365.00 3.502504e-09
1370.00 3.555760e-09
1375.00 3.716082e-09
1380.00 3.740927e-09
1385.00 3.838419e-09
1390.00 3.888699e-09
1395.00 3.785823e-09
1400.00 3.846161e-09
1405.00 3.988369e-09
1410.00 3.988808e-09
1415.00 4.141728e-09
1420.00 4.397850e-09
1425.00 4.489953e-09
1430.00 4.270055e-09
1435.00 4.200337e-09
1440.00 4.549765e-09
1445.00 4.891230e-09
1450.00 5.140926e-09
1455.00 5.155619e-09
1460.00 5.030616e-09
1465.00 4.771011e-09
1470.00 4.610095e-09
1475.00 4.656569e-09
1480.00 4.865004e-09
1485.00 5.281947e-09
1490.00 5.629716e-09
1495.00 5.745707e-09
1500.00 5.790217e-09
1505.00 5.374015e-09
1510.00 4.879956e-09
1515.00 5.006485e-09
1520.00 5.337955e-09
1525.00 5.095063e-09
1530.00 4.950256e-09
1535.00 5.107610e-09
1540.00 5.454854e-09
1545.00 5.553730e-09
1550.00 5.429416e-09
1555.00 5.245623e-09
1560.00 5.162549e-09
1565.00 5.320188e-09
1570.00 5.289377e-09
1575.00 5.376600e-09
1580.00 5.688462e-09
1585.00 5.684529e-09
1590.00 5.590797e-09
1595.00 5.541699e-09
1600.00 5.606532e-09
1605.00 5.499861e-09
1610.00 5.459037e-09
1615.00 5.454607e-09
1620.00 5.392410e-09
1625.00 5.398296e-09
1630.00 5.430767e-09
1635.00 5.342737e-09
1640.00 5.241652e-09
1645.00 5.274990e-09
1650.00 5.036974e-09
1655.00 4.646551e-09
1660.00 4.804066e-09
1665.00 5.017423e-09
1670.00 4.738112e-09
1675.00 4.932194e-09
1680.00 5.277033e-09
1685.00 5.332552e-09
1690.00 5.288969e-09
1695.00 5.234204e-09
1700.00 5.200996e-09
1705.00 5.159484e-09
1710.00 5.203548e-09
1715.00 5.169316e-09
1720.00 5.035467e-09
1725.00 5.054723e-09
1730.00 5.211885e-09
1735.00 5.233884e-09
1740.00 5.302538e-09
1745.00 5.423655e-09
1750.00 5.567492e-09
1755.00 5.682784e-09
1760.00 5.422343e-09
1765.00 5.219218e-09
1770.00 5.391784e-09
1775.00 5.602344e-09
1780.00 5.534924e-09
1785.00 4.968784e-09
1790.00 4.541972e-09
1795.00 5.362816e-09
1800.00 5.806860e-09
1805.00 5.674286e-09
1810.00 5.619393e-09
1815.00 5.655652e-09
1820.00 5.683545e-09
1825.00 5.613653e-09
1830.00 5.475887e-09
1835.00 5.361259e-09
1840.00 5.153905e-09
1845.00 5.078443e-09
1850.00 5.180205e-09
1855.00 5.204727e-09
1860.00 5.236179e-09
1865.00 5.313095e-09
1870.00 5.430339e-09
1875.00 5.432689e-09
1880.00 5.425623e-09
1885.00 5.387030e-09
1890.00 5.270596e-09
1895.00 5.112761e-09
1900.00 5.010791e-09
1905.00 5.046088e-09
1910.00 5.059828e-09
1915.00 5.049427e-09
1920.00 5.051517e-09
1925.00 5.063447e-09
1930.00 5.133887e-09
1935.00 5.201538e-09
1940.00 5.253913e-09
1945.00 5.270468e-09
1950.00 5.280296e-09
1955.00 5.281093e-09
1960.00 5.261504e-09
1965.00 5.238437e-09
1970.00 5.418334e-09
1975.00 5.575103e-09
1980.00 5.506157e-09
1985.00 5.437818e-09
1990.00 5.090735e-09
1995.00 4.768571e-09
2000.00 4.913673e-09
2005.00 5.008554e-09
2010.00 4.922682e-09
2015.00 4.908133e-09
2020.00 4.887607e-09
2025.00 4.848915e-09
2030.00 4.928224e-09
2035.00 4.850714e-09
2040.00 4.740418e-09
2045.00 4.820246e-09
2050.00 4.896687e-09
2055.00 4.920079e-09
2060.00 4.870074e-09
2065.00 4.758784e-09
2070.00 4.825450e-09
2075.00 5.086543e-09
2080.00 5.294302e-09
2085.00 5.347026e-09
2090.00 5.257282e-09
2095.00 5.030332e-09
2100.00 4.820863e-09
2105.00 4.798231e-09
2110.00 4.891653e-09
2115.00 4.840467e-09
2120.00 4.779574e-09
2125.00 4.973377e-09
2130.00 4.903840e-09
2135.00 4.577461e-09
2140.00 4.334937e-09
2145.00 4.443358e-09
2150.00 4.709112e-09
2155.00 4.852490e-09
2160.00 4.901572e-09
2165.00 4.569994e-09
2170.00 4.320923e-09
2175.00 4.134159e-09
2180.00 4.163439e-09
2185.00 4.468403e-09
2190.00 4.692892e-09
2195.00 4.796855e-09
2200.00 4.822043e-09
2205.00 4.572748e-09
2210.00 4.258687e-09
2215.00 4.045336e-09
2220.00 3.986099e-09
2225.00 3.996134e-09
2230.00 4.047892e-09
2235.00 4.009487e-09
2240.00 4.059855e-09
2245.00 3.936895e-09
2250.00 4.027010e-09
2255.00 4.046647e-09
2260.00 4.003212e-09
2265.00 3.989288e-09
2270.00 4.026831e-09
2275.00 4.030503e-09
2280.00 4.065138e-09
2285.00 4.121955e-09
2290.00 4.277168e-09
2295.00 4.356673e-09
2300.00 4.280346e-09
2305.00 4.240278e-09
2310.00 4.283226e-09
2315.00 4.215095e-09
2320.00 3.938473e-09
2325.00 3.904700e-09
2330.00 4.020279e-09
2335.00 3.976135e-09
2340.00 3.854060e-09
2345.00 3.770748e-09
2350.00 3.698835e-09
2355.00 3.601972e-09
2360.00 3.609980e-09
2365.00 3.572901e-09
2370.00 3.584701e-09
2375.00 3.574116e-09
2380.00 3.706915e-09
2385.00 3.503487e-09
2390.00 3.170718e-09
2395.00 3.125509e-09
2400.00 3.306676e-09
2405.00 3.269127e-09
2410.00 3.106778e-09
2415.00 3.219261e-09
2420.00 3.377317e-09
2425.00 3.521855e-09
2430.00 3.661841e-09
2435.00 3.548738e-09
2440.00 3.462679e-09
2445.00 3.618988e-09
2450.00 3.768535e-09
2455.00 3.819470e-09
2460.00 3.825983e-09
2465.00 3.734501e-09
2470.00 3.550643e-09
2475.00 3.465580e-09
2480.00 3.470085e-09
2485.00 3.339480e-09
2490.00 3.192348e-09
2495.00 3.180622e-09
2500.00 3.574648e-09
2505.00 3.585038e-09
2510.00 3.488545e-09
2515.00 3.554602e-09
2520.00 3.421486e-09
2525.00 3.249310e-09
2530.00 3.228512e-09
2535.00 3.406324e-09
2540.00 3.427483e-09
2545.00 3.306845e-09
2550.00 3.341459e-09
2555.00 3.425526e-09
2560.00 3.468805e-09
2565.00 3.554817e-09
2570.00 3.700389e-09
2575.00 3.526926e-09
2580.00 2.858314e-09
2585.00 2.760860e-09
2590.00 3.270471e-09
2595.00 3.586716e-09
2600.00 3.614051e-09
2605.00 3.558012e-09
2610.00 3.563654e-09
2615.00 3.554679e-09
2620.00 3.633586e-09
2625.00 3.614829e-09
2630.00 3.570220e-09
2635.00 3.673288e-09
2640.00 3.720485e-09
2645.00 3.834564e-09
2650.00 3.968172e-09
2655.00 3.985932e-09
2660.00 3.858382e-09
2665.00 3.704957e-09
2670.00 3.545073e-09
2675.00 3.537428e-09
2680.00 3.696194e-09
2685.00 3.771029e-09
2690.00 3.665569e-09
2695.00 3.505668e-09
2700.00 3.544846e-09
2705.00 3.629248e-09
2710.00 3.496091e-09
2715.00 3.457682e-09
2720.00 3.451230e-09
2725.00 3.420557e-09
2730.00 3.479511e-09
2735.00 3.585874e-09
2740.00 3.569890e-09
2745.00 3.427107e-09
2750.00 3.333262e-09
2755.00 3.232293e-09
2760.00 3.279767e-09
2765.00 3.403345e-09
2770.00 3.458175e-09
2775.00 3.583411e-09
2780.00 3.738112e-09
2785.00 3.628464e-09
2790.00 3.516033e-09
2795.00 3.319259e-09
2800.00 3.018011e-09
2805.00 2.984828e-09
2810.00 3.219863e-09
2815.00 3.549157e-09
2820.00 3.688547e-09
2825.00 3.607848e-09
2830.00 3.514847e-09
2835.00 3.565687e-09
2840.00 3.640605e-09
2845.00 3.596911e-09
2850.00 3.475933e-09
2855.00 3.362002e-09
2860.00 3.356950e-09
2865.00 3.445429e-09
2870.00 3.483682e-09
2875.00 3.451812e-09
2880.00 3.431243e-09
2885.00 3.494095e-09
2890.00 3.553440e-09
2895.00 3.510404e-09
2900.00 3.481117e-09
2905.00 3.557070e-09
2910.00 3.725096e-09
2915.00 3.768115e-09
2920.00 3.760224e-09
2925.00 3.637832e-09
2930.00 3.589807e-09
2935.00 3.628621e-09
2940.00 3.642348e-09
2945.00 3.689599e-09
2950.00 3.599223e-09
2955.00 3.703701e-09
2960.00 3.790325e-09
2965.00 3.735677e-09
2970.00 3.708864e-09
2975.00 3.751054e-09
2980.00 3.730032e-09
2985.00 3.691307e-09
2990.00 3.745004e-09
2995.00 3.733091e-09
3000.00 3.729485e-09
3005.00 3.655592e-09
3010.00 3.692532e-09
3015.00 3.622606e-09
3020.00 3.511171e-09
3025.00 3.528964e-09
3030.00 3.550206e-09
3035.00 3.575491e-09
3040.00 3.664893e-09
3045.00 3.657685e-09
3050.00 3.615874e-09
3055.00 3.595562e-09
3060.00 3.502218e-09
3065.00 3.398862e-09
3070.00 3.345279e-09
3075.00 3.411055e-09
3080.00 3.608784e-09
3085.00 3.629427e-09
3090.00 3.550342e-09
3095.00 3.565882e-09
3100.00 3.515729e-09
3105.00 3.421781e-09
3110.00 3.329564e-09
3115.00 3.305987e-09
3120.00 3.372935e-09
3125.00 3.524553e-09
3130.00 3.632343e-09
3135.00 3.519393e-09
3140.00 3.462705e-09
3145.00 3.581318e-09
3150.00 3.607266e-09
3155.00 3.562879e-09
3160.00 3.512512e-09
3165.00 3.572350e-09
3170.00 3.650491e-09
3175.00 3.623213e-09
3180.00 3.504941e-09
3185.00 3.551709e-09
3190.00 3.711024e-09
3195.00 3.711915e-09
3200.00 3.591754e-09
3205.00 3.576456e-09
3210.00 3.574112e-09
3215.00 3.520852e-09
3220.00 3.451663e-09
3225.00 3.416984e-09
3230.00 3.418601e-09
3235.00 3.435289e-09
3240.00 3.437896e-09
3245.00 3.415039e-09
3250.00 3.406269e-09
3255.00 3.442292e-09
3260.00 3.481455e-09
3265.00 3.479431e-09
3270.00 3.457262e-09
3275.00 3.443859e-09
3280.00 3.423824e-09
3285.00 3.389731e-09
3290.00 3.397307e-09
3295.00 3.476427e-09
3300.00 3.528985e-09
3305.00 3.471196e-09
3310.00 3.383540e-09
3315.00 3.362922e-09
3320.00 3.383789e-09
3325.00 3.393750e-09
3330.00 3.395824e-09
3335.00 3.405515e-09
3340.00 3.412548e-09
3345.00 3.404462e-09
3350.00 3.390255e-09
3355.00 3.379302e-09
3360.00 3.360627e-09
3365.00 3.326035e-09
3370.00 3.294687e-09
3375.00 3.283535e-09
3380.00 3.276627e-09
3385.00 3.257851e-09
3390.00 3.243763e-09
3395.00 3.257373e-09
3400.00 3.303821e-09
3405.00 3.369417e-09
3410.00 3.411273e-09
3415.00 3.399841e-09
3420.00 3.367660e-09
3425.00 3.349322e-09
3430.00 3.324137e-09
3435.00 3.271891e-09
3440.00 3.228832e-09
3445.00 3.229125e-09
3450.00 3.244607e-09
3455.00 3.242336e-09
3460.00 3.239154e-09
3465.00 3.254107e-09
3470.00 3.261875e-09
3475.00 3.239056e-09
3480.00 3.211758e-09
3485.00 3.206194e-09
3490.00 3.199874e-09
3495.00 3.172838e-09
3500.00 3.159858e-09
3505.00 3.187944e-09
3510.00 3.208694e-09
3515.00 3.201185e-09
3520.00 3.193035e-09
3525.00 3.199045e-09
3530.00 3.223963e-09
3535.00 3.249053e-09
3540.00 3.252106e-09
3545.00 3.233440e-09
3550.00 3.213336e-09
3555.00 3.203115e-09
3560.00 3.189993e-09
3565.00 3.154672e-09
3570.00 3.119028e-09
3575.00 3.110227e-09
3580.00 3.105825e-09
3585.00 3.092903e-09
3590.00 3.097855e-09
3595.00 3.116143e-09
3600.00 3.122548e-09
3605.00 3.115205e-09
3610.00 3.079699e-09
3615.00 3.070761e-09
3620.00 3.087200e-09
3625.00 3.118201e-09
3630.00 3.130444e-09
3635.00 3.138533e-09
3640.00 3.143709e-09
3645.00 3.140512e-09
3650.00 3.162967e-09
3655.00 3.198092e-09
3660.00 3.207427e-09
3665.00 3.202160e-09
3670.00 3.191734e-09
3675.00 3.162417e-09
3680.00 3.129641e-09
3685.00 3.123670e-09
3690.00 3.150328e-09
3695.00 3.186501e-09
3700.00 3.212436e-09
3705.00 3.281128e-09
3710.00 3.360823e-09
3715.00 3.489299e-09
3720.00 3.555462e-09
3725.00 3.694688e-09
3730.00 3.708281e-09
3735.00 3.640170e-09
3740.00 3.944354e-09
3745.00 3.873073e-09
3750.00 3.648719e-09
3755.00 4.083322e-09
3760.00 4.453169e-09
3765.00 4.174099e-09
3770.00 3.834661e-09
3775.00 4.411508e-09
3780.00 5.296620e-09
3785.00 5.547128e-09
3790.00 4.913935e-09
3795.00 4.077575e-09
3800.00 4.157541e-09
3805.00 5.237643e-09
3810.00 6.211195e-09
3815.00 6.571228e-09
3820.00 6.355583e-09
3825.00 5.537163e-09
3830.00 4.381032e-09
3835.00 3.776449e-09
3840.00 4.535809e-09
3845.00 5.766266e-09
3850.00 6.791713e-09
3855.00 7.395550e-09
3860.00 7.707163e-09
3865.00 7.746658e-09
3870.00 7.363993e-09
3875.00 6.549331e-09
3880.00 5.411458e-09
3885.00 4.203552e-09
3890.00 3.897304e-09
3895.00 4.837888e-09
3900.00 6.067987e-09
3905.00 6.992133e-09
3910.00 7.660585e-09
3915.00 8.034531e-09
3920.00 8.194235e-09
3925.00 8.005629e-09
3930.00 7.354690e-09
3935.00 7.241012e-09
3940.00 7.636057e-09
3945.00 7.642105e-09
3950.00 7.192504e-09
3955.00 6.482712e-09
3960.00 5.386106e-09
3965.00 4.093159e-09
3970.00 3.626863e-09
3975.00 4.477323e-09
3980.00 5.710592e-09
3985.00 6.740846e-09
3990.00 7.466095e-09
3995.00 7.891220e-09
4000.00 8.130993e-09
4005.00 8.234743e-09
4010.00 8.323067e-09
4015.00 8.363192e-09
4020.00 8.367925e-09
4025.00 8.306885e-09
4030.00 8.240316e-09
4035.00 8.225819e-09
4040.00 8.207738e-09
4045.00 8.186483e-09
4050.00 8.194118e-09
4055.00 8.135309e-09
4060.00 8.026860e-09
4065.00 7.848410e-09
4070.00 7.594602e-09
4075.00 7.299193e-09
4080.00 6.963447e-09
4085.00 6.474739e-09
4090.00 5.680498e-09
4095.00 4.649076e-09
4100.00 3.865210e-09
4105.00 3.969938e-09
4110.00 4.752807e-09
4115.00 5.624897e-09
4120.00 6.345044e-09
4125.00 6.834637e-09
4130.00 7.173222e-09
4135.00 7.478749e-09
4140.00 7.699633e-09
4145.00 7.826028e-09
4150.00 7.890196e-09
4155.00 7.901424e-09
4160.00 7.898721e-09
4165.00 7.867651e-09
4170.00 7.753676e-09
4175.00 7.651672e-09
4180.00 7.601204e-09
4185.00 7.603592e-09
4190.00 7.653938e-09
4195.00 7.687644e-09
4200.00 7.714256e-09
4205.00 7.812860e-09
4210.00 7.842670e-09
4215.00 7.761934e-09
4220.00 7.663798e-09
4225.00 7.556050e-09
4230.00 7.504188e-09
4235.00 7.497173e-09
4240.00 7.476883e-09
4245.00 7.405129e-09
4250.00 7.366247e-09
4255.00 7.362494e-09
4260.00 7.347953e-09
4265.00 7.341364e-09
4270.00 7.316213e-09
4275.00 7.371622e-09
4280.00 7.426482e-09
4285.00 7.389521e-09
4290.00 7.252542e-09
4295.00 7.085889e-09
4300.00 6.873472e-09
4305.00 6.735675e-09
4310.00 6.650673e-09
4315.00 6.533947e-09
4320.00 6.265312e-09
4325.00 5.723686e-09
4330.00 4.947045e-09
4335.00 4.044425e-09
4340.00 3.496350e-09
4345.00 3.728115e-09
4350.00 4.430265e-09
4355.00 5.225136e-09
4360.00 5.873028e-09
4365.00 6.324723e-09
4370.00 6.561587e-09
4375.00 6.659509e-09
4380.00 6.681046e-09
4385.00 6.675964e-09
4390.00 6.711967e-09
4395.00 6.736668e-09
4400.00 6.741228e-09
4405.00 6.758738e-09
4410.00 6.755295e-09
4415.00 6.709838e-09
4420.00 6.719490e-09
4425.00 6.729353e-09
4430.00 6.678806e-09
4435.00 6.645995e-09
4440.00 6.626175e-09
4445.00 6.637427e-09
4450.00 6.654004e-09
4455.00 6.626100e-09
4460.00 6.567989e-09
4465.00 6.504150e-09
4470.00 6.454184e-09
4475.00 6.427861e-09
4480.00 6.362099e-09
4485.00 6.379404e-09
4490.00 6.424989e-09
4495.00 6.457463e-09
4500.00 6.471734e-09
4505.00 6.479493e-09
4510.00 6.479584e-09
4515.00 6.432483e-09
4520.00 6.361769e-09
4525.00 6.303242e-09
4530.00 6.263189e-09
4535.00 6.273554e-09
4540.00 6.263472e-09
4545.00 6.171704e-09
4550.00 6.098565e-09
4555.00 6.110393e-09
4560.00 6.135766e-09
4565.00 6.119404e-09
4570.00 6.079207e-09
4575.00 6.051084e-09
4580.00 5.994459e-09
4585.00 5.939863e-09
4590.00 5.957483e-09
4595.00 5.988894e-09
4600.00 5.995106e-09
4605.00 6.009716e-09
4610.00 5.992870e-09
4615.00 5.954246e-09
4620.00 5.943678e-09
4625.00 5.905592e-09
4630.00 5.864588e-09
4635.00 5.852625e-09
4640.00 5.853201e-09
4645.00 5.845270e-09
4650.00 5.851063e-09
4655.00 5.845013e-09
4660.00 5.825384e-09
4665.00 5.776849e-09
4670.00 5.727756e-09
4675.00 5.704434e-09
4680.00 5.716895e-09
4685.00 5.750674e-09
4690.00 5.729551e-09
4695.00 5.715803e-09
4700.00 5.704132e-09
4705.00 5.695078e-09
4710.00 5.655594e-09
4715.00 5.585201e-09
4720.00 5.545594e-09
4725.00 5.540097e-09
4730.00 5.510636e-09
4735.00 5.469238e-09
4740.00 5.464686e-09
4745.00 5.478030e-09
4750.00 5.475122e-09
4755.00 5.440908e-09
4760.00 5.380385e-09
4765.00 5.351983e-09
4770.00 5.346463e-09
4775.00 5.353361e-09
4780.00 5.343550e-09
4785.00 5.338332e-09
4790.00 5.346931e-09
4795.00 5.327270e-09
4800.00 5.251729e-09
4805.00 5.189289e-09
4810.00 5.139162e-09
4815.00 5.097219e-09
4820.00 5.031568e-09
4825.00 4.925201e-09
4830.00 4.812649e-09
4835.00 4.678028e-09
4840.00 4.486446e-09
4845.00 4.175762e-09
4850.00 3.690840e-09
4855.00 3.074726e-09
4860.00 2.662651e-09
4865.00 2.824164e-09
4870.00 3.299457e-09
4875.00 3.769871e-09
4880.00 4.158440e-09
4885.00 4.427628e-09
4890.00 4.611881e-09
4895.00 4.726845e-09
4900.00 4.772754e-09
4905.00 4.809209e-09
4910.00 4.835829e-09
4915.00 4.824184e-09
4920.00 4.776694e-09
4925.00 4.778029e-09
4930.00 4.801452e-09
4935.00 4.798626e-09
4940.00 4.837374e-09
4945.00 4.876526e-09
4950.00 4.858340e-09
4955.00 4.817371e-09
4960.00 4.829661e-09
4965.00 4.849206e-09
4970.00 4.851914e-09
4975.00 4.844120e-09
4980.00 4.785802e-09
4985.00 4.738054e-09
4990.00 4.736943e-09
4995.00 4.704995e-09
5000.00 4.661609e-09
5005.00 4.655550e-09
5010.00 4.640238e-09
5015.00 4.587257e-09
5020.00 4.576247e-09
5025.00 4.617160e-09
5030.00 4.619622e-09
5035.00 4.611447e-09
5040.00 4.599484e-09
5045.00 4.594076e-09
5050.00 4.569598e-09
5055.00 4.560960e-09
5060.00 4.575233e-09
5065.00 4.557898e-09
5070.00 4.553018e-09
5075.00 4.527382e-09
5080.00 4.512679e-09
5085.00 4.535607e-09
5090.00 4.542129e-09
5095.00 4.510439e-09
5100.00 4.485466e-09
5105.00 4.494857e-09
5110.00 4.504412e-09
5115.00 4.522784e-09
5120.00 4.498655e-09
5125.00 4.456693e-09
5130.00 4.441550e-09
5135.00 4.424382e-09
5140.00 4.400011e-09
5145.00 4.385635e-09
5150.00 4.360285e-09
5155.00 4.327036e-09
5160.00 4.287848e-09
5165.00 4.198475e-09
5170.00 4.152338e-09
5175.00 4.196210e-09
5180.00 4.202955e-09
5185.00 4.179947e-09
5190.00 4.188540e-09
5195.00 4.186222e-09
5200.00 4.152918e-09
5205.00 4.121651e-09
5210.00 4.134924e-09
5215.00 4.164334e-09
5220.00 4.176352e-09
5225.00 4.144661e-09
5230.00 4.120811e-09
5235.00 4.112292e-09
5240.00 4.103609e-09
5245.00 4.100471e-09
5250.00 4.089978e-09
5255.00 4.090551e-09
5260.00 4.051229e-09
5265.00 3.969574e-09
5270.00 3.924402e-09
5275.00 3.922029e-09
5280.00 3.943874e-09
5285.00 3.984396e-09
5290.00 4.026510e-09
5295.00 4.036431e-09
5300.00 4.011278e-09
5305.00 3.972520e-09
5310.00 3.930910e-09
5315.00 3.908078e-09
5320.00 3.909217e-09
5325.00 3.886533e-09
5330.00 3.866682e-09
5335.00 3.865986e-09
5340.00 3.877084e-09
5345.00 3.895514e-09
5350.00 3.923257e-09
5355.00 3.927471e-09
5360.00 3.878590e-09
5365.00 3.823266e-09
5370.00 3.795429e-09
5375.00 3.805014e-09
5380.00 3.817946e-09
5385.00 3.826306e-09
5390.00 3.821380e-09
5395.00 3.786000e-09
5400.00 3.745507e-09
5405.00 3.721178e-09
5410.00 3.724270e-09
5415.00 3.733130e-09
5420.00 3.727915e-09
5425.00 3.703351e-09
5430.00 3.681701e-09
5435.00 3.682434e-09
5440.00 3.685003e-09
5445.00 3.686268e-09
5450.00 3.687093e-09
5455.00 3.685802e-09
5460.00 3.682305e-09
5465.00 3.668879e-09
5470.00 3.647771e-09
5475.00 3.632166e-09
5480.00 3.631061e-09
5485.00 3.631856e-09
5490.00 3.612470e-09
5495.00 3.599687e-09
5500.00 3.588838e-09
5505.00 3.562333e-09
5510.00 3.541436e-09
5515.00 3.552596e-09
5520.00 3.552078e-09
5525.00 3.531156e-09
5530.00 3.513632e-09
5535.00 3.512105e-09
5540.00 3.500991e-09
5545.00 3.497596e-09
5550.00 3.517838e-09
5555.00 3.524288e-09
5560.00 3.512456e-09
5565.00 3.487136e-09
5570.00 3.469226e-09
5575.00 3.464568e-09
5580.00 3.456884e-09
5585.00 3.432473e-09
5590.00 3.411761e-09
5595.00 3.385813e-09
5600.00 3.378127e-09
5605.00 3.380614e-09
5610.00 3.374083e-09
5615.00 3.351113e-09
5620.00 3.348751e-09
5625.00 3.356193e-09
5630.00 3.356940e-09
5635.00 3.359028e-09
5640.00 3.355517e-09
5645.00 3.340477e-09
5650.00 3.317320e-09
5655.00 3.287136e-09
5660.00 3.258125e-09
5665.00 3.259212e-09
5670.00 3.271557e-09
5675.00 3.272285e-09
5680.00 3.248729e-09
5685.00 3.226377e-09
5690.00 3.224262e-09
5695.00 3.212985e-09
5700.00 3.201707e-09
5705.00 3.200995e-09
5710.00 3.213712e-09
5715.00 3.224664e-09
5720.00 3.216418e-09
5725.00 3.204574e-09
5730.00 3.190904e-09
5735.00 3.176789e-09
5740.00 3.159283e-09
5745.00 3.139260e-09
5750.00 3.124496e-09
5755.00 3.123504e-09
5760.00 3.137810e-09
5765.00 3.129926e-09
5770.00 3.103143e-09
5775.00 3.075291e-09
5780.00 3.050163e-09
5785.00 3.049252e-09
5790.00 3.047864e-09
5795.00 3.027949e-09
5800.00 3.023555e-09
5805.00 3.030946e-09
5810.00 3.024453e-09
5815.00 3.020808e-09
5820.00 3.031100e-09
5825.00 3.043292e-09
5830.00 3.051743e-09
5835.00 3.041334e-09
5840.00 3.023782e-09
5845.00 3.009718e-09
5850.00 3.006151e-09
5855.00 2.998609e-09
5860.00 3.006232e-09
5865.00 2.998874e-09
5870.00 2.980025e-09
5875.00 2.956065e-09
5880.00 2.922917e-09
5885.00 2.866969e-09
5890.00 2.821890e-09
5895.00 2.826544e-09
5900.00 2.875566e-09
5905.00 2.889559e-09
5910.00 2.880202e-09
5915.00 2.877958e-09
5920.00 2.873675e-09
5925.00 2.860727e-09
5930.00 2.854736e-09
5935.00 2.851229e-09
5940.00 2.834328e-09
5945.00 2.812575e-09
5950.00 2.803197e-09
5955.00 2.800472e-09
5960.00 2.797074e-09
5965.00 2.801109e-09
5970.00 2.795126e-09
5975.00 2.784902e-09
5980.00 2.778529e-09
5985.00 2.773685e-09
5990.00 2.762238e-09
5995.00 2.765915e-09
6000.00 2.765239e-09
6005.00 2.754905e-09
6010.00 2.745337e-09
6015.00 2.736166e-09
6020.00 2.725302e-09
6025.00 2.719560e-09
6030.00 2.714000e-09
6035.00 2.709630e-09
6040.00 2.700986e-09
6045.00 2.701271e-09
6050.00 2.694232e-09
6055.00 2.686346e-09
6060.00 2.682344e-09
6065.00 2.675938e-09
6070.00 2.673391e-09
6075.00 2.658130e-09
6080.00 2.639090e-09
6085.00 2.630173e-09
6090.00 2.629160e-09
6095.00 2.626799e-09
6100.00 2.619972e-09
6105.00 2.608531e-09
6110.00 2.606345e-09
6115.00 2.608004e-09
6120.00 2.601737e-09
6125.00 2.597675e-09
6130.00 2.598668e-09
6135.00 2.590273e-09
6140.00 2.571791e-09
6145.00 2.550439e-09
6150.00 2.531916e-09
6155.00 2.515236e-09
6160.00 2.510394e-09
6165.00 2.522655e-09
6170.00 2.524825e-09
6175.00 2.535114e-09
6180.00 2.530003e-09
6185.00 2.519064e-09
6190.00 2.523634e-09
6195.00 2.537938e-09
6200.00 2.528134e-09
6205.00 2.508177e-09
6210.00 2.494499e-09
6215.00 2.483059e-09
6220.00 2.467298e-09
6225.00 2.452430e-09
6230.00 2.441887e-09
6235.00 2.437547e-09
6240.00 2.433809e-09
6245.00 2.431636e-09
6250.00 2.434372e-09
6255.00 2.441465e-09
6260.00 2.437808e-09
6265.00 2.418185e-09
6270.00 2.391199e-09
6275.00 2.355345e-09
6280.00 2.325485e-09
6285.00 2.348242e-09
6290.00 2.367003e-09
6295.00 2.367286e-09
6300.00 2.354759e-09
6305.00 2.346366e-09
6310.00 2.340665e-09
6315.00 2.333848e-09
6320.00 2.339621e-09
6325.00 2.348776e-09
6330.00 2.343321e-09
6335.00 2.337490e-09
6340.00 2.328383e-09
6345.00 2.309035e-09
6350.00 2.303476e-09
6355.00 2.315324e-09
6360.00 2.319785e-09
6365.00 2.312711e-09
6370.00 2.300160e-09
6375.00 2.300343e-09
6380.00 2.300555e-09
6385.00 2.290366e-09
6390.00 2.281977e-09
6395.00 2.283075e-09
6400.00 2.285268e-09
6405.00 2.277241e-09
6410.00 2.265084e-09
6415.00 2.258065e-09
6420.00 2.252432e-09
6425.00 2.256071e-09
6430.00 2.253074e-09
6435.00 2.253195e-09
6440.00 2.252484e-09
6445.00 2.235874e-09
6450.00 2.220712e-09
6455.00 2.207427e-09
6460.00 2.204124e-09
6465.00 2.205287e-09
6470.00 2.197593e-09
6475.00 2.181969e-09
6480.00 2.171797e-09
6485.00 2.168554e-09
6490.00 2.152958e-09
6495.00 2.139184e-09
6500.00 2.147978e-09
6505.00 2.150270e-09
6510.00 2.131517e-09
6515.00 2.105755e-09
6520.00 2.087661e-09
6525.00 2.066626e-09
6530.00 2.039757e-09
6535.00 2.007839e-09
6540.00 1.943385e-09
6545.00 1.844377e-09
6550.00 1.717056e-09
6555.00 1.547597e-09
6560.00 1.371855e-09
6565.00 1.361782e-09
6570.00 1.531217e-09
6575.00 1.702344e-09
6580.00 1.828708e-09
6585.00 1.913949e-09
6590.00 1.973847e-09
6595.00 2.006684e-09
6600.00 2.023523e-09
6605.00 2.030277e-09
6610.00 2.039412e-09
6615.00 2.051269e-09
6620.00 2.051484e-09
6625.00 2.055389e-09
6630.00 2.049597e-09
6635.00 2.045317e-09
6640.00 2.048965e-09
6645.00 2.046817e-09
6650.00 2.041804e-09
6655.00 2.032749e-09
6660.00 2.025883e-09
6665.00 2.011983e-09
6670.00 2.007547e-09
6675.00 2.000784e-09
6680.00 2.002684e-09
6685.00 2.008493e-09
6690.00 2.009430e-09
6695.00 2.004799e-09
6700.00 1.995769e-09
6705.00 1.991323e-09
6710.00 1.981524e-09
6715.00 1.971296e-09
6720.00 1.971513e-09
6725.00 1.974270e-09
6730.00 1.964675e-09
6735.00 1.957604e-09
6740.00 1.949439e-09
6745.00 1.947239e-09
6750.00 1.945432e-09
6755.00 1.940833e-09
6760.00 1.938076e-09
6765.00 1.933148e-09
6770.00 1.927800e-09
6775.00 1.924220e-09
6780.00 1.923489e-09
6785.00 1.918576e-09
6790.00 1.923711e-09
6795.00 1.925089e-09
6800.00 1.921111e-09
6805.00 1.919162e-09
6810.00 1.912885e-09
6815.00 1.910416e-09
6820.00 1.906360e-09
6825.00 1.897372e-09
6830.00 1.890516e-09
6835.00 1.884944e-09
6840.00 1.880694e-09
6845.00 1.881693e-09
6850.00 1.886999e-09
6855.00 1.889936e-09
6860.00 1.886380e-09
6865.00 1.878646e-09
6870.00 1.873033e-09
6875.00 1.873114e-09
6880.00 1.875927e-09
6885.00 1.874081e-09
6890.00 1.861968e-09
6895.00 1.841093e-09
6900.00 1.820020e-09
6905.00 1.808446e-09
6910.00 1.810211e-09
6915.00 1.820812e-09
6920.00 1.830644e-09
6925.00 1.831679e-09
6930.00 1.822613e-09
6935.00 1.808976e-09
6940.00 1.798635e-09
6945.00 1.796410e-09
6950.00 1.801172e-09
6955.00 1.807114e-09
6960.00 1.808273e-09
6965.00 1.802696e-09
6970.00 1.793313e-09
6975.00 1.786169e-09
6980.00 1.783133e-09
6985.00 1.783169e-09
6990.00 1.774227e-09
6995.00 1.771039e-09
7000.00 1.765923e-09
7005.00 1.756961e-09
7010.00 1.753781e-09
7015.00 1.747210e-09
7020.00 1.740422e-09
7025.00 1.735292e-09
7030.00 1.737984e-09
7035.00 1.735365e-09
7040.00 1.727756e-09
7045.00 1.729362e-09
7050.00 1.736985e-09
7055.00 1.738413e-09
7060.00 1.737394e-09
7065.00 1.734552e-09
7070.00 1.730246e-09
7075.00 1.721965e-09
7080.00 1.718707e-09
7085.00 1.717774e-09
7090.00 1.714217e-09
7095.00 1.710095e-09
7100.00 1.704923e-09
7105.00 1.695105e-09
7110.00 1.684223e-09
7115.00 1.676399e-09
7120.00 1.678270e-09
7125.00 1.684432e-09
7130.00 1.676243e-09
7135.00 1.678097e-09
7140.00 1.685306e-09
7145.00 1.678390e-09
7150.00 1.678043e-09
7155.00 1.690119e-09
7160.00 1.685565e-09
7165.00 1.667597e-09
7170.00 1.632800e-09
7175.00 1.603196e-09
7180.00 1.581258e-09
7185.00 1.556409e-09
7190.00 1.553234e-09
7195.00 1.549083e-09
7200.00 1.539750e-09
7205.00 1.543037e-09
7210.00 1.592374e-09
7215.00 1.631629e-09
7220.00 1.643066e-09
7225.00 1.629845e-09
7230.00 1.601434e-09
7235.00 1.571529e-09
7240.00 1.564832e-09
7245.00 1.551580e-09
7250.00 1.545444e-09
7255.00 1.546429e-09
7260.00 1.566209e-09
7265.00 1.577947e-09
7270.00 1.579892e-09
7275.00 1.555105e-09
7280.00 1.545911e-09
7285.00 1.556383e-09
7290.00 1.540188e-09
7295.00 1.540804e-09
7300.00 1.544461e-09
7305.00 1.546876e-09
7310.00 1.541470e-09
7315.00 1.538914e-09
7320.00 1.534059e-09
7325.00 1.533486e-09
7330.00 1.527946e-09
7335.00 1.531864e-09
7340.00 1.529253e-09
7345.00 1.525045e-09
7350.00 1.521488e-09
7355.00 1.518046e-09
7360.00 1.514451e-09
7365.00 1.513017e-09
7370.00 1.506617e-09
7375.00 1.505734e-09
7380.00 1.507862e-09
7385.00 1.511198e-09
7390.00 1.515918e-09
7395.00 1.509797e-09
7400.00 1.503297e-09
7405.00 1.491259e-09
7410.00 1.479673e-09
7415.00 1.486392e-09
7420.00 1.499322e-09
7425.00 1.494915e-09
7430.00 1.494318e-09
7435.00 1.488969e-09
7440.00 1.477461e-09
7445.00 1.463825e-09
7450.00 1.454116e-09
7455.00 1.445973e-09
7460.00 1.436029e-09
7465.00 1.434288e-09
7470.00 1.436640e-09
7475.00 1.447136e-09
7480.00 1.456025e-09
7485.00 1.457868e-09
7490.00 1.450663e-09
7495.00 1.438431e-09
7500.00 1.429514e-09
7505.00 1.423380e-09
7510.00 1.423967e-09
7515.00 1.430889e-09
7520.00 1.436913e-09
7525.00 1.435530e-09
7530.00 1.428449e-09
7535.00 1.421268e-09
7540.00 1.420666e-09
7545.00 1.422111e-09
7550.00 1.422789e-09
7555.00 1.416822e-09
7560.00 1.403346e-09
7565.00 1.387349e-09
7570.00 1.382038e-09
7575.00 1.393181e-09
7580.00 1.420755e-09
7585.00 1.447407e-09
7590.00 1.452513e-09
7595.00 1.428503e-09
7600.00 1.387274e-09
7605.00 1.352441e-09
7610.00 1.343227e-09
7615.00 1.360869e-09
7620.00 1.387817e-09
7625.00 1.401652e-09
7630.00 1.391292e-09
7635.00 1.363409e-09
7640.00 1.335717e-09
7645.00 1.323107e-09
7650.00 1.327689e-09
7655.00 1.340380e-09
7660.00 1.350494e-09
7665.00 1.353712e-09
7670.00 1.352740e-09
7675.00 1.351796e-09
7680.00 1.350874e-09
7685.00 1.345690e-09
7690.00 1.333518e-09
7695.00 1.317575e-09
7700.00 1.306114e-09
7705.00 1.306651e-09
7710.00 1.319399e-09
7715.00 1.336364e-09
7720.00 1.343885e-09
7725.00 1.324867e-09
7730.00 1.316066e-09
7735.00 1.309107e-09
7740.00 1.303718e-09
7745.00 1.305186e-09
7750.00 1.314238e-09
7755.00 1.319792e-09
7760.00 1.315013e-09
7765.00 1.296884e-09
7770.00 1.261019e-09
7775.00 1.242430e-09
7780.00 1.270832e-09
7785.00 1.294977e-09
7790.00 1.306723e-09
7795.00 1.312633e-09
7800.00 1.307027e-09
7805.00 1.298010e-09
7810.00 1.287335e-09
7815.00 1.276116e-09
7820.00 1.271595e-09
7825.00 1.266739e-09
7830.00 1.261734e-09
7835.00 1.261160e-09
7840.00 1.264623e-09
7845.00 1.268095e-09
7850.00 1.272006e-09
7855.00 1.272883e-09
7860.00 1.262592e-09
7865.00 1.254974e-09
7870.00 1.247763e-09
7875.00 1.241130e-09
7880.00 1.242037e-09
7885.00 1.241834e-09
7890.00 1.239584e-09
7895.00 1.230182e-09
7900.00 1.228420e-09
7905.00 1.230278e-09
7910.00 1.225452e-09
7915.00 1.213859e-09
7920.00 1.204607e-09
7925.00 1.199732e-09
7930.00 1.201889e-09
7935.00 1.206421e-09
7940.00 1.205671e-09
7945.00 1.195291e-09
7950.00 1.183045e-09
7955.00 1.175060e-09
7960.00 1.179486e-09
7965.00 1.194583e-09
7970.00 1.208473e-09
7975.00 1.215329e-09
7980.00 1.210955e-09
7985.00 1.202576e-09
7990.00 1.199575e-09
7995.00 1.200303e-09
8000.00 1.202151e-09
8005.00 1.201237e-09
8010.00 1.195077e-09
8015.00 1.180702e-09
8020.00 1.167033e-09
8025.00 1.161681e-09
8030.00 1.165807e-09
8035.00 1.175997e-09
8040.00 1.182254e-09
8045.00 1.183320e-09
8050.00 1.182352e-09
8055.00 1.177680e-09
8060.00 1.169242e-09
8065.00 1.160361e-09
8070.00 1.152545e-09
8075.00 1.147218e-09
8080.00 1.145021e-09
8085.00 1.144587e-09
8090.00 1.142585e-09
8095.00 1.141493e-09
8100.00 1.143826e-09
8105.00 1.138962e-09
8110.00 1.130762e-09
8115.00 1.124374e-09
8120.00 1.121059e-09
8125.00 1.117502e-09
8130.00 1.110806e-09
8135.00 1.098701e-09
8140.00 1.094688e-09
8145.00 1.084216e-09
8150.00 1.074614e-09
8155.00 1.067661e-09
8160.00 1.058687e-09
8165.00 1.049854e-09
8170.00 1.054472e-09
8175.00 1.061331e-09
8180.00 1.051495e-09
8185.00 1.052558e-09
8190.00 1.046226e-09
8195.00 1.043108e-09
8200.00 1.047107e-09
8205.00 1.059513e-09
8210.00 1.069104e-09
8215.00 1.068032e-09
8220.00 1.062016e-09
8225.00 1.043140e-09
8230.00 1.016201e-09
8235.00 1.026619e-09
8240.00 1.044880e-09
8245.00 1.048906e-09
8250.00 1.054330e-09
8255.00 1.050694e-09
8260.00 1.048511e-09
8265.00 1.051612e-09
8270.00 1.053628e-09
8275.00 1.040168e-09
8280.00 1.035851e-09
8285.00 1.035530e-09
8290.00 1.035447e-09
8295.00 1.035590e-09
8300.00 1.033035e-09
8305.00 1.033725e-09
8310.00 1.036608e-09
8315.00 1.035564e-09
8320.00 1.033271e-09
8325.00 1.028352e-09
8330.00 1.031452e-09
8335.00 1.028828e-09
8340.00 1.027089e-09
8345.00 1.030256e-09
8350.00 1.026989e-09
8355.00 1.028593e-09
8360.00 1.025911e-09
8365.00 1.025447e-09
8370.00 1.023745e-09
8375.00 1.022879e-09
8380.00 1.022761e-09
8385.00 1.021113e-09
8390.00 1.018322e-09
8395.00 1.016328e-09
8400.00 1.014826e-09
8405.00 1.010397e-09
8410.00 1.002910e-09
8415.00 1.003640e-09
8420.00 1.004071e-09
8425.00 1.008024e-09
8430.00 1.008985e-09
8435.00 1.005623e-09
8440.00 9.871647e-10
8445.00 9.689581e-10
8450.00 9.792170e-10
8455.00 9.928939e-10
8460.00 9.899344e-10
8465.00 9.823192e-10
8470.00 9.788840e-10
8475.00 9.883766e-10
8480.00 9.945179e-10
8485.00 9.973731e-10
8490.00 9.890367e-10
8495.00 9.584182e-10
8500.00 9.436913e-10
8505.00 9.538214e-10
8510.00 9.717760e-10
8515.00 9.855126e-10
8520.00 9.944710e-10
8525.00 9.941334e-10
8530.00 9.816302e-10
8535.00 9.507383e-10
8540.00 9.037517e-10
8545.00 8.907300e-10
8550.00 9.247120e-10
8555.00 9.572628e-10
8560.00 9.835442e-10
8565.00 9.921014e-10
8570.00 9.951086e-10
8575.00 9.904575e-10
8580.00 9.767790e-10
8585.00 9.548333e-10
8590.00 9.192359e-10
8595.00 8.840300e-10
8600.00 8.765400e-10
8605.00 9.040730e-10
8610.00 9.426806e-10
8615.00 9.716643e-10
8620.00 9.892188e-10
8625.00 9.995698e-10
8630.00 9.989015e-10
8635.00 9.952057e-10
8640.00 9.811212e-10
8645.00 9.653469e-10
8650.00 9.363021e-10
8655.00 8.907733e-10
8660.00 8.302187e-10
8665.00 8.035609e-10
8670.00 8.348706e-10
8675.00 8.826294e-10
8680.00 9.147061e-10
8685.00 9.408972e-10
8690.00 9.653154e-10
8695.00 9.822667e-10
8700.00 9.885013e-10
8705.00 9.866744e-10
8710.00 9.726823e-10
8715.00 9.837282e-10
8720.00 9.766857e-10
8725.00 9.598318e-10
8730.00 9.372282e-10
8735.00 9.025098e-10
8740.00 8.572474e-10
8745.00 8.005780e-10
8750.00 7.687934e-10
8755.00 7.920896e-10
8760.00 8.455528e-10
8765.00 8.942763e-10
8770.00 9.264453e-10
8775.00 9.505817e-10
8780.00 9.674725e-10
8785.00 9.582963e-10
8790.00 9.574884e-10
8795.00 9.602554e-10
8800.00 9.642790e-10
8805.00 9.641538e-10
8810.00 9.811700e-10
8815.00 9.650345e-10
8820.00 9.625148e-10
8825.00 9.753325e-10
8830.00 9.660205e-10
8835.00 9.451262e-10
8840.00 9.142468e-10
8845.00 8.667083e-10
8850.00 8.370675e-10
8855.00 7.798180e-10
8860.00 7.271727e-10
8865.00 7.237128e-10
8870.00 7.753024e-10
8875.00 8.277272e-10
8880.00 8.683620e-10
8885.00 9.072449e-10
8890.00 9.285495e-10
8895.00 9.260658e-10
8900.00 9.318843e-10
8905.00 9.422336e-10
8910.00 9.450961e-10
8915.00 9.543760e-10
8920.00 9.701778e-10
8925.00 9.569548e-10
8930.00 9.733877e-10
8935.00 9.759141e-10
8940.00 9.759578e-10
8945.00 9.670481e-10
8950.00 9.530642e-10
8955.00 9.380716e-10
8960.00 9.221174e-10
8965.00 8.985420e-10
8970.00 8.713691e-10
8975.00 8.558265e-10
8980.00 8.394218e-10
8985.00 8.138281e-10
8990.00 7.824962e-10
8995.00 7.728848e-10
9000.00 7.651546e-10
9005.00 7.471164e-10
9010.00 7.319790e-10
9015.00 7.258522e-10
9020.00 7.398114e-10
9025.00 7.773280e-10
9030.00 8.160929e-10
9035.00 8.519797e-10
9040.00 8.793876e-10
9045.00 8.968251e-10
9050.00 9.128714e-10
9055.00 9.152073e-10
9060.00 9.129966e-10
9065.00 9.046500e-10
9070.00 8.981539e-10
9075.00 8.916226e-10
9080.00 8.869811e-10
9085.00 8.834060e-10
9090.00 8.783883e-10
9095.00 8.829544e-10
9100.00 8.938334e-10
9105.00 8.968626e-10
9110.00 9.085652e-10
9115.00 9.168352e-10
9120.00 9.115496e-10
9125.00 9.130803e-10
9130.00 8.964899e-10
9135.00 8.808809e-10
9140.00 8.773993e-10
9145.00 8.798396e-10
9150.00 8.696699e-10
9155.00 8.494439e-10
9160.00 8.566119e-10
9165.00 8.717317e-10
9170.00 8.776824e-10
9175.00 8.635250e-10
9180.00 8.644183e-10
9185.00 8.591315e-10
9190.00 8.383615e-10
9195.00 8.173589e-10
9200.00 7.981835e-10
9205.00 7.794321e-10
9210.00 7.494442e-10
9215.00 7.226769e-10
9220.00 7.009741e-10
9225.00 6.784074e-10
9230.00 6.687773e-10
9235.00 6.847434e-10
9240.00 7.104938e-10
9245.00 7.353599e-10
9250.00 7.620611e-10
9255.00 7.840181e-10
9260.00 7.969290e-10
9265.00 8.183869e-10
9270.00 8.500609e-10
9275.00 8.674559e-10
9280.00 8.669381e-10
9285.00 8.683968e-10
9290.00 8.641125e-10
9295.00 8.466152e-10
9300.00 8.256548e-10
9305.00 8.086997e-10
9310.00 7.909295e-10
9315.00 7.704641e-10
9320.00 7.567357e-10
9325.00 7.566786e-10
9330.00 7.684470e-10
9335.00 7.684101e-10
9340.00 7.617433e-10
9345.00 7.516838e-10
9350.00 7.836691e-10
9355.00 7.790655e-10
9360.00 7.857212e-10
9365.00 8.094445e-10
9370.00 7.989933e-10
9375.00 8.150451e-10
9380.00 8.184262e-10
9385.00 8.340545e-10
9390.00 8.659834e-10
9395.00 8.803309e-10
9400.00 8.662567e-10
9405.00 8.462974e-10
9410.00 8.306705e-10
9415.00 8.111351e-10
9420.00 7.946749e-10
9425.00 7.729301e-10
9430.00 7.429041e-10
9435.00 7.531440e-10
9440.00 7.301657e-10
9445.00 7.415559e-10
9450.00 7.766467e-10
9455.00 7.714357e-10
9460.00 7.605097e-10
9465.00 7.712530e-10
9470.00 7.773716e-10
9475.00 7.694356e-10
9480.00 7.492535e-10
9485.00 7.447313e-10
9490.00 7.572867e-10
9495.00 7.436081e-10
9500.00 7.181374e-10
9505.00 7.183904e-10
9510.00 7.274272e-10
9515.00 7.091351e-10
9520.00 6.588898e-10
9525.00 6.293993e-10
9530.00 6.199749e-10
9535.00 6.206176e-10
9540.00 6.008234e-10
9545.00 5.791854e-10
9550.00 5.879684e-10
9555.00 6.102445e-10
9560.00 6.270047e-10
9565.00 6.601093e-10
9570.00 6.851131e-10
9575.00 7.120800e-10
9580.00 7.273174e-10
9585.00 7.295728e-10
9590.00 7.285945e-10
9595.00 7.157522e-10
9600.00 7.371211e-10
9605.00 7.373770e-10
9610.00 7.371238e-10
9615.00 7.366798e-10
9620.00 7.262616e-10
9625.00 7.283216e-10
9630.00 7.386388e-10
9635.00 7.438253e-10
9640.00 7.435830e-10
9645.00 7.402840e-10
9650.00 7.457356e-10
9655.00 7.464332e-10
9660.00 7.356290e-10
9665.00 7.325218e-10
9670.00 7.374161e-10
9675.00 7.492129e-10
9680.00 7.436852e-10
9685.00 7.492192e-10
9690.00 7.450520e-10
9695.00 7.382658e-10
9700.00 7.340993e-10
9705.00 7.313899e-10
9710.00 7.369382e-10
9715.00 7.403756e-10
9720.00 7.325041e-10
9725.00 7.210172e-10
9730.00 7.091595e-10
9735.00 7.108025e-10
9740.00 7.092851e-10
9745.00 7.137690e-10
9750.00 7.165674e-10
9755.00 7.289535e-10
9760.00 7.330193e-10
9765.00 7.269661e-10
9770.00 7.343471e-10
9775.00 7.346379e-10
9780.00 7.248794e-10
9785.00 7.232894e-10
9790.00 7.182717e-10
9795.00 7.204507e-10
9800.00 7.257563e-10
9805.00 7.377947e-10
9810.00 7.357560e-10
9815.00 7.212297e-10
9820.00 7.175960e-10
9825.00 7.169558e-10
9830.00 7.214148e-10
9835.00 7.096401e-10
9840.00 7.259573e-10
9845.00 7.298214e-10
9850.00 7.200804e-10
9855.00 7.124736e-10
9860.00 7.102891e-10
9865.00 7.108021e-10
9870.00 7.199279e-10
9875.00 7.212631e-10
9880.00 7.085752e-10
9885.00 6.980229e-10
9890.00 6.938787e-10
9895.00 6.922757e-10
9900.00 6.928476e-10
9905.00 6.781181e-10
9910.00 6.789075e-10
9915.00 6.900570e-10
9920.00 6.876685e-10
9925.00 6.941799e-10
9930.00 6.975661e-10
9935.00 6.962625e-10
9940.00 6.923657e-10
9945.00 6.722985e-10
9950.00 6.566985e-10
9955.00 6.474072e-10
9960.00 6.524260e-10
9965.00 6.466472e-10
9970.00 6.528951e-10
9975.00 6.574873e-10
9980.00 6.527176e-10
9985.00 6.598842e-10
9990.00 6.396099e-10
9995.00 6.331936e-10
10000.00 6.230257e-10
10005.00 6.148242e-10
10010.00 5.935394e-10
10015.00 5.771745e-10
10020.00 5.581624e-10
10025.00 5.572658e-10
10030.00 5.419873e-10
10035.00 5.383369e-10
10040.00 5.191624e-10
10045.00 5.057555e-10
10050.00 5.103523e-10
10055.00 5.305654e-10
10060.00 5.280041e-10
10065.00 5.476727e-10
10070.00 5.714314e-10
10075.00 5.858396e-10
10080.00 5.910208e-10
10085.00 5.966718e-10
10090.00 6.074260e-10
10095.00 6.078381e-10
10100.00 6.160068e-10
10105.00 6.290771e-10
10110.00 6.285968e-10
10115.00 6.254907e-10
10120.00 6.241531e-10
10125.00 6.177696e-10
10130.00 6.229853e-10
10135.00 6.118719e-10
10140.00 6.185314e-10
10145.00 6.225066e-10
10150.00 6.263173e-10
10155.00 6.291369e-10
10160.00 6.286642e-10
10165.00 6.237075e-10
10170.00 6.159872e-10
10175.00 6.083288e-10
10180.00 6.035686e-10
10185.00 6.034729e-10
10190.00 6.070345e-10
10195.00 6.121796e-10
10200.00 6.167797e-10
10205.00 6.192503e-10
10210.00 6.194185e-10
10215.00 6.176539e-10
10220.00 6.144009e-10
10225.00 6.102956e-10
10230.00 6.064825e-10
10235.00 6.042954e-10
10240.00 6.050144e-10
10245.00 6.090997e-10
10250.00 6.148886e-10
10255.00 6.199101e-10
10260.00 6.217099e-10
10265.00 6.188461e-10
10270.00 6.125036e-10
10275.00 6.048719e-10
10280.00 5.981775e-10
10285.00 5.939056e-10
10290.00 5.916345e-10
10295.00 5.902060e-10
10300.00 5.884400e-10
10305.00 5.856376e-10
10310.00 5.823579e-10
10315.00 5.796436e-10
10320.00 5.785227e-10
10325.00 5.793951e-10
10330.00 5.810398e-10
10335.00 5.816048e-10
10340.00 5.792874e-10
10345.00 5.733218e-10
10350.00 5.656593e-10
10355.00 5.592965e-10
10360.00 5.571782e-10
10365.00 5.607688e-10
10370.00 5.676488e-10
10375.00 5.739169e-10
10380.00 5.756835e-10
10385.00 5.707001e-10
10390.00 5.609769e-10
10395.00 5.501699e-10
10400.00 5.419699e-10
10405.00 5.388556e-10
10410.00 5.401478e-10
10415.00 5.439550e-10
10420.00 5.483025e-10
10425.00 5.516223e-10
10430.00 5.534201e-10
10435.00 5.536011e-10
10440.00 5.521382e-10
10445.00 5.492357e-10
10450.00 5.457097e-10
10455.00 5.425945e-10
10460.00 5.409125e-10
10465.00 5.412036e-10
10470.00 5.427705e-10
10475.00 5.444435e-10
10480.00 5.450430e-10
10485.00 5.438603e-10
10490.00 5.413780e-10
10495.00 5.385364e-10
10500.00 5.375646e-10
10505.00 5.441488e-10
10510.00 5.452700e-10
10515.00 5.458645e-10
10520.00 5.471348e-10
10525.00 5.488402e-10
10530.00 5.502671e-10
10535.00 5.505195e-10
10540.00 5.487412e-10
10545.00 5.446387e-10
10550.00 5.393997e-10
10555.00 5.347695e-10
10560.00 5.324758e-10
10565.00 5.334714e-10
10570.00 5.367017e-10
10575.00 5.403380e-10
10580.00 5.425300e-10
10585.00 5.420597e-10
10590.00 5.393265e-10
10595.00 5.353575e-10
10600.00 5.312183e-10
10605.00 5.276879e-10
10610.00 5.248361e-10
10615.00 5.224567e-10
10620.00 5.221939e-10
10625.00 5.314818e-10
10630.00 5.322537e-10
10635.00 5.312959e-10
10640.00 5.303455e-10
10645.00 5.294033e-10
10650.00 5.284763e-10
10655.00 5.275616e-10
10660.00 5.266605e-10
10665.00 5.257793e-10
10670.00 5.249193e-10
10675.00 5.240833e-10
10680.00 5.232691e-10
10685.00 5.224864e-10
10690.00 5.217310e-10
10695.00 5.210057e-10
10700.00 5.203145e-10
10705.00 5.196577e-10
10710.00 5.190274e-10
10715.00 5.184168e-10
10720.00 5.178166e-10
10725.00 5.172131e-10
10730.00 5.166025e-10
10735.00 5.159780e-10
10740.00 5.153263e-10
10745.00 5.146399e-10
10750.00 5.139060e-10
10755.00 5.131228e-10
10760.00 5.122784e-10
10765.00 5.113628e-10
10770.00 5.103682e-10
10775.00 5.092845e-10
10780.00 5.081061e-10
10785.00 5.068208e-10
10790.00 5.054187e-10
10795.00 5.038959e-10
10800.00 5.022391e-10
10805.00 5.004500e-10
10810.00 4.985344e-10
10815.00 4.965134e-10
10820.00 4.943980e-10
10825.00 4.922098e-10
10830.00 4.899624e-10
10835.00 4.876737e-10
10840.00 4.853605e-10
10845.00 4.830400e-10
10850.00 4.807273e-10
10855.00 4.784404e-10
10860.00 4.761941e-10
10865.00 4.740057e-10
10870.00 4.718937e-10
10875.00 4.698735e-10
10880.00 4.679633e-10
10885.00 4.661763e-10
10890.00 4.645315e-10
10895.00 4.630460e-10
10900.00 4.617352e-10
10905.00 4.606072e-10
10910.00 4.596578e-10
10915.00 4.588798e-10
10920.00 4.582550e-10
10925.00 4.577771e-10
10930.00 4.574294e-10
10935.00 4.572028e-10
10940.00 4.570870e-10
10945.00 4.570677e-10
10950.00 4.571323e-10
10955.00 4.572700e-10
10960.00 4.574710e-10
10965.00 4.577228e-10
10970.00 4.580110e-10
10975.00 4.583262e-10
10980.00 4.586546e-10
10985.00 4.589847e-10
10990.00 4.593067e-10
10995.00 4.596084e-10
11000.00 4.598792e-10
11005.00 4.601049e-10
11010.00 4.602867e-10
11015.00 4.604284e-10
11020.00 4.605262e-10
11025.00 4.605795e-10
11030.00 4.605958e-10
11035.00 4.605686e-10
11040.00 4.605021e-10
11045.00 4.603985e-10
11050.00 4.602556e-10
11055.00 4.600748e-10
11060.00 4.598589e-10
11065.00 4.596078e-10
11070.00 4.593187e-10
11075.00 4.589959e-10
11080.00 4.586400e-10
11085.00 4.582507e-10
11090.00 4.578291e-10
11095.00 4.573766e-10
11100.00 4.568932e-10
11105.00 4.563805e-10
11110.00 4.558384e-10
11115.00 4.552707e-10
11120.00 4.546791e-10
11125.00 4.540636e-10
11130.00 4.534294e-10
11135.00 4.527761e-10
11140.00 4.521069e-10
11145.00 4.514209e-10
11150.00 4.507217e-10
11155.00 4.500146e-10
11160.00 4.492991e-10
11165.00 4.485746e-10
11170.00 4.478430e-10
11175.00 4.471087e-10
11180.00 4.463744e-10
11185.00 4.456432e-10
11190.00 4.449119e-10
11195.00 4.441849e-10
11200.00 4.434654e-10
11205.00 4.427534e-10
11210.00 4.420476e-10
11215.00 4.413512e-10
11220.00 4.406606e-10
11225.00 4.399753e-10
11230.00 4.392962e-10
11235.00 4.386239e-10
11240.00 4.379554e-10
11245.00 4.372907e-10
11250.00 4.366312e-10
11255.00 4.359743e-10
11260.00 4.353197e-10
11265.00 4.346686e-10
11270.00 4.340167e-10
11275.00 4.333659e-10
11280.00 4.327176e-10
11285.00 4.320691e-10
11290.00 4.314192e-10
11295.00 4.307708e-10
11300.00 4.301195e-10
11305.00 4.294663e-10
11310.00 4.288113e-10
11315.00 4.281568e-10
11320.00 4.274983e-10
11325.00 4.268395e-10
11330.00 4.261798e-10
11335.00 4.255204e-10
11340.00 4.248596e-10
11345.00 4.241979e-10
11350.00 4.235391e-10
11355.00 4.228778e-10
11360.00 4.222191e-10
11365.00 4.215591e-10
11370.00 4.209003e-10
11375.00 4.202423e-10
11380.00 4.195841e-10
11385.00 4.189297e-10
11390.00 4.182778e-10
11395.00 4.176244e-10
11400.00 4.169762e-10
11405.00 4.163286e-10
11410.00 4.156819e-10
11415.00 4.150400e-10
11420.00 4.143969e-10
11425.00 4.137588e-10
11430.00 4.131212e-10
11435.00 4.124853e-10
11440.00 4.118512e-10
11445.00 4.112179e-10
11450.00 4.105870e-10
11455.00 4.099592e-10
11460.00 4.093305e-10
11465.00 4.087058e-10
11470.00 4.080804e-10
11475.00 4.074570e-10
11480.00 4.068372e-10
11485.00 4.062165e-10
11490.00 4.055972e-10
11495.00 4.049777e-10
11500.00 4.043613e-10
11505.00 4.037443e-10
11510.00 4.031287e-10
11515.00 4.025157e-10
11520.00 4.019027e-10
11525.00 4.012895e-10
11530.00 4.006775e-10
11535.00 4.000679e-10
11540.00 3.994586e-10
11545.00 3.988491e-10
11550.00 3.982432e-10
11555.00 3.976371e-10
11560.00 3.970315e-10
11565.00 3.964262e-10
11570.00 3.958232e-10
11575.00 3.952212e-10
11580.00 3.946195e-10
11585.00 3.940198e-10
11590.00 3.934204e-10
11595.00 3.928221e-10
11600.00 3.922231e-10
11605.00 3.916273e-10
11610.00 3.910321e-10
11615.00 3.904371e-10
11620.00 3.898446e-10
11625.00 3.892497e-10
11630.00 3.886604e-10
11635.00 3.880698e-10
11640.00 3.874800e-10
11645.00 3.868894e-10
11650.00 3.863034e-10
11655.00 3.857159e-10
11660.00 3.851300e-10
11665.00 3.845453e-10
11670.00 3.839606e-10
11675.00 3.833787e-10
11680.00 3.827977e-10
11685.00 3.822158e-10
11690.00 3.816351e-10
11695.00 3.810562e-10
11700.00 3.804789e-10
11705.00 3.799009e-10
11710.00 3.793259e-10
11715.00 3.787513e-10
11720.00 3.781773e-10
11725.00 3.776029e-10
11730.00 3.770308e-10
11735.00 3.764606e-10
11740.00 3.758922e-10
11745.00 3.753225e-10
11750.00 3.747567e-10
11755.00 3.741904e-10
11760.00 3.736261e-10
11765.00 3.730626e-10
11770.00 3.725009e-10
11775.00 3.719412e-10
11780.00 3.713806e-10
11785.00 3.708230e-10
11790.00 3.702691e-10
11795.00 3.697128e-10
11800.00 3.691596e-10
11805.00 3.686083e-10
11810.00 3.680581e-10
11815.00 3.675087e-10
11820.00 3.669620e-10
11825.00 3.664180e-10
11830.00 3.658726e-10
11835.00 3.653292e-10
11840.00 3.647884e-10
11845.00 3.642466e-10
11850.00 3.637091e-10
11855.00 3.631699e-10
11860.00 3.626334e-10
11865.00 3.620967e-10
11870.00 3.615619e-10
11875.00 3.610284e-10
11880.00 3.604957e-10
11885.00 3.599629e-10
11890.00 3.594305e-10
11895.00 3.589011e-10
11900.00 3.583714e-10
11905.00 3.578426e-10
11910.00 3.573132e-10
11915.00 3.567872e-10
11920.00 3.562581e-10
11925.00 3.557324e-10
11930.00 3.552099e-10
11935.00 3.546849e-10
11940.00 3.541591e-10
11945.00 3.536365e-10
11950.00 3.531141e-10
11955.00 3.525913e-10
11960.00 3.520701e-10
11965.00 3.515500e-10
11970.00 3.510288e-10
11975.00 3.505095e-10
11980.00 3.499910e-10
11985.00 3.494721e-10
11990.00 3.489559e-10
11995.00 3.484381e-10
12000.00 3.479224e-10
12005.00 3.474038e-10
12010.00 3.468885e-10
12015.00 3.463738e-10
12020.00 3.458605e-10
12025.00 3.453461e-10
12030.00 3.448339e-10
12035.00 3.443220e-10
12040.00 3.438106e-10
12045.00 3.433009e-10
12050.00 3.427906e-10
12055.00 3.422817e-10
12060.00 3.417767e-10
12065.00 3.412690e-10
12070.00 3.407633e-10
12075.00 3.402615e-10
12080.00 3.397576e-10
12085.00 3.392564e-10
12090.00 3.387581e-10
12095.00 3.382605e-10
12100.00 3.377622e-10
12105.00 3.372673e-10
12110.00 3.367730e-10
12115.00 3.362789e-10
12120.00 3.357873e-10
12125.00 3.352972e-10
12130.00 3.348094e-10
12135.00 3.343222e-10
12140.00 3.338353e-10
12145.00 3.333502e-10
12150.00 3.328666e-10
12155.00 3.323831e-10
12160.00 3.319018e-10
12165.00 3.314209e-10
12170.00 3.309410e-10
12175.00 3.304636e-10
12180.00 3.299840e-10
12185.00 3.295065e-10
12190.00 3.290298e-10
12195.00 3.285558e-10
12200.00 3.280792e-10
12205.00 3.276055e-10
12210.00 3.271316e-10
12215.00 3.266587e-10
12220.00 3.261879e-10
12225.00 3.257154e-10
12230.00 3.252443e-10
12235.00 3.247745e-10
12240.00 3.243041e-10
12245.00 3.238344e-10
12250.00 3.233641e-10
12255.00 3.228946e-10
12260.00 3.224273e-10
12265.00 3.219578e-10
12270.00 3.214904e-10
12275.00 3.210213e-10
12280.00 3.205544e-10
12285.00 3.200874e-10
12290.00 3.196213e-10
12295.00 3.191547e-10
12300.00 3.186878e-10
12305.00 3.182209e-10
12310.00 3.177552e-10
12315.00 3.172914e-10
12320.00 3.168257e-10
12325.00 3.163621e-10
12330.00 3.158988e-10
12335.00 3.154364e-10
12340.00 3.149764e-10
12345.00 3.145197e-10
12350.00 3.140618e-10
12355.00 3.136079e-10
12360.00 3.131556e-10
12365.00 3.127060e-10
12370.00 3.122574e-10
12375.00 3.118116e-10
12380.00 3.113696e-10
12385.00 3.109305e-10
12390.00 3.104957e-10
12395.00 3.100633e-10
12400.00 3.096351e-10
12405.00 3.092110e-10
12410.00 3.087893e-10
12415.00 3.083709e-10
12420.00 3.079530e-10
12425.00 3.075353e-10
12430.00 3.071175e-10
12435.00 3.066994e-10
12440.00 3.062806e-10
12445.00 3.058572e-10
12450.00 3.054315e-10
12455.00 3.050030e-10
12460.00 3.045681e-10
12465.00 3.041261e-10
12470.00 3.036801e-10
12475.00 3.032272e-10
12480.00 3.027643e-10
12485.00 3.022940e-10
12490.00 3.018131e-10
12495.00 3.013220e-10
12500.00 3.008205e-10
12505.00 3.003089e-10
12510.00 2.997872e-10
12515.00 2.992591e-10
12520.00 2.987292e-10
12525.00 2.981967e-10
12530.00 2.976680e-10
12535.00 2.971458e-10
12540.00 2.966318e-10
12545.00 2.961306e-10
12550.00 2.956426e-10
12555.00 2.951703e-10
12560.00 2.947209e-10
12565.00 2.942934e-10
12570.00 2.938931e-10
12575.00 2.935212e-10
12580.00 2.931838e-10
12585.00 2.928782e-10
12590.00 2.926127e-10
12595.00 2.923878e-10
12600.00 2.922060e-10
12605.00 2.920665e-10
12610.00 2.919633e-10
12615.00 2.918821e-10
12620.00 2.918140e-10
12625.00 2.917436e-10
12630.00 2.916621e-10
12635.00 2.915590e-10
12640.00 2.914185e-10
12645.00 2.912293e-10
12650.00 2.909837e-10
12655.00 2.906654e-10
12660.00 2.902673e-10
12665.00 2.897744e-10
12670.00 2.891752e-10
12675.00 2.884590e-10
12680.00 2.876120e-10
12685.00 2.866243e-10
12690.00 2.854841e-10
12695.00 2.841771e-10
12700.00 2.826966e-10
12705.00 2.810377e-10
12710.00 2.792137e-10
12715.00 2.772521e-10
12720.00 2.751727e-10
12725.00 2.730035e-10
12730.00 2.707675e-10
12735.00 2.684892e-10
12740.00 2.661915e-10
12745.00 2.639000e-10
12750.00 2.616394e-10
12755.00 2.594315e-10
12760.00 2.573040e-10
12765.00 2.552802e-10
12770.00 2.533826e-10
12775.00 2.516373e-10
12780.00 2.500661e-10
12785.00 2.486945e-10
12790.00 2.475481e-10
12795.00 2.466527e-10
12800.00 2.460276e-10
12805.00 2.456855e-10
12810.00 2.456193e-10
12815.00 2.458012e-10
12820.00 2.462126e-10
12825.00 2.468265e-10
12830.00 2.476238e-10
12835.00 2.485784e-10
12840.00 2.496663e-10
12845.00 2.508671e-10
12850.00 2.521534e-10
12855.00 2.535073e-10
12860.00 2.549015e-10
12865.00 2.563154e-10
12870.00 2.577261e-10
12875.00 2.591095e-10
12880.00 2.604398e-10
12885.00 2.616945e-10
12890.00 2.628537e-10
12895.00 2.638924e-10
12900.00 2.647889e-10
12905.00 2.655271e-10
12910.00 2.661069e-10
12915.00 2.665395e-10
12920.00 2.668367e-10
12925.00 2.670080e-10
12930.00 2.670594e-10
12935.00 2.670068e-10
12940.00 2.668553e-10
12945.00 2.666160e-10
12950.00 2.663009e-10
12955.00 2.659191e-10
12960.00 2.654815e-10
12965.00 2.649957e-10
12970.00 2.644743e-10
12975.00 2.639253e-10
12980.00 2.633593e-10
12985.00 2.627858e-10
12990.00 2.622129e-10
12995.00 2.616567e-10
13000.00 2.611216e-10
13005.00 2.606167e-10
13010.00 2.601425e-10
13015.00 2.596971e-10
13020.00 2.592792e-10
13025.00 2.588849e-10
13030.00 2.585156e-10
13035.00 2.581632e-10
13040.00 2.578293e-10
13045.00 2.575125e-10
13050.00 2.572116e-10
13055.00 2.569199e-10
13060.00 2.566378e-10
13065.00 2.563655e-10
13070.00 2.560968e-10
13075.00 2.558322e-10
13080.00 2.555672e-10
13085.00 2.553026e-10
13090.00 2.550342e-10
13095.00 2.547622e-10
13100.00 2.544830e-10
13105.00 2.541948e-10
13110.00 2.538982e-10
13115.00 2.535926e-10
13120.00 2.532790e-10
13125.00 2.529586e-10
13130.00 2.526344e-10
13135.00 2.523011e-10
13140.00 2.519663e-10
13145.00 2.516257e-10
13150.00 2.512809e-10
13155.00 2.509326e-10
13160.00 2.505814e-10
13165.00 2.502292e-10
13170.00 2.498742e-10
13175.00 2.495190e-10
13180.00 2.491647e-10
13185.00 2.488116e-10
13190.00 2.484573e-10
13195.00 2.481061e-10
13200.00 2.477580e-10
13205.00 2.474135e-10
13210.00 2.470713e-10
13215.00 2.467303e-10
13220.00 2.463932e-10
13225.00 2.460582e-10
13230.00 2.457244e-10
13235.00 2.453934e-10
13240.00 2.450657e-10
13245.00 2.447386e-10
13250.00 2.444119e-10
13255.00 2.440875e-10
13260.00 2.437641e-10
13265.00 2.434431e-10
13270.00 2.431198e-10
13275.00 2.427996e-10
13280.00 2.424819e-10
13285.00 2.421619e-10
13290.00 2.418416e-10
13295.00 2.415219e-10
13300.00 2.412039e-10
13305.00 2.408843e-10
13310.00 2.405636e-10
13315.00 2.402434e-10
13320.00 2.399235e-10
13325.00 2.396029e-10
13330.00 2.392820e-10
13335.00 2.389627e-10
13340.00 2.386450e-10
13345.00 2.383251e-10
13350.00 2.380044e-10
13355.00 2.376846e-10
13360.00 2.373671e-10
13365.00 2.370471e-10
13370.00 2.367298e-10
13375.00 2.364103e-10
13380.00 2.360929e-10
13385.00 2.357766e-10
13390.00 2.354625e-10
13395.00 2.351460e-10
13400.00 2.348327e-10
13405.00 2.345194e-10
13410.00 2.342057e-10
13415.00 2.338927e-10
13420.00 2.335818e-10
13425.00 2.332694e-10
13430.00 2.329600e-10
13435.00 2.326522e-10
13440.00 2.323431e-10
13445.00 2.320359e-10
13450.00 2.317272e-10
13455.00 2.314202e-10
13460.00 2.311139e-10
13465.00 2.308101e-10
13470.00 2.305044e-10
13475.00 2.301983e-10
13480.00 2.298952e-10
13485.00 2.295922e-10
13490.00 2.292892e-10
13495.00 2.289868e-10
13500.00 2.286863e-10
13505.00 2.283842e-10
13510.00 2.280815e-10
13515.00 2.277813e-10
13520.00 2.274820e-10
13525.00 2.271825e-10
13530.00 2.268830e-10
13535.00 2.265837e-10
13540.00 2.262843e-10
13545.00 2.259853e-10
13550.00 2.256885e-10
13555.00 2.253897e-10
13560.00 2.250931e-10
13565.00 2.247946e-10
13570.00 2.244980e-10
13575.00 2.242024e-10
13580.00 2.239061e-10
13585.00 2.236099e-10
13590.00 2.233139e-10
13595.00 2.230183e-10
13600.00 2.227224e-10
13605.00 2.224268e-10
13610.00 2.221331e-10
13615.00 2.218384e-10
13620.00 2.215452e-10
13625.00 2.212499e-10
13630.00 2.209572e-10
13635.00 2.206646e-10
13640.00 2.203720e-10
13645.00 2.200796e-10
13650.00 2.197872e-10
13655.00 2.194949e-10
13660.00 2.192055e-10
13665.00 2.189163e-10
13670.00 2.186274e-10
13675.00 2.183385e-10
13680.00 2.180500e-10
13685.00 2.177643e-10
13690.00 2.174782e-10
13695.00 2.171930e-10
13700.00 2.169076e-10
13705.00 2.166254e-10
13710.00 2.163404e-10
13715.00 2.160583e-10
13720.00 2.157791e-10
13725.00 2.154978e-10
13730.00 2.152188e-10
13735.00 2.149404e-10
13740.00 2.146617e-10
13745.00 2.143832e-10
13750.00 2.141077e-10
13755.00 2.138301e-10
13760.00 2.135542e-10
13765.00 2.132763e-10
13770.00 2.130010e-10
13775.00 2.127254e-10
13780.00 2.124501e-10
13785.00 2.121760e-10
13790.00 2.119034e-10
13795.00 2.116288e-10
13800.00 2.113535e-10
13805.00 2.110791e-10
13810.00 2.108068e-10
13815.00 2.105322e-10
13820.00 2.102572e-10
13825.00 2.099850e-10
13830.00 2.097110e-10
13835.00 2.094383e-10
13840.00 2.091666e-10
13845.00 2.088928e-10
13850.00 2.086203e-10
13855.00 2.083486e-10
13860.00 2.080770e-10
13865.00 2.078057e-10
13870.00 2.075342e-10
13875.00 2.072655e-10
13880.00 2.069948e-10
13885.00 2.067260e-10
13890.00 2.064577e-10
13895.00 2.061874e-10
13900.00 2.059215e-10
13905.00 2.056537e-10
13910.00 2.053862e-10
13915.00 2.051211e-10
13920.00 2.048564e-10
13925.00 2.045918e-10
13930.00 2.043271e-10
13935.00 2.040625e-10
13940.00 2.037985e-10
13945.00 2.035367e-10
13950.00 2.032754e-10
13955.00 2.030147e-10
13960.00 2.027536e-10
13965.00 2.024925e-10
13970.00 2.022316e-10
13975.00 2.019735e-10
13980.00 2.017153e-10
13985.00 2.014548e-10
13990.00 2.011973e-10
13995.00 2.009426e-10
14000.00 2.006849e-10
14005.00 2.004277e-10
14010.00 2.001727e-10
14015.00 1.999160e-10
14020.00 1.996613e-10
14025.00 1.994069e-10
14030.00 1.991527e-10
14035.00 1.988993e-10
14040.00 1.986474e-10
14045.00 1.983942e-10
14050.00 1.981428e-10
14055.00 1.978895e-10
14060.00 1.976384e-10
14065.00 1.973874e-10
14070.00 1.971341e-10
14075.00 1.968826e-10
14080.00 1.966320e-10
14085.00 1.963813e-10
14090.00 1.961313e-10
14095.00 1.958833e-10
14100.00 1.956331e-10
14105.00 1.953821e-10
14110.00 1.951317e-10
14115.00 1.948835e-10
14120.00 1.946338e-10
14125.00 1.943857e-10
14130.00 1.941362e-10
14135.00 1.938881e-10
14140.00 1.936413e-10
14145.00 1.933938e-10
14150.00 1.931469e-10
14155.00 1.928995e-10
14160.00 1.926523e-10
14165.00 1.924053e-10
14170.00 1.921605e-10
14175.00 1.919145e-10
14180.00 1.916702e-10
14185.00 1.914267e-10
14190.00 1.911835e-10
14195.00 1.909421e-10
14200.00 1.906994e-10
14205.00 1.904590e-10
14210.00 1.902185e-10
14215.00 1.899780e-10
14220.00 1.897379e-10
14225.00 1.894983e-10
14230.00 1.892608e-10
14235.00 1.890237e-10
14240.00 1.887842e-10
14245.00 1.885468e-10
14250.00 1.883107e-10
14255.00 1.880764e-10
14260.00 1.878404e-10
14265.00 1.876040e-10
14270.00 1.873697e-10
14275.00 1.871339e-10
14280.00 1.868999e-10
14285.00 1.866669e-10
14290.00 1.864331e-10
14295.00 1.861972e-10
14300.00 1.859410e-10
14305.00 1.856124e-10
14310.00 1.856439e-10
14315.00 1.857601e-10
14320.00 1.858391e-10
14325.00 1.858108e-10
14330.00 1.856033e-10
14335.00 1.852212e-10
14340.00 1.846918e-10
14345.00 1.840099e-10
14350.00 1.831306e-10
14355.00 1.820300e-10
14360.00 1.808091e-10
14365.00 1.798216e-10
14370.00 1.795057e-10
14375.00 1.799126e-10
14380.00 1.806348e-10
14385.00 1.812717e-10
14390.00 1.816596e-10
14395.00 1.817595e-10
14400.00 1.815146e-10
14405.00 1.808769e-10
14410.00 1.799157e-10
14415.00 1.789085e-10
14420.00 1.781813e-10
14425.00 1.778953e-10
14430.00 1.780052e-10
14435.00 1.784640e-10
14440.00 1.791010e-10
14445.00 1.797448e-10
14450.00 1.800796e-10
14455.00 1.798057e-10
14460.00 1.789922e-10
14465.00 1.780683e-10
14470.00 1.773427e-10
14475.00 1.768268e-10
14480.00 1.763971e-10
14485.00 1.759363e-10
14490.00 1.753828e-10
14495.00 1.744567e-10
14500.00 1.721262e-10
14505.00 1.721114e-10
14510.00 1.733216e-10
14515.00 1.747257e-10
14520.00 1.756615e-10
14525.00 1.759624e-10
14530.00 1.756985e-10
14535.00 1.749682e-10
14540.00 1.739306e-10
14545.00 1.729040e-10
14550.00 1.723950e-10
14555.00 1.727603e-10
14560.00 1.739459e-10
14565.00 1.753884e-10
14570.00 1.764174e-10
14575.00 1.766041e-10
14580.00 1.758113e-10
14585.00 1.741085e-10
14590.00 1.717755e-10
14595.00 1.693052e-10
14600.00 1.673198e-10
14605.00 1.663247e-10
14610.00 1.664094e-10
14615.00 1.672258e-10
14620.00 1.682492e-10
14625.00 1.690991e-10
14630.00 1.696620e-10
14635.00 1.700476e-10
14640.00 1.704576e-10
14645.00 1.710611e-10
14650.00 1.718628e-10
14655.00 1.726503e-10
14660.00 1.730593e-10
14665.00 1.727580e-10
14670.00 1.718419e-10
14675.00 1.705638e-10
14680.00 1.692781e-10
14685.00 1.682549e-10
14690.00 1.676428e-10
14695.00 1.675039e-10
14700.00 1.678107e-10
14705.00 1.684121e-10
14710.00 1.689823e-10
14715.00 1.691404e-10
14720.00 1.687131e-10
14725.00 1.678164e-10
14730.00 1.666354e-10
14735.00 1.652821e-10
14740.00 1.638094e-10
14745.00 1.623143e-10
14750.00 1.610431e-10
14755.00 1.604219e-10
14760.00 1.609137e-10
14765.00 1.626412e-10
14770.00 1.650803e-10
14775.00 1.673469e-10
14780.00 1.684086e-10
14785.00 1.680822e-10
14790.00 1.663881e-10
14795.00 1.637630e-10
14800.00 1.610084e-10
14805.00 1.591465e-10
14810.00 1.589401e-10
14815.00 1.603789e-10
14820.00 1.626503e-10
14825.00 1.646688e-10
14830.00 1.656147e-10
14835.00 1.651412e-10
14840.00 1.633836e-10
14845.00 1.608988e-10
14850.00 1.586161e-10
14855.00 1.575649e-10
14860.00 1.583719e-10
14865.00 1.607891e-10
14870.00 1.637639e-10
14875.00 1.660185e-10
14880.00 1.666574e-10
14885.00 1.654378e-10
14890.00 1.627470e-10
14895.00 1.594274e-10
14900.00 1.565079e-10
14905.00 1.547213e-10
14910.00 1.543727e-10
14915.00 1.552091e-10
14920.00 1.566065e-10
14925.00 1.578588e-10
14930.00 1.584766e-10
14935.00 1.583605e-10
14940.00 1.577900e-10
14945.00 1.572892e-10
14950.00 1.573323e-10
14955.00 1.581103e-10
14960.00 1.594240e-10
14965.00 1.607805e-10
14970.00 1.615843e-10
14975.00 1.613867e-10
14980.00 1.600955e-10
14985.00 1.580623e-10
14990.00 1.559545e-10
14995.00 1.544775e-10
15000.00 1.541431e-10
15005.00 1.555032e-10
15010.00 1.556030e-10
15015.00 1.536219e-10
15020.00 1.502018e-10
15025.00 1.465564e-10
15030.00 1.436957e-10
15035.00 1.424550e-10
15040.00 1.431245e-10
15045.00 1.453581e-10
15050.00 1.483143e-10
15055.00 1.510824e-10
15060.00 1.521762e-10
15065.00 1.510043e-10
15070.00 1.499969e-10
15075.00 1.496340e-10
15080.00 1.498989e-10
15085.00 1.506075e-10
15090.00 1.514741e-10
15095.00 1.521762e-10
15100.00 1.524650e-10
15105.00 1.522572e-10
15110.00 1.516408e-10
15115.00 1.508521e-10
15120.00 1.501742e-10
15125.00 1.498260e-10
15130.00 1.498879e-10
15135.00 1.502697e-10
15140.00 1.507268e-10
15145.00 1.509777e-10
15150.00 1.508359e-10
15155.00 1.502588e-10
15160.00 1.493812e-10
15165.00 1.484417e-10
15170.00 1.476781e-10
15175.00 1.472160e-10
15180.00 1.470103e-10
15185.00 1.468777e-10
15190.00 1.466076e-10
15195.00 1.460574e-10
15200.00 1.452534e-10
15205.00 1.443862e-10
15210.00 1.437415e-10
15215.00 1.435769e-10
15220.00 1.439895e-10
15225.00 1.448547e-10
15230.00 1.458371e-10
15235.00 1.464898e-10
15240.00 1.464333e-10
15245.00 1.455323e-10
15250.00 1.439868e-10
15255.00 1.422856e-10
15260.00 1.409626e-10
15265.00 1.406145e-10
15270.00 1.414483e-10
15275.00 1.432024e-10
15280.00 1.454460e-10
15285.00 1.474870e-10
15290.00 1.486606e-10
15295.00 1.485729e-10
15300.00 1.472450e-10
15305.00 1.450870e-10
15310.00 1.427136e-10
15315.00 1.406994e-10
15320.00 1.394082e-10
15325.00 1.389037e-10
15330.00 1.389787e-10
15335.00 1.392555e-10
15340.00 1.393754e-10
15345.00 1.391436e-10
15350.00 1.386217e-10
15355.00 1.380998e-10
15360.00 1.379510e-10
15365.00 1.384710e-10
15370.00 1.397464e-10
15375.00 1.415902e-10
15380.00 1.435614e-10
15385.00 1.451109e-10
15390.00 1.457530e-10
15395.00 1.450254e-10
15400.00 1.432538e-10
15405.00 1.407451e-10
15410.00 1.380176e-10
15415.00 1.355554e-10
15420.00 1.337064e-10
15425.00 1.326155e-10
15430.00 1.322496e-10
15435.00 1.324236e-10
15440.00 1.328952e-10
15445.00 1.334640e-10
15450.00 1.340288e-10
15455.00 1.345870e-10
15460.00 1.351956e-10
15465.00 1.359003e-10
15470.00 1.367048e-10
15475.00 1.375370e-10
15480.00 1.382889e-10
15485.00 1.388529e-10
15490.00 1.391753e-10
15495.00 1.392732e-10
15500.00 1.392260e-10
15505.00 1.391187e-10
15510.00 1.389841e-10
15515.00 1.387723e-10
15520.00 1.383239e-10
15525.00 1.374299e-10
15530.00 1.360154e-10
15535.00 1.340524e-10
15540.00 1.317298e-10
15545.00 1.293989e-10
15550.00 1.274742e-10
15555.00 1.263122e-10
15560.00 1.261093e-10
15565.00 1.268611e-10
15570.00 1.283792e-10
15575.00 1.303652e-10
15580.00 1.324781e-10
15585.00 1.344136e-10
15590.00 1.359778e-10
15595.00 1.371193e-10
15600.00 1.379097e-10
15605.00 1.384766e-10
15610.00 1.389222e-10
15615.00 1.392684e-10
15620.00 1.394498e-10
15625.00 1.393406e-10
15630.00 1.388280e-10
15635.00 1.378822e-10
15640.00 1.365915e-10
15645.00 1.351267e-10
15650.00 1.336882e-10
15655.00 1.324640e-10
15660.00 1.314610e-10
15665.00 1.306115e-10
15670.00 1.297343e-10
15675.00 1.286101e-10
15680.00 1.269971e-10
15685.00 1.247258e-10
15690.00 1.220578e-10
15695.00 1.195996e-10
15700.00 1.178248e-10
15705.00 1.171381e-10
15710.00 1.177722e-10
15715.00 1.197079e-10
15720.00 1.227148e-10
15725.00 1.262912e-10
15730.00 1.296820e-10
15735.00 1.324627e-10
15740.00 1.344336e-10
15745.00 1.354779e-10
15750.00 1.356684e-10
15755.00 1.352123e-10
15760.00 1.343786e-10
15765.00 1.334242e-10
15770.00 1.325435e-10
15775.00 1.318435e-10
15780.00 1.313391e-10
15785.00 1.309912e-10
15790.00 1.305763e-10
15795.00 1.302920e-10
15800.00 1.305853e-10
15805.00 1.313564e-10
15810.00 1.324689e-10
15815.00 1.336652e-10
15820.00 1.345824e-10
15825.00 1.348289e-10
15830.00 1.341090e-10
15835.00 1.323261e-10
15840.00 1.296342e-10
15845.00 1.263804e-10
15850.00 1.231303e-10
15855.00 1.202645e-10
15860.00 1.177272e-10
15865.00 1.157644e-10
15870.00 1.147563e-10
15875.00 1.147784e-10
15880.00 1.157198e-10
15885.00 1.172975e-10
15890.00 1.191383e-10
15895.00 1.208817e-10
15900.00 1.222771e-10
15905.00 1.232195e-10
15910.00 1.236699e-10
15915.00 1.237063e-10
15920.00 1.238505e-10
15925.00 1.245878e-10
15930.00 1.258971e-10
15935.00 1.277048e-10
15940.00 1.297337e-10
15945.00 1.316230e-10
15950.00 1.330145e-10
15955.00 1.336561e-10
15960.00 1.334706e-10
15965.00 1.325596e-10
15970.00 1.311715e-10
15975.00 1.296167e-10
15980.00 1.282039e-10
15985.00 1.271602e-10
15990.00 1.266024e-10
15995.00 1.265267e-10
16000.00 1.268318e-10
16005.00 1.273467e-10
16010.00 1.278803e-10
16015.00 1.282781e-10
16020.00 1.284637e-10
16025.00 1.284414e-10
16030.00 1.282804e-10
16035.00 1.280781e-10
16040.00 1.279105e-10
16045.00 1.278004e-10
16050.00 1.276830e-10
16055.00 1.274542e-10
16060.00 1.268711e-10
16065.00 1.258094e-10
16070.00 1.241353e-10
16075.00 1.216053e-10
16080.00 1.183276e-10
16085.00 1.147243e-10
16090.00 1.112548e-10
16095.00 1.084148e-10
16100.00 1.066278e-10
16105.00 1.061848e-10
16110.00 1.071612e-10
16115.00 1.092680e-10
16120.00 1.120438e-10
16125.00 1.149411e-10
16130.00 1.173219e-10
16135.00 1.191825e-10
16140.00 1.207363e-10
16145.00 1.219493e-10
16150.00 1.228703e-10
16155.00 1.235923e-10
16160.00 1.242060e-10
16165.00 1.247715e-10
16170.00 1.253004e-10
16175.00 1.257630e-10
16180.00 1.261028e-10
16185.00 1.262562e-10
16190.00 1.261752e-10
16195.00 1.258645e-10
16200.00 1.253149e-10
16205.00 1.246033e-10
16210.00 1.238485e-10
16215.00 1.231481e-10
16220.00 1.225987e-10
16225.00 1.222614e-10
16230.00 1.221403e-10
16235.00 1.221887e-10
16240.00 1.223228e-10
16245.00 1.224468e-10
16250.00 1.224721e-10
16255.00 1.223483e-10
16260.00 1.220641e-10
16265.00 1.216568e-10
16270.00 1.212063e-10
16275.00 1.208114e-10
16280.00 1.205682e-10
16285.00 1.205337e-10
16290.00 1.207097e-10
16295.00 1.210300e-10
16300.00 1.213861e-10
16305.00 1.216483e-10
16310.00 1.216910e-10
16315.00 1.214417e-10
16320.00 1.208877e-10
16325.00 1.201052e-10
16330.00 1.192351e-10
16335.00 1.184412e-10
16340.00 1.178815e-10
16345.00 1.177548e-10
16350.00 1.179352e-10
16355.00 1.178882e-10
16360.00 1.175404e-10
16365.00 1.167681e-10
16370.00 1.153818e-10
16375.00 1.132956e-10
16380.00 1.105636e-10
16385.00 1.073905e-10
16390.00 1.041224e-10
16395.00 1.011799e-10
16400.00 9.899179e-11
16405.00 9.790173e-11
16410.00 9.809330e-11
16415.00 9.953878e-11
16420.00 1.019964e-10
16425.00 1.050513e-10
16430.00 1.081991e-10
16435.00 1.109504e-10
16440.00 1.129342e-10
16445.00 1.139782e-10
16450.00 1.141388e-10
16455.00 1.137088e-10
16460.00 1.130952e-10
16465.00 1.126451e-10
16470.00 1.125776e-10
16475.00 1.129876e-10
16480.00 1.138195e-10
16485.00 1.149084e-10
16490.00 1.160323e-10
16495.00 1.169726e-10
16500.00 1.175926e-10
16505.00 1.178395e-10
16510.00 1.177600e-10
16515.00 1.174664e-10
16520.00 1.170830e-10
16525.00 1.167116e-10
16530.00 1.163908e-10
16535.00 1.160909e-10
16540.00 1.157306e-10
16545.00 1.152166e-10
16550.00 1.144818e-10
16555.00 1.135273e-10
16560.00 1.124296e-10
16565.00 1.113210e-10
16570.00 1.103770e-10
16575.00 1.097581e-10
16580.00 1.095766e-10
16585.00 1.098565e-10
16590.00 1.105250e-10
16595.00 1.114226e-10
16600.00 1.123530e-10
16605.00 1.131330e-10
16610.00 1.136275e-10
16615.00 1.137800e-10
16620.00 1.136126e-10
16625.00 1.132026e-10
16630.00 1.126643e-10
16635.00 1.121166e-10
16640.00 1.116570e-10
16645.00 1.113199e-10
16650.00 1.111044e-10
16655.00 1.109653e-10
16660.00 1.108519e-10
16665.00 1.107218e-10
16670.00 1.105642e-10
16675.00 1.103977e-10
16680.00 1.102521e-10
16685.00 1.101602e-10
16690.00 1.101378e-10
16695.00 1.101718e-10
16700.00 1.102281e-10
16705.00 1.102614e-10
16710.00 1.102300e-10
16715.00 1.101164e-10
16720.00 1.099536e-10
16725.00 1.096817e-10
16730.00 1.093778e-10
16735.00 1.092329e-10
16740.00 1.092494e-10
16745.00 1.093228e-10
16750.00 1.093346e-10
16755.00 1.091074e-10
16760.00 1.084480e-10
16765.00 1.072096e-10
16770.00 1.053264e-10
16775.00 1.028554e-10
16780.00 9.997449e-11
16785.00 9.697799e-11
16790.00 9.424034e-11
16795.00 9.207193e-11
16800.00 9.074228e-11
16805.00 9.039082e-11
16810.00 9.099180e-11
16815.00 9.237365e-11
16820.00 9.426281e-11
16825.00 9.634838e-11
16830.00 9.835711e-11
16835.00 1.000959e-10
16840.00 1.014875e-10
16845.00 1.025610e-10
16850.00 1.034759e-10
16855.00 1.042620e-10
16860.00 1.048688e-10
16865.00 1.053935e-10
16870.00 1.059572e-10
16875.00 1.064811e-10
16880.00 1.068683e-10
16885.00 1.070398e-10
16890.00 1.069543e-10
16895.00 1.066467e-10
16900.00 1.061926e-10
16905.00 1.057138e-10
16910.00 1.053309e-10
16915.00 1.051268e-10
16920.00 1.051360e-10
16925.00 1.053242e-10
16930.00 1.056093e-10
16935.00 1.058619e-10
16940.00 1.059837e-10
16945.00 1.059195e-10
16950.00 1.056595e-10
16955.00 1.052659e-10
16960.00 1.048465e-10
16965.00 1.045204e-10
16970.00 1.043807e-10
16975.00 1.044742e-10
16980.00 1.047729e-10
16985.00 1.051881e-10
16990.00 1.055906e-10
16995.00 1.058387e-10
17000.00 1.058293e-10
17005.00 1.055171e-10
17010.00 1.049369e-10
17015.00 1.041813e-10
17020.00 1.033844e-10
17025.00 1.026837e-10
17030.00 1.021822e-10
17035.00 1.019320e-10
17040.00 1.019121e-10
17045.00 1.020470e-10
17050.00 1.022236e-10
17055.00 1.023280e-10
17060.00 1.022807e-10
17065.00 1.020618e-10
17070.00 1.017050e-10
17075.00 1.013032e-10
17080.00 1.009741e-10
17085.00 1.008016e-10
17090.00 1.008940e-10
17095.00 1.012794e-10
17100.00 1.018420e-10
17105.00 1.024943e-10
17110.00 1.030932e-10
17115.00 1.035024e-10
17120.00 1.036269e-10
17125.00 1.034333e-10
17130.00 1.029575e-10
17135.00 1.022895e-10
17140.00 1.015416e-10
17145.00 1.008292e-10
17150.00 1.002428e-10
17155.00 9.982822e-11
17160.00 9.958274e-11
17165.00 9.946424e-11
17170.00 9.939717e-11
17175.00 9.931773e-11
17180.00 9.917793e-11
17185.00 9.897240e-11
17190.00 9.872909e-11
17195.00 9.850425e-11
17200.00 9.836167e-11
17205.00 9.835870e-11
17210.00 9.852449e-11
17215.00 9.884849e-11
17220.00 9.927537e-11
17225.00 9.971486e-11
17230.00 1.000645e-10
17235.00 1.002273e-10
17240.00 1.001463e-10
17245.00 9.982842e-11
17250.00 9.928224e-11
17255.00 9.859022e-11
17260.00 9.788022e-11
17265.00 9.722484e-11
17270.00 9.670513e-11
17275.00 9.647163e-11
17280.00 9.670530e-11
17285.00 9.688785e-11
17290.00 9.664945e-11
17295.00 9.638482e-11
17300.00 9.608239e-11
17305.00 9.568180e-11
17310.00 9.512605e-11
17315.00 9.434704e-11
17320.00 9.329428e-11
17325.00 9.193372e-11
17330.00 9.027225e-11
17335.00 8.836233e-11
17340.00 8.630276e-11
17345.00 8.424272e-11
17350.00 8.235904e-11
17355.00 8.084260e-11
17360.00 7.987049e-11
17365.00 7.957381e-11
17370.00 8.002502e-11
17375.00 8.121370e-11
17380.00 8.304003e-11
17385.00 8.532303e-11
17390.00 8.781334e-11
17395.00 9.025387e-11
17400.00 9.236563e-11
17405.00 9.408184e-11
17410.00 9.497594e-11
17415.00 9.465342e-11
17420.00 9.435661e-11
17425.00 9.411775e-11
17430.00 9.380034e-11
17435.00 9.357675e-11
17440.00 9.354407e-11
17445.00 9.376511e-11
17450.00 9.422869e-11
17455.00 9.485734e-11
17460.00 9.552669e-11
17465.00 9.608330e-11
17470.00 9.638790e-11
17475.00 9.634610e-11
17480.00 9.593221e-11
17485.00 9.520056e-11
17490.00 9.425734e-11
17495.00 9.323892e-11
17500.00 9.227129e-11
17505.00 9.146442e-11
17510.00 9.088241e-11
17515.00 9.055043e-11
17520.00 9.045730e-11
17525.00 9.055780e-11
17530.00 9.079248e-11
17535.00 9.109058e-11
17540.00 9.138772e-11
17545.00 9.163850e-11
17550.00 9.181536e-11
17555.00 9.191160e-11
17560.00 9.194183e-11
17565.00 9.192666e-11
17570.00 9.188356e-11
17575.00 9.182659e-11
17580.00 9.174998e-11
17585.00 9.165171e-11
17590.00 9.152455e-11
17595.00 9.135741e-11
17600.00 9.114888e-11
17605.00 9.090346e-11
17610.00 9.063417e-11
17615.00 9.035752e-11
17620.00 9.009217e-11
17625.00 8.985754e-11
17630.00 8.967074e-11
17635.00 8.954325e-11
17640.00 8.948467e-11
17645.00 8.949774e-11
17650.00 8.957681e-11
17655.00 8.971393e-11
17660.00 8.989282e-11
17665.00 9.009466e-11
17670.00 9.029284e-11
17675.00 9.045641e-11
17680.00 9.055660e-11
17685.00 9.056104e-11
17690.00 9.044820e-11
17695.00 9.020744e-11
17700.00 8.983792e-11
17705.00 8.936273e-11
17710.00 8.882284e-11
17715.00 8.827587e-11
17720.00 8.779701e-11
17725.00 8.745549e-11
17730.00 8.730222e-11
17735.00 8.736058e-11
17740.00 8.760355e-11
17745.00 8.799205e-11
17750.00 8.845484e-11
17755.00 8.886687e-11
17760.00 8.914735e-11
17765.00 8.922912e-11
17770.00 8.907542e-11
17775.00 8.870601e-11
17780.00 8.817620e-11
17785.00 8.758772e-11
17790.00 8.705112e-11
17795.00 8.666897e-11
17800.00 8.657183e-11
17805.00 8.702500e-11
17810.00 8.719216e-11
17815.00 8.734283e-11
17820.00 8.750630e-11
17825.00 8.763001e-11
17830.00 8.767048e-11
17835.00 8.759218e-11
17840.00 8.738142e-11
17845.00 8.705333e-11
17850.00 8.665414e-11
17855.00 8.624980e-11
17860.00 8.591475e-11
17865.00 8.569755e-11
17870.00 8.561475e-11
17875.00 8.564780e-11
17880.00 8.575630e-11
17885.00 8.588949e-11
17890.00 8.600043e-11
17895.00 8.605523e-11
17900.00 8.602220e-11
17905.00 8.588733e-11
17910.00 8.565650e-11
17915.00 8.534960e-11
17920.00 8.499849e-11
17925.00 8.467947e-11
17930.00 8.445757e-11
17935.00 8.436691e-11
17940.00 8.440667e-11
17945.00 8.453536e-11
17950.00 8.469826e-11
17955.00 8.483654e-11
17960.00 8.491353e-11
17965.00 8.490575e-11
17970.00 8.480491e-11
17975.00 8.461162e-11
17980.00 8.433900e-11
17985.00 8.400995e-11
17990.00 8.366446e-11
17995.00 8.335414e-11
18000.00 8.315269e-11
18005.00 8.311781e-11
18010.00 8.327284e-11
18015.00 8.357980e-11
18020.00 8.396180e-11
18025.00 8.433301e-11
18030.00 8.462990e-11
18035.00 8.482618e-11
18040.00 8.490678e-11
18045.00 8.487315e-11
18050.00 8.473479e-11
18055.00 8.449880e-11
18060.00 8.417412e-11
18065.00 8.378014e-11
18070.00 8.334193e-11
18075.00 8.288931e-11
18080.00 8.244826e-11
18085.00 8.203150e-11
18090.00 8.164669e-11
18095.00 8.124805e-11
18100.00 8.058134e-11
18105.00 8.007979e-11
18110.00 7.958232e-11
18115.00 7.905138e-11
18120.00 7.849777e-11
18125.00 7.792403e-11
18130.00 7.733696e-11
18135.00 7.674538e-11
18140.00 7.615469e-11
18145.00 7.557332e-11
18150.00 7.500354e-11
18155.00 7.445428e-11
18160.00 7.393245e-11
18165.00 7.344229e-11
18170.00 7.299106e-11
18175.00 7.258753e-11
18180.00 7.223667e-11
18185.00 7.194473e-11
18190.00 7.171619e-11
18195.00 7.156035e-11
18200.00 7.148376e-11
18205.00 7.148693e-11
18210.00 7.156650e-11
18215.00 7.171883e-11
18220.00 7.193655e-11
18225.00 7.220814e-11
18230.00 7.253060e-11
18235.00 7.289582e-11
18240.00 7.329840e-11
18245.00 7.372973e-11
18250.00 7.418403e-11
18255.00 7.465106e-11
18260.00 7.512928e-11
18265.00 7.560653e-11
18270.00 7.607868e-11
18275.00 7.653789e-11
18280.00 7.697878e-11
18285.00 7.739277e-11
18290.00 7.777436e-11
18295.00 7.811515e-11
18300.00 7.840990e-11
18305.00 7.865096e-11
18310.00 7.884236e-11
18315.00 7.898578e-11
18320.00 7.908402e-11
18325.00 7.914317e-11
18330.00 7.916454e-11
18335.00 7.915112e-11
18340.00 7.910622e-11
18345.00 7.903400e-11
18350.00 7.893938e-11
18355.00 7.882203e-11
18360.00 7.868663e-11
18365.00 7.853738e-11
18370.00 7.837753e-11
18375.00 7.821056e-11
18380.00 7.803777e-11
18385.00 7.786621e-11
18390.00 7.769393e-11
18395.00 7.752973e-11
18400.00 7.737359e-11
18405.00 7.722765e-11
18410.00 7.709493e-11
18415.00 7.697261e-11
18420.00 7.685851e-11
18425.00 7.675679e-11
18430.00 7.666286e-11
18435.00 7.657573e-11
18440.00 7.649557e-11
18445.00 7.642242e-11
18450.00 7.635587e-11
18455.00 7.629361e-11
18460.00 7.623752e-11
18465.00 7.618479e-11
18470.00 7.613297e-11
18475.00 7.608425e-11
18480.00 7.603849e-11
18485.00 7.599325e-11
18490.00 7.594769e-11
18495.00 7.589970e-11
18500.00 7.585369e-11
18505.00 7.580489e-11
18510.00 7.575254e-11
18515.00 7.569746e-11
18520.00 7.564079e-11
18525.00 7.557900e-11
18530.00 7.551583e-11
18535.00 7.544933e-11
18540.00 7.537713e-11
18545.00 7.530305e-11
18550.00 7.522300e-11
18555.00 7.513625e-11
18560.00 7.504587e-11
18565.00 7.495129e-11
18570.00 7.485078e-11
18575.00 7.474538e-11
18580.00 7.463150e-11
18585.00 7.451255e-11
18590.00 7.438731e-11
18595.00 7.425442e-11
18600.00 7.411267e-11
18605.00 7.396601e-11
18610.00 7.381230e-11
18615.00 7.364948e-11
18620.00 7.348251e-11
18625.00 7.331129e-11
18630.00 7.313380e-11
18635.00 7.295019e-11
18640.00 7.276470e-11
18645.00 7.257406e-11
18650.00 7.238166e-11
18655.00 7.218415e-11
18660.00 7.198556e-11
18665.00 7.178685e-11
18670.00 7.158513e-11
18675.00 7.138329e-11
18680.00 7.118130e-11
18685.00 7.097984e-11
18690.00 7.078044e-11
18695.00 7.057938e-11
18700.00 7.038085e-11
18705.00 7.018587e-11
18710.00 6.999439e-11
18715.00 6.980634e-11
18720.00 6.962226e-11
18725.00 6.944427e-11
18730.00 6.927093e-11
18735.00 6.910700e-11
18740.00 6.895022e-11
18745.00 6.880138e-11
18750.00 6.866471e-11
18755.00 6.853666e-11
18760.00 6.842141e-11
18765.00 6.831732e-11
18770.00 6.822681e-11
18775.00 6.815067e-11
18780.00 6.809054e-11
18785.00 6.804320e-11
18790.00 6.801490e-11
18795.00 6.800399e-11
18800.00 6.800890e-11
18805.00 6.803529e-11
18810.00 6.807717e-11
18815.00 6.813332e-11
18820.00 6.820555e-11
18825.00 6.828912e-11
18830.00 6.838259e-11
18835.00 6.848414e-11
18840.00 6.859428e-11
18845.00 6.870646e-11
18850.00 6.882408e-11
18855.00 6.894187e-11
18860.00 6.905785e-11
18865.00 6.917478e-11
18870.00 6.928633e-11
18875.00 6.939072e-11
18880.00 6.948827e-11
18885.00 6.957774e-11
18890.00 6.965498e-11
18895.00 6.972029e-11
18900.00 6.976940e-11
18905.00 6.980415e-11
18910.00 6.982467e-11
18915.00 6.982861e-11
18920.00 6.981862e-11
18925.00 6.979764e-11
18930.00 6.976634e-11
18935.00 6.972461e-11
18940.00 6.967229e-11
18945.00 6.961041e-11
18950.00 6.954358e-11
18955.00 6.946815e-11
18960.00 6.939022e-11
18965.00 6.930446e-11
18970.00 6.921762e-11
18975.00 6.913004e-11
18980.00 6.903946e-11
18985.00 6.894631e-11
18990.00 6.885583e-11
18995.00 6.876844e-11
19000.00 6.868173e-11
19005.00 6.859846e-11
19010.00 6.852105e-11
19015.00 6.844497e-11
19020.00 6.837177e-11
19025.00 6.830173e-11
19030.00 6.823257e-11
19035.00 6.816644e-11
19040.00 6.810325e-11
19045.00 6.804056e-11
19050.00 6.797839e-11
19055.00 6.791875e-11
19060.00 6.785950e-11
19065.00 6.780039e-11
19070.00 6.774107e-11
19075.00 6.768185e-11
19080.00 6.762284e-11
19085.00 6.756313e-11
19090.00 6.750096e-11
19095.00 6.743826e-11
19100.00 6.737502e-11
19105.00 6.730932e-11
19110.00 6.724327e-11
19115.00 6.717665e-11
19120.00 6.710746e-11
19125.00 6.703784e-11
19130.00 6.696777e-11
19135.00 6.689535e-11
19140.00 6.682488e-11
19145.00 6.675279e-11
19150.00 6.668258e-11
19155.00 6.661308e-11
19160.00 6.654340e-11
19165.00 6.647375e-11
19170.00 6.640454e-11
19175.00 6.633793e-11
19180.00 6.627228e-11
19185.00 6.620944e-11
19190.00 6.614948e-11
19195.00 6.608814e-11
19200.00 6.603157e-11
19205.00 6.597627e-11
19210.00 6.592361e-11
19215.00 6.587177e-11
19220.00 6.582226e-11
19225.00 6.577035e-11
19230.00 6.571771e-11
19235.00 6.566242e-11
19240.00 6.560622e-11
19245.00 6.554658e-11
19250.00 6.548134e-11
19255.00 6.541428e-11
19260.00 6.534114e-11
19265.00 6.526114e-11
19270.00 6.517419e-11
19275.00 6.507998e-11
19280.00 6.497854e-11
19285.00 6.486769e-11
19290.00 6.474839e-11
19295.00 6.461701e-11
19300.00 6.447676e-11
19305.00 6.432405e-11
19310.00 6.416031e-11
19315.00 6.398667e-11
19320.00 6.380568e-11
19325.00 6.361772e-11
19330.00 6.342271e-11
19335.00 6.322115e-11
19340.00 6.301623e-11
19345.00 6.281028e-11
19350.00 6.260139e-11
19355.00 6.238982e-11
19360.00 6.218052e-11
19365.00 6.197193e-11
19370.00 6.176608e-11
19375.00 6.156153e-11
19380.00 6.136310e-11
19385.00 6.117117e-11
19390.00 6.098396e-11
19395.00 6.080593e-11
19400.00 6.077245e-11
19405.00 6.137616e-11
19410.00 6.096881e-11
19415.00 6.037636e-11
19420.00 5.983277e-11
19425.00 5.936229e-11
19430.00 5.896835e-11
19435.00 5.867110e-11
19440.00 5.848870e-11
19445.00 5.843745e-11
19450.00 5.852360e-11
19455.00 5.874078e-11
19460.00 5.906851e-11
19465.00 5.945887e-11
19470.00 5.985887e-11
19475.00 6.021281e-11
19480.00 6.048391e-11
19485.00 6.066637e-11
19490.00 6.076981e-11
19495.00 6.081560e-11
19500.00 6.083291e-11
19505.00 6.084908e-11
19510.00 6.088302e-11
19515.00 6.095402e-11
19520.00 6.107368e-11
19525.00 6.125216e-11
19530.00 6.149591e-11
19535.00 6.180442e-11
19540.00 6.216479e-11
19545.00 6.253741e-11
19550.00 6.286564e-11
19555.00 6.307751e-11
19560.00 6.311925e-11
19565.00 6.299004e-11
19570.00 6.273842e-11
19575.00 6.243778e-11
19580.00 6.215647e-11
19585.00 6.193286e-11
19590.00 6.178524e-11
19595.00 6.170826e-11
19600.00 6.169556e-11
19605.00 6.173133e-11
19610.00 6.179576e-11
19615.00 6.187376e-11
19620.00 6.194454e-11
19625.00 6.196803e-11
19630.00 6.191284e-11
19635.00 6.177605e-11
19640.00 6.155501e-11
19645.00 6.126259e-11
19650.00 6.092701e-11
19655.00 6.058920e-11
19660.00 6.027888e-11
19665.00 6.001820e-11
19670.00 5.981365e-11
19675.00 5.967005e-11
19680.00 5.958161e-11
19685.00 5.953939e-11
19690.00 5.953817e-11
19695.00 5.956852e-11
19700.00 5.962299e-11
19705.00 5.969081e-11
19710.00 5.975961e-11
19715.00 5.982106e-11
19720.00 5.986502e-11
19725.00 5.988247e-11
19730.00 5.987150e-11
19735.00 5.983142e-11
19740.00 5.977189e-11
19745.00 5.969267e-11
19750.00 5.959994e-11
19755.00 5.950201e-11
19760.00 5.939835e-11
19765.00 5.929433e-11
19770.00 5.919339e-11
19775.00 5.909626e-11
19780.00 5.900667e-11
19785.00 5.893012e-11
19790.00 5.886825e-11
19795.00 5.882556e-11
19800.00 5.879734e-11
19805.00 5.877955e-11
19810.00 5.876771e-11
19815.00 5.875252e-11
19820.00 5.872422e-11
19825.00 5.867900e-11
19830.00 5.861453e-11
19835.00 5.852049e-11
19840.00 5.839654e-11
19845.00 5.825111e-11
19850.00 5.809135e-11
19855.00 5.792200e-11
19860.00 5.775272e-11
19865.00 5.759474e-11
19870.00 5.746284e-11
19875.00 5.736363e-11
19880.00 5.730704e-11
19885.00 5.728842e-11
19890.00 5.729756e-11
19895.00 5.732276e-11
19900.00 5.734545e-11
19905.00 5.735098e-11
19910.00 5.732933e-11
19915.00 5.727348e-11
19920.00 5.718349e-11
19925.00 5.706243e-11
19930.00 5.691790e-11
19935.00 5.676299e-11
19940.00 5.661234e-11
19945.00 5.648490e-11
19950.00 5.639430e-11
19955.00 5.636395e-11
19960.00 5.640400e-11
19965.00 5.652633e-11
19970.00 5.673430e-11
19975.00 5.702204e-11
19980.00 5.737851e-11
19985.00 5.778540e-11
19990.00 5.821497e-11
19995.00 5.864603e-11
20000.00 5.904590e-11
20005.00 5.938190e-11
20010.00 5.961296e-11
20015.00 5.969313e-11
20020.00 5.956948e-11
20025.00 5.920335e-11
20030.00 5.859621e-11
20035.00 5.781450e-11
20040.00 5.695626e-11
20045.00 5.615147e-11
20050.00 5.556777e-11
20055.00 5.526317e-11
20060.00 5.514513e-11
20065.00 5.515643e-11
20070.00 5.526792e-11
20075.00 5.543124e-11
20080.00 5.561222e-11
20085.00 5.578505e-11
20090.00 5.593657e-11
20095.00 5.605408e-11
20100.00 5.612888e-11
20105.00 5.614985e-11
20110.00 5.611400e-11
20115.00 5.601697e-11
20120.00 5.586158e-11
20125.00 5.565886e-11
20130.00 5.542901e-11
20135.00 5.519921e-11
20140.00 5.499595e-11
20145.00 5.483663e-11
20150.00 5.472870e-11
20155.00 5.467129e-11
20160.00 5.465208e-11
20165.00 5.465781e-11
20170.00 5.467698e-11
20175.00 5.469787e-11
20180.00 5.471692e-11
20185.00 5.472424e-11
20190.00 5.471999e-11
20195.00 5.469954e-11
20200.00 5.466474e-11
20205.00 5.461594e-11
20210.00 5.455375e-11
20215.00 5.448096e-11
20220.00 5.440185e-11
20225.00 5.432093e-11
20230.00 5.423515e-11
20235.00 5.415202e-11
20240.00 5.407493e-11
20245.00 5.400313e-11
20250.00 5.394352e-11
20255.00 5.389520e-11
20260.00 5.386042e-11
20265.00 5.384039e-11
20270.00 5.384038e-11
20275.00 5.386038e-11
20280.00 5.389388e-11
20285.00 5.393259e-11
20290.00 5.397576e-11
20295.00 5.401060e-11
20300.00 5.403282e-11
20305.00 5.402968e-11
20310.00 5.400091e-11
20315.00 5.394178e-11
20320.00 5.385171e-11
20325.00 5.373413e-11
20330.00 5.359577e-11
20335.00 5.344384e-11
20340.00 5.328799e-11
20345.00 5.313565e-11
20350.00 5.299387e-11
20355.00 5.286977e-11
20360.00 5.277187e-11
20365.00 5.269829e-11
20370.00 5.264652e-11
20375.00 5.261785e-11
20380.00 5.260515e-11
20385.00 5.259465e-11
20390.00 5.258293e-11
20395.00 5.256080e-11
20400.00 5.251902e-11
20405.00 5.245587e-11
20410.00 5.236967e-11
20415.00 5.226559e-11
20420.00 5.214909e-11
20425.00 5.203110e-11
20430.00 5.191782e-11
20435.00 5.182171e-11
20440.00 5.175251e-11
20445.00 5.171545e-11
20450.00 5.171853e-11
20455.00 5.176031e-11
20460.00 5.183921e-11
20465.00 5.194658e-11
20470.00 5.207727e-11
20475.00 5.221865e-11
20480.00 5.236008e-11
20485.00 5.249154e-11
20490.00 5.260297e-11
20495.00 5.267213e-11
20500.00 5.269389e-11
20505.00 5.267306e-11
20510.00 5.260947e-11
20515.00 5.249854e-11
20520.00 5.234347e-11
20525.00 5.215731e-11
20530.00 5.195317e-11
20535.00 5.174291e-11
20540.00 5.154225e-11
20545.00 5.136206e-11
20550.00 5.120975e-11
20555.00 5.109053e-11
20560.00 5.099950e-11
20565.00 5.093210e-11
20570.00 5.087944e-11
20575.00 5.083680e-11
20580.00 5.079713e-11
20585.00 5.075185e-11
20590.00 5.069919e-11
20595.00 5.063696e-11
20600.00 5.056684e-11
20605.00 5.048771e-11
20610.00 5.040418e-11
20615.00 5.031793e-11
20620.00 5.023515e-11
20625.00 5.016250e-11
20630.00 5.010383e-11
20635.00 5.006244e-11
20640.00 5.004198e-11
20645.00 5.004511e-11
20650.00 5.006985e-11
20655.00 5.011729e-11
20660.00 5.017958e-11
20665.00 5.025134e-11
20670.00 5.032405e-11
20675.00 5.039242e-11
20680.00 5.044723e-11
20685.00 5.048209e-11
20690.00 5.049501e-11
20695.00 5.048165e-11
20700.00 5.044247e-11
20705.00 5.037408e-11
20710.00 5.028305e-11
20715.00 5.016951e-11
20720.00 5.004109e-11
20725.00 4.990185e-11
20730.00 4.975426e-11
20735.00 4.961198e-11
20740.00 4.948017e-11
20745.00 4.936220e-11
20750.00 4.926211e-11
20755.00 4.918456e-11
20760.00 4.912629e-11
20765.00 4.909108e-11
20770.00 4.907574e-11
20775.00 4.907228e-11
20780.00 4.907880e-11
20785.00 4.909151e-11
20790.00 4.910185e-11
20795.00 4.910844e-11
20800.00 4.910708e-11
20805.00 4.909061e-11
20810.00 4.906235e-11
20815.00 4.902010e-11
20820.00 4.896170e-11
20825.00 4.889211e-11
20830.00 4.881245e-11
20835.00 4.872544e-11
20840.00 4.863189e-11
20845.00 4.853519e-11
20850.00 4.844076e-11
20855.00 4.834719e-11
20860.00 4.825667e-11
20865.00 4.816915e-11
20870.00 4.808256e-11
20875.00 4.799941e-11
20880.00 4.792194e-11
20885.00 4.784627e-11
20890.00 4.777656e-11
20895.00 4.771436e-11
20900.00 4.766259e-11
20905.00 4.762425e-11
20910.00 4.760072e-11
20915.00 4.759635e-11
20920.00 4.760821e-11
20925.00 4.764170e-11
20930.00 4.769046e-11
20935.00 4.775181e-11
20940.00 4.781790e-11
20945.00 4.788667e-11
20950.00 4.795105e-11
20955.00 4.799812e-11
20960.00 4.801592e-11
20965.00 4.800512e-11
20970.00 4.796379e-11
20975.00 4.789315e-11
20980.00 4.779049e-11
20985.00 4.766508e-11
20990.00 4.752061e-11
20995.00 4.736824e-11
21000.00 4.721684e-11
21005.00 4.707844e-11
21010.00 4.696089e-11
21015.00 4.687134e-11
21020.00 4.681557e-11
21025.00 4.679462e-11
21030.00 4.680811e-11
21035.00 4.685171e-11
21040.00 4.691397e-11
21045.00 4.698841e-11
21050.00 4.706063e-11
21055.00 4.712203e-11
21060.00 4.716283e-11
21065.00 4.717596e-11
21070.00 4.715509e-11
21075.00 4.709930e-11
21080.00 4.700965e-11
21085.00 4.689217e-11
21090.00 4.675410e-11
21095.00 4.660570e-11
21100.00 4.645692e-11
21105.00 4.631593e-11
21110.00 4.619488e-11
21115.00 4.610092e-11
21120.00 4.603518e-11
21125.00 4.599995e-11
21130.00 4.599202e-11
21135.00 4.600556e-11
21140.00 4.603565e-11
21145.00 4.607252e-11
21150.00 4.610614e-11
21155.00 4.612655e-11
21160.00 4.612918e-11
21165.00 4.610788e-11
21170.00 4.605950e-11
21175.00 4.598643e-11
21180.00 4.588933e-11
21185.00 4.577223e-11
21190.00 4.564472e-11
21195.00 4.551640e-11
21200.00 4.539233e-11
21205.00 4.528130e-11
21210.00 4.518823e-11
21215.00 4.511855e-11
21220.00 4.507326e-11
21225.00 4.505199e-11
21230.00 4.505112e-11
21235.00 4.506456e-11
21240.00 4.508763e-11
21245.00 4.511165e-11
21250.00 4.513198e-11
21255.00 4.514472e-11
21260.00 4.514158e-11
21265.00 4.512335e-11
21270.00 4.508593e-11
21275.00 4.503325e-11
21280.00 4.496494e-11
21285.00 4.488783e-11
21290.00 4.480210e-11
21295.00 4.471598e-11
21300.00 4.463548e-11
21305.00 4.455964e-11
21310.00 4.449354e-11
21315.00 4.443820e-11
21320.00 4.439599e-11
21325.00 4.436464e-11
21330.00 4.434374e-11
21335.00 4.433252e-11
21340.00 4.432556e-11
21345.00 4.432163e-11
21350.00 4.431767e-11
21355.00 4.431074e-11
21360.00 4.430036e-11
21365.00 4.428591e-11
21370.00 4.426499e-11
21375.00 4.423753e-11
21380.00 4.420630e-11
21385.00 4.417106e-11
21390.00 4.413010e-11
21395.00 4.408746e-11
21400.00 4.403996e-11
21405.00 4.399379e-11
21410.00 4.394603e-11
21415.00 4.389984e-11
21420.00 4.385206e-11
21425.00 4.380580e-11
21430.00 4.375797e-11
21435.00 4.371269e-11
21440.00 4.366998e-11
21445.00 4.362611e-11
21450.00 4.358652e-11
21455.00 4.354557e-11
21460.00 4.350724e-11
21465.00 4.347158e-11
21470.00 4.343373e-11
21475.00 4.339496e-11
21480.00 4.335323e-11
21485.00 4.330793e-11
21490.00 4.325917e-11
21495.00 4.320652e-11
21500.00 4.314783e-11
21505.00 4.308503e-11
21510.00 4.301888e-11
21515.00 4.295011e-11
21520.00 4.288358e-11
21525.00 4.281747e-11
21530.00 4.275216e-11
21535.00 4.269254e-11
21540.00 4.263725e-11
21545.00 4.258761e-11
21550.00 4.253843e-11
21555.00 4.248666e-11
21560.00 4.243355e-11
21565.00 4.237256e-11
21570.00 4.229079e-11
21575.00 4.218370e-11
21580.00 4.210278e-11
21585.00 4.208272e-11
21590.00 4.206316e-11
21595.00 4.197484e-11
21600.00 4.177979e-11
21605.00 4.147907e-11
21610.00 4.110948e-11
21615.00 4.069561e-11
21620.00 4.024464e-11
21625.00 3.977155e-11
21630.00 3.930414e-11
21635.00 3.886494e-11
21640.00 3.847755e-11
21645.00 3.816288e-11
21650.00 3.793706e-11
21655.00 3.780563e-11
21660.00 3.777289e-11
21665.00 3.783127e-11
21670.00 3.797224e-11
21675.00 3.818122e-11
21680.00 3.843323e-11
21685.00 3.870917e-11
21690.00 3.898643e-11
21695.00 3.923098e-11
21700.00 3.942163e-11
21705.00 3.955224e-11
21710.00 3.963537e-11
21715.00 3.969111e-11
21720.00 3.972377e-11
21725.00 3.974154e-11
21730.00 3.975032e-11
21735.00 3.976073e-11
21740.00 3.977640e-11
21745.00 3.980861e-11
21750.00 3.986513e-11
21755.00 3.995349e-11
21760.00 4.008148e-11
21765.00 4.024254e-11
21770.00 4.041794e-11
21775.00 4.059119e-11
21780.00 4.075358e-11
21785.00 4.089542e-11
21790.00 4.100988e-11
21795.00 4.109258e-11
21800.00 4.113785e-11
21805.00 4.114570e-11
21810.00 4.112135e-11
21815.00 4.106729e-11
21820.00 4.099459e-11
21825.00 4.090887e-11
21830.00 4.081967e-11
21835.00 4.073741e-11
21840.00 4.067122e-11
21845.00 4.062375e-11
21850.00 4.060293e-11
21855.00 4.060901e-11
21860.00 4.063723e-11
21865.00 4.068819e-11
21870.00 4.075308e-11
21875.00 4.082181e-11
21880.00 4.088666e-11
21885.00 4.093844e-11
21890.00 4.097200e-11
21895.00 4.097856e-11
21900.00 4.095460e-11
21905.00 4.090144e-11
21910.00 4.081490e-11
21915.00 4.069780e-11
21920.00 4.055935e-11
21925.00 4.040616e-11
21930.00 4.023953e-11
21935.00 4.006625e-11
21940.00 3.991524e-11
21945.00 3.979899e-11
21950.00 3.968894e-11
21955.00 3.957006e-11
21960.00 3.946131e-11
21965.00 3.938073e-11
21970.00 3.932849e-11
21975.00 3.930324e-11
21980.00 3.929891e-11
21985.00 3.930934e-11
21990.00 3.933240e-11
21995.00 3.936027e-11
22000.00 3.939029e-11
22005.00 3.941513e-11
22010.00 3.943472e-11
22015.00 3.944256e-11
22020.00 3.944256e-11
22025.00 3.943514e-11
22030.00 3.941856e-11
22035.00 3.939730e-11
22040.00 3.937068e-11
22045.00 3.934939e-11
22050.00 3.935242e-11
22055.00 3.937900e-11
22060.00 3.941729e-11
22065.00 3.944256e-11
22070.00 3.943729e-11
22075.00 3.941208e-11
22080.00 3.938422e-11
22085.00 3.935511e-11
22090.00 3.931636e-11
22095.00 3.926541e-11
22100.00 3.920831e-11
22105.00 3.913965e-11
22110.00 3.906299e-11
22115.00 3.897991e-11
22120.00 3.889324e-11
22125.00 3.880670e-11
22130.00 3.872307e-11
22135.00 3.864426e-11
22140.00 3.857727e-11
22145.00 3.851853e-11
22150.00 3.847020e-11
22155.00 3.843500e-11
22160.00 3.841013e-11
22165.00 3.839278e-11
22170.00 3.838189e-11
22175.00 3.837446e-11
22180.00 3.836755e-11
22185.00 3.835961e-11
22190.00 3.834613e-11
22195.00 3.832827e-11
22200.00 3.830354e-11
22205.00 3.826868e-11
22210.00 3.822481e-11
22215.00 3.817904e-11
22220.00 3.813070e-11
22225.00 3.808241e-11
22230.00 3.803757e-11
22235.00 3.799976e-11
22240.00 3.797145e-11
22245.00 3.795141e-11
22250.00 3.794362e-11
22255.00 3.794401e-11
22260.00 3.795403e-11
22265.00 3.797103e-11
22270.00 3.799151e-11
22275.00 3.801142e-11
22280.00 3.802540e-11
22285.00 3.803196e-11
22290.00 3.802801e-11
22295.00 3.801063e-11
22300.00 3.797887e-11
22305.00 3.793052e-11
22310.00 3.786779e-11
22315.00 3.779213e-11
22320.00 3.770851e-11
22325.00 3.761888e-11
22330.00 3.752872e-11
22335.00 3.744258e-11
22340.00 3.736594e-11
22345.00 3.730073e-11
22350.00 3.725157e-11
22355.00 3.721671e-11
22360.00 3.719624e-11
22365.00 3.719145e-11
22370.00 3.719544e-11
22375.00 3.720890e-11
22380.00 3.722843e-11
22385.00 3.724594e-11
22390.00 3.725935e-11
22395.00 3.726502e-11
22400.00 3.725543e-11
22405.00 3.723327e-11
22410.00 3.719242e-11
22415.00 3.713618e-11
22420.00 3.706353e-11
22425.00 3.697737e-11
22430.00 3.688330e-11
22435.00 3.678361e-11
22440.00 3.668662e-11
22445.00 3.659605e-11
22450.00 3.651377e-11
22455.00 3.644727e-11
22460.00 3.639492e-11
22465.00 3.635707e-11
22470.00 3.633623e-11
22475.00 3.633319e-11
22480.00 3.634843e-11
22485.00 3.636973e-11
22490.00 3.639671e-11
22495.00 3.642461e-11
22500.00 3.645155e-11
22505.00 3.647251e-11
22510.00 3.648590e-11
22515.00 3.648946e-11
22520.00 3.648205e-11
22525.00 3.646112e-11
22530.00 3.642717e-11
22535.00 3.638588e-11
22540.00 3.634016e-11
22545.00 3.628881e-11
22550.00 3.623692e-11
22555.00 3.618826e-11
22560.00 3.614379e-11
22565.00 3.610811e-11
22570.00 3.607773e-11
22575.00 3.605635e-11
22580.00 3.604243e-11
22585.00 3.603460e-11
22590.00 3.602757e-11
22595.00 3.602025e-11
22600.00 3.600888e-11
22605.00 3.598891e-11
22610.00 3.596324e-11
22615.00 3.592490e-11
22620.00 3.587309e-11
22625.00 3.581046e-11
22630.00 3.573775e-11
22635.00 3.565767e-11
22640.00 3.557152e-11
22645.00 3.548488e-11
22650.00 3.540136e-11
22655.00 3.532251e-11
22660.00 3.525590e-11
22665.00 3.520069e-11
22670.00 3.515889e-11
22675.00 3.513151e-11
22680.00 3.512016e-11
22685.00 3.512019e-11
22690.00 3.513064e-11
22695.00 3.515016e-11
22700.00 3.517153e-11
22705.00 3.519547e-11
22710.00 3.521848e-11
22715.00 3.523289e-11
22720.00 3.523936e-11
22725.00 3.523549e-11
22730.00 3.521897e-11
22735.00 3.519366e-11
22740.00 3.515670e-11
22745.00 3.511403e-11
22750.00 3.506315e-11
22755.00 3.501095e-11
22760.00 3.495904e-11
22765.00 3.491040e-11
22770.00 3.486598e-11
22775.00 3.483068e-11
22780.00 3.480329e-11
22785.00 3.478506e-11
22790.00 3.477147e-11
22795.00 3.476417e-11
22800.00 3.476023e-11
22805.00 3.475628e-11
22810.00 3.474891e-11
22815.00 3.473541e-11
22820.00 3.471671e-11
22825.00 3.468582e-11
22830.00 3.464400e-11
22835.00 3.459177e-11
22840.00 3.452952e-11
22845.00 3.445993e-11
22850.00 3.438414e-11
22855.00 3.430759e-11
22860.00 3.423180e-11
22865.00 3.416221e-11
22870.00 3.409994e-11
22875.00 3.404770e-11
22880.00 3.400639e-11
22885.00 3.397813e-11
22890.00 3.396109e-11
22895.00 3.395720e-11
22900.00 3.396369e-11
22905.00 3.397726e-11
22910.00 3.399416e-11
22915.00 3.401164e-11
22920.00 3.402859e-11
22925.00 3.404206e-11
22930.00 3.404859e-11
22935.00 3.404512e-11
22940.00 3.403115e-11
22945.00 3.400678e-11
22950.00 3.397280e-11
22955.00 3.393408e-11
22960.00 3.388971e-11
22965.00 3.384402e-11
22970.00 3.379660e-11
22975.00 3.375440e-11
22980.00 3.371605e-11
22985.00 3.368166e-11
22990.00 3.365385e-11
22995.00 3.363292e-11
23000.00 3.361860e-11
23005.00 3.360768e-11
23010.00 3.359721e-11
23015.00 3.358679e-11
23020.00 3.357542e-11
23025.00 3.355764e-11
23030.00 3.352929e-11
23035.00 3.348795e-11
23040.00 3.343578e-11
23045.00 3.337353e-11
23050.00 3.330430e-11
23055.00 3.323029e-11
23060.00 3.314846e-11
23065.00 3.306798e-11
23070.00 3.298876e-11
23075.00 3.291566e-11
23080.00 3.284993e-11
23085.00 3.279468e-11
23090.00 3.275245e-11
23095.00 3.272158e-11
23100.00 3.270371e-11
23105.00 3.269716e-11
23110.00 3.270319e-11
23115.00 3.271725e-11
23120.00 3.273768e-11
23125.00 3.276202e-11
23130.00 3.278982e-11
23135.00 3.282034e-11
23140.00 3.284772e-11
23145.00 3.286907e-11
23150.00 3.288602e-11
23155.00 3.289651e-11
23160.00 3.289959e-11
23165.00 3.289346e-11
23170.00 3.288257e-11
23175.00 3.286602e-11
23180.00 3.284819e-11
23185.00 3.282732e-11
23190.00 3.280376e-11
23195.00 3.278242e-11
23200.00 3.276158e-11
23205.00 3.274070e-11
23210.00 3.271930e-11
23215.00 3.269546e-11
23220.00 3.267014e-11
23225.00 3.263927e-11
23230.00 3.260402e-11
23235.00 3.256179e-11
23240.00 3.250999e-11
23245.00 3.245084e-11
23250.00 3.238467e-11
23255.00 3.231150e-11
23260.00 3.223235e-11
23265.00 3.215179e-11
23270.00 3.206951e-11
23275.00 3.199249e-11
23280.00 3.192024e-11
23285.00 3.185758e-11
23290.00 3.180537e-11
23295.00 3.176445e-11
23300.00 3.173919e-11
23305.00 3.172528e-11
23310.00 3.172178e-11
23315.00 3.172831e-11
23320.00 3.174179e-11
23325.00 3.175879e-11
23330.00 3.177571e-11
23335.00 3.178882e-11
23340.00 3.179233e-11
23345.00 3.178449e-11
23350.00 3.176050e-11
23355.00 3.172224e-11
23360.00 3.167000e-11
23365.00 3.160383e-11
23370.00 3.152505e-11
23375.00 3.144105e-11
23380.00 3.135228e-11
23385.00 3.126825e-11
23390.00 3.118942e-11
23395.00 3.112422e-11
23400.00 3.107847e-11
23405.00 3.105152e-11
23410.00 3.104760e-11
23415.00 3.106549e-11
23420.00 3.110679e-11
23425.00 3.116855e-11
23430.00 3.124475e-11
23435.00 3.133142e-11
23440.00 3.142410e-11
23445.00 3.151373e-11
23450.00 3.159339e-11
23455.00 3.165867e-11
23460.00 3.170307e-11
23465.00 3.172049e-11
23470.00 3.170999e-11
23475.00 3.167127e-11
23480.00 3.160254e-11
23485.00 3.150853e-11
23490.00 3.139140e-11
23495.00 3.126001e-11
23500.00 3.112156e-11
23505.00 3.098278e-11
23510.00 3.084868e-11
23515.00 3.073031e-11
23520.00 3.063017e-11
23525.00 3.055401e-11
23530.00 3.050524e-11
23535.00 3.048394e-11
23540.00 3.048742e-11
23545.00 3.051439e-11
23550.00 3.055968e-11
23555.00 3.062100e-11
23560.00 3.068938e-11
23565.00 3.075601e-11
23570.00 3.082002e-11
23575.00 3.086913e-11
23580.00 3.090309e-11
23585.00 3.091654e-11
23590.00 3.090613e-11
23595.00 3.087216e-11
23600.00 3.081954e-11
23605.00 3.074727e-11
23610.00 3.066107e-11
23615.00 3.056710e-11
23620.00 3.046743e-11
23625.00 3.036989e-11
23630.00 3.027679e-11
23635.00 3.019409e-11
23640.00 3.012705e-11
23645.00 3.007265e-11
23650.00 3.003697e-11
23655.00 3.001693e-11
23660.00 3.001559e-11
23665.00 3.002606e-11
23670.00 3.004696e-11
23675.00 3.007702e-11
23680.00 3.010836e-11
23685.00 3.013876e-11
23690.00 3.016229e-11
23695.00 3.017231e-11
23700.00 3.016579e-11
23705.00 3.014362e-11
23710.00 3.009963e-11
23715.00 3.003998e-11
23720.00 2.996384e-11
23725.00 2.987461e-11
23730.00 2.978064e-11
23735.00 2.968437e-11
23740.00 2.959392e-11
23745.00 2.951073e-11
23750.00 2.943850e-11
23755.00 2.938236e-11
23760.00 2.934099e-11
23765.00 2.931661e-11
23770.00 2.930923e-11
23775.00 2.931577e-11
23780.00 2.933363e-11
23785.00 2.936412e-11
23790.00 2.940197e-11
23795.00 2.944328e-11
23800.00 2.948503e-11
23805.00 2.952600e-11
23810.00 2.956079e-11
23815.00 2.958822e-11
23820.00 2.960517e-11
23825.00 2.960866e-11
23830.00 2.959867e-11
23835.00 2.957736e-11
23840.00 2.954338e-11
23845.00 2.950115e-11
23850.00 2.944983e-11
23855.00 2.939452e-11
23860.00 2.933878e-11
23865.00 2.928356e-11
23870.00 2.923217e-11
23875.00 2.918956e-11
23880.00 2.915208e-11
23885.00 2.912425e-11
23890.00 2.910600e-11
23895.00 2.909250e-11
23900.00 2.908552e-11
23905.00 2.908462e-11
23910.00 2.908509e-11
23915.00 2.908770e-11
23920.00 2.908767e-11
23925.00 2.908420e-11
23930.00 2.907634e-11
23935.00 2.905984e-11
23940.00 2.903849e-11
23945.00 2.901065e-11
23950.00 2.897589e-11
23955.00 2.893405e-11
23960.00 2.888526e-11
23965.00 2.883050e-11
23970.00 2.877430e-11
23975.00 2.871558e-11
23980.00 2.865641e-11
23985.00 2.859715e-11
23990.00 2.853840e-11
23995.00 2.848225e-11
24000.00 2.842739e-11
24005.00 2.837781e-11
24010.00 2.832951e-11
24015.00 2.828423e-11
24020.00 2.824248e-11
24025.00 2.820416e-11
24030.00 2.816979e-11
24035.00 2.814108e-11
24040.00 2.811409e-11
24045.00 2.809231e-11
24050.00 2.807267e-11
24055.00 2.806097e-11
24060.00 2.805138e-11
24065.00 2.804793e-11
24070.00 2.805096e-11
24075.00 2.805744e-11
24080.00 2.806531e-11
24085.00 2.807833e-11
24090.00 2.809232e-11
24095.00 2.810617e-11
24100.00 2.811926e-11
24105.00 2.812713e-11
24110.00 2.813319e-11
24115.00 2.813320e-11
24120.00 2.812623e-11
24125.00 2.811235e-11
24130.00 2.809095e-11
24135.00 2.806053e-11
24140.00 2.802528e-11
24145.00 2.798391e-11
24150.00 2.793867e-11
24155.00 2.789035e-11
24160.00 2.784204e-11
24165.00 2.779635e-11
24170.00 2.775238e-11
24175.00 2.771710e-11
24180.00 2.768968e-11
24185.00 2.767267e-11
24190.00 2.766839e-11
24195.00 2.767227e-11
24200.00 2.768582e-11
24205.00 2.770668e-11
24210.00 2.773326e-11
24215.00 2.775762e-11
24220.00 2.777848e-11
24225.00 2.779505e-11
24230.00 2.780200e-11
24235.00 2.779759e-11
24240.00 2.777674e-11
24245.00 2.773889e-11
24250.00 2.768751e-11
24255.00 2.762745e-11
24260.00 2.755521e-11
24265.00 2.747509e-11
24270.00 2.738805e-11
24275.00 2.729491e-11
24280.00 2.720087e-11
24285.00 2.710733e-11
24290.00 2.701771e-11
24295.00 2.693718e-11
24300.00 2.686537e-11
24305.00 2.680960e-11
24310.00 2.677179e-11
24315.00 2.675479e-11
24320.00 2.676129e-11
24325.00 2.679008e-11
24330.00 2.684444e-11
24335.00 2.691757e-11
24340.00 2.700678e-11
24345.00 2.710386e-11
24350.00 2.720310e-11
24355.00 2.729317e-11
24360.00 2.736853e-11
24365.00 2.742070e-11
24370.00 2.744809e-11
24375.00 2.744814e-11
24380.00 2.742025e-11
24385.00 2.736543e-11
24390.00 2.728885e-11
24395.00 2.719217e-11
24400.00 2.708078e-11
24405.00 2.695674e-11
24410.00 2.682790e-11
24415.00 2.669648e-11
24420.00 2.656761e-11
24425.00 2.644275e-11
24430.00 2.632482e-11
24435.00 2.621727e-11
24440.00 2.612373e-11
24445.00 2.604748e-11
24450.00 2.599135e-11
24455.00 2.595397e-11
24460.00 2.593912e-11
24465.00 2.594349e-11
24470.00 2.597005e-11
24475.00 2.601227e-11
24480.00 2.606972e-11
24485.00 2.613238e-11
24490.00 2.619726e-11
24495.00 2.625601e-11
24500.00 2.630432e-11
24505.00 2.633871e-11
24510.00 2.635568e-11
24515.00 2.635303e-11
24520.00 2.633524e-11
24525.00 2.630129e-11
24530.00 2.625643e-11
24535.00 2.620506e-11
24540.00 2.615286e-11
24545.00 2.610106e-11
24550.00 2.605271e-11
24555.00 2.601184e-11
24560.00 2.598394e-11
24565.00 2.597003e-11
24570.00 2.596962e-11
24575.00 2.598009e-11
24580.00 2.600097e-11
24585.00 2.603188e-11
24590.00 2.607060e-11
24595.00 2.611845e-11
24600.00 2.616982e-11
24605.00 2.621858e-11
24610.00 2.626339e-11
24615.00 2.630088e-11
24620.00 2.632519e-11
24625.00 2.633523e-11
24630.00 2.632779e-11
24635.00 2.630000e-11
24640.00 2.625077e-11
24645.00 2.617897e-11
24650.00 2.609106e-11
24655.00 2.598400e-11
24660.00 2.586295e-11
24665.00 2.573371e-11
24670.00 2.559613e-11
24675.00 2.545994e-11
24680.00 2.532546e-11
24685.00 2.519968e-11
24690.00 2.508257e-11
24695.00 2.498161e-11
24700.00 2.489807e-11
24705.00 2.483276e-11
24710.00 2.479057e-11
24715.00 2.476920e-11
24720.00 2.476615e-11
24725.00 2.478313e-11
24730.00 2.481798e-11
24735.00 2.486892e-11
24740.00 2.492853e-11
24745.00 2.499686e-11
24750.00 2.506606e-11
24755.00 2.513266e-11
24760.00 2.519704e-11
24765.00 2.525015e-11
24770.00 2.529412e-11
24775.00 2.532287e-11
24780.00 2.533983e-11
24785.00 2.534330e-11
24790.00 2.533288e-11
24795.00 2.530891e-11
24800.00 2.527455e-11
24805.00 2.523275e-11
24810.00 2.518488e-11
24815.00 2.513566e-11
24820.00 2.508431e-11
24825.00 2.503561e-11
24830.00 2.499072e-11
24835.00 2.495244e-11
24840.00 2.492200e-11
24845.00 2.490415e-11
24850.00 2.489805e-11
24855.00 2.490716e-11
24860.00 2.492593e-11
24865.00 2.495938e-11
24870.00 2.500167e-11
24875.00 2.505297e-11
24880.00 2.510868e-11
24885.00 2.516616e-11
24890.00 2.521490e-11
24895.00 2.525321e-11
24900.00 2.528021e-11
24905.00 2.529109e-11
24910.00 2.528629e-11
24915.00 2.525928e-11
24920.00 2.521408e-11
24925.00 2.515133e-11
24930.00 2.507173e-11
24935.00 2.497772e-11
24940.00 2.487019e-11
24945.00 2.475265e-11
24950.00 2.463079e-11
24955.00 2.450544e-11
24960.00 2.437789e-11
24965.00 2.425561e-11
24970.00 2.413724e-11
24975.00 2.402324e-11
24980.00 2.391918e-11
24985.00 2.390220e-11
24990.00 2.427305e-11
24995.00 2.432529e-11
25000.00 1.823649e-11
