# Star: K0V: Pickles (1998) UVK stellar library, STScI CDBS. K0V main-sequence star.
# wavelength[A] f_lambda[relative]
1150.00 0.000000e+00
1155.00 0.000000e+00
1160.00 0.000000e+00
1165.00 0.000000e+00
1170.00 0.000000e+00
1175.00 0.000000e+00
1180.00 0.000000e+00
1185.00 0.000000e+00
1190.00 0.000000e+00
1195.00 0.000000e+00
1200.00 0.000000e+00
1205.00 0.000000e+00
1210.00 0.000000e+00
1215.00 0.000000e+00
1220.00 0.000000e+00
1225.00 0.000000e+00
1230.00 0.000000e+00
1235.00 0.000000e+00
1240.00 0.000000e+00
1245.00 0.000000e+00
1250.00 0.000000e+00
1255.00 0.000000e+00
1260.00 0.000000e+00
1265.00 0.000000e+00
1270.00 0.000000e+00
1275.00 0.000000e+00
1280.00 0.000000e+00
1285.00 0.000000e+00
1290.00 0.000000e+00
1295.00 0.000000e+00
1300.00 0.000000e+00
1305.00 0.000000e+00
1310.00 0.000000e+00
1315.00 0.000000e+00
1320.00 0.000000e+00
1325.00 0.000000e+00
1330.00 0.000000e+00
1335.00 0.000000e+00
1340.00 0.000000e+00
1345.00 0.000000e+00
1350.00 0.000000e+00
1355.00 0.000000e+00
1360.00 0.000000e+00
1365.00 0.000000e+00
1370.00 0.000000e+00
1375.00 0.000000e+00
1380.00 0.000000e+00
1385.00 0.000000e+00
1390.00 0.000000e+00
1395.00 0.000000e+00
1400.00 0.000000e+00
1405.00 0.000000e+00
1410.00 0.000000e+00
1415.00 0.000000e+00
1420.00 0.000000e+00
1425.00 0.000000e+00
1430.00 0.000000e+00
1435.00 0.000000e+00
1440.00 0.000000e+00
1445.00 0.000000e+00
1450.00 0.000000e+00
1455.00 0.000000e+00
1460.00 0.000000e+00
1465.00 0.000000e+00
1470.00 0.000000e+00
1475.00 0.000000e+00
1480.00 0.000000e+00
1485.00 0.000000e+00
1490.00 0.000000e+00
1495.00 0.000000e+00
1500.00 0.000000e+00
1505.00 0.000000e+00
1510.00 0.000000e+00
1515.00 0.000000e+00
1520.00 0.000000e+00
1525.00 0.000000e+00
1530.00 0.000000e+00
1535.00 0.000000e+00
1540.00 0.000000e+00
1545.00 0.000000e+00
1550.00 0.000000e+00
1555.00 0.000000e+00
1560.00 0.000000e+00
1565.00 0.000000e+00
1570.00 0.000000e+00
1575.00 0.000000e+00
1580.00 0.000000e+00
1585.00 0.000000e+00
1590.00 0.000000e+00
1595.00 0.000000e+00
1600.00 0.000000e+00
1605.00 0.000000e+00
1610.00 0.000000e+00
1615.00 0.000000e+00
1620.00 0.000000e+00
1625.00 0.000000e+00
1630.00 0.000000e+00
1635.00 0.000000e+00
1640.00 0.000000e+00
1645.00 0.000000e+00
1650.00 0.000000e+00
1655.00 0.000000e+00
1660.00 0.000000e+00
1665.00 0.000000e+00
1670.00 0.000000e+00
1675.00 0.000000e+00
1680.00 0.000000e+00
1685.00 0.000000e+00
1690.00 0.000000e+00
1695.00 0.000000e+00
1700.00 0.000000e+00
1705.00 0.000000e+00
1710.00 0.000000e+00
1715.00 0.000000e+00
1720.00 0.000000e+00
1725.00 0.000000e+00
1730.00 0.000000e+00
1735.00 0.000000e+00
1740.00 0.000000e+00
1745.00 0.000000e+00
1750.00 0.000000e+00
1755.00 0.000000e+00
1760.00 0.000000e+00
1765.00 0.000000e+00
1770.00 0.000000e+00
1775.00 0.000000e+00
1780.00 0.000000e+00
1785.00 0.000000e+00
1790.00 0.000000e+00
1795.00 0.000000e+00
1800.00 0.000000e+00
1805.00 0.000000e+00
1810.00 0.000000e+00
1815.00 0.000000e+00
1820.00 0.000000e+00
1825.00 0.000000e+00
1830.00 0.000000e+00
1835.00 0.000000e+00
1840.00 0.000000e+00
1845.00 0.000000e+00
1850.00 0.000000e+00
1855.00 0.000000e+00
1860.00 0.000000e+00
1865.00 0.000000e+00
1870.00 4.599832e-16
1875.00 3.212522e-15
1880.00 3.670056e-15
1885.00 3.210084e-15
1890.00 4.575436e-16
1895.00 0.000000e+00
1900.00 0.000000e+00
1905.00 0.000000e+00
1910.00 0.000000e+00
1915.00 0.000000e+00
1920.00 0.000000e+00
1925.00 0.000000e+00
1930.00 0.000000e+00
1935.00 0.000000e+00
1940.00 0.000000e+00
1945.00 0.000000e+00
1950.00 4.599332e-16
1955.00 4.132334e-15
1960.00 1.101485e-14
1965.00 1.789504e-14
1970.00 2.202266e-14
1975.00 2.569272e-14
1980.00 2.890285e-14
1985.00 2.844062e-14
1990.00 2.201574e-14
1995.00 1.375582e-14
2000.00 1.830439e-15
2005.00 0.000000e+00
2010.00 0.000000e+00
2015.00 0.000000e+00
2020.00 0.000000e+00
2025.00 0.000000e+00
2030.00 0.000000e+00
2035.00 0.000000e+00
2040.00 0.000000e+00
2045.00 0.000000e+00
2050.00 9.197524e-15
2055.00 7.482536e-14
2060.00 1.578636e-13
2065.00 2.413551e-13
2070.00 3.165823e-13
2075.00 3.707001e-13
2080.00 3.954527e-13
2085.00 3.821214e-13
2090.00 3.155679e-13
2095.00 1.889115e-13
2100.00 2.471390e-14
2105.00 0.000000e+00
2110.00 0.000000e+00
2115.00 0.000000e+00
2120.00 0.000000e+00
2125.00 0.000000e+00
2130.00 0.000000e+00
2135.00 0.000000e+00
2140.00 0.000000e+00
2145.00 0.000000e+00
2150.00 1.282910e-13
2155.00 1.056267e-12
2160.00 2.325776e-12
2165.00 3.787470e-12
2170.00 5.388134e-12
2175.00 7.072719e-12
2180.00 8.783431e-12
2185.00 1.046427e-11
2190.00 1.205839e-11
2195.00 1.351484e-11
2200.00 1.477584e-11
2205.00 1.580517e-11
2210.00 1.661246e-11
2215.00 1.722524e-11
2220.00 1.767292e-11
2225.00 1.798435e-11
2230.00 1.818705e-11
2235.00 1.831411e-11
2240.00 1.838884e-11
2245.00 1.844621e-11
2250.00 1.850906e-11
2255.00 1.860496e-11
2260.00 1.874260e-11
2265.00 1.893350e-11
2270.00 1.918033e-11
2275.00 1.948956e-11
2280.00 1.986854e-11
2285.00 2.032458e-11
2290.00 2.086460e-11
2295.00 2.149314e-11
2300.00 2.221665e-11
2305.00 2.303467e-11
2310.00 2.391964e-11
2315.00 2.484357e-11
2320.00 2.577164e-11
2325.00 2.667032e-11
2330.00 2.750660e-11
2335.00 2.824788e-11
2340.00 2.886343e-11
2345.00 2.931798e-11
2350.00 2.958031e-11
2355.00 2.964075e-11
2360.00 2.953745e-11
2365.00 2.932409e-11
2370.00 2.905708e-11
2375.00 2.879973e-11
2380.00 2.860849e-11
2385.00 2.853883e-11
2390.00 2.864952e-11
2395.00 2.900149e-11
2400.00 2.964854e-11
2405.00 3.061620e-11
2410.00 3.184624e-11
2415.00 3.325512e-11
2420.00 3.475301e-11
2425.00 3.625312e-11
2430.00 3.766281e-11
2435.00 3.889584e-11
2440.00 3.986414e-11
2445.00 4.047637e-11
2450.00 4.064679e-11
2455.00 4.034006e-11
2460.00 3.962191e-11
2465.00 3.861213e-11
2470.00 3.742754e-11
2475.00 3.619074e-11
2480.00 3.502006e-11
2485.00 3.403383e-11
2490.00 3.335505e-11
2495.00 3.310208e-11
2500.00 3.338821e-11
2505.00 3.428303e-11
2510.00 3.573573e-11
2515.00 3.765304e-11
2520.00 3.993049e-11
2525.00 4.246522e-11
2530.00 4.515728e-11
2535.00 4.790475e-11
2540.00 5.060770e-11
2545.00 5.316379e-11
2550.00 5.547677e-11
2555.00 5.751394e-11
2560.00 5.940586e-11
2565.00 6.134009e-11
2570.00 6.351880e-11
2575.00 6.613821e-11
2580.00 6.939288e-11
2585.00 7.348083e-11
2590.00 7.860079e-11
2595.00 8.495229e-11
2600.00 9.271847e-11
2605.00 1.019769e-10
2610.00 1.125136e-10
2615.00 1.240106e-10
2620.00 1.361316e-10
2625.00 1.485432e-10
2630.00 1.609167e-10
2635.00 1.729161e-10
2640.00 1.842077e-10
2645.00 1.944599e-10
2650.00 2.033481e-10
2655.00 2.106323e-10
2660.00 2.162877e-10
2665.00 2.203737e-10
2670.00 2.229614e-10
2675.00 2.241183e-10
2680.00 2.239124e-10
2685.00 2.224097e-10
2690.00 2.196826e-10
2695.00 2.157970e-10
2700.00 2.108254e-10
2705.00 2.048815e-10
2710.00 1.981794e-10
2715.00 1.909746e-10
2720.00 1.835271e-10
2725.00 1.760943e-10
2730.00 1.689341e-10
2735.00 1.623094e-10
2740.00 1.564802e-10
2745.00 1.516989e-10
2750.00 1.482191e-10
2755.00 1.461738e-10
2760.00 1.454044e-10
2765.00 1.456373e-10
2770.00 1.465900e-10
2775.00 1.479816e-10
2780.00 1.495253e-10
2785.00 1.509422e-10
2790.00 1.519454e-10
2795.00 1.522514e-10
2800.00 1.515994e-10
2805.00 1.499180e-10
2810.00 1.476468e-10
2815.00 1.454160e-10
2820.00 1.438768e-10
2825.00 1.436863e-10
2830.00 1.454907e-10
2835.00 1.499441e-10
2840.00 1.576976e-10
2845.00 1.694008e-10
2850.00 1.856742e-10
2855.00 2.067804e-10
2860.00 2.320709e-10
2865.00 2.605435e-10
2870.00 2.911631e-10
2875.00 3.228962e-10
2880.00 3.547042e-10
2885.00 3.855527e-10
2890.00 4.144045e-10
2895.00 4.402283e-10
2900.00 4.620112e-10
2905.00 4.790492e-10
2910.00 4.913968e-10
2915.00 4.994070e-10
2920.00 5.034639e-10
2925.00 5.039468e-10
2930.00 5.012371e-10
2935.00 4.957210e-10
2940.00 4.877808e-10
2945.00 4.777952e-10
2950.00 4.661516e-10
2955.00 4.532725e-10
2960.00 4.396666e-10
2965.00 4.258811e-10
2970.00 4.124696e-10
2975.00 3.999804e-10
2980.00 3.889626e-10
2985.00 3.799676e-10
2990.00 3.735450e-10
2995.00 3.702454e-10
3000.00 3.705947e-10
3005.00 3.748904e-10
3010.00 3.828257e-10
3015.00 3.938583e-10
3020.00 4.074244e-10
3025.00 4.229654e-10
3030.00 4.399142e-10
3035.00 4.577100e-10
3040.00 4.757922e-10
3045.00 4.935940e-10
3050.00 5.105710e-10
3055.00 5.263191e-10
3060.00 5.408263e-10
3065.00 5.542242e-10
3070.00 5.666549e-10
3075.00 5.782669e-10
3080.00 5.892066e-10
3085.00 5.996222e-10
3090.00 6.096558e-10
3095.00 6.194542e-10
3100.00 6.291612e-10
3105.00 6.388787e-10
3110.00 6.486058e-10
3115.00 6.582998e-10
3120.00 6.679245e-10
3125.00 6.774282e-10
3130.00 6.867709e-10
3135.00 6.959064e-10
3140.00 7.047897e-10
3145.00 7.133803e-10
3150.00 7.216319e-10
3155.00 7.356478e-10
3160.00 7.809377e-10
3165.00 8.015978e-10
3170.00 8.172129e-10
3175.00 8.316952e-10
3180.00 8.406061e-10
3185.00 8.413483e-10
3190.00 8.394327e-10
3195.00 8.500576e-10
3200.00 9.094176e-10
3205.00 9.388936e-10
3210.00 9.322928e-10
3215.00 8.781760e-10
3220.00 8.281656e-10
3225.00 8.296100e-10
3230.00 8.494772e-10
3235.00 8.478954e-10
3240.00 8.480709e-10
3245.00 8.832231e-10
3250.00 9.475412e-10
3255.00 1.021838e-09
3260.00 1.092243e-09
3265.00 1.145809e-09
3270.00 1.166668e-09
3275.00 1.152338e-09
3280.00 1.138072e-09
3285.00 1.158843e-09
3290.00 1.210343e-09
3295.00 1.266665e-09
3300.00 1.286925e-09
3305.00 1.249715e-09
3310.00 1.197307e-09
3315.00 1.175312e-09
3320.00 1.174974e-09
3325.00 1.174609e-09
3330.00 1.174256e-09
3335.00 1.181370e-09
3340.00 1.198985e-09
3345.00 1.223073e-09
3350.00 1.236299e-09
3355.00 1.220136e-09
3360.00 1.167452e-09
3365.00 1.090343e-09
3370.00 1.038250e-09
3375.00 1.049594e-09
3380.00 1.097603e-09
3385.00 1.144269e-09
3390.00 1.187076e-09
3395.00 1.230528e-09
3400.00 1.260947e-09
3405.00 1.265624e-09
3410.00 1.254143e-09
3415.00 1.244510e-09
3420.00 1.252743e-09
3425.00 1.277666e-09
3430.00 1.277497e-09
3435.00 1.222082e-09
3440.00 1.151595e-09
3445.00 1.118281e-09
3450.00 1.133904e-09
3455.00 1.183456e-09
3460.00 1.225074e-09
3465.00 1.227822e-09
3470.00 1.213980e-09
3475.00 1.211934e-09
3480.00 1.213639e-09
3485.00 1.208782e-09
3490.00 1.218174e-09
3495.00 1.262599e-09
3500.00 1.329779e-09
3505.00 1.390552e-09
3510.00 1.407160e-09
3515.00 1.363830e-09
3520.00 1.309476e-09
3525.00 1.299093e-09
3530.00 1.338582e-09
3535.00 1.408523e-09
3540.00 1.473698e-09
3545.00 1.501662e-09
3550.00 1.482082e-09
3555.00 1.420535e-09
3560.00 1.341756e-09
3565.00 1.266355e-09
3570.00 1.187069e-09
3575.00 1.100865e-09
3580.00 1.043415e-09
3585.00 1.053376e-09
3590.00 1.135677e-09
3595.00 1.262775e-09
3600.00 1.343479e-09
3605.00 1.260430e-09
3610.00 1.207728e-09
3615.00 1.192599e-09
3620.00 1.219207e-09
3625.00 1.275815e-09
3630.00 1.340666e-09
3635.00 1.394062e-09
3640.00 1.434268e-09
3645.00 1.476692e-09
3650.00 1.540295e-09
3655.00 1.632049e-09
3660.00 1.733054e-09
3665.00 1.808258e-09
3670.00 1.827613e-09
3675.00 1.787055e-09
3680.00 1.725268e-09
3685.00 1.690489e-09
3690.00 1.697004e-09
3695.00 1.733776e-09
3700.00 1.780596e-09
3705.00 1.808082e-09
3710.00 1.785535e-09
3715.00 1.700268e-09
3720.00 1.567828e-09
3725.00 1.422892e-09
3730.00 1.305759e-09
3735.00 1.242767e-09
3740.00 1.238367e-09
3745.00 1.278272e-09
3750.00 1.331732e-09
3755.00 1.384457e-09
3760.00 1.458188e-09
3765.00 1.572115e-09
3770.00 1.712435e-09
3775.00 1.837571e-09
3780.00 1.890181e-09
3785.00 1.846823e-09
3790.00 1.756100e-09
3795.00 1.682037e-09
3800.00 1.646968e-09
3805.00 1.629251e-09
3810.00 1.572763e-09
3815.00 1.437477e-09
3820.00 1.247944e-09
3825.00 1.067155e-09
3830.00 9.592658e-10
3835.00 9.569634e-10
3840.00 1.031781e-09
3845.00 1.126978e-09
3850.00 1.200208e-09
3855.00 1.234658e-09
3860.00 1.243566e-09
3865.00 1.252992e-09
3870.00 1.276705e-09
3875.00 1.315232e-09
3880.00 1.368153e-09
3885.00 1.430066e-09
3890.00 1.487614e-09
3895.00 1.540140e-09
3900.00 1.602312e-09
3905.00 1.680087e-09
3910.00 1.754093e-09
3915.00 1.777308e-09
3920.00 1.690386e-09
3925.00 1.484818e-09
3930.00 1.256078e-09
3935.00 1.131335e-09
3940.00 1.180042e-09
3945.00 1.379679e-09
3950.00 1.598109e-09
3955.00 1.695284e-09
3960.00 1.638628e-09
3965.00 1.502055e-09
3970.00 1.439640e-09
3975.00 1.569110e-09
3980.00 1.853138e-09
3985.00 2.174335e-09
3990.00 2.434218e-09
3995.00 2.587901e-09
4000.00 2.666019e-09
4005.00 2.725829e-09
4010.00 2.787195e-09
4015.00 2.838150e-09
4020.00 2.864432e-09
4025.00 2.854142e-09
4030.00 2.800064e-09
4035.00 2.722038e-09
4040.00 2.671474e-09
4045.00 2.678259e-09
4050.00 2.710195e-09
4055.00 2.716024e-09
4060.00 2.676924e-09
4065.00 2.614792e-09
4070.00 2.584211e-09
4075.00 2.631415e-09
4080.00 2.749379e-09
4085.00 2.884229e-09
4090.00 2.963059e-09
4095.00 2.946218e-09
4100.00 2.871733e-09
4105.00 2.813346e-09
4110.00 2.818047e-09
4115.00 2.883257e-09
4120.00 2.954543e-09
4125.00 2.972040e-09
4130.00 2.928498e-09
4135.00 2.855988e-09
4140.00 2.786726e-09
4145.00 2.745788e-09
4150.00 2.750728e-09
4155.00 2.793610e-09
4160.00 2.836322e-09
4165.00 2.850294e-09
4170.00 2.840120e-09
4175.00 2.820935e-09
4180.00 2.803811e-09
4185.00 2.789768e-09
4190.00 2.770937e-09
4195.00 2.753514e-09
4200.00 2.762875e-09
4205.00 2.812067e-09
4210.00 2.875702e-09
4215.00 2.909114e-09
4220.00 2.885447e-09
4225.00 2.812886e-09
4230.00 2.738088e-09
4235.00 2.712192e-09
4240.00 2.740677e-09
4245.00 2.795232e-09
4250.00 2.847922e-09
4255.00 2.872658e-09
4260.00 2.852832e-09
4265.00 2.798888e-09
4270.00 2.741382e-09
4275.00 2.707382e-09
4280.00 2.705050e-09
4285.00 2.707783e-09
4290.00 2.652855e-09
4295.00 2.513342e-09
4300.00 2.362768e-09
4305.00 2.301725e-09
4310.00 2.371800e-09
4315.00 2.553172e-09
4320.00 2.765268e-09
4325.00 2.923342e-09
4330.00 3.014918e-09
4335.00 3.063283e-09
4340.00 3.071705e-09
4345.00 3.054364e-09
4350.00 3.060358e-09
4355.00 3.111082e-09
4360.00 3.163749e-09
4365.00 3.166820e-09
4370.00 3.104547e-09
4375.00 3.001011e-09
4380.00 2.910042e-09
4385.00 2.870665e-09
4390.00 2.876995e-09
4395.00 2.904233e-09
4400.00 2.941610e-09
4405.00 2.994630e-09
4410.00 3.072214e-09
4415.00 3.173854e-09
4420.00 3.275872e-09
4425.00 3.350138e-09
4430.00 3.395495e-09
4435.00 3.422507e-09
4440.00 3.430277e-09
4445.00 3.416252e-09
4450.00 3.385495e-09
4455.00 3.350692e-09
4460.00 3.342795e-09
4465.00 3.388527e-09
4470.00 3.474065e-09
4475.00 3.567045e-09
4480.00 3.640712e-09
4485.00 3.679556e-09
4490.00 3.698915e-09
4495.00 3.727518e-09
4500.00 3.773252e-09
4505.00 3.825769e-09
4510.00 3.858619e-09
4515.00 3.842175e-09
4520.00 3.774324e-09
4525.00 3.679402e-09
4530.00 3.597250e-09
4535.00 3.563081e-09
4540.00 3.578698e-09
4545.00 3.624175e-09
4550.00 3.680967e-09
4555.00 3.733523e-09
4560.00 3.769340e-09
4565.00 3.783052e-09
4570.00 3.774060e-09
4575.00 3.745840e-09
4580.00 3.710363e-09
4585.00 3.680046e-09
4590.00 3.660659e-09
4595.00 3.656233e-09
4600.00 3.672243e-09
4605.00 3.711386e-09
4610.00 3.765336e-09
4615.00 3.819033e-09
4620.00 3.857776e-09
4625.00 3.866201e-09
4630.00 3.833379e-09
4635.00 3.767959e-09
4640.00 3.704700e-09
4645.00 3.674418e-09
4650.00 3.673004e-09
4655.00 3.676860e-09
4660.00 3.671471e-09
4665.00 3.657015e-09
4670.00 3.642211e-09
4675.00 3.640353e-09
4680.00 3.659198e-09
4685.00 3.685774e-09
4690.00 3.690363e-09
4695.00 3.657984e-09
4700.00 3.610627e-09
4705.00 3.585653e-09
4710.00 3.603376e-09
4715.00 3.656464e-09
4720.00 3.715797e-09
4725.00 3.754402e-09
4730.00 3.766900e-09
4735.00 3.768400e-09
4740.00 3.783563e-09
4745.00 3.817824e-09
4750.00 3.840647e-09
4755.00 3.825756e-09
4760.00 3.791835e-09
4765.00 3.774398e-09
4770.00 3.787847e-09
4775.00 3.825919e-09
4780.00 3.866722e-09
4785.00 3.890870e-09
4790.00 3.904224e-09
4795.00 3.920023e-09
4800.00 3.934417e-09
4805.00 3.938231e-09
4810.00 3.933637e-09
4815.00 3.924292e-09
4820.00 3.905563e-09
4825.00 3.878585e-09
4830.00 3.857444e-09
4835.00 3.850519e-09
4840.00 3.848171e-09
4845.00 3.830864e-09
4850.00 3.778276e-09
4855.00 3.688619e-09
4860.00 3.594830e-09
4865.00 3.534867e-09
4870.00 3.523172e-09
4875.00 3.552941e-09
4880.00 3.597507e-09
4885.00 3.636042e-09
4890.00 3.678308e-09
4895.00 3.733639e-09
4900.00 3.780008e-09
4905.00 3.788194e-09
4910.00 3.749338e-09
4915.00 3.678496e-09
4920.00 3.616507e-09
4925.00 3.600557e-09
4930.00 3.630126e-09
4935.00 3.679990e-09
4940.00 3.721958e-09
4945.00 3.739140e-09
4950.00 3.737144e-09
4955.00 3.734253e-09
4960.00 3.744220e-09
4965.00 3.762359e-09
4970.00 3.762020e-09
4975.00 3.725564e-09
4980.00 3.673665e-09
4985.00 3.638131e-09
4990.00 3.626094e-09
4995.00 3.622132e-09
5000.00 3.601584e-09
5005.00 3.552412e-09
5010.00 3.496220e-09
5015.00 3.467990e-09
5020.00 3.484602e-09
5025.00 3.534226e-09
5030.00 3.577456e-09
5035.00 3.582763e-09
5040.00 3.561824e-09
5045.00 3.547831e-09
5050.00 3.560956e-09
5055.00 3.597765e-09
5060.00 3.633438e-09
5065.00 3.641619e-09
5070.00 3.616039e-09
5075.00 3.573600e-09
5080.00 3.543383e-09
5085.00 3.542461e-09
5090.00 3.562857e-09
5095.00 3.584594e-09
5100.00 3.591292e-09
5105.00 3.583021e-09
5110.00 3.576008e-09
5115.00 3.579308e-09
5120.00 3.579962e-09
5125.00 3.559334e-09
5130.00 3.518047e-09
5135.00 3.472800e-09
5140.00 3.437782e-09
5145.00 3.420752e-09
5150.00 3.418896e-09
5155.00 3.408969e-09
5160.00 3.352809e-09
5165.00 3.235211e-09
5170.00 3.096430e-09
5175.00 2.997856e-09
5180.00 2.975047e-09
5185.00 3.032186e-09
5190.00 3.145197e-09
5195.00 3.270821e-09
5200.00 3.361049e-09
5205.00 3.396067e-09
5210.00 3.406758e-09
5215.00 3.426453e-09
5220.00 3.447164e-09
5225.00 3.452820e-09
5230.00 3.458130e-09
5235.00 3.488296e-09
5240.00 3.545392e-09
5245.00 3.607676e-09
5250.00 3.634870e-09
5255.00 3.592103e-09
5260.00 3.489203e-09
5265.00 3.375134e-09
5270.00 3.311116e-09
5275.00 3.337962e-09
5280.00 3.442680e-09
5285.00 3.571342e-09
5290.00 3.664016e-09
5295.00 3.694711e-09
5300.00 3.694047e-09
5305.00 3.705148e-09
5310.00 3.730942e-09
5315.00 3.740952e-09
5320.00 3.703965e-09
5325.00 3.617093e-09
5330.00 3.524472e-09
5335.00 3.484956e-09
5340.00 3.519946e-09
5345.00 3.607339e-09
5350.00 3.702161e-09
5355.00 3.759397e-09
5360.00 3.756385e-09
5365.00 3.709835e-09
5370.00 3.668432e-09
5375.00 3.666413e-09
5380.00 3.694230e-09
5385.00 3.714971e-09
5390.00 3.690939e-09
5395.00 3.615896e-09
5400.00 3.530443e-09
5405.00 3.484218e-09
5410.00 3.499460e-09
5415.00 3.563160e-09
5420.00 3.629152e-09
5425.00 3.659619e-09
5430.00 3.661190e-09
5435.00 3.660479e-09
5440.00 3.675028e-09
5445.00 3.704672e-09
5450.00 3.728546e-09
5455.00 3.728065e-09
5460.00 3.713128e-09
5465.00 3.701521e-09
5470.00 3.690908e-09
5475.00 3.675602e-09
5480.00 3.665136e-09
5485.00 3.669012e-09
5490.00 3.686465e-09
5495.00 3.710674e-09
5500.00 3.726706e-09
5505.00 3.725215e-09
5510.00 3.717872e-09
5515.00 3.716646e-09
5520.00 3.715378e-09
5525.00 3.706742e-09
5530.00 3.695481e-09
5535.00 3.690773e-09
5540.00 3.701577e-09
5545.00 3.726585e-09
5550.00 3.745703e-09
5555.00 3.742294e-09
5560.00 3.719962e-09
5565.00 3.691271e-09
5570.00 3.667432e-09
5575.00 3.649893e-09
5580.00 3.629089e-09
5585.00 3.598775e-09
5590.00 3.563285e-09
5595.00 3.539218e-09
5600.00 3.554499e-09
5605.00 3.613441e-09
5610.00 3.671530e-09
5615.00 3.687667e-09
5620.00 3.671846e-09
5625.00 3.657519e-09
5630.00 3.664548e-09
5635.00 3.692464e-09
5640.00 3.725837e-09
5645.00 3.743148e-09
5650.00 3.729031e-09
5655.00 3.691261e-09
5660.00 3.662206e-09
5665.00 3.666603e-09
5670.00 3.696710e-09
5675.00 3.727481e-09
5680.00 3.740525e-09
5685.00 3.730137e-09
5690.00 3.697859e-09
5695.00 3.653592e-09
5700.00 3.617452e-09
5705.00 3.603476e-09
5710.00 3.609773e-09
5715.00 3.632117e-09
5720.00 3.674659e-09
5725.00 3.731107e-09
5730.00 3.765344e-09
5735.00 3.750230e-09
5740.00 3.706423e-09
5745.00 3.668848e-09
5750.00 3.652112e-09
5755.00 3.655086e-09
5760.00 3.667064e-09
5765.00 3.675144e-09
5770.00 3.673699e-09
5775.00 3.664383e-09
5780.00 3.653222e-09
5785.00 3.646772e-09
5790.00 3.648437e-09
5795.00 3.658754e-09
5800.00 3.675499e-09
5805.00 3.693965e-09
5810.00 3.708564e-09
5815.00 3.716276e-09
5820.00 3.719394e-09
5825.00 3.723950e-09
5830.00 3.734101e-09
5835.00 3.746375e-09
5840.00 3.750632e-09
5845.00 3.738129e-09
5850.00 3.707300e-09
5855.00 3.661083e-09
5860.00 3.658879e-09
5865.00 3.682824e-09
5870.00 3.693286e-09
5875.00 3.668679e-09
5880.00 3.580876e-09
5885.00 3.396922e-09
5890.00 3.226562e-09
5895.00 3.235349e-09
5900.00 3.380505e-09
5905.00 3.519609e-09
5910.00 3.583639e-09
5915.00 3.615550e-09
5920.00 3.634342e-09
5925.00 3.635788e-09
5930.00 3.630718e-09
5935.00 3.647008e-09
5940.00 3.653855e-09
5945.00 3.645131e-09
5950.00 3.638816e-09
5955.00 3.644499e-09
5960.00 3.655289e-09
5965.00 3.666721e-09
5970.00 3.665316e-09
5975.00 3.646851e-09
5980.00 3.621944e-09
5985.00 3.621676e-09
5990.00 3.632213e-09
5995.00 3.635272e-09
6000.00 3.614296e-09
6005.00 3.585426e-09
6010.00 3.556609e-09
6015.00 3.544760e-09
6020.00 3.545154e-09
6025.00 3.576131e-09
6030.00 3.644282e-09
6035.00 3.684838e-09
6040.00 3.684061e-09
6045.00 3.678118e-09
6050.00 3.672584e-09
6055.00 3.647979e-09
6060.00 3.640088e-09
6065.00 3.641379e-09
6070.00 3.652886e-09
6075.00 3.648525e-09
6080.00 3.625116e-09
6085.00 3.604627e-09
6090.00 3.584173e-09
6095.00 3.572320e-09
6100.00 3.564556e-09
6105.00 3.561145e-09
6110.00 3.592075e-09
6115.00 3.589970e-09
6120.00 3.553942e-09
6125.00 3.518920e-09
6130.00 3.521942e-09
6135.00 3.491178e-09
6140.00 3.496984e-09
6145.00 3.528035e-09
6150.00 3.521409e-09
6155.00 3.469743e-09
6160.00 3.399078e-09
6165.00 3.374705e-09
6170.00 3.415659e-09
6175.00 3.477499e-09
6180.00 3.521536e-09
6185.00 3.527773e-09
6190.00 3.524390e-09
6195.00 3.546447e-09
6200.00 3.561612e-09
6205.00 3.557257e-09
6210.00 3.538580e-09
6215.00 3.504334e-09
6220.00 3.495599e-09
6225.00 3.475933e-09
6230.00 3.450336e-09
6235.00 3.449557e-09
6240.00 3.441104e-09
6245.00 3.423615e-09
6250.00 3.417870e-09
6255.00 3.403527e-09
6260.00 3.431164e-09
6265.00 3.457464e-09
6270.00 3.458107e-09
6275.00 3.446614e-09
6280.00 3.430699e-09
6285.00 3.451896e-09
6290.00 3.460840e-09
6295.00 3.444747e-09
6300.00 3.439323e-09
6305.00 3.448915e-09
6310.00 3.452742e-09
6315.00 3.425811e-09
6320.00 3.422258e-09
6325.00 3.452178e-09
6330.00 3.464325e-09
6335.00 3.443995e-09
6340.00 3.449983e-09
6345.00 3.477738e-09
6350.00 3.487779e-09
6355.00 3.462080e-09
6360.00 3.436809e-09
6365.00 3.460379e-09
6370.00 3.506361e-09
6375.00 3.520391e-09
6380.00 3.530242e-09
6385.00 3.530342e-09
6390.00 3.506074e-09
6395.00 3.462090e-09
6400.00 3.433813e-09
6405.00 3.419202e-09
6410.00 3.411769e-09
6415.00 3.424272e-09
6420.00 3.441514e-09
6425.00 3.468725e-09
6430.00 3.476591e-09
6435.00 3.466264e-09
6440.00 3.460924e-09
6445.00 3.457738e-09
6450.00 3.436541e-09
6455.00 3.432713e-09
6460.00 3.420322e-09
6465.00 3.413691e-09
6470.00 3.421072e-09
6475.00 3.421458e-09
6480.00 3.416067e-09
6485.00 3.404943e-09
6490.00 3.358565e-09
6495.00 3.292346e-09
6500.00 3.347067e-09
6505.00 3.423021e-09
6510.00 3.458325e-09
6515.00 3.457055e-09
6520.00 3.451767e-09
6525.00 3.458628e-09
6530.00 3.451687e-09
6535.00 3.460109e-09
6540.00 3.460433e-09
6545.00 3.423629e-09
6550.00 3.365720e-09
6555.00 3.270348e-09
6560.00 3.119000e-09
6565.00 3.089024e-09
6570.00 3.226576e-09
6575.00 3.319611e-09
6580.00 3.368217e-09
6585.00 3.384504e-09
6590.00 3.373602e-09
6595.00 3.366736e-09
6600.00 3.400496e-09
6605.00 3.419934e-09
6610.00 3.418339e-09
6615.00 3.422251e-09
6620.00 3.424168e-09
6625.00 3.404155e-09
6630.00 3.379516e-09
6635.00 3.379278e-09
6640.00 3.391432e-09
6645.00 3.392181e-09
6650.00 3.387258e-09
6655.00 3.382048e-09
6660.00 3.369482e-09
6665.00 3.358961e-09
6670.00 3.369590e-09
6675.00 3.356241e-09
6680.00 3.340190e-09
6685.00 3.361227e-09
6690.00 3.370495e-09
6695.00 3.363554e-09
6700.00 3.360727e-09
6705.00 3.359456e-09
6710.00 3.338164e-09
6715.00 3.308310e-09
6720.00 3.304945e-09
6725.00 3.320152e-09
6730.00 3.330421e-09
6735.00 3.335863e-09
6740.00 3.330253e-09
6745.00 3.321607e-09
6750.00 3.314306e-09
6755.00 3.326386e-09
6760.00 3.332865e-09
6765.00 3.326746e-09
6770.00 3.313139e-09
6775.00 3.323158e-09
6780.00 3.325480e-09
6785.00 3.312491e-09
6790.00 3.314043e-09
6795.00 3.312819e-09
6800.00 3.306802e-09
6805.00 3.302439e-09
6810.00 3.288846e-09
6815.00 3.291029e-09
6820.00 3.292846e-09
6825.00 3.298501e-09
6830.00 3.290361e-09
6835.00 3.283360e-09
6840.00 3.276809e-09
6845.00 3.267753e-09
6850.00 3.255667e-09
6855.00 3.241453e-09
6860.00 3.227134e-09
6865.00 3.217045e-09
6870.00 3.214761e-09
6875.00 3.219850e-09
6880.00 3.228138e-09
6885.00 3.233164e-09
6890.00 3.231788e-09
6895.00 3.226882e-09
6900.00 3.225884e-09
6905.00 3.233551e-09
6910.00 3.247409e-09
6915.00 3.259158e-09
6920.00 3.259716e-09
6925.00 3.246378e-09
6930.00 3.227184e-09
6935.00 3.212905e-09
6940.00 3.209508e-09
6945.00 3.214673e-09
6950.00 3.219657e-09
6955.00 3.218458e-09
6960.00 3.211506e-09
6965.00 3.205264e-09
6970.00 3.204303e-09
6975.00 3.192930e-09
6980.00 3.195896e-09
6985.00 3.216587e-09
6990.00 3.206270e-09
6995.00 3.189502e-09
7000.00 3.171446e-09
7005.00 3.152580e-09
7010.00 3.156851e-09
7015.00 3.146465e-09
7020.00 3.139306e-09
7025.00 3.131735e-09
7030.00 3.135756e-09
7035.00 3.132703e-09
7040.00 3.141541e-09
7045.00 3.160622e-09
7050.00 3.155571e-09
7055.00 3.130843e-09
7060.00 3.117679e-09
7065.00 3.117860e-09
7070.00 3.127119e-09
7075.00 3.148929e-09
7080.00 3.154121e-09
7085.00 3.134125e-09
7090.00 3.131463e-09
7095.00 3.142250e-09
7100.00 3.153823e-09
7105.00 3.141395e-09
7110.00 3.114333e-09
7115.00 3.089873e-09
7120.00 3.064374e-09
7125.00 3.046142e-09
7130.00 3.051842e-09
7135.00 3.087199e-09
7140.00 3.110702e-09
7145.00 3.095788e-09
7150.00 3.083361e-09
7155.00 3.079922e-09
7160.00 3.068070e-09
7165.00 3.053247e-09
7170.00 3.064927e-09
7175.00 3.055920e-09
7180.00 3.020382e-09
7185.00 2.975876e-09
7190.00 2.938677e-09
7195.00 2.948211e-09
7200.00 2.955881e-09
7205.00 2.945575e-09
7210.00 2.985134e-09
7215.00 3.046325e-09
7220.00 3.053059e-09
7225.00 3.065562e-09
7230.00 3.066793e-09
7235.00 3.038332e-09
7240.00 3.033426e-09
7245.00 3.025771e-09
7250.00 3.019742e-09
7255.00 3.010687e-09
7260.00 3.014974e-09
7265.00 3.009571e-09
7270.00 3.015939e-09
7275.00 2.995807e-09
7280.00 2.980822e-09
7285.00 2.972713e-09
7290.00 2.945399e-09
7295.00 2.976482e-09
7300.00 3.008562e-09
7305.00 2.996444e-09
7310.00 2.992257e-09
7315.00 3.006633e-09
7320.00 3.007153e-09
7325.00 3.006806e-09
7330.00 3.012970e-09
7335.00 3.033905e-09
7340.00 3.042408e-09
7345.00 3.037886e-09
7350.00 3.015787e-09
7355.00 2.996162e-09
7360.00 2.989119e-09
7365.00 2.998774e-09
7370.00 3.015231e-09
7375.00 3.009780e-09
7380.00 2.992529e-09
7385.00 2.948088e-09
7390.00 2.933937e-09
7395.00 2.960169e-09
7400.00 2.962434e-09
7405.00 2.952865e-09
7410.00 2.928935e-09
7415.00 2.921006e-09
7420.00 2.924642e-09
7425.00 2.938575e-09
7430.00 2.967000e-09
7435.00 2.972111e-09
7440.00 2.959327e-09
7445.00 2.934008e-09
7450.00 2.957419e-09
7455.00 2.977004e-09
7460.00 2.961855e-09
7465.00 2.956849e-09
7470.00 2.957970e-09
7475.00 2.946487e-09
7480.00 2.938011e-09
7485.00 2.929605e-09
7490.00 2.904569e-09
7495.00 2.889955e-09
7500.00 2.908380e-09
7505.00 2.899589e-09
7510.00 2.879103e-09
7515.00 2.900691e-09
7520.00 2.905891e-09
7525.00 2.899341e-09
7530.00 2.902986e-09
7535.00 2.907546e-09
7540.00 2.913994e-09
7545.00 2.897513e-09
7550.00 2.881646e-09
7555.00 2.877583e-09
7560.00 2.882551e-09
7565.00 2.898713e-09
7570.00 2.919702e-09
7575.00 2.937447e-09
7580.00 2.945650e-09
7585.00 2.939113e-09
7590.00 2.922250e-09
7595.00 2.903490e-09
7600.00 2.891187e-09
7605.00 2.890526e-09
7610.00 2.897881e-09
7615.00 2.907445e-09
7620.00 2.913463e-09
7625.00 2.911803e-09
7630.00 2.903191e-09
7635.00 2.890234e-09
7640.00 2.875620e-09
7645.00 2.861181e-09
7650.00 2.846476e-09
7655.00 2.830178e-09
7660.00 2.810998e-09
7665.00 2.788950e-09
7670.00 2.767365e-09
7675.00 2.750606e-09
7680.00 2.743955e-09
7685.00 2.750549e-09
7690.00 2.765947e-09
7695.00 2.782866e-09
7700.00 2.795801e-09
7705.00 2.800933e-09
7710.00 2.799594e-09
7715.00 2.795178e-09
7720.00 2.790658e-09
7725.00 2.787904e-09
7730.00 2.789687e-09
7735.00 2.801105e-09
7740.00 2.792968e-09
7745.00 2.766490e-09
7750.00 2.762242e-09
7755.00 2.785854e-09
7760.00 2.793633e-09
7765.00 2.798602e-09
7770.00 2.794236e-09
7775.00 2.783747e-09
7780.00 2.771905e-09
7785.00 2.773565e-09
7790.00 2.778289e-09
7795.00 2.769897e-09
7800.00 2.757775e-09
7805.00 2.754867e-09
7810.00 2.756699e-09
7815.00 2.765713e-09
7820.00 2.771873e-09
7825.00 2.762589e-09
7830.00 2.738210e-09
7835.00 2.719510e-09
7840.00 2.749252e-09
7845.00 2.755924e-09
7850.00 2.748344e-09
7855.00 2.756065e-09
7860.00 2.761490e-09
7865.00 2.753743e-09
7870.00 2.741925e-09
7875.00 2.742830e-09
7880.00 2.739444e-09
7885.00 2.745000e-09
7890.00 2.748790e-09
7895.00 2.739929e-09
7900.00 2.734093e-09
7905.00 2.723604e-09
7910.00 2.709202e-09
7915.00 2.692994e-09
7920.00 2.680150e-09
7925.00 2.680874e-09
7930.00 2.654226e-09
7935.00 2.622507e-09
7940.00 2.626030e-09
7945.00 2.630161e-09
7950.00 2.662733e-09
7955.00 2.680166e-09
7960.00 2.689750e-09
7965.00 2.701589e-09
7970.00 2.702252e-09
7975.00 2.703901e-09
7980.00 2.704697e-09
7985.00 2.706064e-09
7990.00 2.693759e-09
7995.00 2.666434e-09
8000.00 2.647712e-09
8005.00 2.662614e-09
8010.00 2.665630e-09
8015.00 2.672544e-09
8020.00 2.663963e-09
8025.00 2.644947e-09
8030.00 2.648972e-09
8035.00 2.659205e-09
8040.00 2.650216e-09
8045.00 2.621790e-09
8050.00 2.621727e-09
8055.00 2.644396e-09
8060.00 2.653768e-09
8065.00 2.646197e-09
8070.00 2.631321e-09
8075.00 2.620435e-09
8080.00 2.615590e-09
8085.00 2.597103e-09
8090.00 2.585124e-09
8095.00 2.570570e-09
8100.00 2.582686e-09
8105.00 2.604768e-09
8110.00 2.614316e-09
8115.00 2.624929e-09
8120.00 2.632851e-09
8125.00 2.639510e-09
8130.00 2.628238e-09
8135.00 2.617716e-09
8140.00 2.606219e-09
8145.00 2.584762e-09
8150.00 2.561768e-09
8155.00 2.547742e-09
8160.00 2.522754e-09
8165.00 2.493213e-09
8170.00 2.503931e-09
8175.00 2.503624e-09
8180.00 2.468852e-09
8185.00 2.470081e-09
8190.00 2.476848e-09
8195.00 2.468486e-09
8200.00 2.498853e-09
8205.00 2.538456e-09
8210.00 2.537180e-09
8215.00 2.518086e-09
8220.00 2.492268e-09
8225.00 2.469285e-09
8230.00 2.431280e-09
8235.00 2.463931e-09
8240.00 2.519726e-09
8245.00 2.531362e-09
8250.00 2.546703e-09
8255.00 2.550129e-09
8260.00 2.550159e-09
8265.00 2.559492e-09
8270.00 2.536519e-09
8275.00 2.507332e-09
8280.00 2.490863e-09
8285.00 2.483891e-09
8290.00 2.471662e-09
8295.00 2.473236e-09
8300.00 2.474549e-09
8305.00 2.461766e-09
8310.00 2.463460e-09
8315.00 2.464784e-09
8320.00 2.439630e-09
8325.00 2.417705e-09
8330.00 2.399672e-09
8335.00 2.395380e-09
8340.00 2.401262e-09
8345.00 2.420885e-09
8350.00 2.435149e-09
8355.00 2.451409e-09
8360.00 2.456326e-09
8365.00 2.457839e-09
8370.00 2.454983e-09
8375.00 2.447278e-09
8380.00 2.438294e-09
8385.00 2.418741e-09
8390.00 2.425037e-09
8395.00 2.452540e-09
8400.00 2.458471e-09
8405.00 2.446320e-09
8410.00 2.413867e-09
8415.00 2.400627e-09
8420.00 2.379769e-09
8425.00 2.366905e-09
8430.00 2.388028e-09
8435.00 2.360974e-09
8440.00 2.358670e-09
8445.00 2.379702e-09
8450.00 2.404754e-09
8455.00 2.414556e-09
8460.00 2.401585e-09
8465.00 2.382491e-09
8470.00 2.357800e-09
8475.00 2.381522e-09
8480.00 2.406004e-09
8485.00 2.392054e-09
8490.00 2.354057e-09
8495.00 2.239118e-09
8500.00 2.177231e-09
8505.00 2.266007e-09
8510.00 2.305209e-09
8515.00 2.305032e-09
8520.00 2.314718e-09
8525.00 2.305015e-09
8530.00 2.257750e-09
8535.00 2.139895e-09
8540.00 1.926636e-09
8545.00 1.923087e-09
8550.00 2.129866e-09
8555.00 2.237943e-09
8560.00 2.283894e-09
8565.00 2.306973e-09
8570.00 2.317402e-09
8575.00 2.312300e-09
8580.00 2.310582e-09
8585.00 2.299369e-09
8590.00 2.304729e-09
8595.00 2.293682e-09
8600.00 2.284721e-09
8605.00 2.295976e-09
8610.00 2.275361e-09
8615.00 2.261427e-09
8620.00 2.275819e-09
8625.00 2.301707e-09
8630.00 2.303487e-09
8635.00 2.305864e-09
8640.00 2.321856e-09
8645.00 2.294259e-09
8650.00 2.242710e-09
8655.00 2.158216e-09
8660.00 1.989701e-09
8665.00 1.973282e-09
8670.00 2.122697e-09
8675.00 2.206210e-09
8680.00 2.253811e-09
8685.00 2.236917e-09
8690.00 2.241660e-09
8695.00 2.296229e-09
8700.00 2.316812e-09
8705.00 2.310784e-09
8710.00 2.312123e-09
8715.00 2.298095e-09
8720.00 2.312140e-09
8725.00 2.306267e-09
8730.00 2.298518e-09
8735.00 2.263115e-09
8740.00 2.265919e-09
8745.00 2.284450e-09
8750.00 2.286088e-09
8755.00 2.277511e-09
8760.00 2.282339e-09
8765.00 2.285661e-09
8770.00 2.276181e-09
8775.00 2.272207e-09
8780.00 2.298685e-09
8785.00 2.280453e-09
8790.00 2.255072e-09
8795.00 2.244482e-09
8800.00 2.231090e-09
8805.00 2.163558e-09
8810.00 2.172199e-09
8815.00 2.256057e-09
8820.00 2.259932e-09
8825.00 2.238899e-09
8830.00 2.269123e-09
8835.00 2.273783e-09
8840.00 2.260921e-09
8845.00 2.260706e-09
8850.00 2.267961e-09
8855.00 2.263069e-09
8860.00 2.235128e-09
8865.00 2.214963e-09
8870.00 2.206830e-09
8875.00 2.229835e-09
8880.00 2.238056e-09
8885.00 2.251230e-09
8890.00 2.243873e-09
8895.00 2.238634e-09
8900.00 2.247967e-09
8905.00 2.249188e-09
8910.00 2.243725e-09
8915.00 2.236732e-09
8920.00 2.238401e-09
8925.00 2.256426e-09
8930.00 2.255816e-09
8935.00 2.263749e-09
8940.00 2.261990e-09
8945.00 2.253322e-09
8950.00 2.248125e-09
8955.00 2.252945e-09
8960.00 2.256682e-09
8965.00 2.238732e-09
8970.00 2.236491e-09
8975.00 2.226960e-09
8980.00 2.224081e-09
8985.00 2.198652e-09
8990.00 2.159939e-09
8995.00 2.149694e-09
9000.00 2.146434e-09
9005.00 2.149738e-09
9010.00 2.146283e-09
9015.00 2.146638e-09
9020.00 2.164703e-09
9025.00 2.210866e-09
9030.00 2.269303e-09
9035.00 2.319902e-09
9040.00 2.340310e-09
9045.00 2.337730e-09
9050.00 2.336235e-09
9055.00 2.322314e-09
9060.00 2.285208e-09
9065.00 2.239013e-09
9070.00 2.206582e-09
9075.00 2.182746e-09
9080.00 2.143471e-09
9085.00 2.130736e-09
9090.00 2.116022e-09
9095.00 2.143986e-09
9100.00 2.155890e-09
9105.00 2.156398e-09
9110.00 2.164886e-09
9115.00 2.170926e-09
9120.00 2.162483e-09
9125.00 2.176845e-09
9130.00 2.150021e-09
9135.00 2.116788e-09
9140.00 2.117099e-09
9145.00 2.134869e-09
9150.00 2.111473e-09
9155.00 2.082499e-09
9160.00 2.090432e-09
9165.00 2.124812e-09
9170.00 2.105426e-09
9175.00 2.081496e-09
9180.00 2.104038e-09
9185.00 2.130251e-09
9190.00 2.145371e-09
9195.00 2.147712e-09
9200.00 2.158588e-09
9205.00 2.153848e-09
9210.00 2.134471e-09
9215.00 2.122006e-09
9220.00 2.121358e-09
9225.00 2.122349e-09
9230.00 2.118481e-09
9235.00 2.106588e-09
9240.00 2.099251e-09
9245.00 2.082145e-09
9250.00 2.074026e-09
9255.00 2.063721e-09
9260.00 2.086202e-09
9265.00 2.130181e-09
9270.00 2.168415e-09
9275.00 2.165298e-09
9280.00 2.156483e-09
9285.00 2.162948e-09
9290.00 2.151963e-09
9295.00 2.117568e-09
9300.00 2.084361e-09
9305.00 2.068699e-09
9310.00 2.023218e-09
9315.00 1.980168e-09
9320.00 1.973599e-09
9325.00 1.945410e-09
9330.00 1.961381e-09
9335.00 1.956229e-09
9340.00 1.879052e-09
9345.00 1.821820e-09
9350.00 1.889305e-09
9355.00 1.860624e-09
9360.00 1.847366e-09
9365.00 1.919391e-09
9370.00 1.912838e-09
9375.00 1.981047e-09
9380.00 2.016250e-09
9385.00 2.110969e-09
9390.00 2.228153e-09
9395.00 2.310713e-09
9400.00 2.290501e-09
9405.00 2.235145e-09
9410.00 2.173087e-09
9415.00 2.135973e-09
9420.00 2.110411e-09
9425.00 2.060569e-09
9430.00 1.955275e-09
9435.00 1.966739e-09
9440.00 1.891288e-09
9445.00 1.884334e-09
9450.00 1.982126e-09
9455.00 1.979352e-09
9460.00 1.951979e-09
9465.00 1.964011e-09
9470.00 2.029720e-09
9475.00 2.047699e-09
9480.00 2.018355e-09
9485.00 2.043349e-09
9490.00 2.084031e-09
9495.00 2.005774e-09
9500.00 1.955833e-09
9505.00 2.001173e-09
9510.00 2.077505e-09
9515.00 2.046813e-09
9520.00 1.984186e-09
9525.00 1.954501e-09
9530.00 1.990657e-09
9535.00 2.021933e-09
9540.00 2.023566e-09
9545.00 1.980818e-09
9550.00 1.976215e-09
9555.00 1.943579e-09
9560.00 1.974823e-09
9565.00 1.970592e-09
9570.00 1.971276e-09
9575.00 1.990017e-09
9580.00 1.988609e-09
9585.00 1.964041e-09
9590.00 1.920479e-09
9595.00 1.881696e-09
9600.00 1.901738e-09
9605.00 1.942126e-09
9610.00 1.959810e-09
9615.00 1.971911e-09
9620.00 1.940428e-09
9625.00 1.922277e-09
9630.00 1.931393e-09
9635.00 1.931909e-09
9640.00 1.884592e-09
9645.00 1.874380e-09
9650.00 1.877272e-09
9655.00 1.904719e-09
9660.00 1.881691e-09
9665.00 1.869614e-09
9670.00 1.923530e-09
9675.00 1.946227e-09
9680.00 1.944523e-09
9685.00 1.945935e-09
9690.00 1.943182e-09
9695.00 1.938659e-09
9700.00 1.935879e-09
9705.00 1.911599e-09
9710.00 1.883058e-09
9715.00 1.895224e-09
9720.00 1.901760e-09
9725.00 1.897170e-09
9730.00 1.867075e-09
9735.00 1.838974e-09
9740.00 1.844437e-09
9745.00 1.801963e-09
9750.00 1.812074e-09
9755.00 1.798689e-09
9760.00 1.817097e-09
9765.00 1.807332e-09
9770.00 1.843362e-09
9775.00 1.842334e-09
9780.00 1.834057e-09
9785.00 1.848831e-09
9790.00 1.886765e-09
9795.00 1.839089e-09
9800.00 1.854101e-09
9805.00 1.853830e-09
9810.00 1.850491e-09
9815.00 1.859720e-09
9820.00 1.871942e-09
9825.00 1.843789e-09
9830.00 1.835546e-09
9835.00 1.839453e-09
9840.00 1.852244e-09
9845.00 1.859318e-09
9850.00 1.825353e-09
9855.00 1.827360e-09
9860.00 1.859520e-09
9865.00 1.846081e-09
9870.00 1.828579e-09
9875.00 1.824657e-09
9880.00 1.813834e-09
9885.00 1.812251e-09
9890.00 1.795719e-09
9895.00 1.785340e-09
9900.00 1.803652e-09
9905.00 1.844769e-09
9910.00 1.816608e-09
9915.00 1.822625e-09
9920.00 1.825305e-09
9925.00 1.814807e-09
9930.00 1.813312e-09
9935.00 1.796685e-09
9940.00 1.752605e-09
9945.00 1.788173e-09
9950.00 1.802266e-09
9955.00 1.791756e-09
9960.00 1.786255e-09
9965.00 1.788795e-09
9970.00 1.807093e-09
9975.00 1.800932e-09
9980.00 1.749336e-09
9985.00 1.769295e-09
9990.00 1.777190e-09
9995.00 1.783043e-09
10000.00 1.771457e-09
10005.00 1.756455e-09
10010.00 1.775619e-09
10015.00 1.821390e-09
10020.00 1.833849e-09
10025.00 1.778945e-09
10030.00 1.748972e-09
10035.00 1.758692e-09
10040.00 1.764226e-09
10045.00 1.737243e-09
10050.00 1.749218e-09
10055.00 1.766053e-09
10060.00 1.719774e-09
10065.00 1.741608e-09
10070.00 1.737682e-09
10075.00 1.749060e-09
10080.00 1.761447e-09
10085.00 1.743336e-09
10090.00 1.763175e-09
10095.00 1.665636e-09
10100.00 1.715244e-09
10105.00 1.772332e-09
10110.00 1.759679e-09
10115.00 1.680945e-09
10120.00 1.726642e-09
10125.00 1.730737e-09
10130.00 1.710710e-09
10135.00 1.691063e-09
10140.00 1.734906e-09
10145.00 1.748487e-09
10150.00 1.707166e-09
10155.00 1.709137e-09
10160.00 1.686088e-09
10165.00 1.711517e-09
10170.00 1.698657e-09
10175.00 1.641510e-09
10180.00 1.667960e-09
10185.00 1.671658e-09
10190.00 1.670301e-09
10195.00 1.671614e-09
10200.00 1.676597e-09
10205.00 1.685319e-09
10210.00 1.695435e-09
10215.00 1.703682e-09
10220.00 1.706842e-09
10225.00 1.703227e-09
10230.00 1.695081e-09
10235.00 1.686164e-09
10240.00 1.680235e-09
10245.00 1.679591e-09
10250.00 1.682673e-09
10255.00 1.686448e-09
10260.00 1.687869e-09
10265.00 1.685030e-09
10270.00 1.679069e-09
10275.00 1.672293e-09
10280.00 1.667030e-09
10285.00 1.664774e-09
10290.00 1.664833e-09
10295.00 1.665675e-09
10300.00 1.666943e-09
10305.00 1.672536e-09
10310.00 1.671546e-09
10315.00 1.669500e-09
10320.00 1.668246e-09
10325.00 1.668137e-09
10330.00 1.668751e-09
10335.00 1.669370e-09
10340.00 1.669263e-09
10345.00 1.667934e-09
10350.00 1.665450e-09
10355.00 1.662108e-09
10360.00 1.658235e-09
10365.00 1.654218e-09
10370.00 1.650597e-09
10375.00 1.647984e-09
10380.00 1.646952e-09
10385.00 1.647704e-09
10390.00 1.649486e-09
10395.00 1.651170e-09
10400.00 1.651640e-09
10405.00 1.650295e-09
10410.00 1.647921e-09
10415.00 1.645798e-09
10420.00 1.645219e-09
10425.00 1.646827e-09
10430.00 1.649651e-09
10435.00 1.652084e-09
10440.00 1.652530e-09
10445.00 1.650026e-09
10450.00 1.645345e-09
10455.00 1.639883e-09
10460.00 1.635078e-09
10465.00 1.631934e-09
10470.00 1.630380e-09
10475.00 1.629893e-09
10480.00 1.629943e-09
10485.00 1.630142e-09
10490.00 1.630485e-09
10495.00 1.631125e-09
10500.00 1.632208e-09
10505.00 1.633670e-09
10510.00 1.634976e-09
10515.00 1.635367e-09
10520.00 1.634124e-09
10525.00 1.630934e-09
10530.00 1.626527e-09
10535.00 1.622053e-09
10540.00 1.618661e-09
10545.00 1.617110e-09
10550.00 1.617206e-09
10555.00 1.618350e-09
10560.00 1.619918e-09
10565.00 1.621280e-09
10570.00 1.621811e-09
10575.00 1.620870e-09
10580.00 1.617868e-09
10585.00 1.612634e-09
10590.00 1.606081e-09
10595.00 1.599542e-09
10600.00 1.594354e-09
10605.00 1.591422e-09
10610.00 1.590515e-09
10615.00 1.590988e-09
10620.00 1.590057e-09
10625.00 1.578328e-09
10630.00 1.574963e-09
10635.00 1.573347e-09
10640.00 1.571728e-09
10645.00 1.570110e-09
10650.00 1.568496e-09
10655.00 1.566882e-09
10660.00 1.565272e-09
10665.00 1.563666e-09
10670.00 1.562058e-09
10675.00 1.560450e-09
10680.00 1.558841e-09
10685.00 1.557240e-09
10690.00 1.555636e-09
10695.00 1.554036e-09
10700.00 1.552437e-09
10705.00 1.550837e-09
10710.00 1.549242e-09
10715.00 1.547648e-09
10720.00 1.546055e-09
10725.00 1.544462e-09
10730.00 1.542874e-09
10735.00 1.541285e-09
10740.00 1.539698e-09
10745.00 1.538109e-09
10750.00 1.536523e-09
10755.00 1.534941e-09
10760.00 1.533363e-09
10765.00 1.531783e-09
10770.00 1.530206e-09
10775.00 1.528628e-09
10780.00 1.527051e-09
10785.00 1.525478e-09
10790.00 1.523903e-09
10795.00 1.522333e-09
10800.00 1.520765e-09
10805.00 1.519199e-09
10810.00 1.517631e-09
10815.00 1.516063e-09
10820.00 1.514504e-09
10825.00 1.512940e-09
10830.00 1.511379e-09
10835.00 1.509820e-09
10840.00 1.508265e-09
10845.00 1.506711e-09
10850.00 1.505158e-09
10855.00 1.503603e-09
10860.00 1.502053e-09
10865.00 1.500505e-09
10870.00 1.498954e-09
10875.00 1.497408e-09
10880.00 1.495865e-09
10885.00 1.494318e-09
10890.00 1.492775e-09
10895.00 1.491237e-09
10900.00 1.489700e-09
10905.00 1.488159e-09
10910.00 1.486623e-09
10915.00 1.485088e-09
10920.00 1.483558e-09
10925.00 1.482027e-09
10930.00 1.480496e-09
10935.00 1.478967e-09
10940.00 1.477442e-09
10945.00 1.475917e-09
10950.00 1.474394e-09
10955.00 1.472873e-09
10960.00 1.471350e-09
10965.00 1.469831e-09
10970.00 1.468315e-09
10975.00 1.466796e-09
10980.00 1.465285e-09
10985.00 1.463769e-09
10990.00 1.462258e-09
10995.00 1.460751e-09
11000.00 1.459241e-09
11005.00 1.457735e-09
11010.00 1.456230e-09
11015.00 1.454727e-09
11020.00 1.453225e-09
11025.00 1.451727e-09
11030.00 1.450228e-09
11035.00 1.448729e-09
11040.00 1.447233e-09
11045.00 1.445739e-09
11050.00 1.444244e-09
11055.00 1.442756e-09
11060.00 1.441267e-09
11065.00 1.439776e-09
11070.00 1.438292e-09
11075.00 1.436807e-09
11080.00 1.435322e-09
11085.00 1.433841e-09
11090.00 1.432358e-09
11095.00 1.430883e-09
11100.00 1.429403e-09
11105.00 1.427927e-09
11110.00 1.426456e-09
11115.00 1.424980e-09
11120.00 1.423511e-09
11125.00 1.422041e-09
11130.00 1.420574e-09
11135.00 1.419105e-09
11140.00 1.417643e-09
11145.00 1.416181e-09
11150.00 1.414720e-09
11155.00 1.413260e-09
11160.00 1.411802e-09
11165.00 1.410342e-09
11170.00 1.408889e-09
11175.00 1.407436e-09
11180.00 1.405984e-09
11185.00 1.404532e-09
11190.00 1.403079e-09
11195.00 1.401636e-09
11200.00 1.400190e-09
11205.00 1.398747e-09
11210.00 1.397305e-09
11215.00 1.395864e-09
11220.00 1.394424e-09
11225.00 1.392985e-09
11230.00 1.391551e-09
11235.00 1.390114e-09
11240.00 1.388681e-09
11245.00 1.387248e-09
11250.00 1.385818e-09
11255.00 1.384390e-09
11260.00 1.382962e-09
11265.00 1.381536e-09
11270.00 1.380112e-09
11275.00 1.378694e-09
11280.00 1.377273e-09
11285.00 1.375856e-09
11290.00 1.374436e-09
11295.00 1.373021e-09
11300.00 1.371605e-09
11305.00 1.370194e-09
11310.00 1.368787e-09
11315.00 1.367375e-09
11320.00 1.365968e-09
11325.00 1.364562e-09
11330.00 1.363154e-09
11335.00 1.361753e-09
11340.00 1.360353e-09
11345.00 1.358953e-09
11350.00 1.357553e-09
11355.00 1.356157e-09
11360.00 1.354763e-09
11365.00 1.353366e-09
11370.00 1.351975e-09
11375.00 1.350587e-09
11380.00 1.349197e-09
11385.00 1.347810e-09
11390.00 1.346424e-09
11395.00 1.345044e-09
11400.00 1.343660e-09
11405.00 1.342280e-09
11410.00 1.340899e-09
11415.00 1.339522e-09
11420.00 1.338147e-09
11425.00 1.336775e-09
11430.00 1.335402e-09
11435.00 1.334030e-09
11440.00 1.332661e-09
11445.00 1.331294e-09
11450.00 1.329927e-09
11455.00 1.328563e-09
11460.00 1.327199e-09
11465.00 1.325837e-09
11470.00 1.324481e-09
11475.00 1.323122e-09
11480.00 1.321766e-09
11485.00 1.320411e-09
11490.00 1.319058e-09
11495.00 1.317707e-09
11500.00 1.316358e-09
11505.00 1.315008e-09
11510.00 1.313660e-09
11515.00 1.312317e-09
11520.00 1.310975e-09
11525.00 1.309631e-09
11530.00 1.308290e-09
11535.00 1.306952e-09
11540.00 1.305617e-09
11545.00 1.304283e-09
11550.00 1.302946e-09
11555.00 1.301617e-09
11560.00 1.300288e-09
11565.00 1.298958e-09
11570.00 1.297629e-09
11575.00 1.296305e-09
11580.00 1.294979e-09
11585.00 1.293657e-09
11590.00 1.292338e-09
11595.00 1.291019e-09
11600.00 1.289702e-09
11605.00 1.288386e-09
11610.00 1.287074e-09
11615.00 1.285762e-09
11620.00 1.284451e-09
11625.00 1.283142e-09
11630.00 1.281835e-09
11635.00 1.280528e-09
11640.00 1.279224e-09
11645.00 1.277921e-09
11650.00 1.276624e-09
11655.00 1.275321e-09
11660.00 1.274024e-09
11665.00 1.272727e-09
11670.00 1.271435e-09
11675.00 1.270141e-09
11680.00 1.268851e-09
11685.00 1.267564e-09
11690.00 1.266272e-09
11695.00 1.264986e-09
11700.00 1.263705e-09
11705.00 1.262421e-09
11710.00 1.261142e-09
11715.00 1.259860e-09
11720.00 1.258582e-09
11725.00 1.257307e-09
11730.00 1.256031e-09
11735.00 1.254759e-09
11740.00 1.253490e-09
11745.00 1.252219e-09
11750.00 1.250953e-09
11755.00 1.249688e-09
11760.00 1.248422e-09
11765.00 1.247159e-09
11770.00 1.245901e-09
11775.00 1.244643e-09
11780.00 1.243385e-09
11785.00 1.242129e-09
11790.00 1.240873e-09
11795.00 1.239620e-09
11800.00 1.238370e-09
11805.00 1.237116e-09
11810.00 1.235868e-09
11815.00 1.234625e-09
11820.00 1.233382e-09
11825.00 1.232140e-09
11830.00 1.230898e-09
11835.00 1.229659e-09
11840.00 1.228419e-09
11845.00 1.227185e-09
11850.00 1.225949e-09
11855.00 1.224719e-09
11860.00 1.223486e-09
11865.00 1.222259e-09
11870.00 1.221030e-09
11875.00 1.219805e-09
11880.00 1.218581e-09
11885.00 1.217360e-09
11890.00 1.216135e-09
11895.00 1.214918e-09
11900.00 1.213701e-09
11905.00 1.212487e-09
11910.00 1.211274e-09
11915.00 1.210058e-09
11920.00 1.208848e-09
11925.00 1.207641e-09
11930.00 1.206433e-09
11935.00 1.205225e-09
11940.00 1.204020e-09
11945.00 1.202820e-09
11950.00 1.201620e-09
11955.00 1.200423e-09
11960.00 1.199223e-09
11965.00 1.198028e-09
11970.00 1.196834e-09
11975.00 1.195643e-09
11980.00 1.194453e-09
11985.00 1.193265e-09
11990.00 1.192078e-09
11995.00 1.190893e-09
12000.00 1.189707e-09
12005.00 1.188525e-09
12010.00 1.187347e-09
12015.00 1.186169e-09
12020.00 1.184992e-09
12025.00 1.183816e-09
12030.00 1.182644e-09
12035.00 1.181473e-09
12040.00 1.180301e-09
12045.00 1.179135e-09
12050.00 1.177966e-09
12055.00 1.176804e-09
12060.00 1.175640e-09
12065.00 1.174477e-09
12070.00 1.173318e-09
12075.00 1.172162e-09
12080.00 1.171007e-09
12085.00 1.169850e-09
12090.00 1.168698e-09
12095.00 1.167548e-09
12100.00 1.166400e-09
12105.00 1.165251e-09
12110.00 1.164105e-09
12115.00 1.162961e-09
12120.00 1.161818e-09
12125.00 1.160679e-09
12130.00 1.159540e-09
12135.00 1.158402e-09
12140.00 1.157264e-09
12145.00 1.156131e-09
12150.00 1.154999e-09
12155.00 1.153871e-09
12160.00 1.152741e-09
12165.00 1.151614e-09
12170.00 1.150488e-09
12175.00 1.149365e-09
12180.00 1.148244e-09
12185.00 1.147122e-09
12190.00 1.146004e-09
12195.00 1.144890e-09
12200.00 1.143774e-09
12205.00 1.142662e-09
12210.00 1.141551e-09
12215.00 1.140441e-09
12220.00 1.139334e-09
12225.00 1.138227e-09
12230.00 1.137122e-09
12235.00 1.136020e-09
12240.00 1.134917e-09
12245.00 1.133821e-09
12250.00 1.132721e-09
12255.00 1.131627e-09
12260.00 1.130532e-09
12265.00 1.129441e-09
12270.00 1.128348e-09
12275.00 1.127262e-09
12280.00 1.126176e-09
12285.00 1.125089e-09
12290.00 1.124006e-09
12295.00 1.122923e-09
12300.00 1.121842e-09
12305.00 1.120763e-09
12310.00 1.119687e-09
12315.00 1.118611e-09
12320.00 1.117538e-09
12325.00 1.116466e-09
12330.00 1.115396e-09
12335.00 1.114328e-09
12340.00 1.113260e-09
12345.00 1.112196e-09
12350.00 1.111131e-09
12355.00 1.110071e-09
12360.00 1.109010e-09
12365.00 1.107953e-09
12370.00 1.106896e-09
12375.00 1.105838e-09
12380.00 1.104787e-09
12385.00 1.103737e-09
12390.00 1.102683e-09
12395.00 1.101637e-09
12400.00 1.100593e-09
12405.00 1.099546e-09
12410.00 1.098501e-09
12415.00 1.097460e-09
12420.00 1.096419e-09
12425.00 1.095379e-09
12430.00 1.094344e-09
12435.00 1.093312e-09
12440.00 1.092275e-09
12445.00 1.091242e-09
12450.00 1.090214e-09
12455.00 1.089184e-09
12460.00 1.088158e-09
12465.00 1.087134e-09
12470.00 1.086110e-09
12475.00 1.085087e-09
12480.00 1.084067e-09
12485.00 1.083046e-09
12490.00 1.082030e-09
12495.00 1.081016e-09
12500.00 1.080000e-09
12505.00 1.078987e-09
12510.00 1.077976e-09
12515.00 1.076968e-09
12520.00 1.075962e-09
12525.00 1.074956e-09
12530.00 1.073951e-09
12535.00 1.072949e-09
12540.00 1.071946e-09
12545.00 1.070945e-09
12550.00 1.069951e-09
12555.00 1.068951e-09
12560.00 1.067958e-09
12565.00 1.066963e-09
12570.00 1.065970e-09
12575.00 1.064983e-09
12580.00 1.063994e-09
12585.00 1.063006e-09
12590.00 1.062022e-09
12595.00 1.061040e-09
12600.00 1.060056e-09
12605.00 1.059076e-09
12610.00 1.058097e-09
12615.00 1.057119e-09
12620.00 1.056145e-09
12625.00 1.055172e-09
12630.00 1.054200e-09
12635.00 1.053228e-09
12640.00 1.052256e-09
12645.00 1.051288e-09
12650.00 1.050322e-09
12655.00 1.049358e-09
12660.00 1.048394e-09
12665.00 1.047430e-09
12670.00 1.046470e-09
12675.00 1.045511e-09
12680.00 1.044555e-09
12685.00 1.043599e-09
12690.00 1.042644e-09
12695.00 1.041694e-09
12700.00 1.040740e-09
12705.00 1.039793e-09
12710.00 1.038845e-09
12715.00 1.037897e-09
12720.00 1.036953e-09
12725.00 1.036010e-09
12730.00 1.035066e-09
12735.00 1.034128e-09
12740.00 1.033187e-09
12745.00 1.032252e-09
12750.00 1.031316e-09
12755.00 1.030380e-09
12760.00 1.029448e-09
12765.00 1.028514e-09
12770.00 1.027588e-09
12775.00 1.026658e-09
12780.00 1.025729e-09
12785.00 1.024803e-09
12790.00 1.023884e-09
12795.00 1.022958e-09
12800.00 1.022038e-09
12805.00 1.021119e-09
12810.00 1.020203e-09
12815.00 1.019285e-09
12820.00 1.018370e-09
12825.00 1.017456e-09
12830.00 1.016542e-09
12835.00 1.015634e-09
12840.00 1.014726e-09
12845.00 1.013816e-09
12850.00 1.012912e-09
12855.00 1.012008e-09
12860.00 1.011105e-09
12865.00 1.010201e-09
12870.00 1.009302e-09
12875.00 1.008404e-09
12880.00 1.007508e-09
12885.00 1.006613e-09
12890.00 1.005716e-09
12895.00 1.004825e-09
12900.00 1.003934e-09
12905.00 1.003042e-09
12910.00 1.002154e-09
12915.00 1.001264e-09
12920.00 1.000380e-09
12925.00 9.994958e-10
12930.00 9.986140e-10
12935.00 9.977319e-10
12940.00 9.968522e-10
12945.00 9.959741e-10
12950.00 9.950959e-10
12955.00 9.942208e-10
12960.00 9.933453e-10
12965.00 9.924737e-10
12970.00 9.916041e-10
12975.00 9.907336e-10
12980.00 9.898636e-10
12985.00 9.889963e-10
12990.00 9.881312e-10
12995.00 9.872656e-10
13000.00 9.864051e-10
13005.00 9.855431e-10
13010.00 9.846837e-10
13015.00 9.838250e-10
13020.00 9.829649e-10
13025.00 9.821101e-10
13030.00 9.812556e-10
13035.00 9.804035e-10
13040.00 9.795499e-10
13045.00 9.787003e-10
13050.00 9.778491e-10
13055.00 9.770028e-10
13060.00 9.761596e-10
13065.00 9.753122e-10
13070.00 9.744699e-10
13075.00 9.736255e-10
13080.00 9.727844e-10
13085.00 9.719482e-10
13090.00 9.711085e-10
13095.00 9.702709e-10
13100.00 9.694388e-10
13105.00 9.686048e-10
13110.00 9.677722e-10
13115.00 9.669400e-10
13120.00 9.661091e-10
13125.00 9.652804e-10
13130.00 9.644551e-10
13135.00 9.636276e-10
13140.00 9.628036e-10
13145.00 9.619804e-10
13150.00 9.611603e-10
13155.00 9.603404e-10
13160.00 9.595208e-10
13165.00 9.587025e-10
13170.00 9.578854e-10
13175.00 9.570705e-10
13180.00 9.562586e-10
13185.00 9.554456e-10
13190.00 9.546349e-10
13195.00 9.538250e-10
13200.00 9.530156e-10
13205.00 9.522086e-10
13210.00 9.514032e-10
13215.00 9.506010e-10
13220.00 9.497960e-10
13225.00 9.489913e-10
13230.00 9.481936e-10
13235.00 9.473955e-10
13240.00 9.465960e-10
13245.00 9.457990e-10
13250.00 9.450045e-10
13255.00 9.442097e-10
13260.00 9.434160e-10
13265.00 9.426256e-10
13270.00 9.418368e-10
13275.00 9.410478e-10
13280.00 9.402605e-10
13285.00 9.394719e-10
13290.00 9.386909e-10
13295.00 9.379049e-10
13300.00 9.371238e-10
13305.00 9.363408e-10
13310.00 9.355643e-10
13315.00 9.347837e-10
13320.00 9.340081e-10
13325.00 9.332304e-10
13330.00 9.324556e-10
13335.00 9.316807e-10
13340.00 9.309100e-10
13345.00 9.301406e-10
13350.00 9.293690e-10
13355.00 9.285998e-10
13360.00 9.278351e-10
13365.00 9.270660e-10
13370.00 9.263051e-10
13375.00 9.255409e-10
13380.00 9.247774e-10
13385.00 9.240187e-10
13390.00 9.232581e-10
13395.00 9.224984e-10
13400.00 9.217418e-10
13405.00 9.209859e-10
13410.00 9.202309e-10
13415.00 9.194788e-10
13420.00 9.187249e-10
13425.00 9.179732e-10
13430.00 9.172245e-10
13435.00 9.164764e-10
13440.00 9.157264e-10
13445.00 9.149818e-10
13450.00 9.142380e-10
13455.00 9.134937e-10
13460.00 9.127495e-10
13465.00 9.120095e-10
13470.00 9.112672e-10
13475.00 9.105306e-10
13480.00 9.097937e-10
13485.00 9.090559e-10
13490.00 9.083202e-10
13495.00 9.075877e-10
13500.00 9.068536e-10
13505.00 9.061223e-10
13510.00 9.053918e-10
13515.00 9.046627e-10
13520.00 9.039356e-10
13525.00 9.032074e-10
13530.00 9.024826e-10
13535.00 9.017578e-10
13540.00 9.010361e-10
13545.00 9.003122e-10
13550.00 8.995895e-10
13555.00 8.988703e-10
13560.00 8.981528e-10
13565.00 8.974360e-10
13570.00 8.967195e-10
13575.00 8.960047e-10
13580.00 8.952876e-10
13585.00 8.945778e-10
13590.00 8.938646e-10
13595.00 8.931518e-10
13600.00 8.924452e-10
13605.00 8.917351e-10
13610.00 8.910301e-10
13615.00 8.903247e-10
13620.00 8.896170e-10
13625.00 8.889152e-10
13630.00 8.882133e-10
13635.00 8.875125e-10
13640.00 8.868107e-10
13645.00 8.861134e-10
13650.00 8.854135e-10
13655.00 8.847192e-10
13660.00 8.840217e-10
13665.00 8.833286e-10
13670.00 8.826340e-10
13675.00 8.819400e-10
13680.00 8.812513e-10
13685.00 8.805606e-10
13690.00 8.798706e-10
13695.00 8.791828e-10
13700.00 8.784984e-10
13705.00 8.778117e-10
13710.00 8.771266e-10
13715.00 8.764417e-10
13720.00 8.757595e-10
13725.00 8.750805e-10
13730.00 8.743991e-10
13735.00 8.737193e-10
13740.00 8.730400e-10
13745.00 8.723639e-10
13750.00 8.716898e-10
13755.00 8.710158e-10
13760.00 8.703428e-10
13765.00 8.696685e-10
13770.00 8.689960e-10
13775.00 8.683277e-10
13780.00 8.676566e-10
13785.00 8.669893e-10
13790.00 8.663242e-10
13795.00 8.656577e-10
13800.00 8.649920e-10
13805.00 8.643289e-10
13810.00 8.636657e-10
13815.00 8.630044e-10
13820.00 8.623424e-10
13825.00 8.616812e-10
13830.00 8.610242e-10
13835.00 8.603687e-10
13840.00 8.597100e-10
13845.00 8.590538e-10
13850.00 8.584003e-10
13855.00 8.577481e-10
13860.00 8.570951e-10
13865.00 8.564451e-10
13870.00 8.557950e-10
13875.00 8.551466e-10
13880.00 8.544963e-10
13885.00 8.538502e-10
13890.00 8.532050e-10
13895.00 8.525597e-10
13900.00 8.519168e-10
13905.00 8.512737e-10
13910.00 8.506310e-10
13915.00 8.499896e-10
13920.00 8.493509e-10
13925.00 8.487118e-10
13930.00 8.480724e-10
13935.00 8.474339e-10
13940.00 8.467986e-10
13945.00 8.461669e-10
13950.00 8.455336e-10
13955.00 8.448988e-10
13960.00 8.442674e-10
13965.00 8.436362e-10
13970.00 8.430071e-10
13975.00 8.423777e-10
13980.00 8.417490e-10
13985.00 8.411227e-10
13990.00 8.404992e-10
13995.00 8.398749e-10
14000.00 8.392503e-10
14005.00 8.386255e-10
14010.00 8.380028e-10
14015.00 8.373827e-10
14020.00 8.367629e-10
14025.00 8.361444e-10
14030.00 8.355246e-10
14035.00 8.349089e-10
14040.00 8.342936e-10
14045.00 8.336797e-10
14050.00 8.330665e-10
14055.00 8.324504e-10
14060.00 8.318398e-10
14065.00 8.312285e-10
14070.00 8.306188e-10
14075.00 8.300106e-10
14080.00 8.294015e-10
14085.00 8.287951e-10
14090.00 8.281869e-10
14095.00 8.275798e-10
14100.00 8.269776e-10
14105.00 8.263722e-10
14110.00 8.257713e-10
14115.00 8.251675e-10
14120.00 8.245676e-10
14125.00 8.239682e-10
14130.00 8.233703e-10
14135.00 8.227719e-10
14140.00 8.221723e-10
14145.00 8.215772e-10
14150.00 8.209813e-10
14155.00 8.203894e-10
14160.00 8.197970e-10
14165.00 8.192009e-10
14170.00 8.186098e-10
14175.00 8.180204e-10
14180.00 8.174326e-10
14185.00 8.168416e-10
14190.00 8.162538e-10
14195.00 8.156661e-10
14200.00 8.150784e-10
14205.00 8.144961e-10
14210.00 8.139119e-10
14215.00 8.133286e-10
14220.00 8.127449e-10
14225.00 8.121632e-10
14230.00 8.115832e-10
14235.00 8.110025e-10
14240.00 8.104259e-10
14245.00 8.098448e-10
14250.00 8.092699e-10
14255.00 8.086934e-10
14260.00 8.081170e-10
14265.00 8.075424e-10
14270.00 8.069692e-10
14275.00 8.063967e-10
14280.00 8.058230e-10
14285.00 8.052541e-10
14290.00 8.046835e-10
14295.00 8.041131e-10
14300.00 8.035442e-10
14305.00 8.029787e-10
14310.00 8.024099e-10
14315.00 8.018450e-10
14320.00 8.012804e-10
14325.00 8.007149e-10
14330.00 8.001523e-10
14335.00 7.995875e-10
14340.00 7.990270e-10
14345.00 7.984676e-10
14350.00 7.979073e-10
14355.00 7.973489e-10
14360.00 7.967920e-10
14365.00 7.962331e-10
14370.00 7.956767e-10
14375.00 7.951216e-10
14380.00 7.945637e-10
14385.00 7.940106e-10
14390.00 7.934554e-10
14395.00 7.929051e-10
14400.00 7.923542e-10
14405.00 7.918039e-10
14410.00 7.912533e-10
14415.00 7.907023e-10
14420.00 7.901546e-10
14425.00 7.896057e-10
14430.00 7.890587e-10
14435.00 7.885145e-10
14440.00 7.879694e-10
14445.00 7.874260e-10
14450.00 7.868789e-10
14455.00 7.863395e-10
14460.00 7.857949e-10
14465.00 7.852541e-10
14470.00 7.847133e-10
14475.00 7.841738e-10
14480.00 7.836356e-10
14485.00 7.830990e-10
14490.00 7.825587e-10
14495.00 7.820232e-10
14500.00 7.814873e-10
14505.00 7.809520e-10
14510.00 7.804189e-10
14515.00 7.798832e-10
14520.00 7.793526e-10
14525.00 7.788190e-10
14530.00 7.782881e-10
14535.00 7.777589e-10
14540.00 7.772292e-10
14545.00 7.766985e-10
14550.00 7.761732e-10
14555.00 7.756444e-10
14560.00 7.751160e-10
14565.00 7.745909e-10
14570.00 7.740658e-10
14575.00 7.735410e-10
14580.00 7.730165e-10
14585.00 7.724966e-10
14590.00 7.719750e-10
14595.00 7.714537e-10
14600.00 7.709323e-10
14605.00 7.704120e-10
14610.00 7.698920e-10
14615.00 7.693740e-10
14620.00 7.688539e-10
14625.00 7.683384e-10
14630.00 7.678223e-10
14635.00 7.673066e-10
14640.00 7.667929e-10
14645.00 7.662782e-10
14650.00 7.657648e-10
14655.00 7.652503e-10
14660.00 7.647383e-10
14665.00 7.642265e-10
14670.00 7.637172e-10
14675.00 7.632066e-10
14680.00 7.626959e-10
14685.00 7.621892e-10
14690.00 7.616812e-10
14695.00 7.611745e-10
14700.00 7.606675e-10
14705.00 7.601616e-10
14710.00 7.596568e-10
14715.00 7.591520e-10
14720.00 7.586495e-10
14725.00 7.581452e-10
14730.00 7.576427e-10
14735.00 7.571403e-10
14740.00 7.566417e-10
14745.00 7.561404e-10
14750.00 7.556404e-10
14755.00 7.551398e-10
14760.00 7.546444e-10
14765.00 7.541458e-10
14770.00 7.536495e-10
14775.00 7.531513e-10
14780.00 7.526554e-10
14785.00 7.521606e-10
14790.00 7.516675e-10
14795.00 7.511731e-10
14800.00 7.506807e-10
14805.00 7.501885e-10
14810.00 7.496979e-10
14815.00 7.492066e-10
14820.00 7.487148e-10
14825.00 7.482255e-10
14830.00 7.477371e-10
14835.00 7.472451e-10
14840.00 7.467583e-10
14845.00 7.462734e-10
14850.00 7.457851e-10
14855.00 7.453003e-10
14860.00 7.448137e-10
14865.00 7.443288e-10
14870.00 7.438430e-10
14875.00 7.433619e-10
14880.00 7.428791e-10
14885.00 7.423979e-10
14890.00 7.419133e-10
14895.00 7.414326e-10
14900.00 7.409522e-10
14905.00 7.404742e-10
14910.00 7.399943e-10
14915.00 7.395133e-10
14920.00 7.390358e-10
14925.00 7.385578e-10
14930.00 7.380823e-10
14935.00 7.376049e-10
14940.00 7.371304e-10
14945.00 7.366545e-10
14950.00 7.361812e-10
14955.00 7.357077e-10
14960.00 7.352338e-10
14965.00 7.347588e-10
14970.00 7.342862e-10
14975.00 7.338175e-10
14980.00 7.333459e-10
14985.00 7.328751e-10
14990.00 7.324043e-10
14995.00 7.319352e-10
15000.00 7.314676e-10
15005.00 7.309985e-10
15010.00 7.305329e-10
15015.00 7.300617e-10
15020.00 7.295960e-10
15025.00 7.291304e-10
15030.00 7.286637e-10
15035.00 7.282016e-10
15040.00 7.277364e-10
15045.00 7.272735e-10
15050.00 7.268108e-10
15055.00 7.263486e-10
15060.00 7.258860e-10
15065.00 7.254223e-10
15070.00 7.249625e-10
15075.00 7.245017e-10
15080.00 7.240409e-10
15085.00 7.235825e-10
15090.00 7.231223e-10
15095.00 7.226633e-10
15100.00 7.222090e-10
15105.00 7.217498e-10
15110.00 7.212918e-10
15115.00 7.208352e-10
15120.00 7.203824e-10
15125.00 7.199252e-10
15130.00 7.194704e-10
15135.00 7.190157e-10
15140.00 7.185618e-10
15145.00 7.181089e-10
15150.00 7.176574e-10
15155.00 7.172034e-10
15160.00 7.167506e-10
15165.00 7.162996e-10
15170.00 7.158496e-10
15175.00 7.154009e-10
15180.00 7.149497e-10
15185.00 7.145017e-10
15190.00 7.140533e-10
15195.00 7.136025e-10
15200.00 7.131560e-10
15205.00 7.127069e-10
15210.00 7.122621e-10
15215.00 7.118152e-10
15220.00 7.113685e-10
15225.00 7.109228e-10
15230.00 7.104788e-10
15235.00 7.100348e-10
15240.00 7.095911e-10
15245.00 7.091459e-10
15250.00 7.087034e-10
15255.00 7.082593e-10
15260.00 7.078184e-10
15265.00 7.073777e-10
15270.00 7.069350e-10
15275.00 7.064936e-10
15280.00 7.060537e-10
15285.00 7.056125e-10
15290.00 7.051750e-10
15295.00 7.047354e-10
15300.00 7.042953e-10
15305.00 7.038570e-10
15310.00 7.034222e-10
15315.00 7.029841e-10
15320.00 7.025460e-10
15325.00 7.021106e-10
15330.00 7.016748e-10
15335.00 7.012381e-10
15340.00 7.008019e-10
15345.00 7.003679e-10
15350.00 6.999351e-10
15355.00 6.994986e-10
15360.00 6.990649e-10
15365.00 6.986328e-10
15370.00 6.981996e-10
15375.00 6.977696e-10
15380.00 6.973371e-10
15385.00 6.969039e-10
15390.00 6.964734e-10
15395.00 6.960418e-10
15400.00 6.956122e-10
15405.00 6.951835e-10
15410.00 6.947531e-10
15415.00 6.943239e-10
15420.00 6.938943e-10
15425.00 6.934689e-10
15430.00 6.930390e-10
15435.00 6.926101e-10
15440.00 6.921838e-10
15445.00 6.917584e-10
15450.00 6.913319e-10
15455.00 6.909045e-10
15460.00 6.904776e-10
15465.00 6.900552e-10
15470.00 6.896292e-10
15475.00 6.892042e-10
15480.00 6.887810e-10
15485.00 6.883564e-10
15490.00 6.879334e-10
15495.00 6.875084e-10
15500.00 6.870858e-10
15505.00 6.866627e-10
15510.00 6.862427e-10
15515.00 6.858200e-10
15520.00 6.853977e-10
15525.00 6.849777e-10
15530.00 6.845578e-10
15535.00 6.841367e-10
15540.00 6.837172e-10
15545.00 6.832973e-10
15550.00 6.828776e-10
15555.00 6.824573e-10
15560.00 6.820385e-10
15565.00 6.816211e-10
15570.00 6.812029e-10
15575.00 6.807846e-10
15580.00 6.803686e-10
15585.00 6.799512e-10
15590.00 6.795334e-10
15595.00 6.791185e-10
15600.00 6.787024e-10
15605.00 6.782864e-10
15610.00 6.778704e-10
15615.00 6.774560e-10
15620.00 6.770409e-10
15625.00 6.766271e-10
15630.00 6.762114e-10
15635.00 6.757967e-10
15640.00 6.753850e-10
15645.00 6.749704e-10
15650.00 6.745560e-10
15655.00 6.741454e-10
15660.00 6.737342e-10
15665.00 6.733198e-10
15670.00 6.729093e-10
15675.00 6.724977e-10
15680.00 6.720866e-10
15685.00 6.716748e-10
15690.00 6.712648e-10
15695.00 6.708533e-10
15700.00 6.704425e-10
15705.00 6.700322e-10
15710.00 6.696225e-10
15715.00 6.692132e-10
15720.00 6.688056e-10
15725.00 6.683955e-10
15730.00 6.679878e-10
15735.00 6.675794e-10
15740.00 6.641488e-10
15745.00 6.449564e-10
15750.00 6.398072e-10
15755.00 6.535769e-10
15760.00 6.574730e-10
15765.00 6.305425e-10
15770.00 6.195101e-10
15775.00 6.504943e-10
15780.00 6.685663e-10
15785.00 6.728612e-10
15790.00 6.665237e-10
15795.00 6.660336e-10
15800.00 6.692368e-10
15805.00 6.693338e-10
15810.00 6.693122e-10
15815.00 6.643672e-10
15820.00 6.545855e-10
15825.00 6.578708e-10
15830.00 6.646528e-10
15835.00 6.571884e-10
15840.00 6.625920e-10
15845.00 6.723276e-10
15850.00 6.711681e-10
15855.00 6.672352e-10
15860.00 6.602030e-10
15865.00 6.553676e-10
15870.00 6.581624e-10
15875.00 6.557518e-10
15880.00 6.458442e-10
15885.00 6.242564e-10
15890.00 6.098847e-10
15895.00 6.206767e-10
15900.00 6.390748e-10
15905.00 6.437708e-10
15910.00 6.442617e-10
15915.00 6.506087e-10
15920.00 6.518676e-10
15925.00 6.561170e-10
15930.00 6.609829e-10
15935.00 6.597314e-10
15940.00 6.558082e-10
15945.00 6.542658e-10
15950.00 6.526992e-10
15955.00 6.430721e-10
15960.00 6.286378e-10
15965.00 6.314049e-10
15970.00 6.442823e-10
15975.00 6.504378e-10
15980.00 6.461683e-10
15985.00 6.478121e-10
15990.00 6.572834e-10
15995.00 6.552031e-10
16000.00 6.513802e-10
16005.00 6.449959e-10
16010.00 6.367684e-10
16015.00 6.434514e-10
16020.00 6.513910e-10
16025.00 6.540435e-10
16030.00 6.556264e-10
16035.00 6.503456e-10
16040.00 6.444215e-10
16045.00 6.457990e-10
16050.00 6.521513e-10
16055.00 6.521264e-10
16060.00 6.412033e-10
16065.00 6.409695e-10
16070.00 6.436783e-10
16075.00 6.384805e-10
16080.00 6.406009e-10
16085.00 6.433283e-10
16090.00 6.403862e-10
16095.00 6.261006e-10
16100.00 6.239384e-10
16105.00 6.309677e-10
16110.00 6.376373e-10
16115.00 6.403185e-10
16120.00 6.409070e-10
16125.00 6.426620e-10
16130.00 6.411030e-10
16135.00 6.427232e-10
16140.00 6.425509e-10
16145.00 6.420076e-10
16150.00 6.378997e-10
16155.00 6.316603e-10
16160.00 6.273020e-10
16165.00 6.237754e-10
16170.00 6.234881e-10
16175.00 6.270267e-10
16180.00 6.227413e-10
16185.00 6.242385e-10
16190.00 6.280065e-10
16195.00 6.206252e-10
16200.00 6.162350e-10
16205.00 6.194175e-10
16210.00 6.177704e-10
16215.00 6.177103e-10
16220.00 6.219632e-10
16225.00 6.242245e-10
16230.00 6.236718e-10
16235.00 6.236450e-10
16240.00 6.217519e-10
16245.00 6.248755e-10
16250.00 6.314297e-10
16255.00 6.330905e-10
16260.00 6.346217e-10
16265.00 6.330655e-10
16270.00 6.338435e-10
16275.00 6.353126e-10
16280.00 6.348986e-10
16285.00 6.308284e-10
16290.00 6.289833e-10
16295.00 6.299647e-10
16300.00 6.293688e-10
16305.00 6.315087e-10
16310.00 6.304358e-10
16315.00 6.201470e-10
16320.00 6.167697e-10
16325.00 6.230371e-10
16330.00 6.259740e-10
16335.00 6.261590e-10
16340.00 6.282182e-10
16345.00 6.277965e-10
16350.00 6.270086e-10
16355.00 6.265540e-10
16360.00 6.221572e-10
16365.00 6.168133e-10
16370.00 6.194472e-10
16375.00 6.185961e-10
16380.00 6.103835e-10
16385.00 6.090805e-10
16390.00 6.145077e-10
16395.00 6.151022e-10
16400.00 6.147087e-10
16405.00 6.143158e-10
16410.00 6.139240e-10
16415.00 6.135315e-10
16420.00 6.131379e-10
16425.00 6.127449e-10
16430.00 6.123534e-10
16435.00 6.119597e-10
16440.00 6.115667e-10
16445.00 6.111758e-10
16450.00 6.107811e-10
16455.00 6.103892e-10
16460.00 6.099968e-10
16465.00 6.096032e-10
16470.00 6.092115e-10
16475.00 6.088192e-10
16480.00 6.084265e-10
16485.00 6.080331e-10
16490.00 6.076400e-10
16495.00 6.072521e-10
16500.00 6.068576e-10
16505.00 6.064663e-10
16510.00 6.060732e-10
16515.00 6.056805e-10
16520.00 6.052870e-10
16525.00 6.048951e-10
16530.00 6.045024e-10
16535.00 6.041102e-10
16540.00 6.037180e-10
16545.00 6.033278e-10
16550.00 6.029348e-10
16555.00 6.025418e-10
16560.00 6.021511e-10
16565.00 6.017569e-10
16570.00 6.013651e-10
16575.00 6.009712e-10
16580.00 6.005824e-10
16585.00 6.001895e-10
16590.00 5.997969e-10
16595.00 5.994041e-10
16600.00 5.990121e-10
16605.00 5.986197e-10
16610.00 5.982299e-10
16615.00 5.978372e-10
16620.00 5.974446e-10
16625.00 5.970522e-10
16630.00 5.966597e-10
16635.00 5.962698e-10
16640.00 5.958787e-10
16645.00 5.954844e-10
16650.00 5.950930e-10
16655.00 5.947022e-10
16660.00 5.943097e-10
16665.00 5.939183e-10
16670.00 5.935257e-10
16675.00 5.931358e-10
16680.00 5.927429e-10
16685.00 5.923508e-10
16690.00 5.919586e-10
16695.00 5.915684e-10
16700.00 5.911770e-10
16705.00 5.907843e-10
16710.00 5.903943e-10
16715.00 5.900022e-10
16720.00 5.896101e-10
16725.00 5.892196e-10
16730.00 5.888268e-10
16735.00 5.884353e-10
16740.00 5.880458e-10
16745.00 5.876529e-10
16750.00 5.872614e-10
16755.00 5.868709e-10
16760.00 5.864790e-10
16765.00 5.860888e-10
16770.00 5.856964e-10
16775.00 5.853050e-10
16780.00 5.849149e-10
16785.00 5.845220e-10
16790.00 5.841335e-10
16795.00 5.837418e-10
16800.00 5.833486e-10
16805.00 5.829593e-10
16810.00 5.825664e-10
16815.00 5.821773e-10
16820.00 5.817849e-10
16825.00 5.813958e-10
16830.00 5.810035e-10
16835.00 5.806130e-10
16840.00 5.802218e-10
16845.00 5.798321e-10
16850.00 5.794404e-10
16855.00 5.790500e-10
16860.00 5.786587e-10
16865.00 5.782686e-10
16870.00 5.778769e-10
16875.00 5.774872e-10
16880.00 5.770986e-10
16885.00 5.767065e-10
16890.00 5.763153e-10
16895.00 5.759236e-10
16900.00 5.755352e-10
16905.00 5.751417e-10
16910.00 5.747521e-10
16915.00 5.743642e-10
16920.00 5.739717e-10
16925.00 5.735828e-10
16930.00 5.731920e-10
16935.00 5.728011e-10
16940.00 5.724116e-10
16945.00 5.720215e-10
16950.00 5.716304e-10
16955.00 5.712415e-10
16960.00 5.708509e-10
16965.00 5.704598e-10
16970.00 5.700699e-10
16975.00 5.696811e-10
16980.00 5.692922e-10
16985.00 5.688994e-10
16990.00 5.685107e-10
16995.00 5.681215e-10
17000.00 5.677318e-10
17005.00 5.673430e-10
17010.00 5.669500e-10
17015.00 5.665617e-10
17020.00 5.661729e-10
17025.00 5.657831e-10
17030.00 5.653948e-10
17035.00 5.650019e-10
17040.00 5.646131e-10
17045.00 5.642240e-10
17050.00 5.638350e-10
17055.00 5.634447e-10
17060.00 5.630567e-10
17065.00 5.626677e-10
17070.00 5.622787e-10
17075.00 5.618894e-10
17080.00 5.615004e-10
17085.00 5.611115e-10
17090.00 5.607221e-10
17095.00 5.603304e-10
17100.00 5.599401e-10
17105.00 5.595518e-10
17110.00 5.591625e-10
17115.00 5.587735e-10
17120.00 5.583852e-10
17125.00 5.579993e-10
17130.00 5.576096e-10
17135.00 5.572217e-10
17140.00 5.568318e-10
17145.00 5.564430e-10
17150.00 5.560537e-10
17155.00 5.556650e-10
17160.00 5.552762e-10
17165.00 5.548873e-10
17170.00 5.544985e-10
17175.00 5.541118e-10
17180.00 5.537237e-10
17185.00 5.533348e-10
17190.00 5.529451e-10
17195.00 5.525559e-10
17200.00 5.521682e-10
17205.00 5.517820e-10
17210.00 5.513932e-10
17215.00 5.510038e-10
17220.00 5.506158e-10
17225.00 5.502294e-10
17230.00 5.498403e-10
17235.00 5.494525e-10
17240.00 5.490655e-10
17245.00 5.486772e-10
17250.00 5.482879e-10
17255.00 5.479023e-10
17260.00 5.475143e-10
17265.00 5.471256e-10
17270.00 5.467393e-10
17275.00 5.463513e-10
17280.00 5.459629e-10
17285.00 5.455760e-10
17290.00 5.451866e-10
17295.00 5.448011e-10
17300.00 5.444127e-10
17305.00 5.440272e-10
17310.00 5.436384e-10
17315.00 5.432529e-10
17320.00 5.428641e-10
17325.00 5.424785e-10
17330.00 5.420901e-10
17335.00 5.417027e-10
17340.00 5.413155e-10
17345.00 5.409292e-10
17350.00 5.405409e-10
17355.00 5.401557e-10
17360.00 5.397702e-10
17365.00 5.393812e-10
17370.00 5.389953e-10
17375.00 5.386065e-10
17380.00 5.382207e-10
17385.00 5.378368e-10
17390.00 5.374500e-10
17395.00 5.370616e-10
17400.00 5.366764e-10
17405.00 5.362907e-10
17410.00 5.359020e-10
17415.00 5.355168e-10
17420.00 5.351313e-10
17425.00 5.347453e-10
17430.00 5.343593e-10
17435.00 5.339713e-10
17440.00 5.335861e-10
17445.00 5.332004e-10
17450.00 5.328150e-10
17455.00 5.324306e-10
17460.00 5.320451e-10
17465.00 5.316594e-10
17470.00 5.312707e-10
17475.00 5.308846e-10
17480.00 5.304998e-10
17485.00 5.301141e-10
17490.00 5.297296e-10
17495.00 5.293427e-10
17500.00 5.289575e-10
17505.00 5.285734e-10
17510.00 5.281874e-10
17515.00 5.278023e-10
17520.00 5.274169e-10
17525.00 5.270345e-10
17530.00 5.266497e-10
17535.00 5.262650e-10
17540.00 5.258785e-10
17545.00 5.254933e-10
17550.00 5.251081e-10
17555.00 5.247230e-10
17560.00 5.243408e-10
17565.00 5.239550e-10
17570.00 5.235704e-10
17575.00 5.231842e-10
17580.00 5.228001e-10
17585.00 5.224172e-10
17590.00 5.220326e-10
17595.00 5.216479e-10
17600.00 5.212653e-10
17605.00 5.208801e-10
17610.00 5.204953e-10
17615.00 5.201130e-10
17620.00 5.197283e-10
17625.00 5.193428e-10
17630.00 5.189601e-10
17635.00 5.185756e-10
17640.00 5.181937e-10
17645.00 5.178097e-10
17650.00 5.174267e-10
17655.00 5.170410e-10
17660.00 5.166587e-10
17665.00 5.162747e-10
17670.00 5.158928e-10
17675.00 5.155071e-10
17680.00 5.151252e-10
17685.00 5.147416e-10
17690.00 5.143587e-10
17695.00 5.139763e-10
17700.00 5.135921e-10
17705.00 5.132098e-10
17710.00 5.128272e-10
17715.00 5.124425e-10
17720.00 5.120616e-10
17725.00 5.116789e-10
17730.00 5.112974e-10
17735.00 5.109135e-10
17740.00 5.105304e-10
17745.00 5.101493e-10
17750.00 5.097667e-10
17755.00 5.093821e-10
17760.00 5.090001e-10
17765.00 5.086183e-10
17770.00 5.082366e-10
17775.00 5.078558e-10
17780.00 5.074740e-10
17785.00 5.070918e-10
17790.00 5.067107e-10
17795.00 5.063285e-10
17800.00 5.059467e-10
17805.00 5.055656e-10
17810.00 5.051832e-10
17815.00 5.048016e-10
17820.00 5.044200e-10
17825.00 5.040383e-10
17830.00 5.036566e-10
17835.00 5.032749e-10
17840.00 5.028928e-10
17845.00 5.025128e-10
17850.00 5.021331e-10
17855.00 5.017518e-10
17860.00 5.013707e-10
17865.00 5.009895e-10
17870.00 5.006101e-10
17875.00 5.002291e-10
17880.00 4.998476e-10
17885.00 4.994662e-10
17890.00 4.990862e-10
17895.00 4.987056e-10
17900.00 4.983249e-10
17905.00 4.979459e-10
17910.00 4.975647e-10
17915.00 4.971853e-10
17920.00 4.968050e-10
17925.00 4.964260e-10
17930.00 4.960453e-10
17935.00 4.956670e-10
17940.00 4.952859e-10
17945.00 4.949068e-10
17950.00 4.945261e-10
17955.00 4.941471e-10
17960.00 4.937665e-10
17965.00 4.933883e-10
17970.00 4.930092e-10
17975.00 4.926285e-10
17980.00 4.922495e-10
17985.00 4.918715e-10
17990.00 4.914908e-10
17995.00 4.911133e-10
18000.00 4.907344e-10
18005.00 4.903563e-10
18010.00 4.899754e-10
18015.00 4.895964e-10
18020.00 4.892187e-10
18025.00 4.888408e-10
18030.00 4.884627e-10
18035.00 4.880850e-10
18040.00 4.877058e-10
18045.00 4.873277e-10
18050.00 4.869471e-10
18055.00 4.865686e-10
18060.00 4.861906e-10
18065.00 4.858136e-10
18070.00 4.854380e-10
18075.00 4.850605e-10
18080.00 4.846823e-10
18085.00 4.843047e-10
18090.00 4.839266e-10
18095.00 4.835492e-10
18100.00 4.831702e-10
18105.00 4.827925e-10
18110.00 4.824176e-10
18115.00 4.820403e-10
18120.00 4.816614e-10
18125.00 4.812843e-10
18130.00 4.809084e-10
18135.00 4.805308e-10
18140.00 4.801544e-10
18145.00 4.797781e-10
18150.00 4.794005e-10
18155.00 4.790234e-10
18160.00 4.786485e-10
18165.00 4.782715e-10
18170.00 4.778968e-10
18175.00 4.775194e-10
18180.00 4.771436e-10
18185.00 4.767663e-10
18190.00 4.763920e-10
18195.00 4.760136e-10
18200.00 4.756395e-10
18205.00 4.752647e-10
18210.00 4.748876e-10
18215.00 4.745118e-10
18220.00 4.741373e-10
18225.00 4.737610e-10
18230.00 4.733861e-10
18235.00 4.730122e-10
18240.00 4.726376e-10
18245.00 4.722598e-10
18250.00 4.718849e-10
18255.00 4.715106e-10
18260.00 4.711363e-10
18265.00 4.707620e-10
18270.00 4.703881e-10
18275.00 4.700128e-10
18280.00 4.696395e-10
18285.00 4.692642e-10
18290.00 4.688900e-10
18295.00 4.685161e-10
18300.00 4.681417e-10
18305.00 4.677678e-10
18310.00 4.673929e-10
18315.00 4.670183e-10
18320.00 4.666439e-10
18325.00 4.662724e-10
18330.00 4.658996e-10
18335.00 4.655246e-10
18340.00 4.651509e-10
18345.00 4.647769e-10
18350.00 4.644040e-10
18355.00 4.640314e-10
18360.00 4.636577e-10
18365.00 4.632858e-10
18370.00 4.629117e-10
18375.00 4.625403e-10
18380.00 4.621667e-10
18385.00 4.617927e-10
18390.00 4.614214e-10
18395.00 4.610484e-10
18400.00 4.606764e-10
18405.00 4.603052e-10
18410.00 4.599326e-10
18415.00 4.595612e-10
18420.00 4.591871e-10
18425.00 4.588155e-10
18430.00 4.584449e-10
18435.00 4.580711e-10
18440.00 4.577001e-10
18445.00 4.573300e-10
18450.00 4.569582e-10
18455.00 4.565848e-10
18460.00 4.562139e-10
18465.00 4.558438e-10
18470.00 4.554722e-10
18475.00 4.551015e-10
18480.00 4.547312e-10
18485.00 4.543608e-10
18490.00 4.539903e-10
18495.00 4.536197e-10
18500.00 4.532484e-10
18505.00 4.528772e-10
18510.00 4.525064e-10
18515.00 4.521370e-10
18520.00 4.517651e-10
18525.00 4.513953e-10
18530.00 4.510275e-10
18535.00 4.506572e-10
18540.00 4.502861e-10
18545.00 4.499163e-10
18550.00 4.495485e-10
18555.00 4.491785e-10
18560.00 4.488075e-10
18565.00 4.484404e-10
18570.00 4.480704e-10
18575.00 4.476998e-10
18580.00 4.473319e-10
18585.00 4.469627e-10
18590.00 4.465942e-10
18595.00 4.462249e-10
18600.00 4.458561e-10
18605.00 4.454869e-10
18610.00 4.451191e-10
18615.00 4.447517e-10
18620.00 4.443823e-10
18625.00 4.440148e-10
18630.00 4.436468e-10
18635.00 4.432769e-10
18640.00 4.429102e-10
18645.00 4.425427e-10
18650.00 4.421759e-10
18655.00 4.418083e-10
18660.00 4.414411e-10
18665.00 4.410710e-10
18670.00 4.407048e-10
18675.00 4.403378e-10
18680.00 4.399696e-10
18685.00 4.396032e-10
18690.00 4.392362e-10
18695.00 4.388689e-10
18700.00 4.385032e-10
18705.00 4.381389e-10
18710.00 4.377710e-10
18715.00 4.374048e-10
18720.00 4.370376e-10
18725.00 4.366707e-10
18730.00 4.363068e-10
18735.00 4.359408e-10
18740.00 4.355734e-10
18745.00 4.352061e-10
18750.00 4.348425e-10
18755.00 4.344771e-10
18760.00 4.341123e-10
18765.00 4.337460e-10
18770.00 4.333822e-10
18775.00 4.330156e-10
18780.00 4.326518e-10
18785.00 4.322858e-10
18790.00 4.319207e-10
18795.00 4.315549e-10
18800.00 4.311913e-10
18805.00 4.308269e-10
18810.00 4.304610e-10
18815.00 4.300977e-10
18820.00 4.297345e-10
18825.00 4.293709e-10
18830.00 4.290079e-10
18835.00 4.286408e-10
18840.00 4.282770e-10
18845.00 4.279140e-10
18850.00 4.275507e-10
18855.00 4.271876e-10
18860.00 4.268245e-10
18865.00 4.264602e-10
18870.00 4.260979e-10
18875.00 4.257343e-10
18880.00 4.253707e-10
18885.00 4.250081e-10
18890.00 4.246472e-10
18895.00 4.242844e-10
18900.00 4.239208e-10
18905.00 4.235586e-10
18910.00 4.231974e-10
18915.00 4.228348e-10
18920.00 4.224713e-10
18925.00 4.221115e-10
18930.00 4.217481e-10
18935.00 4.213855e-10
18940.00 4.210257e-10
18945.00 4.206621e-10
18950.00 4.203025e-10
18955.00 4.199418e-10
18960.00 4.195797e-10
18965.00 4.192195e-10
18970.00 4.188567e-10
18975.00 4.184967e-10
18980.00 4.181370e-10
18985.00 4.177768e-10
18990.00 4.174148e-10
18995.00 4.170543e-10
19000.00 4.166952e-10
19005.00 4.163348e-10
19010.00 4.159760e-10
19015.00 4.156157e-10
19020.00 4.152565e-10
19025.00 4.148967e-10
19030.00 4.145370e-10
19035.00 4.141767e-10
19040.00 4.138168e-10
19045.00 4.134577e-10
19050.00 4.130980e-10
19055.00 4.127385e-10
19060.00 4.123792e-10
19065.00 4.120214e-10
19070.00 4.116631e-10
19075.00 4.113039e-10
19080.00 4.109446e-10
19085.00 4.105868e-10
19090.00 4.102284e-10
19095.00 4.098719e-10
19100.00 4.095127e-10
19105.00 4.091558e-10
19110.00 4.087974e-10
19115.00 4.084404e-10
19120.00 4.080821e-10
19125.00 4.077247e-10
19130.00 4.073658e-10
19135.00 4.070096e-10
19140.00 4.066537e-10
19145.00 4.062971e-10
19150.00 4.059382e-10
19155.00 4.055814e-10
19160.00 4.052254e-10
19165.00 4.048696e-10
19170.00 4.045141e-10
19175.00 4.041580e-10
19180.00 4.038013e-10
19185.00 4.034454e-10
19190.00 4.030899e-10
19195.00 4.027339e-10
19200.00 4.023778e-10
19205.00 4.020217e-10
19210.00 4.016656e-10
19215.00 4.013103e-10
19220.00 4.009571e-10
19225.00 4.006015e-10
19230.00 4.002451e-10
19235.00 3.998901e-10
19240.00 3.995366e-10
19245.00 3.991811e-10
19250.00 3.988286e-10
19255.00 3.984734e-10
19260.00 3.981201e-10
19265.00 3.977647e-10
19270.00 3.974120e-10
19275.00 3.970566e-10
19280.00 3.967039e-10
19285.00 3.963507e-10
19290.00 3.959959e-10
19295.00 3.956425e-10
19300.00 3.952904e-10
19305.00 3.949378e-10
19310.00 3.945829e-10
19315.00 3.942298e-10
19320.00 3.938778e-10
19325.00 3.935248e-10
19330.00 3.931734e-10
19335.00 3.928214e-10
19340.00 3.924688e-10
19345.00 3.921163e-10
19350.00 3.917636e-10
19355.00 3.914120e-10
19360.00 3.910630e-10
19365.00 3.907109e-10
19370.00 3.903583e-10
19375.00 3.900065e-10
19380.00 3.896567e-10
19385.00 3.893048e-10
19390.00 3.889529e-10
19395.00 3.886038e-10
19400.00 3.882527e-10
19405.00 3.879021e-10
19410.00 3.875510e-10
19415.00 3.872015e-10
19420.00 3.868499e-10
19425.00 3.865009e-10
19430.00 3.861519e-10
19435.00 3.858009e-10
19440.00 3.854511e-10
19445.00 3.851025e-10
19450.00 3.847531e-10
19455.00 3.844023e-10
19460.00 3.840534e-10
19465.00 3.837044e-10
19470.00 3.833559e-10
19475.00 3.830070e-10
19480.00 3.826588e-10
19485.00 3.823099e-10
19490.00 3.819613e-10
19495.00 3.816130e-10
19500.00 3.812665e-10
19505.00 3.809193e-10
19510.00 3.805705e-10
19515.00 3.802219e-10
19520.00 3.798764e-10
19525.00 3.795282e-10
19530.00 3.791802e-10
19535.00 3.788336e-10
19540.00 3.784860e-10
19545.00 3.781397e-10
19550.00 3.777931e-10
19555.00 3.774462e-10
19560.00 3.770993e-10
19565.00 3.767535e-10
19570.00 3.764078e-10
19575.00 3.760606e-10
19580.00 3.757149e-10
19585.00 3.753695e-10
19590.00 3.750238e-10
19595.00 3.746770e-10
19600.00 3.743309e-10
19605.00 3.739863e-10
19610.00 3.736416e-10
19615.00 3.732965e-10
19620.00 3.729516e-10
19625.00 3.726063e-10
19630.00 3.722619e-10
19635.00 3.719195e-10
19640.00 3.715750e-10
19645.00 3.712301e-10
19650.00 3.708855e-10
19655.00 3.705437e-10
19660.00 3.701981e-10
19665.00 3.698542e-10
19670.00 3.695124e-10
19675.00 3.691684e-10
19680.00 3.688259e-10
19685.00 3.684817e-10
19690.00 3.681389e-10
19695.00 3.677951e-10
19700.00 3.674537e-10
19705.00 3.671118e-10
19710.00 3.667674e-10
19715.00 3.664254e-10
19720.00 3.660845e-10
19725.00 3.657425e-10
19730.00 3.653987e-10
19735.00 3.650573e-10
19740.00 3.647152e-10
19745.00 3.643745e-10
19750.00 3.640329e-10
19755.00 3.636922e-10
19760.00 3.633508e-10
19765.00 3.630121e-10
19770.00 3.626711e-10
19775.00 3.623300e-10
19780.00 3.619885e-10
19785.00 3.616479e-10
19790.00 3.613095e-10
19795.00 3.609688e-10
19800.00 3.606303e-10
19805.00 3.602900e-10
19810.00 3.599512e-10
19815.00 3.596111e-10
19820.00 3.592724e-10
19825.00 3.589320e-10
19830.00 3.585938e-10
19835.00 3.582557e-10
19840.00 3.579153e-10
19845.00 3.575776e-10
19850.00 3.572397e-10
19855.00 3.569016e-10
19860.00 3.565637e-10
19865.00 3.562236e-10
19870.00 3.558857e-10
19875.00 3.555473e-10
19880.00 3.552103e-10
19885.00 3.548729e-10
19890.00 3.545387e-10
19895.00 3.542015e-10
19900.00 3.538633e-10
19905.00 3.535259e-10
19910.00 3.531883e-10
19915.00 3.528535e-10
19920.00 3.525163e-10
19925.00 3.521819e-10
19930.00 3.518445e-10
19935.00 3.515075e-10
19940.00 3.511732e-10
19945.00 3.508384e-10
19950.00 3.505015e-10
19955.00 3.501665e-10
19960.00 3.498304e-10
19965.00 3.494957e-10
19970.00 3.491622e-10
19975.00 3.488279e-10
19980.00 3.484932e-10
19985.00 3.481568e-10
19990.00 3.478225e-10
19995.00 3.474880e-10
20000.00 3.471538e-10
20005.00 3.468210e-10
20010.00 3.464895e-10
20015.00 3.461561e-10
20020.00 3.458216e-10
20025.00 3.454886e-10
20030.00 3.451545e-10
20035.00 3.448234e-10
20040.00 3.444901e-10
20045.00 3.441564e-10
20050.00 3.438251e-10
20055.00 3.434919e-10
20060.00 3.431606e-10
20065.00 3.428279e-10
20070.00 3.424970e-10
20075.00 3.421637e-10
20080.00 3.418330e-10
20085.00 3.415024e-10
20090.00 3.411714e-10
20095.00 3.408387e-10
20100.00 3.405084e-10
20105.00 3.401782e-10
20110.00 3.398475e-10
20115.00 3.395168e-10
20120.00 3.391870e-10
20125.00 3.388561e-10
20130.00 3.385262e-10
20135.00 3.381963e-10
20140.00 3.378691e-10
20145.00 3.375391e-10
20150.00 3.372080e-10
20155.00 3.368785e-10
20160.00 3.365514e-10
20165.00 3.362216e-10
20170.00 3.358912e-10
20175.00 3.355642e-10
20180.00 3.352344e-10
20185.00 3.349071e-10
20190.00 3.345807e-10
20195.00 3.342506e-10
20200.00 3.339236e-10
20205.00 3.335968e-10
20210.00 3.332702e-10
20215.00 3.329407e-10
20220.00 3.326138e-10
20225.00 3.322871e-10
20230.00 3.319607e-10
20235.00 3.316341e-10
20240.00 3.313068e-10
20245.00 3.309809e-10
20250.00 3.306539e-10
20255.00 3.303299e-10
20260.00 3.300048e-10
20265.00 3.296775e-10
20270.00 3.293516e-10
20275.00 3.290274e-10
20280.00 3.287021e-10
20285.00 3.283782e-10
20290.00 3.280521e-10
20295.00 3.277280e-10
20300.00 3.274024e-10
20305.00 3.270793e-10
20310.00 3.267530e-10
20315.00 3.264301e-10
20320.00 3.261068e-10
20325.00 3.257830e-10
20330.00 3.254577e-10
20335.00 3.251344e-10
20340.00 3.248116e-10
20345.00 3.244884e-10
20350.00 3.241648e-10
20355.00 3.238423e-10
20360.00 3.235193e-10
20365.00 3.231999e-10
20370.00 3.228768e-10
20375.00 3.225542e-10
20380.00 3.222316e-10
20385.00 3.219116e-10
20390.00 3.215883e-10
20395.00 3.212662e-10
20400.00 3.209465e-10
20405.00 3.206242e-10
20410.00 3.203043e-10
20415.00 3.199841e-10
20420.00 3.196620e-10
20425.00 3.193425e-10
20430.00 3.190231e-10
20435.00 3.187011e-10
20440.00 3.183812e-10
20445.00 3.180621e-10
20450.00 3.177426e-10
20455.00 3.174233e-10
20460.00 3.171040e-10
20465.00 3.167842e-10
20470.00 3.164652e-10
20475.00 3.161464e-10
20480.00 3.158303e-10
20485.00 3.155111e-10
20490.00 3.151921e-10
20495.00 3.148727e-10
20500.00 3.145565e-10
20505.00 3.142383e-10
20510.00 3.139213e-10
20515.00 3.136029e-10
20520.00 3.132870e-10
20525.00 3.129684e-10
20530.00 3.126522e-10
20535.00 3.123369e-10
20540.00 3.120205e-10
20545.00 3.117020e-10
20550.00 3.113864e-10
20555.00 3.110699e-10
20560.00 3.107548e-10
20565.00 3.104395e-10
20570.00 3.101233e-10
20575.00 3.098080e-10
20580.00 3.094923e-10
20585.00 3.091795e-10
20590.00 3.088647e-10
20595.00 3.085490e-10
20600.00 3.082342e-10
20605.00 3.079206e-10
20610.00 3.076062e-10
20615.00 3.072936e-10
20620.00 3.069789e-10
20625.00 3.066658e-10
20630.00 3.063512e-10
20635.00 3.060385e-10
20640.00 3.057265e-10
20645.00 3.054117e-10
20650.00 3.050998e-10
20655.00 3.047870e-10
20660.00 3.044755e-10
20665.00 3.041630e-10
20670.00 3.038517e-10
20675.00 3.035390e-10
20680.00 3.032276e-10
20685.00 3.029157e-10
20690.00 3.026039e-10
20695.00 3.022948e-10
20700.00 3.019839e-10
20705.00 3.016713e-10
20710.00 3.013628e-10
20715.00 3.010513e-10
20720.00 3.007394e-10
20725.00 3.004309e-10
20730.00 3.001223e-10
20735.00 2.998108e-10
20740.00 2.995026e-10
20745.00 2.991935e-10
20750.00 2.988828e-10
20755.00 2.985739e-10
20760.00 2.982652e-10
20765.00 2.979577e-10
20770.00 2.976491e-10
20775.00 2.973407e-10
20780.00 2.970324e-10
20785.00 2.967239e-10
20790.00 2.964154e-10
20795.00 2.961081e-10
20800.00 2.958025e-10
20805.00 2.954945e-10
20810.00 2.951870e-10
20815.00 2.948814e-10
20820.00 2.945741e-10
20825.00 2.942686e-10
20830.00 2.939606e-10
20835.00 2.936562e-10
20840.00 2.933511e-10
20845.00 2.930435e-10
20850.00 2.927387e-10
20855.00 2.924335e-10
20860.00 2.921292e-10
20865.00 2.918248e-10
20870.00 2.915198e-10
20875.00 2.912157e-10
20880.00 2.909112e-10
20885.00 2.906065e-10
20890.00 2.903013e-10
20895.00 2.899973e-10
20900.00 2.896928e-10
20905.00 2.893907e-10
20910.00 2.890871e-10
20915.00 2.887850e-10
20920.00 2.884821e-10
20925.00 2.881800e-10
20930.00 2.878765e-10
20935.00 2.875741e-10
20940.00 2.872708e-10
20945.00 2.869692e-10
20950.00 2.866684e-10
20955.00 2.863675e-10
20960.00 2.860659e-10
20965.00 2.857650e-10
20970.00 2.854644e-10
20975.00 2.851631e-10
20980.00 2.848630e-10
20985.00 2.845615e-10
20990.00 2.842608e-10
20995.00 2.839597e-10
21000.00 2.836589e-10
21005.00 2.833616e-10
21010.00 2.830610e-10
21015.00 2.827626e-10
21020.00 2.824633e-10
21025.00 2.821644e-10
21030.00 2.818642e-10
21035.00 2.815667e-10
21040.00 2.812691e-10
21045.00 2.809691e-10
21050.00 2.806713e-10
21055.00 2.803742e-10
21060.00 2.800767e-10
21065.00 2.797794e-10
21070.00 2.794823e-10
21075.00 2.791844e-10
21080.00 2.788876e-10
21085.00 2.785907e-10
21090.00 2.782960e-10
21095.00 2.779995e-10
21100.00 2.777032e-10
21105.00 2.774081e-10
21110.00 2.771111e-10
21115.00 2.768143e-10
21120.00 2.765201e-10
21125.00 2.762260e-10
21130.00 2.759296e-10
21135.00 2.756358e-10
21140.00 2.753417e-10
21145.00 2.750457e-10
21150.00 2.747517e-10
21155.00 2.744578e-10
21160.00 2.741646e-10
21165.00 2.738710e-10
21170.00 2.735769e-10
21175.00 2.732840e-10
21180.00 2.729931e-10
21185.00 2.727000e-10
21190.00 2.724066e-10
21195.00 2.721136e-10
21200.00 2.718223e-10
21205.00 2.715297e-10
21210.00 2.712388e-10
21215.00 2.709461e-10
21220.00 2.706556e-10
21225.00 2.703649e-10
21230.00 2.700730e-10
21235.00 2.697822e-10
21240.00 2.694925e-10
21245.00 2.692026e-10
21250.00 2.689126e-10
21255.00 2.686225e-10
21260.00 2.683326e-10
21265.00 2.680424e-10
21270.00 2.677524e-10
21275.00 2.674635e-10
21280.00 2.671756e-10
21285.00 2.668861e-10
21290.00 2.665969e-10
21295.00 2.663099e-10
21300.00 2.660210e-10
21305.00 2.657338e-10
21310.00 2.654444e-10
21315.00 2.651581e-10
21320.00 2.648714e-10
21325.00 2.645821e-10
21330.00 2.642953e-10
21335.00 2.640090e-10
21340.00 2.637228e-10
21345.00 2.634369e-10
21350.00 2.631507e-10
21355.00 2.628642e-10
21360.00 2.625783e-10
21365.00 2.622921e-10
21370.00 2.620085e-10
21375.00 2.617226e-10
21380.00 2.614373e-10
21385.00 2.611532e-10
21390.00 2.608680e-10
21395.00 2.605847e-10
21400.00 2.602990e-10
21405.00 2.600165e-10
21410.00 2.597333e-10
21415.00 2.594475e-10
21420.00 2.591647e-10
21425.00 2.588818e-10
21430.00 2.585995e-10
21435.00 2.583174e-10
21440.00 2.580346e-10
21445.00 2.577518e-10
21450.00 2.574691e-10
21455.00 2.571866e-10
21460.00 2.569074e-10
21465.00 2.566251e-10
21470.00 2.563432e-10
21475.00 2.560631e-10
21480.00 2.557817e-10
21485.00 2.555015e-10
21490.00 2.552196e-10
21495.00 2.549408e-10
21500.00 2.546621e-10
21505.00 2.543821e-10
21510.00 2.541009e-10
21515.00 2.538208e-10
21520.00 2.535425e-10
21525.00 2.532633e-10
21530.00 2.529845e-10
21535.00 2.527063e-10
21540.00 2.524300e-10
21545.00 2.521516e-10
21550.00 2.518725e-10
21555.00 2.515942e-10
21560.00 2.513176e-10
21565.00 2.510397e-10
21570.00 2.507640e-10
21575.00 2.504857e-10
21580.00 2.502099e-10
21585.00 2.499343e-10
21590.00 2.496585e-10
21595.00 2.493808e-10
21600.00 2.491052e-10
21605.00 2.488301e-10
21610.00 2.485545e-10
21615.00 2.482796e-10
21620.00 2.480040e-10
21625.00 2.477292e-10
21630.00 2.474566e-10
21635.00 2.471822e-10
21640.00 2.469069e-10
21645.00 2.466349e-10
21650.00 2.463606e-10
21655.00 2.460879e-10
21660.00 2.458139e-10
21665.00 2.455408e-10
21670.00 2.452666e-10
21675.00 2.449945e-10
21680.00 2.447230e-10
21685.00 2.444517e-10
21690.00 2.441799e-10
21695.00 2.439079e-10
21700.00 2.436366e-10
21705.00 2.433649e-10
21710.00 2.430937e-10
21715.00 2.428218e-10
21720.00 2.425511e-10
21725.00 2.422819e-10
21730.00 2.420112e-10
21735.00 2.417426e-10
21740.00 2.414716e-10
21745.00 2.412031e-10
21750.00 2.409327e-10
21755.00 2.406643e-10
21760.00 2.403958e-10
21765.00 2.401251e-10
21770.00 2.398565e-10
21775.00 2.395890e-10
21780.00 2.393205e-10
21785.00 2.390531e-10
21790.00 2.387849e-10
21795.00 2.385207e-10
21800.00 2.382530e-10
21805.00 2.379847e-10
21810.00 2.377173e-10
21815.00 2.374519e-10
21820.00 2.371853e-10
21825.00 2.369202e-10
21830.00 2.366529e-10
21835.00 2.363881e-10
21840.00 2.361243e-10
21845.00 2.358599e-10
21850.00 2.355925e-10
21855.00 2.353278e-10
21860.00 2.350636e-10
21865.00 2.347992e-10
21870.00 2.345349e-10
21875.00 2.342715e-10
21880.00 2.340098e-10
21885.00 2.337457e-10
21890.00 2.334820e-10
21895.00 2.332206e-10
21900.00 2.329568e-10
21905.00 2.326929e-10
21910.00 2.324324e-10
21915.00 2.321710e-10
21920.00 2.319078e-10
21925.00 2.316467e-10
21930.00 2.313863e-10
21935.00 2.311257e-10
21940.00 2.308650e-10
21945.00 2.306042e-10
21950.00 2.303437e-10
21955.00 2.300835e-10
21960.00 2.298227e-10
21965.00 2.295622e-10
21970.00 2.293020e-10
21975.00 2.290445e-10
21980.00 2.287844e-10
21985.00 2.285270e-10
21990.00 2.282669e-10
21995.00 2.280093e-10
22000.00 2.277499e-10
22005.00 2.274922e-10
22010.00 2.272350e-10
22015.00 2.269785e-10
22020.00 2.267211e-10
22025.00 2.264619e-10
22030.00 2.262073e-10
22035.00 2.259507e-10
22040.00 2.256937e-10
22045.00 2.254366e-10
22050.00 2.251800e-10
22055.00 2.249236e-10
22060.00 2.246694e-10
22065.00 2.244133e-10
22070.00 2.241591e-10
22075.00 2.239033e-10
22080.00 2.236499e-10
22085.00 2.233960e-10
22090.00 2.231399e-10
22095.00 2.228860e-10
22100.00 2.226330e-10
22105.00 2.223798e-10
22110.00 2.221265e-10
22115.00 2.218733e-10
22120.00 2.216201e-10
22125.00 2.213668e-10
22130.00 2.211141e-10
22135.00 2.208635e-10
22140.00 2.206108e-10
22145.00 2.203581e-10
22150.00 2.201071e-10
22155.00 2.198551e-10
22160.00 2.196044e-10
22165.00 2.193525e-10
22170.00 2.191021e-10
22175.00 2.188530e-10
22180.00 2.186027e-10
22185.00 2.183507e-10
22190.00 2.181003e-10
22195.00 2.178509e-10
22200.00 2.176018e-10
22205.00 2.173552e-10
22210.00 2.171057e-10
22215.00 2.168564e-10
22220.00 2.166069e-10
22225.00 2.163604e-10
22230.00 2.161113e-10
22235.00 2.158624e-10
22240.00 2.156155e-10
22245.00 2.153670e-10
22250.00 2.151206e-10
22255.00 2.148742e-10
22260.00 2.146283e-10
22265.00 2.143796e-10
22270.00 2.141331e-10
22275.00 2.138873e-10
22280.00 2.136415e-10
22285.00 2.133954e-10
22290.00 2.131496e-10
22295.00 2.129040e-10
22300.00 2.126607e-10
22305.00 2.124154e-10
22310.00 2.121703e-10
22315.00 2.119269e-10
22320.00 2.116817e-10
22325.00 2.114388e-10
22330.00 2.111938e-10
22335.00 2.109513e-10
22340.00 2.107085e-10
22345.00 2.104639e-10
22350.00 2.102209e-10
22355.00 2.099788e-10
22360.00 2.097361e-10
22365.00 2.094941e-10
22370.00 2.092517e-10
22375.00 2.090099e-10
22380.00 2.087677e-10
22385.00 2.085256e-10
22390.00 2.082865e-10
22395.00 2.080446e-10
22400.00 2.078026e-10
22405.00 2.075631e-10
22410.00 2.073222e-10
22415.00 2.070829e-10
22420.00 2.068438e-10
22425.00 2.066027e-10
22430.00 2.063637e-10
22435.00 2.061254e-10
22440.00 2.058862e-10
22445.00 2.056480e-10
22450.00 2.054092e-10
22455.00 2.051706e-10
22460.00 2.049324e-10
22465.00 2.046938e-10
22470.00 2.044550e-10
22475.00 2.042172e-10
22480.00 2.039815e-10
22485.00 2.037438e-10
22490.00 2.035078e-10
22495.00 2.032703e-10
22500.00 2.030343e-10
22505.00 2.027970e-10
22510.00 2.025612e-10
22515.00 2.023260e-10
22520.00 2.020889e-10
22525.00 2.018530e-10
22530.00 2.016183e-10
22535.00 2.013834e-10
22540.00 2.011484e-10
22545.00 2.009139e-10
22550.00 2.006792e-10
22555.00 2.004470e-10
22560.00 2.002126e-10
22565.00 1.999782e-10
22570.00 1.997460e-10
22575.00 1.995119e-10
22580.00 1.992798e-10
22585.00 1.990458e-10
22590.00 1.988140e-10
22595.00 1.985796e-10
22600.00 1.983482e-10
22605.00 1.981170e-10
22610.00 1.978860e-10
22615.00 1.976542e-10
22620.00 1.974202e-10
22625.00 1.971890e-10
22630.00 1.969603e-10
22635.00 1.967296e-10
22640.00 1.964982e-10
22645.00 1.962673e-10
22650.00 1.960367e-10
22655.00 1.958080e-10
22660.00 1.955779e-10
22665.00 1.953495e-10
22670.00 1.951189e-10
22675.00 1.948906e-10
22680.00 1.946604e-10
22685.00 1.944322e-10
22690.00 1.942050e-10
22695.00 1.939770e-10
22700.00 1.937467e-10
22705.00 1.935186e-10
22710.00 1.932910e-10
22715.00 1.930632e-10
22720.00 1.928363e-10
22725.00 1.926116e-10
22730.00 1.923844e-10
22735.00 1.921567e-10
22740.00 1.919299e-10
22745.00 1.917050e-10
22750.00 1.914784e-10
22755.00 1.912538e-10
22760.00 1.910270e-10
22765.00 1.908021e-10
22770.00 1.905753e-10
22775.00 1.903510e-10
22780.00 1.901271e-10
22785.00 1.899034e-10
22790.00 1.896792e-10
22795.00 1.894525e-10
22800.00 1.892285e-10
22805.00 1.890077e-10
22810.00 1.887844e-10
22815.00 1.885603e-10
22820.00 1.883364e-10
22825.00 1.881130e-10
22830.00 1.878921e-10
22835.00 1.876681e-10
22840.00 1.874449e-10
22845.00 1.872243e-10
22850.00 1.870036e-10
22855.00 1.867805e-10
22860.00 1.865598e-10
22865.00 1.863392e-10
22870.00 1.861163e-10
22875.00 1.858955e-10
22880.00 1.856752e-10
22885.00 1.854554e-10
22890.00 1.852351e-10
22895.00 1.850152e-10
22900.00 1.847945e-10
22905.00 1.845750e-10
22910.00 1.843576e-10
22915.00 1.841377e-10
22920.00 1.839181e-10
22925.00 1.837005e-10
22930.00 1.834813e-10
22935.00 1.832638e-10
22940.00 1.830445e-10
22945.00 1.828273e-10
22950.00 1.826081e-10
22955.00 1.823907e-10
22960.00 1.821743e-10
22965.00 1.819578e-10
22970.00 1.817411e-10
22975.00 1.815247e-10
22980.00 1.813083e-10
22985.00 1.810915e-10
22990.00 1.808753e-10
22995.00 1.806586e-10
23000.00 1.804425e-10
23005.00 1.802287e-10
23010.00 1.800128e-10
23015.00 1.797967e-10
23020.00 1.795825e-10
23025.00 1.793673e-10
23030.00 1.791541e-10
23035.00 1.789407e-10
23040.00 1.787250e-10
23045.00 1.785114e-10
23050.00 1.782986e-10
23055.00 1.780853e-10
23060.00 1.778697e-10
23065.00 1.776562e-10
23070.00 1.774437e-10
23075.00 1.772313e-10
23080.00 1.770210e-10
23085.00 1.768087e-10
23090.00 1.765959e-10
23095.00 1.763835e-10
23100.00 1.761730e-10
23105.00 1.759611e-10
23110.00 1.757485e-10
23115.00 1.755386e-10
23120.00 1.753295e-10
23125.00 1.751174e-10
23130.00 1.749077e-10
23135.00 1.746978e-10
23140.00 1.744861e-10
23145.00 1.742765e-10
23150.00 1.740671e-10
23155.00 1.738582e-10
23160.00 1.736486e-10
23165.00 1.734397e-10
23170.00 1.732304e-10
23175.00 1.730216e-10
23180.00 1.728151e-10
23185.00 1.726064e-10
23190.00 1.723977e-10
23195.00 1.721911e-10
23200.00 1.719826e-10
23205.00 1.717736e-10
23210.00 1.715678e-10
23215.00 1.713619e-10
23220.00 1.711537e-10
23225.00 1.709475e-10
23230.00 1.707422e-10
23235.00 1.705363e-10
23240.00 1.703275e-10
23245.00 1.701219e-10
23250.00 1.699165e-10
23255.00 1.697108e-10
23260.00 1.695057e-10
23265.00 1.693032e-10
23270.00 1.690976e-10
23275.00 1.688923e-10
23280.00 1.686874e-10
23285.00 1.684846e-10
23290.00 1.682800e-10
23295.00 1.680774e-10
23300.00 1.678726e-10
23305.00 1.676697e-10
23310.00 1.674652e-10
23315.00 1.672630e-10
23320.00 1.670612e-10
23325.00 1.668590e-10
23330.00 1.666540e-10
23335.00 1.664515e-10
23340.00 1.662498e-10
23345.00 1.660483e-10
23350.00 1.658463e-10
23355.00 1.656448e-10
23360.00 1.654458e-10
23365.00 1.652443e-10
23370.00 1.650425e-10
23375.00 1.648412e-10
23380.00 1.646419e-10
23385.00 1.644411e-10
23390.00 1.642419e-10
23395.00 1.640409e-10
23400.00 1.638421e-10
23405.00 1.636436e-10
23410.00 1.634428e-10
23415.00 1.632443e-10
23420.00 1.630460e-10
23425.00 1.628477e-10
23430.00 1.626495e-10
23435.00 1.624513e-10
23440.00 1.622532e-10
23445.00 1.620550e-10
23450.00 1.618570e-10
23455.00 1.616589e-10
23460.00 1.614610e-10
23465.00 1.612656e-10
23470.00 1.610676e-10
23475.00 1.608701e-10
23480.00 1.606744e-10
23485.00 1.604776e-10
23490.00 1.602826e-10
23495.00 1.600874e-10
23500.00 1.598902e-10
23505.00 1.596954e-10
23510.00 1.595002e-10
23515.00 1.593032e-10
23520.00 1.591080e-10
23525.00 1.589135e-10
23530.00 1.587187e-10
23535.00 1.585243e-10
23540.00 1.583303e-10
23545.00 1.581386e-10
23550.00 1.579443e-10
23555.00 1.577503e-10
23560.00 1.575561e-10
23565.00 1.573642e-10
23570.00 1.571707e-10
23575.00 1.569787e-10
23580.00 1.567852e-10
23585.00 1.565936e-10
23590.00 1.564001e-10
23595.00 1.562087e-10
23600.00 1.560175e-10
23605.00 1.558238e-10
23610.00 1.556325e-10
23615.00 1.554418e-10
23620.00 1.552506e-10
23625.00 1.550600e-10
23630.00 1.548690e-10
23635.00 1.546784e-10
23640.00 1.544877e-10
23645.00 1.542998e-10
23650.00 1.541094e-10
23655.00 1.539184e-10
23660.00 1.537281e-10
23665.00 1.535404e-10
23670.00 1.533501e-10
23675.00 1.531622e-10
23680.00 1.529723e-10
23685.00 1.527847e-10
23690.00 1.525968e-10
23695.00 1.524069e-10
23700.00 1.522193e-10
23705.00 1.520323e-10
23710.00 1.518449e-10
23715.00 1.516576e-10
23720.00 1.514708e-10
23725.00 1.512837e-10
23730.00 1.510961e-10
23735.00 1.509091e-10
23740.00 1.507219e-10
23745.00 1.505353e-10
23750.00 1.503506e-10
23755.00 1.501643e-10
23760.00 1.499800e-10
23765.00 1.497933e-10
23770.00 1.496065e-10
23775.00 1.494226e-10
23780.00 1.492386e-10
23785.00 1.490527e-10
23790.00 1.488683e-10
23795.00 1.486851e-10
23800.00 1.485010e-10
23805.00 1.483147e-10
23810.00 1.481310e-10
23815.00 1.479473e-10
23820.00 1.477640e-10
23825.00 1.475808e-10
23830.00 1.474003e-10
23835.00 1.472170e-10
23840.00 1.470334e-10
23845.00 1.468503e-10
23850.00 1.466696e-10
23855.00 1.464864e-10
23860.00 1.463035e-10
23865.00 1.461228e-10
23870.00 1.459402e-10
23875.00 1.457598e-10
23880.00 1.455797e-10
23885.00 1.453971e-10
23890.00 1.452169e-10
23895.00 1.450372e-10
23900.00 1.448570e-10
23905.00 1.446768e-10
23910.00 1.444942e-10
23915.00 1.443144e-10
23920.00 1.441374e-10
23925.00 1.439582e-10
23930.00 1.437781e-10
23935.00 1.435980e-10
23940.00 1.434185e-10
23945.00 1.432389e-10
23950.00 1.430620e-10
23955.00 1.428833e-10
23960.00 1.427063e-10
23965.00 1.425271e-10
23970.00 1.423500e-10
23975.00 1.421713e-10
23980.00 1.419946e-10
23985.00 1.418180e-10
23990.00 1.416391e-10
23995.00 1.414622e-10
24000.00 1.412861e-10
24005.00 1.411100e-10
24010.00 1.409339e-10
24015.00 1.407577e-10
24020.00 1.405815e-10
24025.00 1.404053e-10
24030.00 1.402295e-10
24035.00 1.400564e-10
24040.00 1.398807e-10
24045.00 1.397049e-10
24050.00 1.395314e-10
24055.00 1.393559e-10
24060.00 1.391799e-10
24065.00 1.390071e-10
24070.00 1.388342e-10
24075.00 1.386589e-10
24080.00 1.384859e-10
24085.00 1.383128e-10
24090.00 1.381379e-10
24095.00 1.379648e-10
24100.00 1.377922e-10
24105.00 1.376197e-10
24110.00 1.374472e-10
24115.00 1.372747e-10
24120.00 1.371024e-10
24125.00 1.369298e-10
24130.00 1.367573e-10
24135.00 1.365852e-10
24140.00 1.364155e-10
24145.00 1.362436e-10
24150.00 1.360716e-10
24155.00 1.359017e-10
24160.00 1.357302e-10
24165.00 1.355603e-10
24170.00 1.353889e-10
24175.00 1.352196e-10
24180.00 1.350503e-10
24185.00 1.348789e-10
24190.00 1.347094e-10
24195.00 1.345407e-10
24200.00 1.343717e-10
24205.00 1.342030e-10
24210.00 1.340342e-10
24215.00 1.338655e-10
24220.00 1.336964e-10
24225.00 1.335277e-10
24230.00 1.333588e-10
24235.00 1.331906e-10
24240.00 1.330243e-10
24245.00 1.328561e-10
24250.00 1.326876e-10
24255.00 1.325215e-10
24260.00 1.323539e-10
24265.00 1.321876e-10
24270.00 1.320196e-10
24275.00 1.318541e-10
24280.00 1.316886e-10
24285.00 1.315206e-10
24290.00 1.313550e-10
24295.00 1.311898e-10
24300.00 1.310248e-10
24305.00 1.308597e-10
24310.00 1.306944e-10
24315.00 1.305291e-10
24320.00 1.303641e-10
24325.00 1.301989e-10
24330.00 1.300336e-10
24335.00 1.298684e-10
24340.00 1.297040e-10
24345.00 1.295415e-10
24350.00 1.293767e-10
24355.00 1.292120e-10
24360.00 1.290499e-10
24365.00 1.288857e-10
24370.00 1.287230e-10
24375.00 1.285590e-10
24380.00 1.283970e-10
24385.00 1.282353e-10
24390.00 1.280734e-10
24395.00 1.279094e-10
24400.00 1.277474e-10
24405.00 1.275860e-10
24410.00 1.274243e-10
24415.00 1.272629e-10
24420.00 1.271013e-10
24425.00 1.269400e-10
24430.00 1.267786e-10
24435.00 1.266174e-10
24440.00 1.264587e-10
24445.00 1.262978e-10
24450.00 1.261368e-10
24455.00 1.259780e-10
24460.00 1.258173e-10
24465.00 1.256586e-10
24470.00 1.254981e-10
24475.00 1.253394e-10
24480.00 1.251787e-10
24485.00 1.250204e-10
24490.00 1.248623e-10
24495.00 1.247019e-10
24500.00 1.245432e-10
24505.00 1.243857e-10
24510.00 1.242278e-10
24515.00 1.240701e-10
24520.00 1.239123e-10
24525.00 1.237542e-10
24530.00 1.235963e-10
24535.00 1.234388e-10
24540.00 1.232815e-10
24545.00 1.231264e-10
24550.00 1.229689e-10
24555.00 1.228116e-10
24560.00 1.226564e-10
24565.00 1.224997e-10
24570.00 1.223444e-10
24575.00 1.221877e-10
24580.00 1.220325e-10
24585.00 1.218757e-10
24590.00 1.217213e-10
24595.00 1.215671e-10
24600.00 1.214123e-10
24605.00 1.212555e-10
24610.00 1.211008e-10
24615.00 1.209467e-10
24620.00 1.207925e-10
24625.00 1.206385e-10
24630.00 1.204842e-10
24635.00 1.203301e-10
24640.00 1.201767e-10
24645.00 1.200252e-10
24650.00 1.198714e-10
24655.00 1.197172e-10
24660.00 1.195636e-10
24665.00 1.194123e-10
24670.00 1.192590e-10
24675.00 1.191076e-10
24680.00 1.189544e-10
24685.00 1.188034e-10
24690.00 1.186527e-10
24695.00 1.184994e-10
24700.00 1.183483e-10
24705.00 1.181979e-10
24710.00 1.180469e-10
24715.00 1.178935e-10
24720.00 1.177428e-10
24725.00 1.175921e-10
24730.00 1.174417e-10
24735.00 1.172914e-10
24740.00 1.171415e-10
24745.00 1.169936e-10
24750.00 1.168438e-10
24755.00 1.166931e-10
24760.00 1.165430e-10
24765.00 1.163956e-10
24770.00 1.162453e-10
24775.00 1.160955e-10
24780.00 1.159477e-10
24785.00 1.157981e-10
24790.00 1.156509e-10
24795.00 1.155034e-10
24800.00 1.153540e-10
24805.00 1.152067e-10
24810.00 1.150598e-10
24815.00 1.149127e-10
24820.00 1.147630e-10
24825.00 1.146160e-10
24830.00 1.144690e-10
24835.00 1.143224e-10
24840.00 1.141755e-10
24845.00 1.140292e-10
24850.00 1.138850e-10
24855.00 1.137387e-10
24860.00 1.135917e-10
24865.00 1.134456e-10
24870.00 1.133015e-10
24875.00 1.131553e-10
24880.00 1.130090e-10
24885.00 1.128649e-10
24890.00 1.127189e-10
24895.00 1.125749e-10
24900.00 1.124289e-10
24905.00 1.122854e-10
24910.00 1.121422e-10
24915.00 1.119987e-10
24920.00 1.118527e-10
24925.00 1.117094e-10
24930.00 1.115662e-10
24935.00 1.114229e-10
24940.00 1.112799e-10
24945.00 1.111368e-10
24950.00 1.109935e-10
24955.00 1.108502e-10
24960.00 1.107073e-10
24965.00 1.105645e-10
24970.00 1.104244e-10
24975.00 1.102816e-10
24980.00 1.101388e-10
24985.00 1.099985e-10
24990.00 1.098563e-10
24995.00 9.601643e-11
25000.00 1.371181e-11
