# Star: F0V: Pickles (1998) UVK stellar library, STScI CDBS. F0V main-sequence star.
# wavelength[A] f_lambda[relative]
1150.00 7.070795e-11
1155.00 8.335938e-11
1160.00 6.236162e-11
1165.00 1.187215e-11
1170.00 1.205603e-12
1175.00 3.886586e-12
1180.00 6.450204e-13
1185.00 0.000000e+00
1190.00 0.000000e+00
1195.00 1.434528e-12
1200.00 1.217076e-11
1205.00 3.492234e-11
1210.00 9.452881e-11
1215.00 1.387083e-10
1220.00 9.018107e-11
1225.00 2.636429e-11
1230.00 7.553480e-12
1235.00 6.070932e-12
1240.00 6.281538e-12
1245.00 5.074876e-12
1250.00 6.949238e-12
1255.00 6.198732e-12
1260.00 4.558464e-12
1265.00 1.670770e-12
1270.00 2.242063e-12
1275.00 1.884608e-12
1280.00 2.939425e-12
1285.00 9.036210e-13
1290.00 7.622501e-14
1295.00 0.000000e+00
1300.00 3.188756e-13
1305.00 2.101533e-12
1310.00 1.549037e-12
1315.00 6.977680e-13
1320.00 8.076874e-13
1325.00 1.236567e-13
1330.00 8.225738e-13
1335.00 5.565807e-12
1340.00 5.047343e-12
1345.00 3.118104e-12
1350.00 3.190952e-12
1355.00 4.888322e-12
1360.00 4.763859e-12
1365.00 8.237658e-13
1370.00 5.171803e-13
1375.00 2.521815e-12
1380.00 3.781168e-12
1385.00 1.083181e-12
1390.00 7.001352e-13
1395.00 2.537108e-12
1400.00 4.158196e-13
1405.00 3.875412e-13
1410.00 2.596049e-12
1415.00 2.540246e-12
1420.00 4.150580e-12
1425.00 6.932629e-12
1430.00 5.961041e-12
1435.00 6.338723e-12
1440.00 6.182885e-12
1445.00 5.011770e-12
1450.00 4.828124e-12
1455.00 6.948753e-12
1460.00 6.964201e-12
1465.00 4.626596e-12
1470.00 6.607791e-12
1475.00 8.418453e-12
1480.00 9.683749e-12
1485.00 1.223269e-11
1490.00 9.773131e-12
1495.00 1.066775e-11
1500.00 1.318707e-11
1505.00 1.363291e-11
1510.00 1.327520e-11
1515.00 1.080849e-11
1520.00 1.033561e-11
1525.00 1.178817e-11
1530.00 1.153216e-11
1535.00 1.548816e-11
1540.00 1.817615e-11
1545.00 1.869514e-11
1550.00 2.195438e-11
1555.00 2.168533e-11
1560.00 1.979478e-11
1565.00 2.151021e-11
1570.00 1.953531e-11
1575.00 1.953807e-11
1580.00 2.254824e-11
1585.00 2.365387e-11
1590.00 2.252236e-11
1595.00 2.261339e-11
1600.00 2.715788e-11
1605.00 3.533030e-11
1610.00 4.175152e-11
1615.00 3.119482e-11
1620.00 2.780190e-11
1625.00 2.976840e-11
1630.00 3.208099e-11
1635.00 3.426481e-11
1640.00 3.888930e-11
1645.00 4.113672e-11
1650.00 4.017187e-11
1655.00 3.598517e-11
1660.00 3.786415e-11
1665.00 4.860922e-11
1670.00 4.789420e-11
1675.00 5.562228e-11
1680.00 6.747958e-11
1685.00 7.434763e-11
1690.00 8.997141e-11
1695.00 1.107099e-10
1700.00 1.478691e-10
1705.00 2.009661e-10
1710.00 2.753640e-10
1715.00 3.366064e-10
1720.00 3.530515e-10
1725.00 3.547617e-10
1730.00 4.056215e-10
1735.00 4.173688e-10
1740.00 4.180397e-10
1745.00 4.525802e-10
1750.00 5.213015e-10
1755.00 5.731247e-10
1760.00 5.535957e-10
1765.00 5.273631e-10
1770.00 5.985640e-10
1775.00 7.092369e-10
1780.00 7.620016e-10
1785.00 7.316527e-10
1790.00 7.423358e-10
1795.00 8.345380e-10
1800.00 8.540746e-10
1805.00 7.682683e-10
1810.00 7.256583e-10
1815.00 7.755441e-10
1820.00 8.067199e-10
1825.00 8.270148e-10
1830.00 7.935362e-10
1835.00 7.484210e-10
1840.00 6.683527e-10
1845.00 5.999019e-10
1850.00 5.811008e-10
1855.00 6.146735e-10
1860.00 6.646588e-10
1865.00 7.225847e-10
1870.00 7.796207e-10
1875.00 7.972650e-10
1880.00 8.230243e-10
1885.00 8.559417e-10
1890.00 8.510878e-10
1895.00 8.190986e-10
1900.00 7.796792e-10
1905.00 7.965739e-10
1910.00 8.193083e-10
1915.00 8.641246e-10
1920.00 8.819201e-10
1925.00 8.015076e-10
1930.00 6.713106e-10
1935.00 6.637972e-10
1940.00 8.550387e-10
1945.00 1.020774e-09
1950.00 1.058516e-09
1955.00 1.035116e-09
1960.00 9.863322e-10
1965.00 9.750223e-10
1970.00 9.893750e-10
1975.00 1.076162e-09
1980.00 1.066332e-09
1985.00 1.059036e-09
1990.00 9.762616e-10
1995.00 8.707407e-10
2000.00 8.864632e-10
2005.00 9.073855e-10
2010.00 8.809332e-10
2015.00 9.144939e-10
2020.00 9.312168e-10
2025.00 9.614322e-10
2030.00 9.716045e-10
2035.00 1.009266e-09
2040.00 1.029020e-09
2045.00 1.039285e-09
2050.00 1.134066e-09
2055.00 1.185066e-09
2060.00 1.099191e-09
2065.00 1.077952e-09
2070.00 1.151811e-09
2075.00 1.227340e-09
2080.00 1.342282e-09
2085.00 1.406672e-09
2090.00 1.379610e-09
2095.00 1.302130e-09
2100.00 1.262477e-09
2105.00 1.249999e-09
2110.00 1.225843e-09
2115.00 1.215189e-09
2120.00 1.211605e-09
2125.00 1.310451e-09
2130.00 1.334918e-09
2135.00 1.129724e-09
2140.00 9.820134e-10
2145.00 1.033978e-09
2150.00 1.133248e-09
2155.00 1.191543e-09
2160.00 1.200635e-09
2165.00 1.125737e-09
2170.00 1.077651e-09
2175.00 1.011815e-09
2180.00 1.019808e-09
2185.00 1.116118e-09
2190.00 1.237254e-09
2195.00 1.325264e-09
2200.00 1.397800e-09
2205.00 1.435286e-09
2210.00 1.322489e-09
2215.00 1.166435e-09
2220.00 1.081295e-09
2225.00 1.065962e-09
2230.00 1.093467e-09
2235.00 1.142141e-09
2240.00 1.236765e-09
2245.00 1.180628e-09
2250.00 1.078968e-09
2255.00 1.050553e-09
2260.00 1.050468e-09
2265.00 1.024195e-09
2270.00 9.994884e-10
2275.00 9.678740e-10
2280.00 9.889002e-10
2285.00 1.061195e-09
2290.00 1.188899e-09
2295.00 1.184671e-09
2300.00 1.083140e-09
2305.00 9.968996e-10
2310.00 1.025881e-09
2315.00 1.082784e-09
2320.00 1.067998e-09
2325.00 1.083445e-09
2330.00 1.042899e-09
2335.00 9.660365e-10
2340.00 8.530980e-10
2345.00 7.593529e-10
2350.00 6.880632e-10
2355.00 7.414134e-10
2360.00 8.803362e-10
2365.00 8.609535e-10
2370.00 8.291045e-10
2375.00 8.727961e-10
2380.00 8.749991e-10
2385.00 7.821453e-10
2390.00 6.903651e-10
2395.00 7.348702e-10
2400.00 7.472340e-10
2405.00 7.140825e-10
2410.00 6.871108e-10
2415.00 6.837230e-10
2420.00 8.127570e-10
2425.00 1.000083e-09
2430.00 1.093418e-09
2435.00 1.062521e-09
2440.00 1.031121e-09
2445.00 1.064156e-09
2450.00 1.068139e-09
2455.00 1.030277e-09
2460.00 1.030266e-09
2465.00 1.012518e-09
2470.00 9.475342e-10
2475.00 9.453621e-10
2480.00 9.740885e-10
2485.00 9.592763e-10
2490.00 9.410578e-10
2495.00 9.409112e-10
2500.00 1.040559e-09
2505.00 1.128143e-09
2510.00 1.105390e-09
2515.00 1.033890e-09
2520.00 9.311249e-10
2525.00 8.382982e-10
2530.00 7.883377e-10
2535.00 7.764858e-10
2540.00 7.842973e-10
2545.00 7.938737e-10
2550.00 8.313636e-10
2555.00 8.946059e-10
2560.00 1.005940e-09
2565.00 1.073421e-09
2570.00 1.154918e-09
2575.00 1.217407e-09
2580.00 1.083466e-09
2585.00 1.043088e-09
2590.00 1.143998e-09
2595.00 1.207740e-09
2600.00 1.152138e-09
2605.00 1.053184e-09
2610.00 1.006149e-09
2615.00 9.714693e-10
2620.00 1.059687e-09
2625.00 1.157916e-09
2630.00 1.141804e-09
2635.00 1.174490e-09
2640.00 1.460348e-09
2645.00 1.749998e-09
2650.00 1.857165e-09
2655.00 1.865198e-09
2660.00 1.838323e-09
2665.00 1.679200e-09
2670.00 1.550322e-09
2675.00 1.558506e-09
2680.00 1.603406e-09
2685.00 1.596351e-09
2690.00 1.565431e-09
2695.00 1.475438e-09
2700.00 1.435087e-09
2705.00 1.513934e-09
2710.00 1.555888e-09
2715.00 1.482959e-09
2720.00 1.431790e-09
2725.00 1.401576e-09
2730.00 1.445289e-09
2735.00 1.508905e-09
2740.00 1.438996e-09
2745.00 1.234722e-09
2750.00 1.115530e-09
2755.00 1.112280e-09
2760.00 1.214042e-09
2765.00 1.348314e-09
2770.00 1.406761e-09
2775.00 1.460159e-09
2780.00 1.457753e-09
2785.00 1.326749e-09
2790.00 1.218467e-09
2795.00 1.008987e-09
2800.00 7.188117e-10
2805.00 6.718794e-10
2810.00 9.277459e-10
2815.00 1.349452e-09
2820.00 1.682632e-09
2825.00 1.831207e-09
2830.00 1.844212e-09
2835.00 1.777898e-09
2840.00 1.724785e-09
2845.00 1.645969e-09
2850.00 1.576942e-09
2855.00 1.482639e-09
2860.00 1.526756e-09
2865.00 1.676695e-09
2870.00 1.714380e-09
2875.00 1.706310e-09
2880.00 1.713513e-09
2885.00 1.767912e-09
2890.00 1.814206e-09
2895.00 1.810977e-09
2900.00 1.886160e-09
2905.00 2.044817e-09
2910.00 2.154062e-09
2915.00 2.130807e-09
2920.00 2.110944e-09
2925.00 2.030808e-09
2930.00 1.937365e-09
2935.00 1.944582e-09
2940.00 1.974466e-09
2945.00 2.005203e-09
2950.00 1.992148e-09
2955.00 2.021403e-09
2960.00 2.132265e-09
2965.00 2.139534e-09
2970.00 2.063722e-09
2975.00 2.049064e-09
2980.00 2.114447e-09
2985.00 2.031895e-09
2990.00 2.009538e-09
2995.00 2.146189e-09
3000.00 2.171961e-09
3005.00 2.080256e-09
3010.00 2.127044e-09
3015.00 2.181415e-09
3020.00 2.131872e-09
3025.00 2.088709e-09
3030.00 2.115615e-09
3035.00 2.155239e-09
3040.00 2.158544e-09
3045.00 2.149358e-09
3050.00 2.144144e-09
3055.00 2.181689e-09
3060.00 2.118386e-09
3065.00 2.081234e-09
3070.00 2.130671e-09
3075.00 2.185315e-09
3080.00 2.252561e-09
3085.00 2.343378e-09
3090.00 2.335485e-09
3095.00 2.212772e-09
3100.00 2.090118e-09
3105.00 2.150965e-09
3110.00 2.335314e-09
3115.00 2.404735e-09
3120.00 2.332363e-09
3125.00 2.271484e-09
3130.00 2.292985e-09
3135.00 2.334079e-09
3140.00 2.415931e-09
3145.00 2.441036e-09
3150.00 2.440982e-09
3155.00 2.445945e-09
3160.00 2.378910e-09
3165.00 2.352048e-09
3170.00 2.421623e-09
3175.00 2.524869e-09
3180.00 2.489687e-09
3185.00 2.403446e-09
3190.00 2.411645e-09
3195.00 2.453031e-09
3200.00 2.546754e-09
3205.00 2.666086e-09
3210.00 2.635579e-09
3215.00 2.529458e-09
3220.00 2.406235e-09
3225.00 2.322520e-09
3230.00 2.327860e-09
3235.00 2.425244e-09
3240.00 2.507913e-09
3245.00 2.495487e-09
3250.00 2.481425e-09
3255.00 2.562365e-09
3260.00 2.669418e-09
3265.00 2.705254e-09
3270.00 2.668792e-09
3275.00 2.604339e-09
3280.00 2.573313e-09
3285.00 2.618612e-09
3290.00 2.719431e-09
3295.00 2.824449e-09
3300.00 2.868224e-09
3305.00 2.818506e-09
3310.00 2.740949e-09
3315.00 2.706816e-09
3320.00 2.705243e-09
3325.00 2.701815e-09
3330.00 2.685003e-09
3335.00 2.656884e-09
3340.00 2.629883e-09
3345.00 2.618687e-09
3350.00 2.632879e-09
3355.00 2.663438e-09
3360.00 2.660489e-09
3365.00 2.596307e-09
3370.00 2.539231e-09
3375.00 2.552931e-09
3380.00 2.594208e-09
3385.00 2.609436e-09
3390.00 2.624581e-09
3395.00 2.669638e-09
3400.00 2.704463e-09
3405.00 2.689271e-09
3410.00 2.656943e-09
3415.00 2.654107e-09
3420.00 2.687515e-09
3425.00 2.732876e-09
3430.00 2.729985e-09
3435.00 2.652264e-09
3440.00 2.591988e-09
3445.00 2.626917e-09
3450.00 2.680596e-09
3455.00 2.664813e-09
3460.00 2.615870e-09
3465.00 2.593749e-09
3470.00 2.592574e-09
3475.00 2.587738e-09
3480.00 2.575172e-09
3485.00 2.562180e-09
3490.00 2.562563e-09
3495.00 2.583749e-09
3500.00 2.611034e-09
3505.00 2.613480e-09
3510.00 2.539023e-09
3515.00 2.535089e-09
3520.00 2.523421e-09
3525.00 2.535189e-09
3530.00 2.588366e-09
3535.00 2.653858e-09
3540.00 2.700121e-09
3545.00 2.711068e-09
3550.00 2.702902e-09
3555.00 2.672774e-09
3560.00 2.634143e-09
3565.00 2.546946e-09
3570.00 2.464431e-09
3575.00 2.431322e-09
3580.00 2.418286e-09
3585.00 2.407192e-09
3590.00 2.446507e-09
3595.00 2.528263e-09
3600.00 2.575637e-09
3605.00 2.549174e-09
3610.00 2.480989e-09
3615.00 2.461446e-09
3620.00 2.492792e-09
3625.00 2.572758e-09
3630.00 2.587209e-09
3635.00 2.569107e-09
3640.00 2.582110e-09
3645.00 2.583448e-09
3650.00 2.624617e-09
3655.00 2.721819e-09
3660.00 2.774791e-09
3665.00 2.774589e-09
3670.00 2.740522e-09
3675.00 2.704557e-09
3680.00 2.660405e-09
3685.00 2.659363e-09
3690.00 2.700853e-09
3695.00 2.747338e-09
3700.00 2.759775e-09
3705.00 2.699933e-09
3710.00 2.744404e-09
3715.00 2.873814e-09
3720.00 2.887495e-09
3725.00 2.890206e-09
3730.00 2.891976e-09
3735.00 2.899745e-09
3740.00 3.078547e-09
3745.00 2.936486e-09
3750.00 2.806646e-09
3755.00 3.177859e-09
3760.00 3.384700e-09
3765.00 3.161322e-09
3770.00 2.950251e-09
3775.00 3.428665e-09
3780.00 4.057137e-09
3785.00 4.090849e-09
3790.00 3.632154e-09
3795.00 3.134414e-09
3800.00 3.175318e-09
3805.00 3.756537e-09
3810.00 4.288539e-09
3815.00 4.435018e-09
3820.00 4.265063e-09
3825.00 3.720663e-09
3830.00 3.091828e-09
3835.00 2.851376e-09
3840.00 3.320825e-09
3845.00 4.072684e-09
3850.00 4.593887e-09
3855.00 4.782279e-09
3860.00 4.831461e-09
3865.00 4.873783e-09
3870.00 4.774478e-09
3875.00 4.485532e-09
3880.00 3.963936e-09
3885.00 3.247898e-09
3890.00 2.986502e-09
3895.00 3.530234e-09
3900.00 4.226675e-09
3905.00 4.670359e-09
3910.00 4.958581e-09
3915.00 5.109609e-09
3920.00 4.959251e-09
3925.00 4.258869e-09
3930.00 3.349532e-09
3935.00 3.414017e-09
3940.00 4.265815e-09
3945.00 4.715563e-09
3950.00 4.754926e-09
3955.00 4.529480e-09
3960.00 3.919020e-09
3965.00 2.973953e-09
3970.00 2.603436e-09
3975.00 3.386712e-09
3980.00 4.361183e-09
3985.00 4.884408e-09
3990.00 5.097598e-09
3995.00 5.204669e-09
4000.00 5.312786e-09
4005.00 5.408370e-09
4010.00 5.502877e-09
4015.00 5.590354e-09
4020.00 5.632634e-09
4025.00 5.568030e-09
4030.00 5.508411e-09
4035.00 5.615423e-09
4040.00 5.707232e-09
4045.00 5.646844e-09
4050.00 5.567909e-09
4055.00 5.443149e-09
4060.00 5.371030e-09
4065.00 5.331708e-09
4070.00 5.262422e-09
4075.00 5.081972e-09
4080.00 4.942516e-09
4085.00 4.883023e-09
4090.00 4.580079e-09
4095.00 3.823805e-09
4100.00 3.213714e-09
4105.00 3.519699e-09
4110.00 4.269308e-09
4115.00 4.778711e-09
4120.00 4.980933e-09
4125.00 5.044478e-09
4130.00 5.106100e-09
4135.00 5.288320e-09
4140.00 5.443000e-09
4145.00 5.463161e-09
4150.00 5.433751e-09
4155.00 5.388233e-09
4160.00 5.415498e-09
4165.00 5.395978e-09
4170.00 5.268573e-09
4175.00 5.181856e-09
4180.00 5.236745e-09
4185.00 5.338584e-09
4190.00 5.421982e-09
4195.00 5.364559e-09
4200.00 5.278268e-09
4205.00 5.353554e-09
4210.00 5.458203e-09
4215.00 5.435943e-09
4220.00 5.318717e-09
4225.00 5.168468e-09
4230.00 5.174615e-09
4235.00 5.210312e-09
4240.00 5.261928e-09
4245.00 5.225970e-09
4250.00 5.209464e-09
4255.00 5.292780e-09
4260.00 5.332310e-09
4265.00 5.301592e-09
4270.00 5.194955e-09
4275.00 5.214750e-09
4280.00 5.269910e-09
4285.00 5.156543e-09
4290.00 5.002327e-09
4295.00 4.915408e-09
4300.00 4.823753e-09
4305.00 4.796739e-09
4310.00 4.788646e-09
4315.00 4.781438e-09
4320.00 4.739297e-09
4325.00 4.564539e-09
4330.00 4.170574e-09
4335.00 3.463390e-09
4340.00 2.976020e-09
4345.00 3.360088e-09
4350.00 4.067290e-09
4355.00 4.593814e-09
4360.00 4.894538e-09
4365.00 5.008265e-09
4370.00 4.995794e-09
4375.00 5.016561e-09
4380.00 5.034986e-09
4385.00 4.995671e-09
4390.00 5.039990e-09
4395.00 5.052729e-09
4400.00 5.074373e-09
4405.00 5.131537e-09
4410.00 5.152665e-09
4415.00 5.099155e-09
4420.00 5.095978e-09
4425.00 5.128947e-09
4430.00 5.148501e-09
4435.00 5.143742e-09
4440.00 5.127547e-09
4445.00 5.103820e-09
4450.00 5.102770e-09
4455.00 5.023836e-09
4460.00 4.981563e-09
4465.00 4.992286e-09
4470.00 5.045106e-09
4475.00 5.060700e-09
4480.00 4.986932e-09
4485.00 4.996350e-09
4490.00 5.033582e-09
4495.00 5.105208e-09
4500.00 5.159527e-09
4505.00 5.199106e-09
4510.00 5.204452e-09
4515.00 5.146971e-09
4520.00 5.024519e-09
4525.00 4.892041e-09
4530.00 4.826307e-09
4535.00 4.936939e-09
4540.00 5.017295e-09
4545.00 4.901505e-09
4550.00 4.749455e-09
4555.00 4.775995e-09
4560.00 4.898241e-09
4565.00 4.981706e-09
4570.00 4.992486e-09
4575.00 4.944468e-09
4580.00 4.839736e-09
4585.00 4.797452e-09
4590.00 4.847862e-09
4595.00 4.889165e-09
4600.00 4.924518e-09
4605.00 4.969940e-09
4610.00 5.001639e-09
4615.00 4.991478e-09
4620.00 4.965326e-09
4625.00 4.943374e-09
4630.00 4.906335e-09
4635.00 4.900810e-09
4640.00 4.904341e-09
4645.00 4.874802e-09
4650.00 4.864262e-09
4655.00 4.910722e-09
4660.00 4.930172e-09
4665.00 4.849175e-09
4670.00 4.799359e-09
4675.00 4.851010e-09
4680.00 4.904972e-09
4685.00 4.926678e-09
4690.00 4.894348e-09
4695.00 4.850809e-09
4700.00 4.785773e-09
4705.00 4.754890e-09
4710.00 4.767861e-09
4715.00 4.808610e-09
4720.00 4.842212e-09
4725.00 4.803151e-09
4730.00 4.746138e-09
4735.00 4.724523e-09
4740.00 4.740843e-09
4745.00 4.751668e-09
4750.00 4.726366e-09
4755.00 4.671978e-09
4760.00 4.612038e-09
4765.00 4.579495e-09
4770.00 4.603383e-09
4775.00 4.624620e-09
4780.00 4.623740e-09
4785.00 4.607846e-09
4790.00 4.592534e-09
4795.00 4.588929e-09
4800.00 4.571150e-09
4805.00 4.539943e-09
4810.00 4.536050e-09
4815.00 4.515269e-09
4820.00 4.454608e-09
4825.00 4.402069e-09
4830.00 4.359715e-09
4835.00 4.282149e-09
4840.00 4.171743e-09
4845.00 4.015395e-09
4850.00 3.689731e-09
4855.00 3.128229e-09
4860.00 2.709939e-09
4865.00 2.921015e-09
4870.00 3.436624e-09
4875.00 3.775425e-09
4880.00 3.961618e-09
4885.00 4.063526e-09
4890.00 4.136225e-09
4895.00 4.251645e-09
4900.00 4.338259e-09
4905.00 4.368923e-09
4910.00 4.355537e-09
4915.00 4.301802e-09
4920.00 4.241974e-09
4925.00 4.273659e-09
4930.00 4.356455e-09
4935.00 4.357893e-09
4940.00 4.364520e-09
4945.00 4.415177e-09
4950.00 4.444531e-09
4955.00 4.409483e-09
4960.00 4.399705e-09
4965.00 4.422224e-09
4970.00 4.392453e-09
4975.00 4.331160e-09
4980.00 4.257513e-09
4985.00 4.260799e-09
4990.00 4.324014e-09
4995.00 4.308302e-09
5000.00 4.224902e-09
5005.00 4.162251e-09
5010.00 4.163697e-09
5015.00 4.128460e-09
5020.00 4.111309e-09
5025.00 4.169332e-09
5030.00 4.211198e-09
5035.00 4.197510e-09
5040.00 4.144733e-09
5045.00 4.155905e-09
5050.00 4.203181e-09
5055.00 4.210438e-09
5060.00 4.230326e-09
5065.00 4.172625e-09
5070.00 4.110603e-09
5075.00 4.081301e-09
5080.00 4.081877e-09
5085.00 4.131387e-09
5090.00 4.167630e-09
5095.00 4.139615e-09
5100.00 4.099785e-09
5105.00 4.111032e-09
5110.00 4.128117e-09
5115.00 4.131259e-09
5120.00 4.102749e-09
5125.00 4.062281e-09
5130.00 4.031360e-09
5135.00 4.005631e-09
5140.00 3.990207e-09
5145.00 4.005315e-09
5150.00 4.026416e-09
5155.00 4.043021e-09
5160.00 3.973734e-09
5165.00 3.797648e-09
5170.00 3.710019e-09
5175.00 3.809140e-09
5180.00 3.886674e-09
5185.00 3.835715e-09
5190.00 3.812551e-09
5195.00 3.842344e-09
5200.00 3.862370e-09
5205.00 3.852646e-09
5210.00 3.886643e-09
5215.00 3.949528e-09
5220.00 3.949684e-09
5225.00 3.863443e-09
5230.00 3.799481e-09
5235.00 3.846667e-09
5240.00 3.928301e-09
5245.00 3.954510e-09
5250.00 3.935899e-09
5255.00 3.899195e-09
5260.00 3.802185e-09
5265.00 3.676418e-09
5270.00 3.646944e-09
5275.00 3.704801e-09
5280.00 3.784639e-09
5285.00 3.857190e-09
5290.00 3.915618e-09
5295.00 3.903276e-09
5300.00 3.865232e-09
5305.00 3.866659e-09
5310.00 3.875765e-09
5315.00 3.838836e-09
5320.00 3.786813e-09
5325.00 3.743556e-09
5330.00 3.730944e-09
5335.00 3.748304e-09
5340.00 3.769189e-09
5345.00 3.796824e-09
5350.00 3.817368e-09
5355.00 3.839678e-09
5360.00 3.815738e-09
5365.00 3.738616e-09
5370.00 3.706925e-09
5375.00 3.753020e-09
5380.00 3.773504e-09
5385.00 3.774471e-09
5390.00 3.763307e-09
5395.00 3.707427e-09
5400.00 3.664116e-09
5405.00 3.649204e-09
5410.00 3.661165e-09
5415.00 3.692483e-09
5420.00 3.703118e-09
5425.00 3.688256e-09
5430.00 3.686231e-09
5435.00 3.706037e-09
5440.00 3.732735e-09
5445.00 3.708605e-09
5450.00 3.679923e-09
5455.00 3.675211e-09
5460.00 3.683127e-09
5465.00 3.689724e-09
5470.00 3.688211e-09
5475.00 3.665034e-09
5480.00 3.645058e-09
5485.00 3.669425e-09
5490.00 3.691228e-09
5495.00 3.677390e-09
5500.00 3.641198e-09
5505.00 3.613252e-09
5510.00 3.623155e-09
5515.00 3.644503e-09
5520.00 3.638412e-09
5525.00 3.591781e-09
5530.00 3.560001e-09
5535.00 3.578350e-09
5540.00 3.599280e-09
5545.00 3.609860e-09
5550.00 3.626041e-09
5555.00 3.627320e-09
5560.00 3.606123e-09
5565.00 3.570374e-09
5570.00 3.530635e-09
5575.00 3.538572e-09
5580.00 3.546807e-09
5585.00 3.483953e-09
5590.00 3.422776e-09
5595.00 3.412865e-09
5600.00 3.436849e-09
5605.00 3.492693e-09
5610.00 3.526090e-09
5615.00 3.501008e-09
5620.00 3.478714e-09
5625.00 3.487517e-09
5630.00 3.497873e-09
5635.00 3.492162e-09
5640.00 3.486104e-09
5645.00 3.501497e-09
5650.00 3.492301e-09
5655.00 3.432999e-09
5660.00 3.383590e-09
5665.00 3.387503e-09
5670.00 3.425154e-09
5675.00 3.442846e-09
5680.00 3.424987e-09
5685.00 3.397451e-09
5690.00 3.402198e-09
5695.00 3.416839e-09
5700.00 3.416133e-09
5705.00 3.383817e-09
5710.00 3.355880e-09
5715.00 3.368601e-09
5720.00 3.401274e-09
5725.00 3.413544e-09
5730.00 3.406342e-09
5735.00 3.396538e-09
5740.00 3.391664e-09
5745.00 3.381691e-09
5750.00 3.364362e-09
5755.00 3.358264e-09
5760.00 3.361323e-09
5765.00 3.355499e-09
5770.00 3.359121e-09
5775.00 3.356990e-09
5780.00 3.339823e-09
5785.00 3.324913e-09
5790.00 3.323674e-09
5795.00 3.322217e-09
5800.00 3.330230e-09
5805.00 3.337526e-09
5810.00 3.324589e-09
5815.00 3.316706e-09
5820.00 3.327761e-09
5825.00 3.330269e-09
5830.00 3.327787e-09
5835.00 3.329559e-09
5840.00 3.333535e-09
5845.00 3.321997e-09
5850.00 3.291875e-09
5855.00 3.255089e-09
5860.00 3.238890e-09
5865.00 3.261415e-09
5870.00 3.285411e-09
5875.00 3.281787e-09
5880.00 3.263142e-09
5885.00 3.185895e-09
5890.00 3.092321e-09
5895.00 3.077510e-09
5900.00 3.143456e-09
5905.00 3.203656e-09
5910.00 3.213287e-09
5915.00 3.205007e-09
5920.00 3.197798e-09
5925.00 3.190371e-09
5930.00 3.174196e-09
5935.00 3.167714e-09
5940.00 3.160675e-09
5945.00 3.143963e-09
5950.00 3.130648e-09
5955.00 3.126747e-09
5960.00 3.127608e-09
5965.00 3.127661e-09
5970.00 3.123076e-09
5975.00 3.112554e-09
5980.00 3.088463e-09
5985.00 3.070544e-09
5990.00 3.070548e-09
5995.00 3.081557e-09
6000.00 3.067767e-09
6005.00 3.040462e-09
6010.00 3.023378e-09
6015.00 3.011057e-09
6020.00 3.002274e-09
6025.00 3.003325e-09
6030.00 3.017334e-09
6035.00 3.019025e-09
6040.00 3.005040e-09
6045.00 3.005119e-09
6050.00 3.020483e-09
6055.00 3.030094e-09
6060.00 3.031182e-09
6065.00 3.022450e-09
6070.00 3.015232e-09
6075.00 3.001102e-09
6080.00 2.988759e-09
6085.00 2.981504e-09
6090.00 2.979104e-09
6095.00 2.966125e-09
6100.00 2.938557e-09
6105.00 2.937663e-09
6110.00 2.953418e-09
6115.00 2.942860e-09
6120.00 2.924915e-09
6125.00 2.928966e-09
6130.00 2.923432e-09
6135.00 2.894055e-09
6140.00 2.876174e-09
6145.00 2.878182e-09
6150.00 2.892184e-09
6155.00 2.879836e-09
6160.00 2.848340e-09
6165.00 2.833780e-09
6170.00 2.847165e-09
6175.00 2.876747e-09
6180.00 2.893036e-09
6185.00 2.878458e-09
6190.00 2.868356e-09
6195.00 2.882558e-09
6200.00 2.896619e-09
6205.00 2.887700e-09
6210.00 2.871070e-09
6215.00 2.860117e-09
6220.00 2.853048e-09
6225.00 2.849624e-09
6230.00 2.837787e-09
6235.00 2.823751e-09
6240.00 2.817078e-09
6245.00 2.800083e-09
6250.00 2.796765e-09
6255.00 2.811846e-09
6260.00 2.831593e-09
6265.00 2.839845e-09
6270.00 2.825597e-09
6275.00 2.784579e-09
6280.00 2.757753e-09
6285.00 2.784084e-09
6290.00 2.807625e-09
6295.00 2.803021e-09
6300.00 2.793475e-09
6305.00 2.792455e-09
6310.00 2.789358e-09
6315.00 2.777578e-09
6320.00 2.769028e-09
6325.00 2.775540e-09
6330.00 2.769401e-09
6335.00 2.757176e-09
6340.00 2.745276e-09
6345.00 2.731552e-09
6350.00 2.734760e-09
6355.00 2.743002e-09
6360.00 2.741007e-09
6365.00 2.727996e-09
6370.00 2.718340e-09
6375.00 2.718770e-09
6380.00 2.720808e-09
6385.00 2.728022e-09
6390.00 2.728263e-09
6395.00 2.716502e-09
6400.00 2.703427e-09
6405.00 2.692426e-09
6410.00 2.677323e-09
6415.00 2.670401e-09
6420.00 2.670852e-09
6425.00 2.679353e-09
6430.00 2.674234e-09
6435.00 2.661994e-09
6440.00 2.660481e-09
6445.00 2.660878e-09
6450.00 2.646843e-09
6455.00 2.617984e-09
6460.00 2.602570e-09
6465.00 2.615171e-09
6470.00 2.630225e-09
6475.00 2.634388e-09
6480.00 2.631059e-09
6485.00 2.602345e-09
6490.00 2.562812e-09
6495.00 2.546434e-09
6500.00 2.577304e-09
6505.00 2.607829e-09
6510.00 2.600567e-09
6515.00 2.576485e-09
6520.00 2.573109e-09
6525.00 2.571890e-09
6530.00 2.555876e-09
6535.00 2.524077e-09
6540.00 2.481618e-09
6545.00 2.413394e-09
6550.00 2.279136e-09
6555.00 2.026015e-09
6560.00 1.784030e-09
6565.00 1.836885e-09
6570.00 2.109710e-09
6575.00 2.306253e-09
6580.00 2.394148e-09
6585.00 2.434576e-09
6590.00 2.458266e-09
6595.00 2.484224e-09
6600.00 2.511781e-09
6605.00 2.518531e-09
6610.00 2.516118e-09
6615.00 2.514165e-09
6620.00 2.518213e-09
6625.00 2.524305e-09
6630.00 2.521251e-09
6635.00 2.520352e-09
6640.00 2.521005e-09
6645.00 2.515134e-09
6650.00 2.511805e-09
6655.00 2.508048e-09
6660.00 2.504029e-09
6665.00 2.501382e-09
6670.00 2.494630e-09
6675.00 2.481933e-09
6680.00 2.479219e-09
6685.00 2.482317e-09
6690.00 2.484587e-09
6695.00 2.485686e-09
6700.00 2.484582e-09
6705.00 2.471369e-09
6710.00 2.459695e-09
6715.00 2.449537e-09
6720.00 2.441060e-09
6725.00 2.443503e-09
6730.00 2.448461e-09
6735.00 2.451527e-09
6740.00 2.442568e-09
6745.00 2.429094e-09
6750.00 2.413926e-09
6755.00 2.406483e-09
6760.00 2.408977e-09
6765.00 2.416122e-09
6770.00 2.416487e-09
6775.00 2.416559e-09
6780.00 2.413282e-09
6785.00 2.413108e-09
6790.00 2.414447e-09
6795.00 2.409882e-09
6800.00 2.407835e-09
6805.00 2.399286e-09
6810.00 2.394280e-09
6815.00 2.386436e-09
6820.00 2.377293e-09
6825.00 2.366193e-09
6830.00 2.358679e-09
6835.00 2.361787e-09
6840.00 2.374225e-09
6845.00 2.371485e-09
6850.00 2.370134e-09
6855.00 2.365776e-09
6860.00 2.359823e-09
6865.00 2.376850e-09
6870.00 2.375505e-09
6875.00 2.350938e-09
6880.00 2.345404e-09
6885.00 2.347071e-09
6890.00 2.346175e-09
6895.00 2.343474e-09
6900.00 2.342009e-09
6905.00 2.343822e-09
6910.00 2.343910e-09
6915.00 2.340534e-09
6920.00 2.336568e-09
6925.00 2.332224e-09
6930.00 2.325002e-09
6935.00 2.320733e-09
6940.00 2.320695e-09
6945.00 2.315993e-09
6950.00 2.317246e-09
6955.00 2.318206e-09
6960.00 2.311911e-09
6965.00 2.311178e-09
6970.00 2.311078e-09
6975.00 2.289692e-09
6980.00 2.276619e-09
6985.00 2.271208e-09
6990.00 2.257767e-09
6995.00 2.243708e-09
7000.00 2.232006e-09
7005.00 2.223055e-09
7010.00 2.229386e-09
7015.00 2.228725e-09
7020.00 2.222185e-09
7025.00 2.221321e-09
7030.00 2.228240e-09
7035.00 2.229687e-09
7040.00 2.226367e-09
7045.00 2.231257e-09
7050.00 2.234660e-09
7055.00 2.227768e-09
7060.00 2.219146e-09
7065.00 2.215581e-09
7070.00 2.220148e-09
7075.00 2.220204e-09
7080.00 2.211149e-09
7085.00 2.201904e-09
7090.00 2.192679e-09
7095.00 2.192600e-09
7100.00 2.192375e-09
7105.00 2.190618e-09
7110.00 2.174185e-09
7115.00 2.157686e-09
7120.00 2.166147e-09
7125.00 2.182472e-09
7130.00 2.191836e-09
7135.00 2.193813e-09
7140.00 2.181397e-09
7145.00 2.162169e-09
7150.00 2.154088e-09
7155.00 2.160556e-09
7160.00 2.153599e-09
7165.00 2.119867e-09
7170.00 2.086234e-09
7175.00 2.060580e-09
7180.00 2.037025e-09
7185.00 2.014763e-09
7190.00 1.999806e-09
7195.00 2.002942e-09
7200.00 2.006570e-09
7205.00 2.031086e-09
7210.00 2.075079e-09
7215.00 2.109754e-09
7220.00 2.114169e-09
7225.00 2.096120e-09
7230.00 2.070940e-09
7235.00 2.043688e-09
7240.00 2.020964e-09
7245.00 2.014002e-09
7250.00 2.012724e-09
7255.00 2.009221e-09
7260.00 2.022490e-09
7265.00 2.031043e-09
7270.00 2.030351e-09
7275.00 2.014808e-09
7280.00 2.007391e-09
7285.00 1.988611e-09
7290.00 1.977225e-09
7295.00 1.987881e-09
7300.00 2.007669e-09
7305.00 2.003250e-09
7310.00 1.991943e-09
7315.00 1.992623e-09
7320.00 1.990463e-09
7325.00 1.985930e-09
7330.00 1.985626e-09
7335.00 1.994623e-09
7340.00 2.013073e-09
7345.00 2.018230e-09
7350.00 2.003763e-09
7355.00 1.994746e-09
7360.00 1.990802e-09
7365.00 1.985537e-09
7370.00 1.984172e-09
7375.00 1.986233e-09
7380.00 1.980654e-09
7385.00 1.958383e-09
7390.00 1.943458e-09
7395.00 1.954080e-09
7400.00 1.966748e-09
7405.00 1.968758e-09
7410.00 1.956632e-09
7415.00 1.946367e-09
7420.00 1.946310e-09
7425.00 1.971317e-09
7430.00 1.989725e-09
7435.00 1.998542e-09
7440.00 1.986966e-09
7445.00 1.965890e-09
7450.00 1.955388e-09
7455.00 1.959430e-09
7460.00 1.963671e-09
7465.00 1.969600e-09
7470.00 1.972653e-09
7475.00 1.964385e-09
7480.00 1.952213e-09
7485.00 1.953929e-09
7490.00 1.957263e-09
7495.00 1.947723e-09
7500.00 1.933574e-09
7505.00 1.924207e-09
7510.00 1.917408e-09
7515.00 1.916947e-09
7520.00 1.924166e-09
7525.00 1.924050e-09
7530.00 1.918411e-09
7535.00 1.919808e-09
7540.00 1.929894e-09
7545.00 1.936025e-09
7550.00 1.932553e-09
7555.00 1.925264e-09
7560.00 1.921051e-09
7565.00 1.918230e-09
7570.00 1.912812e-09
7575.00 1.909231e-09
7580.00 1.909030e-09
7585.00 1.904296e-09
7590.00 1.909219e-09
7595.00 1.927856e-09
7600.00 1.938806e-09
7605.00 1.914745e-09
7610.00 1.863697e-09
7615.00 1.833527e-09
7620.00 1.850154e-09
7625.00 1.877340e-09
7630.00 1.877694e-09
7635.00 1.862858e-09
7640.00 1.857073e-09
7645.00 1.857891e-09
7650.00 1.855548e-09
7655.00 1.851844e-09
7660.00 1.848957e-09
7665.00 1.846317e-09
7670.00 1.852563e-09
7675.00 1.860051e-09
7680.00 1.860930e-09
7685.00 1.858944e-09
7690.00 1.856623e-09
7695.00 1.852786e-09
7700.00 1.850352e-09
7705.00 1.852560e-09
7710.00 1.852736e-09
7715.00 1.847228e-09
7720.00 1.841354e-09
7725.00 1.841011e-09
7730.00 1.842489e-09
7735.00 1.841370e-09
7740.00 1.833432e-09
7745.00 1.819618e-09
7750.00 1.809991e-09
7755.00 1.810046e-09
7760.00 1.813503e-09
7765.00 1.807430e-09
7770.00 1.780230e-09
7775.00 1.740185e-09
7780.00 1.729591e-09
7785.00 1.764532e-09
7790.00 1.795837e-09
7795.00 1.799533e-09
7800.00 1.791104e-09
7805.00 1.787082e-09
7810.00 1.785489e-09
7815.00 1.785816e-09
7820.00 1.788967e-09
7825.00 1.787918e-09
7830.00 1.776642e-09
7835.00 1.767275e-09
7840.00 1.765986e-09
7845.00 1.769483e-09
7850.00 1.771227e-09
7855.00 1.769800e-09
7860.00 1.768953e-09
7865.00 1.769126e-09
7870.00 1.763676e-09
7875.00 1.753287e-09
7880.00 1.747061e-09
7885.00 1.751382e-09
7890.00 1.750547e-09
7895.00 1.730318e-09
7900.00 1.715998e-09
7905.00 1.722737e-09
7910.00 1.731992e-09
7915.00 1.730375e-09
7920.00 1.721493e-09
7925.00 1.710886e-09
7930.00 1.703132e-09
7935.00 1.704564e-09
7940.00 1.711027e-09
7945.00 1.707058e-09
7950.00 1.696993e-09
7955.00 1.700493e-09
7960.00 1.704710e-09
7965.00 1.707717e-09
7970.00 1.712276e-09
7975.00 1.711037e-09
7980.00 1.709399e-09
7985.00 1.708842e-09
7990.00 1.704646e-09
7995.00 1.695690e-09
8000.00 1.683302e-09
8005.00 1.679471e-09
8010.00 1.684282e-09
8015.00 1.687126e-09
8020.00 1.686934e-09
8025.00 1.680812e-09
8030.00 1.673603e-09
8035.00 1.671517e-09
8040.00 1.668951e-09
8045.00 1.659299e-09
8050.00 1.653111e-09
8055.00 1.659145e-09
8060.00 1.665841e-09
8065.00 1.670480e-09
8070.00 1.672984e-09
8075.00 1.672655e-09
8080.00 1.671089e-09
8085.00 1.662493e-09
8090.00 1.652916e-09
8095.00 1.649939e-09
8100.00 1.648676e-09
8105.00 1.650407e-09
8110.00 1.652051e-09
8115.00 1.650250e-09
8120.00 1.647551e-09
8125.00 1.643509e-09
8130.00 1.634474e-09
8135.00 1.619152e-09
8140.00 1.602951e-09
8145.00 1.592137e-09
8150.00 1.581479e-09
8155.00 1.569709e-09
8160.00 1.561127e-09
8165.00 1.547591e-09
8170.00 1.538724e-09
8175.00 1.535104e-09
8180.00 1.526374e-09
8185.00 1.523913e-09
8190.00 1.523145e-09
8195.00 1.511263e-09
8200.00 1.506359e-09
8205.00 1.540074e-09
8210.00 1.578672e-09
8215.00 1.584005e-09
8220.00 1.551561e-09
8225.00 1.493179e-09
8230.00 1.452568e-09
8235.00 1.484307e-09
8240.00 1.551962e-09
8245.00 1.568362e-09
8250.00 1.552004e-09
8255.00 1.537608e-09
8260.00 1.539369e-09
8265.00 1.560318e-09
8270.00 1.564469e-09
8275.00 1.538026e-09
8280.00 1.512963e-09
8285.00 1.506951e-09
8290.00 1.518480e-09
8295.00 1.528867e-09
8300.00 1.530428e-09
8305.00 1.528072e-09
8310.00 1.518464e-09
8315.00 1.505401e-09
8320.00 1.501856e-09
8325.00 1.508621e-09
8330.00 1.499671e-09
8335.00 1.483695e-09
8340.00 1.484879e-09
8345.00 1.500122e-09
8350.00 1.515009e-09
8355.00 1.517980e-09
8360.00 1.515491e-09
8365.00 1.514896e-09
8370.00 1.514114e-09
8375.00 1.510094e-09
8380.00 1.502178e-09
8385.00 1.493282e-09
8390.00 1.490952e-09
8395.00 1.494349e-09
8400.00 1.497621e-09
8405.00 1.496893e-09
8410.00 1.492364e-09
8415.00 1.490009e-09
8420.00 1.493721e-09
8425.00 1.501885e-09
8430.00 1.507400e-09
8435.00 1.499404e-09
8440.00 1.476367e-09
8445.00 1.451569e-09
8450.00 1.449843e-09
8455.00 1.471163e-09
8460.00 1.483143e-09
8465.00 1.469146e-09
8470.00 1.455484e-09
8475.00 1.459698e-09
8480.00 1.474403e-09
8485.00 1.482902e-09
8490.00 1.456732e-09
8495.00 1.382258e-09
8500.00 1.343324e-09
8505.00 1.379425e-09
8510.00 1.420240e-09
8515.00 1.433768e-09
8520.00 1.431148e-09
8525.00 1.428227e-09
8530.00 1.416683e-09
8535.00 1.365151e-09
8540.00 1.278776e-09
8545.00 1.212400e-09
8550.00 1.229761e-09
8555.00 1.295669e-09
8560.00 1.364779e-09
8565.00 1.394656e-09
8570.00 1.393928e-09
8575.00 1.395188e-09
8580.00 1.394408e-09
8585.00 1.383713e-09
8590.00 1.362558e-09
8595.00 1.331186e-09
8600.00 1.323583e-09
8605.00 1.344074e-09
8610.00 1.368760e-09
8615.00 1.388001e-09
8620.00 1.399980e-09
8625.00 1.406135e-09
8630.00 1.411519e-09
8635.00 1.418000e-09
8640.00 1.417215e-09
8645.00 1.403569e-09
8650.00 1.383099e-09
8655.00 1.347249e-09
8660.00 1.265927e-09
8665.00 1.194693e-09
8670.00 1.204579e-09
8675.00 1.275095e-09
8680.00 1.339377e-09
8685.00 1.342914e-09
8690.00 1.349854e-09
8695.00 1.392717e-09
8700.00 1.339580e-09
8705.00 1.324667e-09
8710.00 1.319397e-09
8715.00 1.317259e-09
8720.00 1.317650e-09
8725.00 1.310686e-09
8730.00 1.291508e-09
8735.00 1.266630e-09
8740.00 1.237700e-09
8745.00 1.184195e-09
8750.00 1.155930e-09
8755.00 1.198346e-09
8760.00 1.256919e-09
8765.00 1.290895e-09
8770.00 1.305218e-09
8775.00 1.315457e-09
8780.00 1.319169e-09
8785.00 1.315758e-09
8790.00 1.313063e-09
8795.00 1.313339e-09
8800.00 1.306742e-09
8805.00 1.291916e-09
8810.00 1.292688e-09
8815.00 1.306323e-09
8820.00 1.302327e-09
8825.00 1.294127e-09
8830.00 1.286284e-09
8835.00 1.279660e-09
8840.00 1.279321e-09
8845.00 1.275691e-09
8850.00 1.253287e-09
8855.00 1.195487e-09
8860.00 1.127384e-09
8865.00 1.130625e-09
8870.00 1.184772e-09
8875.00 1.231104e-09
8880.00 1.251976e-09
8885.00 1.268954e-09
8890.00 1.279908e-09
8895.00 1.283270e-09
8900.00 1.284622e-09
8905.00 1.279964e-09
8910.00 1.267972e-09
8915.00 1.270161e-09
8920.00 1.280946e-09
8925.00 1.263039e-09
8930.00 1.268512e-09
8935.00 1.284815e-09
8940.00 1.275329e-09
8945.00 1.265277e-09
8950.00 1.259786e-09
8955.00 1.255491e-09
8960.00 1.252435e-09
8965.00 1.251021e-09
8970.00 1.250063e-09
8975.00 1.250715e-09
8980.00 1.232697e-09
8985.00 1.197159e-09
8990.00 1.220539e-09
8995.00 1.227596e-09
9000.00 1.183695e-09
9005.00 1.153769e-09
9010.00 1.111479e-09
9015.00 1.102362e-09
9020.00 1.139295e-09
9025.00 1.179168e-09
9030.00 1.226856e-09
9035.00 1.247982e-09
9040.00 1.244335e-09
9045.00 1.251229e-09
9050.00 1.255172e-09
9055.00 1.233261e-09
9060.00 1.204113e-09
9065.00 1.204447e-09
9070.00 1.226273e-09
9075.00 1.217858e-09
9080.00 1.198134e-09
9085.00 1.200468e-09
9090.00 1.194862e-09
9095.00 1.196423e-09
9100.00 1.211707e-09
9105.00 1.221507e-09
9110.00 1.214651e-09
9115.00 1.213058e-09
9120.00 1.225111e-09
9125.00 1.226849e-09
9130.00 1.207346e-09
9135.00 1.223211e-09
9140.00 1.247380e-09
9145.00 1.225361e-09
9150.00 1.182977e-09
9155.00 1.200630e-09
9160.00 1.230943e-09
9165.00 1.213724e-09
9170.00 1.183434e-09
9175.00 1.198510e-09
9180.00 1.224028e-09
9185.00 1.221555e-09
9190.00 1.209279e-09
9195.00 1.211966e-09
9200.00 1.206065e-09
9205.00 1.176970e-09
9210.00 1.142135e-09
9215.00 1.117667e-09
9220.00 1.096506e-09
9225.00 1.064979e-09
9230.00 1.041659e-09
9235.00 1.068528e-09
9240.00 1.107494e-09
9245.00 1.135925e-09
9250.00 1.152060e-09
9255.00 1.143695e-09
9260.00 1.145095e-09
9265.00 1.162358e-09
9270.00 1.170444e-09
9275.00 1.160218e-09
9280.00 1.153010e-09
9285.00 1.155370e-09
9290.00 1.149551e-09
9295.00 1.128363e-09
9300.00 1.127454e-09
9305.00 1.132570e-09
9310.00 1.119324e-09
9315.00 1.100570e-09
9320.00 1.093735e-09
9325.00 1.097098e-09
9330.00 1.079927e-09
9335.00 1.040425e-09
9340.00 1.056559e-09
9345.00 1.100299e-09
9350.00 1.112647e-09
9355.00 1.097781e-09
9360.00 1.095588e-09
9365.00 1.080785e-09
9370.00 1.056548e-09
9375.00 1.063165e-09
9380.00 1.099417e-09
9385.00 1.147244e-09
9390.00 1.162824e-09
9395.00 1.128316e-09
9400.00 1.091258e-09
9405.00 1.064237e-09
9410.00 1.060980e-09
9415.00 1.072734e-09
9420.00 1.064240e-09
9425.00 1.082675e-09
9430.00 1.099372e-09
9435.00 1.076462e-09
9440.00 1.069605e-09
9445.00 1.099215e-09
9450.00 1.091435e-09
9455.00 1.051147e-09
9460.00 1.077823e-09
9465.00 1.097798e-09
9470.00 1.084574e-09
9475.00 1.070724e-09
9480.00 1.080891e-09
9485.00 1.113710e-09
9490.00 1.076101e-09
9495.00 1.018957e-09
9500.00 1.078753e-09
9505.00 1.130310e-09
9510.00 1.093045e-09
9515.00 1.030374e-09
9520.00 1.028117e-09
9525.00 1.051891e-09
9530.00 1.057381e-09
9535.00 1.025460e-09
9540.00 9.733929e-10
9545.00 9.481284e-10
9550.00 9.556523e-10
9555.00 9.883435e-10
9560.00 1.028134e-09
9565.00 1.047724e-09
9570.00 1.069849e-09
9575.00 1.079244e-09
9580.00 1.054615e-09
9585.00 1.033649e-09
9590.00 1.038305e-09
9595.00 1.056154e-09
9600.00 1.066379e-09
9605.00 1.069440e-09
9610.00 1.078962e-09
9615.00 1.063515e-09
9620.00 1.040696e-09
9625.00 1.071765e-09
9630.00 1.079877e-09
9635.00 1.065033e-09
9640.00 1.066935e-09
9645.00 1.075641e-09
9650.00 1.068887e-09
9655.00 1.041843e-09
9660.00 1.030418e-09
9665.00 1.063095e-09
9670.00 1.087438e-09
9675.00 1.084753e-09
9680.00 1.080526e-09
9685.00 1.092280e-09
9690.00 1.095782e-09
9695.00 1.086010e-09
9700.00 1.081392e-09
9705.00 1.089790e-09
9710.00 1.089505e-09
9715.00 1.080365e-09
9720.00 1.068392e-09
9725.00 1.061281e-09
9730.00 1.061838e-09
9735.00 1.065115e-09
9740.00 1.064669e-09
9745.00 1.059133e-09
9750.00 1.053457e-09
9755.00 1.050621e-09
9760.00 1.053516e-09
9765.00 1.061032e-09
9770.00 1.067744e-09
9775.00 1.077711e-09
9780.00 1.079684e-09
9785.00 1.073450e-09
9790.00 1.062130e-09
9795.00 1.050068e-09
9800.00 1.041612e-09
9805.00 1.039345e-09
9810.00 1.041257e-09
9815.00 1.043564e-09
9820.00 1.042468e-09
9825.00 1.035725e-09
9830.00 1.025157e-09
9835.00 1.014142e-09
9840.00 1.006091e-09
9845.00 1.003268e-09
9850.00 1.004928e-09
9855.00 1.009159e-09
9860.00 1.013995e-09
9865.00 1.017893e-09
9870.00 1.020438e-09
9875.00 1.021665e-09
9880.00 1.021654e-09
9885.00 1.020630e-09
9890.00 1.019181e-09
9895.00 1.018038e-09
9900.00 1.017913e-09
9905.00 1.019230e-09
9910.00 1.021658e-09
9915.00 1.024565e-09
9920.00 1.027321e-09
9925.00 1.029432e-09
9930.00 1.030811e-09
9935.00 1.031513e-09
9940.00 1.031593e-09
9945.00 1.030956e-09
9950.00 1.029112e-09
9955.00 1.025415e-09
9960.00 1.019262e-09
9965.00 1.010669e-09
9970.00 1.001221e-09
9975.00 9.931169e-10
9980.00 9.885017e-10
9985.00 9.883349e-10
9990.00 9.905240e-10
9995.00 9.917981e-10
10000.00 9.888875e-10
10005.00 9.797467e-10
10010.00 9.655090e-10
10015.00 9.485401e-10
10020.00 9.312687e-10
10025.00 9.156451e-10
10030.00 9.023692e-10
10035.00 8.916538e-10
10040.00 8.836869e-10
10045.00 8.788812e-10
10050.00 8.782197e-10
10055.00 8.829213e-10
10060.00 8.940848e-10
10065.00 9.115257e-10
10070.00 9.317024e-10
10075.00 9.497898e-10
10080.00 9.610254e-10
10085.00 9.627317e-10
10090.00 9.576013e-10
10095.00 9.503882e-10
10100.00 9.458828e-10
10105.00 9.470660e-10
10110.00 9.522431e-10
10115.00 9.579129e-10
10120.00 9.605304e-10
10125.00 9.578883e-10
10130.00 9.512627e-10
10135.00 9.432746e-10
10140.00 9.365823e-10
10145.00 9.330395e-10
10150.00 9.323710e-10
10155.00 9.334754e-10
10160.00 9.352107e-10
10165.00 9.367728e-10
10170.00 9.382531e-10
10175.00 9.400756e-10
10180.00 9.426837e-10
10185.00 9.462539e-10
10190.00 9.502880e-10
10195.00 9.540306e-10
10200.00 9.566946e-10
10205.00 9.575113e-10
10210.00 9.557191e-10
10215.00 9.505687e-10
10220.00 9.414038e-10
10225.00 9.285152e-10
10230.00 9.146683e-10
10235.00 9.035745e-10
10240.00 8.988548e-10
10245.00 9.023350e-10
10250.00 9.111574e-10
10255.00 9.206695e-10
10260.00 9.261985e-10
10265.00 9.246457e-10
10270.00 9.170326e-10
10275.00 9.059503e-10
10280.00 8.941266e-10
10285.00 8.839534e-10
10290.00 8.769684e-10
10295.00 8.743826e-10
10300.00 8.785892e-10
10305.00 8.941060e-10
10310.00 9.013197e-10
10315.00 9.065244e-10
10320.00 9.099838e-10
10325.00 9.105832e-10
10330.00 9.086824e-10
10335.00 9.052032e-10
10340.00 9.011055e-10
10345.00 8.972633e-10
10350.00 8.942886e-10
10355.00 8.927027e-10
10360.00 8.929787e-10
10365.00 8.952020e-10
10370.00 8.984545e-10
10375.00 9.014333e-10
10380.00 9.028400e-10
10385.00 9.018269e-10
10390.00 8.986988e-10
10395.00 8.942040e-10
10400.00 8.891318e-10
10405.00 8.841607e-10
10410.00 8.797071e-10
10415.00 8.760849e-10
10420.00 8.735682e-10
10425.00 8.722422e-10
10430.00 8.716529e-10
10435.00 8.711492e-10
10440.00 8.700859e-10
10445.00 8.680732e-10
10450.00 8.653780e-10
10455.00 8.625308e-10
10460.00 8.600823e-10
10465.00 8.585400e-10
10470.00 8.582996e-10
10475.00 8.597254e-10
10480.00 8.631083e-10
10485.00 8.682217e-10
10490.00 8.734383e-10
10495.00 8.766052e-10
10500.00 8.756324e-10
10505.00 8.696106e-10
10510.00 8.607131e-10
10515.00 8.522934e-10
10520.00 8.476798e-10
10525.00 8.488160e-10
10530.00 8.540211e-10
10535.00 8.602294e-10
10540.00 8.643332e-10
10545.00 8.643248e-10
10550.00 8.610268e-10
10555.00 8.563483e-10
10560.00 8.522365e-10
10565.00 8.498884e-10
10570.00 8.485850e-10
10575.00 8.468423e-10
10580.00 8.432046e-10
10585.00 8.369905e-10
10590.00 8.295477e-10
10595.00 8.230308e-10
10600.00 8.195834e-10
10605.00 8.206127e-10
10610.00 8.255872e-10
10615.00 8.332506e-10
10620.00 8.401700e-10
10625.00 8.355624e-10
10630.00 8.336654e-10
10635.00 8.325628e-10
10640.00 8.314635e-10
10645.00 8.303639e-10
10650.00 8.292639e-10
10655.00 8.281633e-10
10660.00 8.270640e-10
10665.00 8.259673e-10
10670.00 8.248698e-10
10675.00 8.237719e-10
10680.00 8.226740e-10
10685.00 8.215821e-10
10690.00 8.204866e-10
10695.00 8.193905e-10
10700.00 8.182975e-10
10705.00 8.172059e-10
10710.00 8.161115e-10
10715.00 8.150179e-10
10720.00 8.139273e-10
10725.00 8.128372e-10
10730.00 8.117465e-10
10735.00 8.106555e-10
10740.00 8.095660e-10
10745.00 8.084779e-10
10750.00 8.073918e-10
10755.00 8.063028e-10
10760.00 8.052163e-10
10765.00 8.041319e-10
10770.00 8.030458e-10
10775.00 8.019616e-10
10780.00 8.008768e-10
10785.00 7.997931e-10
10790.00 7.987076e-10
10795.00 7.976257e-10
10800.00 7.965452e-10
10805.00 7.954650e-10
10810.00 7.943839e-10
10815.00 7.933055e-10
10820.00 7.922270e-10
10825.00 7.911475e-10
10830.00 7.900699e-10
10835.00 7.889919e-10
10840.00 7.879176e-10
10845.00 7.868387e-10
10850.00 7.857641e-10
10855.00 7.846891e-10
10860.00 7.836160e-10
10865.00 7.825415e-10
10870.00 7.814715e-10
10875.00 7.803997e-10
10880.00 7.793287e-10
10885.00 7.782574e-10
10890.00 7.771863e-10
10895.00 7.761191e-10
10900.00 7.750499e-10
10905.00 7.739815e-10
10910.00 7.729153e-10
10915.00 7.718499e-10
10920.00 7.707826e-10
10925.00 7.697179e-10
10930.00 7.686551e-10
10935.00 7.675917e-10
10940.00 7.665295e-10
10945.00 7.654651e-10
10950.00 7.644056e-10
10955.00 7.633446e-10
10960.00 7.622848e-10
10965.00 7.612252e-10
10970.00 7.601674e-10
10975.00 7.591099e-10
10980.00 7.580527e-10
10985.00 7.569967e-10
10990.00 7.559420e-10
10995.00 7.548867e-10
11000.00 7.538348e-10
11005.00 7.527804e-10
11010.00 7.517271e-10
11015.00 7.506770e-10
11020.00 7.496239e-10
11025.00 7.485750e-10
11030.00 7.475277e-10
11035.00 7.464783e-10
11040.00 7.454311e-10
11045.00 7.443814e-10
11050.00 7.433364e-10
11055.00 7.422916e-10
11060.00 7.412463e-10
11065.00 7.402028e-10
11070.00 7.391605e-10
11075.00 7.381170e-10
11080.00 7.370745e-10
11085.00 7.360350e-10
11090.00 7.349948e-10
11095.00 7.339565e-10
11100.00 7.329166e-10
11105.00 7.318807e-10
11110.00 7.308457e-10
11115.00 7.298098e-10
11120.00 7.287732e-10
11125.00 7.277394e-10
11130.00 7.267063e-10
11135.00 7.256734e-10
11140.00 7.246427e-10
11145.00 7.236106e-10
11150.00 7.225812e-10
11155.00 7.215528e-10
11160.00 7.205244e-10
11165.00 7.194954e-10
11170.00 7.184696e-10
11175.00 7.174428e-10
11180.00 7.164169e-10
11185.00 7.153941e-10
11190.00 7.143706e-10
11195.00 7.133486e-10
11200.00 7.123270e-10
11205.00 7.113060e-10
11210.00 7.102880e-10
11215.00 7.092662e-10
11220.00 7.082485e-10
11225.00 7.072339e-10
11230.00 7.062167e-10
11235.00 7.052016e-10
11240.00 7.041887e-10
11245.00 7.031742e-10
11250.00 7.021619e-10
11255.00 7.011486e-10
11260.00 7.001377e-10
11265.00 6.991285e-10
11270.00 6.981206e-10
11275.00 6.971117e-10
11280.00 6.961043e-10
11285.00 6.950978e-10
11290.00 6.940936e-10
11295.00 6.930869e-10
11300.00 6.920829e-10
11305.00 6.910827e-10
11310.00 6.900797e-10
11315.00 6.890783e-10
11320.00 6.880779e-10
11325.00 6.870791e-10
11330.00 6.860821e-10
11335.00 6.850857e-10
11340.00 6.840890e-10
11345.00 6.830932e-10
11350.00 6.820995e-10
11355.00 6.811074e-10
11360.00 6.801147e-10
11365.00 6.791242e-10
11370.00 6.781320e-10
11375.00 6.771420e-10
11380.00 6.761551e-10
11385.00 6.751670e-10
11390.00 6.741803e-10
11395.00 6.731946e-10
11400.00 6.722111e-10
11405.00 6.712272e-10
11410.00 6.702447e-10
11415.00 6.692626e-10
11420.00 6.682829e-10
11425.00 6.673044e-10
11430.00 6.663253e-10
11435.00 6.653464e-10
11440.00 6.643714e-10
11445.00 6.633963e-10
11450.00 6.624207e-10
11455.00 6.614472e-10
11460.00 6.604746e-10
11465.00 6.595025e-10
11470.00 6.585316e-10
11475.00 6.575624e-10
11480.00 6.565944e-10
11485.00 6.556261e-10
11490.00 6.546600e-10
11495.00 6.536945e-10
11500.00 6.527305e-10
11505.00 6.517679e-10
11510.00 6.508047e-10
11515.00 6.498427e-10
11520.00 6.488824e-10
11525.00 6.479244e-10
11530.00 6.469671e-10
11535.00 6.460100e-10
11540.00 6.450532e-10
11545.00 6.440985e-10
11550.00 6.431448e-10
11555.00 6.421919e-10
11560.00 6.412398e-10
11565.00 6.402903e-10
11570.00 6.393410e-10
11575.00 6.383922e-10
11580.00 6.374438e-10
11585.00 6.364964e-10
11590.00 6.355538e-10
11595.00 6.346095e-10
11600.00 6.336663e-10
11605.00 6.327238e-10
11610.00 6.317845e-10
11615.00 6.308452e-10
11620.00 6.299056e-10
11625.00 6.289676e-10
11630.00 6.280308e-10
11635.00 6.270952e-10
11640.00 6.261608e-10
11645.00 6.252284e-10
11650.00 6.242956e-10
11655.00 6.233670e-10
11660.00 6.224354e-10
11665.00 6.215079e-10
11670.00 6.205804e-10
11675.00 6.196540e-10
11680.00 6.187301e-10
11685.00 6.178036e-10
11690.00 6.168813e-10
11695.00 6.159596e-10
11700.00 6.150395e-10
11705.00 6.141203e-10
11710.00 6.132014e-10
11715.00 6.122844e-10
11720.00 6.113683e-10
11725.00 6.104548e-10
11730.00 6.095395e-10
11735.00 6.086283e-10
11740.00 6.077169e-10
11745.00 6.068065e-10
11750.00 6.058981e-10
11755.00 6.049909e-10
11760.00 6.040830e-10
11765.00 6.031782e-10
11770.00 6.022743e-10
11775.00 6.013724e-10
11780.00 6.004703e-10
11785.00 5.995697e-10
11790.00 5.986690e-10
11795.00 5.977706e-10
11800.00 5.968730e-10
11805.00 5.959785e-10
11810.00 5.950815e-10
11815.00 5.941891e-10
11820.00 5.932989e-10
11825.00 5.924081e-10
11830.00 5.915200e-10
11835.00 5.906289e-10
11840.00 5.897423e-10
11845.00 5.888571e-10
11850.00 5.879715e-10
11855.00 5.870884e-10
11860.00 5.862058e-10
11865.00 5.853258e-10
11870.00 5.844439e-10
11875.00 5.835652e-10
11880.00 5.826887e-10
11885.00 5.818134e-10
11890.00 5.809394e-10
11895.00 5.800665e-10
11900.00 5.791941e-10
11905.00 5.783221e-10
11910.00 5.774535e-10
11915.00 5.765851e-10
11920.00 5.757168e-10
11925.00 5.748522e-10
11930.00 5.739867e-10
11935.00 5.731222e-10
11940.00 5.722605e-10
11945.00 5.714001e-10
11950.00 5.705410e-10
11955.00 5.696842e-10
11960.00 5.688261e-10
11965.00 5.679689e-10
11970.00 5.671147e-10
11975.00 5.662628e-10
11980.00 5.654113e-10
11985.00 5.645622e-10
11990.00 5.637125e-10
11995.00 5.628641e-10
12000.00 5.620181e-10
12005.00 5.611736e-10
12010.00 5.603303e-10
12015.00 5.594871e-10
12020.00 5.586472e-10
12025.00 5.578075e-10
12030.00 5.569675e-10
12035.00 5.561309e-10
12040.00 5.552953e-10
12045.00 5.544612e-10
12050.00 5.536284e-10
12055.00 5.527957e-10
12060.00 5.519675e-10
12065.00 5.511379e-10
12070.00 5.503085e-10
12075.00 5.494818e-10
12080.00 5.486566e-10
12085.00 5.478348e-10
12090.00 5.470127e-10
12095.00 5.461938e-10
12100.00 5.453730e-10
12105.00 5.445557e-10
12110.00 5.437375e-10
12115.00 5.429226e-10
12120.00 5.421080e-10
12125.00 5.412959e-10
12130.00 5.404846e-10
12135.00 5.396773e-10
12140.00 5.388686e-10
12145.00 5.380609e-10
12150.00 5.372567e-10
12155.00 5.364529e-10
12160.00 5.356480e-10
12165.00 5.348473e-10
12170.00 5.340494e-10
12175.00 5.332499e-10
12180.00 5.324516e-10
12185.00 5.316588e-10
12190.00 5.308645e-10
12195.00 5.300708e-10
12200.00 5.292806e-10
12205.00 5.284894e-10
12210.00 5.277008e-10
12215.00 5.269139e-10
12220.00 5.261304e-10
12225.00 5.253453e-10
12230.00 5.245616e-10
12235.00 5.237816e-10
12240.00 5.230028e-10
12245.00 5.222232e-10
12250.00 5.214466e-10
12255.00 5.206712e-10
12260.00 5.198985e-10
12265.00 5.191260e-10
12270.00 5.183541e-10
12275.00 5.175859e-10
12280.00 5.168168e-10
12285.00 5.160485e-10
12290.00 5.152826e-10
12295.00 5.145204e-10
12300.00 5.137568e-10
12305.00 5.129978e-10
12310.00 5.122363e-10
12315.00 5.114779e-10
12320.00 5.107200e-10
12325.00 5.099655e-10
12330.00 5.092115e-10
12335.00 5.084589e-10
12340.00 5.077085e-10
12345.00 5.069580e-10
12350.00 5.062102e-10
12355.00 5.054627e-10
12360.00 5.047158e-10
12365.00 5.039709e-10
12370.00 5.032277e-10
12375.00 5.024872e-10
12380.00 5.017466e-10
12385.00 5.010064e-10
12390.00 5.002698e-10
12395.00 4.995336e-10
12400.00 4.988000e-10
12405.00 4.980670e-10
12410.00 4.973343e-10
12415.00 4.966046e-10
12420.00 4.958750e-10
12425.00 4.951486e-10
12430.00 4.944220e-10
12435.00 4.936969e-10
12440.00 4.929743e-10
12445.00 4.922512e-10
12450.00 4.915290e-10
12455.00 4.908101e-10
12460.00 4.900913e-10
12465.00 4.893749e-10
12470.00 4.886606e-10
12475.00 4.879456e-10
12480.00 4.872333e-10
12485.00 4.865217e-10
12490.00 4.858125e-10
12495.00 4.851012e-10
12500.00 4.843960e-10
12505.00 4.836878e-10
12510.00 4.829832e-10
12515.00 4.822823e-10
12520.00 4.815814e-10
12525.00 4.808793e-10
12530.00 4.801793e-10
12535.00 4.794810e-10
12540.00 4.787836e-10
12545.00 4.780897e-10
12550.00 4.773958e-10
12555.00 4.767018e-10
12560.00 4.760104e-10
12565.00 4.753208e-10
12570.00 4.746332e-10
12575.00 4.739461e-10
12580.00 4.732598e-10
12585.00 4.725765e-10
12590.00 4.718935e-10
12595.00 4.712095e-10
12600.00 4.705297e-10
12605.00 4.698499e-10
12610.00 4.691710e-10
12615.00 4.684945e-10
12620.00 4.678176e-10
12625.00 4.671448e-10
12630.00 4.664724e-10
12635.00 4.658007e-10
12640.00 4.651307e-10
12645.00 4.644622e-10
12650.00 4.637926e-10
12655.00 4.631266e-10
12660.00 4.624613e-10
12665.00 4.617994e-10
12670.00 4.611369e-10
12675.00 4.604749e-10
12680.00 4.598130e-10
12685.00 4.591550e-10
12690.00 4.584997e-10
12695.00 4.578413e-10
12700.00 4.571868e-10
12705.00 4.565341e-10
12710.00 4.558805e-10
12715.00 4.552320e-10
12720.00 4.545813e-10
12725.00 4.539332e-10
12730.00 4.532864e-10
12735.00 4.526411e-10
12740.00 4.519972e-10
12745.00 4.513526e-10
12750.00 4.507090e-10
12755.00 4.500689e-10
12760.00 4.494310e-10
12765.00 4.487903e-10
12770.00 4.481537e-10
12775.00 4.475200e-10
12780.00 4.468833e-10
12785.00 4.462496e-10
12790.00 4.456198e-10
12795.00 4.449894e-10
12800.00 4.443594e-10
12805.00 4.437299e-10
12810.00 4.431023e-10
12815.00 4.424766e-10
12820.00 4.418541e-10
12825.00 4.412304e-10
12830.00 4.406090e-10
12835.00 4.399887e-10
12840.00 4.393668e-10
12845.00 4.387500e-10
12850.00 4.381317e-10
12855.00 4.375151e-10
12860.00 4.369022e-10
12865.00 4.362877e-10
12870.00 4.356753e-10
12875.00 4.350659e-10
12880.00 4.344549e-10
12885.00 4.338461e-10
12890.00 4.332399e-10
12895.00 4.326322e-10
12900.00 4.320274e-10
12905.00 4.314257e-10
12910.00 4.308240e-10
12915.00 4.302224e-10
12920.00 4.296207e-10
12925.00 4.290230e-10
12930.00 4.284253e-10
12935.00 4.278274e-10
12940.00 4.272333e-10
12945.00 4.266387e-10
12950.00 4.260477e-10
12955.00 4.254540e-10
12960.00 4.248629e-10
12965.00 4.242753e-10
12970.00 4.236884e-10
12975.00 4.231009e-10
12980.00 4.225133e-10
12985.00 4.219296e-10
12990.00 4.213458e-10
12995.00 4.207660e-10
13000.00 4.201829e-10
13005.00 4.196057e-10
13010.00 4.190261e-10
13015.00 4.184489e-10
13020.00 4.178725e-10
13025.00 4.172964e-10
13030.00 4.167224e-10
13035.00 4.161492e-10
13040.00 4.155803e-10
13045.00 4.150076e-10
13050.00 4.144377e-10
13055.00 4.138717e-10
13060.00 4.133061e-10
13065.00 4.127398e-10
13070.00 4.121748e-10
13075.00 4.116115e-10
13080.00 4.110494e-10
13085.00 4.104869e-10
13090.00 4.099284e-10
13095.00 4.093697e-10
13100.00 4.088111e-10
13105.00 4.082557e-10
13110.00 4.076998e-10
13115.00 4.071453e-10
13120.00 4.065926e-10
13125.00 4.060391e-10
13130.00 4.054894e-10
13135.00 4.049389e-10
13140.00 4.043900e-10
13145.00 4.038420e-10
13150.00 4.032972e-10
13155.00 4.027529e-10
13160.00 4.022085e-10
13165.00 4.016643e-10
13170.00 4.011226e-10
13175.00 4.005821e-10
13180.00 4.000440e-10
13185.00 3.995045e-10
13190.00 3.989686e-10
13195.00 3.984320e-10
13200.00 3.978980e-10
13205.00 3.973650e-10
13210.00 3.968308e-10
13215.00 3.962971e-10
13220.00 3.957667e-10
13225.00 3.952391e-10
13230.00 3.947098e-10
13235.00 3.941830e-10
13240.00 3.936566e-10
13245.00 3.931324e-10
13250.00 3.926070e-10
13255.00 3.920860e-10
13260.00 3.915637e-10
13265.00 3.910439e-10
13270.00 3.905232e-10
13275.00 3.900049e-10
13280.00 3.894883e-10
13285.00 3.889723e-10
13290.00 3.884558e-10
13295.00 3.879403e-10
13300.00 3.874273e-10
13305.00 3.869146e-10
13310.00 3.864056e-10
13315.00 3.858975e-10
13320.00 3.853883e-10
13325.00 3.848795e-10
13330.00 3.843734e-10
13335.00 3.838679e-10
13340.00 3.833624e-10
13345.00 3.828579e-10
13350.00 3.823556e-10
13355.00 3.818538e-10
13360.00 3.813551e-10
13365.00 3.808570e-10
13370.00 3.803586e-10
13375.00 3.798613e-10
13380.00 3.793665e-10
13385.00 3.788709e-10
13390.00 3.783762e-10
13395.00 3.778823e-10
13400.00 3.773906e-10
13405.00 3.768997e-10
13410.00 3.764115e-10
13415.00 3.759242e-10
13420.00 3.754358e-10
13425.00 3.749488e-10
13430.00 3.744620e-10
13435.00 3.739772e-10
13440.00 3.734933e-10
13445.00 3.730134e-10
13450.00 3.725320e-10
13455.00 3.720516e-10
13460.00 3.715716e-10
13465.00 3.710942e-10
13470.00 3.706177e-10
13475.00 3.701405e-10
13480.00 3.696637e-10
13485.00 3.691900e-10
13490.00 3.687163e-10
13495.00 3.682442e-10
13500.00 3.677732e-10
13505.00 3.673042e-10
13510.00 3.668348e-10
13515.00 3.663675e-10
13520.00 3.658982e-10
13525.00 3.654319e-10
13530.00 3.649687e-10
13535.00 3.645027e-10
13540.00 3.640402e-10
13545.00 3.635784e-10
13550.00 3.631181e-10
13555.00 3.626590e-10
13560.00 3.621995e-10
13565.00 3.617408e-10
13570.00 3.612819e-10
13575.00 3.608258e-10
13580.00 3.603712e-10
13585.00 3.599185e-10
13590.00 3.594660e-10
13595.00 3.590116e-10
13600.00 3.585625e-10
13605.00 3.581111e-10
13610.00 3.576626e-10
13615.00 3.572138e-10
13620.00 3.567656e-10
13625.00 3.563201e-10
13630.00 3.558755e-10
13635.00 3.554305e-10
13640.00 3.549860e-10
13645.00 3.545443e-10
13650.00 3.541031e-10
13655.00 3.536620e-10
13660.00 3.532237e-10
13665.00 3.527862e-10
13670.00 3.523484e-10
13675.00 3.519113e-10
13680.00 3.514759e-10
13685.00 3.510394e-10
13690.00 3.506078e-10
13695.00 3.501738e-10
13700.00 3.497427e-10
13705.00 3.493127e-10
13710.00 3.488820e-10
13715.00 3.484516e-10
13720.00 3.480238e-10
13725.00 3.475970e-10
13730.00 3.471702e-10
13735.00 3.467455e-10
13740.00 3.463195e-10
13745.00 3.458958e-10
13750.00 3.454749e-10
13755.00 3.450525e-10
13760.00 3.446321e-10
13765.00 3.442121e-10
13770.00 3.437925e-10
13775.00 3.433754e-10
13780.00 3.429594e-10
13785.00 3.425427e-10
13790.00 3.421267e-10
13795.00 3.417139e-10
13800.00 3.413006e-10
13805.00 3.408880e-10
13810.00 3.404757e-10
13815.00 3.400656e-10
13820.00 3.396562e-10
13825.00 3.392474e-10
13830.00 3.388410e-10
13835.00 3.384320e-10
13840.00 3.380262e-10
13845.00 3.376217e-10
13850.00 3.372179e-10
13855.00 3.368131e-10
13860.00 3.364113e-10
13865.00 3.360109e-10
13870.00 3.356102e-10
13875.00 3.352116e-10
13880.00 3.348126e-10
13885.00 3.344142e-10
13890.00 3.340161e-10
13895.00 3.336204e-10
13900.00 3.332253e-10
13905.00 3.328305e-10
13910.00 3.324379e-10
13915.00 3.320437e-10
13920.00 3.316514e-10
13925.00 3.312610e-10
13930.00 3.308719e-10
13935.00 3.304817e-10
13940.00 3.300930e-10
13945.00 3.297054e-10
13950.00 3.293203e-10
13955.00 3.289332e-10
13960.00 3.285488e-10
13965.00 3.281643e-10
13970.00 3.277831e-10
13975.00 3.273991e-10
13980.00 3.270180e-10
13985.00 3.266369e-10
13990.00 3.262595e-10
13995.00 3.258792e-10
14000.00 3.255018e-10
14005.00 3.251241e-10
14010.00 3.247481e-10
14015.00 3.243727e-10
14020.00 3.239965e-10
14025.00 3.236229e-10
14030.00 3.232518e-10
14035.00 3.228791e-10
14040.00 3.225085e-10
14045.00 3.221382e-10
14050.00 3.217678e-10
14055.00 3.213983e-10
14060.00 3.210311e-10
14065.00 3.206651e-10
14070.00 3.202981e-10
14075.00 3.199320e-10
14080.00 3.195681e-10
14085.00 3.192027e-10
14090.00 3.188395e-10
14095.00 3.184789e-10
14100.00 3.181168e-10
14105.00 3.177572e-10
14110.00 3.173973e-10
14115.00 3.170382e-10
14120.00 3.166792e-10
14125.00 3.163229e-10
14130.00 3.159673e-10
14135.00 3.156106e-10
14140.00 3.152550e-10
14145.00 3.148995e-10
14150.00 3.145467e-10
14155.00 3.141940e-10
14160.00 3.138420e-10
14165.00 3.134931e-10
14170.00 3.131410e-10
14175.00 3.127918e-10
14180.00 3.124436e-10
14185.00 3.120976e-10
14190.00 3.117493e-10
14195.00 3.114038e-10
14200.00 3.110587e-10
14205.00 3.107136e-10
14210.00 3.103686e-10
14215.00 3.100263e-10
14220.00 3.096846e-10
14225.00 3.093429e-10
14230.00 3.090015e-10
14235.00 3.086599e-10
14240.00 3.083213e-10
14245.00 3.079834e-10
14250.00 3.076457e-10
14255.00 3.073105e-10
14260.00 3.069729e-10
14265.00 3.066382e-10
14270.00 3.063037e-10
14275.00 3.059692e-10
14280.00 3.056345e-10
14285.00 3.053034e-10
14290.00 3.049724e-10
14295.00 3.046417e-10
14300.00 3.043111e-10
14305.00 3.039827e-10
14310.00 3.036526e-10
14315.00 3.033248e-10
14320.00 3.029978e-10
14325.00 3.026729e-10
14330.00 3.023465e-10
14335.00 3.020222e-10
14340.00 3.016986e-10
14345.00 3.013741e-10
14350.00 3.010510e-10
14355.00 3.007294e-10
14360.00 3.004068e-10
14365.00 3.000859e-10
14370.00 2.997662e-10
14375.00 2.994481e-10
14380.00 2.991292e-10
14385.00 2.988118e-10
14390.00 2.984948e-10
14395.00 2.981783e-10
14400.00 2.978649e-10
14405.00 2.975482e-10
14410.00 2.972347e-10
14415.00 2.969213e-10
14420.00 2.966083e-10
14425.00 2.962956e-10
14430.00 2.959863e-10
14435.00 2.956762e-10
14440.00 2.953663e-10
14445.00 2.950565e-10
14450.00 2.947474e-10
14455.00 2.944402e-10
14460.00 2.941314e-10
14465.00 2.938247e-10
14470.00 2.935197e-10
14475.00 2.932160e-10
14480.00 2.929113e-10
14485.00 2.926084e-10
14490.00 2.923058e-10
14495.00 2.920032e-10
14500.00 2.917011e-10
14505.00 2.914009e-10
14510.00 2.910997e-10
14515.00 2.907998e-10
14520.00 2.905008e-10
14525.00 2.902030e-10
14530.00 2.899059e-10
14535.00 2.896080e-10
14540.00 2.893122e-10
14545.00 2.890171e-10
14550.00 2.887217e-10
14555.00 2.884292e-10
14560.00 2.881350e-10
14565.00 2.878422e-10
14570.00 2.875506e-10
14575.00 2.872582e-10
14580.00 2.869677e-10
14585.00 2.866779e-10
14590.00 2.863867e-10
14595.00 2.860984e-10
14600.00 2.858106e-10
14605.00 2.855249e-10
14610.00 2.852370e-10
14615.00 2.849489e-10
14620.00 2.846643e-10
14625.00 2.843794e-10
14630.00 2.840951e-10
14635.00 2.838129e-10
14640.00 2.835288e-10
14645.00 2.832469e-10
14650.00 2.829632e-10
14655.00 2.826822e-10
14660.00 2.824033e-10
14665.00 2.821230e-10
14670.00 2.818424e-10
14675.00 2.815640e-10
14680.00 2.812861e-10
14685.00 2.810089e-10
14690.00 2.807313e-10
14695.00 2.804569e-10
14700.00 2.801795e-10
14705.00 2.799056e-10
14710.00 2.796313e-10
14715.00 2.793571e-10
14720.00 2.790835e-10
14725.00 2.788122e-10
14730.00 2.785393e-10
14735.00 2.782681e-10
14740.00 2.779974e-10
14745.00 2.777269e-10
14750.00 2.774569e-10
14755.00 2.771893e-10
14760.00 2.769199e-10
14765.00 2.766524e-10
14770.00 2.763853e-10
14775.00 2.761187e-10
14780.00 2.758520e-10
14785.00 2.755884e-10
14790.00 2.753245e-10
14795.00 2.750583e-10
14800.00 2.747945e-10
14805.00 2.745319e-10
14810.00 2.742714e-10
14815.00 2.740083e-10
14820.00 2.737477e-10
14825.00 2.734852e-10
14830.00 2.732251e-10
14835.00 2.729647e-10
14840.00 2.727054e-10
14845.00 2.724489e-10
14850.00 2.721894e-10
14855.00 2.719331e-10
14860.00 2.716767e-10
14865.00 2.714203e-10
14870.00 2.711641e-10
14875.00 2.709086e-10
14880.00 2.706552e-10
14885.00 2.704020e-10
14890.00 2.701471e-10
14895.00 2.698934e-10
14900.00 2.696409e-10
14905.00 2.693916e-10
14910.00 2.691400e-10
14915.00 2.688894e-10
14920.00 2.686379e-10
14925.00 2.683883e-10
14930.00 2.681391e-10
14935.00 2.678899e-10
14940.00 2.676438e-10
14945.00 2.673953e-10
14950.00 2.671498e-10
14955.00 2.669039e-10
14960.00 2.666584e-10
14965.00 2.664127e-10
14970.00 2.661670e-10
14975.00 2.659223e-10
14980.00 2.656791e-10
14985.00 2.654348e-10
14990.00 2.651921e-10
14995.00 2.649500e-10
15000.00 2.647078e-10
15005.00 2.644664e-10
15010.00 2.642269e-10
15015.00 2.639856e-10
15020.00 2.637472e-10
15025.00 2.635085e-10
15030.00 2.632700e-10
15035.00 2.630314e-10
15040.00 2.627927e-10
15045.00 2.625550e-10
15050.00 2.623203e-10
15055.00 2.620844e-10
15060.00 2.618466e-10
15065.00 2.616118e-10
15070.00 2.613770e-10
15075.00 2.611448e-10
15080.00 2.609100e-10
15085.00 2.606761e-10
15090.00 2.604444e-10
15095.00 2.602128e-10
15100.00 2.599816e-10
15105.00 2.597497e-10
15110.00 2.595187e-10
15115.00 2.592880e-10
15120.00 2.590591e-10
15125.00 2.588287e-10
15130.00 2.586003e-10
15135.00 2.583728e-10
15140.00 2.581448e-10
15145.00 2.579169e-10
15150.00 2.576895e-10
15155.00 2.574618e-10
15160.00 2.572373e-10
15165.00 2.570127e-10
15170.00 2.567858e-10
15175.00 2.565609e-10
15180.00 2.563369e-10
15185.00 2.561129e-10
15190.00 2.558918e-10
15195.00 2.556679e-10
15200.00 2.554437e-10
15205.00 2.552228e-10
15210.00 2.550021e-10
15215.00 2.547817e-10
15220.00 2.545610e-10
15225.00 2.543402e-10
15230.00 2.541198e-10
15235.00 2.538990e-10
15240.00 2.536819e-10
15245.00 2.534640e-10
15250.00 2.532440e-10
15255.00 2.530271e-10
15260.00 2.528100e-10
15265.00 2.525927e-10
15270.00 2.523757e-10
15275.00 2.521614e-10
15280.00 2.519455e-10
15285.00 2.517310e-10
15290.00 2.515170e-10
15295.00 2.513011e-10
15300.00 2.510868e-10
15305.00 2.508742e-10
15310.00 2.506632e-10
15315.00 2.504503e-10
15320.00 2.502366e-10
15325.00 2.500262e-10
15330.00 2.498131e-10
15335.00 2.496028e-10
15340.00 2.493931e-10
15345.00 2.491828e-10
15350.00 2.489731e-10
15355.00 2.487629e-10
15360.00 2.485532e-10
15365.00 2.483463e-10
15370.00 2.481369e-10
15375.00 2.479296e-10
15380.00 2.477233e-10
15385.00 2.475172e-10
15390.00 2.473104e-10
15395.00 2.471047e-10
15400.00 2.468980e-10
15405.00 2.466920e-10
15410.00 2.464882e-10
15415.00 2.462827e-10
15420.00 2.460789e-10
15425.00 2.458736e-10
15430.00 2.456698e-10
15435.00 2.454673e-10
15440.00 2.452641e-10
15445.00 2.450613e-10
15450.00 2.448585e-10
15455.00 2.446590e-10
15460.00 2.444567e-10
15465.00 2.442565e-10
15470.00 2.440547e-10
15475.00 2.438551e-10
15480.00 2.436557e-10
15485.00 2.434563e-10
15490.00 2.432571e-10
15495.00 2.430572e-10
15500.00 2.428588e-10
15505.00 2.426624e-10
15510.00 2.424637e-10
15515.00 2.422640e-10
15520.00 2.420686e-10
15525.00 2.418722e-10
15530.00 2.416763e-10
15535.00 2.414781e-10
15540.00 2.412821e-10
15545.00 2.410891e-10
15550.00 2.408936e-10
15555.00 2.406979e-10
15560.00 2.405025e-10
15565.00 2.403093e-10
15570.00 2.401150e-10
15575.00 2.399221e-10
15580.00 2.397299e-10
15585.00 2.395378e-10
15590.00 2.393452e-10
15595.00 2.391533e-10
15600.00 2.389610e-10
15605.00 2.387688e-10
15610.00 2.385767e-10
15615.00 2.383852e-10
15620.00 2.381952e-10
15625.00 2.380044e-10
15630.00 2.378147e-10
15635.00 2.376263e-10
15640.00 2.374369e-10
15645.00 2.372458e-10
15650.00 2.370568e-10
15655.00 2.368679e-10
15660.00 2.366798e-10
15665.00 2.364944e-10
15670.00 2.363062e-10
15675.00 2.361177e-10
15680.00 2.359318e-10
15685.00 2.357438e-10
15690.00 2.355585e-10
15695.00 2.353727e-10
15700.00 2.351852e-10
15705.00 2.349996e-10
15710.00 2.348147e-10
15715.00 2.346299e-10
15720.00 2.344445e-10
15725.00 2.342601e-10
15730.00 2.340777e-10
15735.00 2.338927e-10
15740.00 2.337083e-10
15745.00 2.335261e-10
15750.00 2.333416e-10
15755.00 2.331597e-10
15760.00 2.329776e-10
15765.00 2.327933e-10
15770.00 2.326114e-10
15775.00 2.324300e-10
15780.00 2.322483e-10
15785.00 2.320669e-10
15790.00 2.318860e-10
15795.00 2.317069e-10
15800.00 2.315259e-10
15805.00 2.313448e-10
15810.00 2.311659e-10
15815.00 2.309855e-10
15820.00 2.308065e-10
15825.00 2.306256e-10
15830.00 2.304475e-10
15835.00 2.302690e-10
15840.00 2.300884e-10
15845.00 2.299103e-10
15850.00 2.297320e-10
15855.00 2.295543e-10
15860.00 2.293765e-10
15865.00 2.291987e-10
15870.00 2.290233e-10
15875.00 2.288457e-10
15880.00 2.286684e-10
15885.00 2.284931e-10
15890.00 2.283157e-10
15895.00 2.281379e-10
15900.00 2.279629e-10
15905.00 2.277886e-10
15910.00 2.276113e-10
15915.00 2.274364e-10
15920.00 2.272625e-10
15925.00 2.270879e-10
15930.00 2.269133e-10
15935.00 2.267392e-10
15940.00 2.265644e-10
15945.00 2.263899e-10
15950.00 2.262156e-10
15955.00 2.260417e-10
15960.00 2.258672e-10
15965.00 2.256959e-10
15970.00 2.255223e-10
15975.00 2.253503e-10
15980.00 2.251770e-10
15985.00 2.250050e-10
15990.00 2.248317e-10
15995.00 2.246602e-10
16000.00 2.244866e-10
16005.00 2.243152e-10
16010.00 2.241442e-10
16015.00 2.239735e-10
16020.00 2.238027e-10
16025.00 2.236315e-10
16030.00 2.234607e-10
16035.00 2.232902e-10
16040.00 2.231196e-10
16045.00 2.229485e-10
16050.00 2.227774e-10
16055.00 2.226065e-10
16060.00 2.224363e-10
16065.00 2.222685e-10
16070.00 2.220981e-10
16075.00 2.219304e-10
16080.00 2.217597e-10
16085.00 2.215893e-10
16090.00 2.214216e-10
16095.00 2.212538e-10
16100.00 2.210840e-10
16105.00 2.209164e-10
16110.00 2.207485e-10
16115.00 2.205782e-10
16120.00 2.204109e-10
16125.00 2.202435e-10
16130.00 2.200762e-10
16135.00 2.199091e-10
16140.00 2.197413e-10
16145.00 2.195748e-10
16150.00 2.194071e-10
16155.00 2.192398e-10
16160.00 2.190722e-10
16165.00 2.189051e-10
16170.00 2.187379e-10
16175.00 2.185710e-10
16180.00 2.184041e-10
16185.00 2.182391e-10
16190.00 2.180727e-10
16195.00 2.179053e-10
16200.00 2.177407e-10
16205.00 2.175741e-10
16210.00 2.174073e-10
16215.00 2.172426e-10
16220.00 2.170762e-10
16225.00 2.169118e-10
16230.00 2.167452e-10
16235.00 2.165810e-10
16240.00 2.164169e-10
16245.00 2.162503e-10
16250.00 2.160861e-10
16255.00 2.159192e-10
16260.00 2.157554e-10
16265.00 2.155915e-10
16270.00 2.154281e-10
16275.00 2.152642e-10
16280.00 2.150971e-10
16285.00 2.149331e-10
16290.00 2.147699e-10
16295.00 2.146057e-10
16300.00 2.144422e-10
16305.00 2.142785e-10
16310.00 2.141144e-10
16315.00 2.139510e-10
16320.00 2.137870e-10
16325.00 2.136234e-10
16330.00 2.134599e-10
16335.00 2.132964e-10
16340.00 2.131324e-10
16345.00 2.129687e-10
16350.00 2.128050e-10
16355.00 2.126410e-10
16360.00 2.124779e-10
16365.00 2.123170e-10
16370.00 2.121538e-10
16375.00 2.119896e-10
16380.00 2.118263e-10
16385.00 2.116654e-10
16390.00 2.115022e-10
16395.00 2.113389e-10
16400.00 2.111781e-10
16405.00 2.110145e-10
16410.00 2.108511e-10
16415.00 2.106907e-10
16420.00 2.105275e-10
16425.00 2.103663e-10
16430.00 2.102038e-10
16435.00 2.100424e-10
16440.00 2.098799e-10
16445.00 2.097189e-10
16450.00 2.095562e-10
16455.00 2.093945e-10
16460.00 2.092316e-10
16465.00 2.090716e-10
16470.00 2.089108e-10
16475.00 2.087477e-10
16480.00 2.085871e-10
16485.00 2.084265e-10
16490.00 2.082636e-10
16495.00 2.081029e-10
16500.00 2.079432e-10
16505.00 2.077825e-10
16510.00 2.076197e-10
16515.00 2.074593e-10
16520.00 2.072990e-10
16525.00 2.071386e-10
16530.00 2.069787e-10
16535.00 2.068182e-10
16540.00 2.066582e-10
16545.00 2.064978e-10
16550.00 2.063350e-10
16555.00 2.061744e-10
16560.00 2.060139e-10
16565.00 2.058541e-10
16570.00 2.056969e-10
16575.00 2.055369e-10
16580.00 2.053770e-10
16585.00 2.052170e-10
16590.00 2.050564e-10
16595.00 2.048966e-10
16600.00 2.047360e-10
16605.00 2.045763e-10
16610.00 2.044194e-10
16615.00 2.042590e-10
16620.00 2.040991e-10
16625.00 2.039396e-10
16630.00 2.037818e-10
16635.00 2.036226e-10
16640.00 2.034626e-10
16645.00 2.033055e-10
16650.00 2.031458e-10
16655.00 2.029885e-10
16660.00 2.028285e-10
16665.00 2.026689e-10
16670.00 2.025115e-10
16675.00 2.023525e-10
16680.00 2.021950e-10
16685.00 2.020349e-10
16690.00 2.018782e-10
16695.00 2.017210e-10
16700.00 2.015620e-10
16705.00 2.014048e-10
16710.00 2.012450e-10
16715.00 2.010883e-10
16720.00 2.009311e-10
16725.00 2.007719e-10
16730.00 2.006148e-10
16735.00 2.004581e-10
16740.00 2.003019e-10
16745.00 2.001445e-10
16750.00 1.999855e-10
16755.00 1.998283e-10
16760.00 1.996717e-10
16765.00 1.995154e-10
16770.00 1.993587e-10
16775.00 1.992020e-10
16780.00 1.990451e-10
16785.00 1.988880e-10
16790.00 1.987289e-10
16795.00 1.985716e-10
16800.00 1.984159e-10
16805.00 1.982615e-10
16810.00 1.981056e-10
16815.00 1.979493e-10
16820.00 1.977926e-10
16825.00 1.976357e-10
16830.00 1.974791e-10
16835.00 1.973224e-10
16840.00 1.971666e-10
16845.00 1.970127e-10
16850.00 1.968565e-10
16855.00 1.966996e-10
16860.00 1.965439e-10
16865.00 1.963897e-10
16870.00 1.962332e-10
16875.00 1.960775e-10
16880.00 1.959235e-10
16885.00 1.957673e-10
16890.00 1.956108e-10
16895.00 1.954573e-10
16900.00 1.953015e-10
16905.00 1.951473e-10
16910.00 1.949919e-10
16915.00 1.948376e-10
16920.00 1.946823e-10
16925.00 1.945282e-10
16930.00 1.943724e-10
16935.00 1.942183e-10
16940.00 1.940631e-10
16945.00 1.939094e-10
16950.00 1.937560e-10
16955.00 1.936001e-10
16960.00 1.934466e-10
16965.00 1.932934e-10
16970.00 1.931379e-10
16975.00 1.929841e-10
16980.00 1.928313e-10
16985.00 1.926772e-10
16990.00 1.925220e-10
16995.00 1.923682e-10
17000.00 1.922153e-10
17005.00 1.920624e-10
17010.00 1.919088e-10
17015.00 1.917562e-10
17020.00 1.916030e-10
17025.00 1.914499e-10
17030.00 1.912970e-10
17035.00 1.911439e-10
17040.00 1.909909e-10
17045.00 1.908378e-10
17050.00 1.906845e-10
17055.00 1.905321e-10
17060.00 1.903788e-10
17065.00 1.902256e-10
17070.00 1.900727e-10
17075.00 1.899200e-10
17080.00 1.897699e-10
17085.00 1.896168e-10
17090.00 1.894639e-10
17095.00 1.893113e-10
17100.00 1.891585e-10
17105.00 1.890080e-10
17110.00 1.888553e-10
17115.00 1.887030e-10
17120.00 1.885523e-10
17125.00 1.883995e-10
17130.00 1.882471e-10
17135.00 1.880967e-10
17140.00 1.879446e-10
17145.00 1.877942e-10
17150.00 1.876421e-10
17155.00 1.874918e-10
17160.00 1.873395e-10
17165.00 1.871892e-10
17170.00 1.870371e-10
17175.00 1.868869e-10
17180.00 1.867347e-10
17185.00 1.865846e-10
17190.00 1.864348e-10
17195.00 1.862823e-10
17200.00 1.861330e-10
17205.00 1.859829e-10
17210.00 1.858306e-10
17215.00 1.856807e-10
17220.00 1.855311e-10
17225.00 1.853817e-10
17230.00 1.852317e-10
17235.00 1.850796e-10
17240.00 1.849297e-10
17245.00 1.847802e-10
17250.00 1.846305e-10
17255.00 1.844812e-10
17260.00 1.843318e-10
17265.00 1.841825e-10
17270.00 1.840328e-10
17275.00 1.838834e-10
17280.00 1.837340e-10
17285.00 1.835844e-10
17290.00 1.834347e-10
17295.00 1.832854e-10
17300.00 1.831357e-10
17305.00 1.829864e-10
17310.00 1.828367e-10
17315.00 1.826878e-10
17320.00 1.825410e-10
17325.00 1.823921e-10
17330.00 1.822426e-10
17335.00 1.820935e-10
17340.00 1.819468e-10
17345.00 1.817977e-10
17350.00 1.816481e-10
17355.00 1.814989e-10
17360.00 1.813521e-10
17365.00 1.812036e-10
17370.00 1.810571e-10
17375.00 1.809078e-10
17380.00 1.807588e-10
17385.00 1.806118e-10
17390.00 1.804632e-10
17395.00 1.803163e-10
17400.00 1.801680e-10
17405.00 1.800211e-10
17410.00 1.798726e-10
17415.00 1.797262e-10
17420.00 1.795799e-10
17425.00 1.794311e-10
17430.00 1.792843e-10
17435.00 1.791358e-10
17440.00 1.789893e-10
17445.00 1.788436e-10
17450.00 1.786971e-10
17455.00 1.785487e-10
17460.00 1.784025e-10
17465.00 1.782565e-10
17470.00 1.781099e-10
17475.00 1.779614e-10
17480.00 1.778149e-10
17485.00 1.776691e-10
17490.00 1.775234e-10
17495.00 1.773773e-10
17500.00 1.772314e-10
17505.00 1.770852e-10
17510.00 1.769394e-10
17515.00 1.767936e-10
17520.00 1.766475e-10
17525.00 1.765018e-10
17530.00 1.763555e-10
17535.00 1.762097e-10
17540.00 1.760639e-10
17545.00 1.759179e-10
17550.00 1.757720e-10
17555.00 1.756264e-10
17560.00 1.754831e-10
17565.00 1.753380e-10
17570.00 1.751917e-10
17575.00 1.750459e-10
17580.00 1.749005e-10
17585.00 1.747573e-10
17590.00 1.746118e-10
17595.00 1.744666e-10
17600.00 1.743226e-10
17605.00 1.741776e-10
17610.00 1.740321e-10
17615.00 1.738887e-10
17620.00 1.737439e-10
17625.00 1.736004e-10
17630.00 1.734555e-10
17635.00 1.733120e-10
17640.00 1.731670e-10
17645.00 1.730238e-10
17650.00 1.728788e-10
17655.00 1.727357e-10
17660.00 1.725904e-10
17665.00 1.724476e-10
17670.00 1.723049e-10
17675.00 1.721600e-10
17680.00 1.720171e-10
17685.00 1.718745e-10
17690.00 1.717291e-10
17695.00 1.715867e-10
17700.00 1.714437e-10
17705.00 1.712989e-10
17710.00 1.711559e-10
17715.00 1.710133e-10
17720.00 1.708709e-10
17725.00 1.707288e-10
17730.00 1.705866e-10
17735.00 1.704435e-10
17740.00 1.702983e-10
17745.00 1.701556e-10
17750.00 1.700131e-10
17755.00 1.698711e-10
17760.00 1.697282e-10
17765.00 1.695860e-10
17770.00 1.694438e-10
17775.00 1.693020e-10
17780.00 1.691623e-10
17785.00 1.690200e-10
17790.00 1.688781e-10
17795.00 1.687357e-10
17800.00 1.685930e-10
17805.00 1.684509e-10
17810.00 1.683088e-10
17815.00 1.681692e-10
17820.00 1.680273e-10
17825.00 1.678848e-10
17830.00 1.677430e-10
17835.00 1.676034e-10
17840.00 1.674612e-10
17845.00 1.673194e-10
17850.00 1.671797e-10
17855.00 1.670384e-10
17860.00 1.668983e-10
17865.00 1.667571e-10
17870.00 1.666173e-10
17875.00 1.664756e-10
17880.00 1.663338e-10
17885.00 1.661943e-10
17890.00 1.660550e-10
17895.00 1.659138e-10
17900.00 1.657737e-10
17905.00 1.656325e-10
17910.00 1.654932e-10
17915.00 1.653540e-10
17920.00 1.652124e-10
17925.00 1.650730e-10
17930.00 1.649337e-10
17935.00 1.647925e-10
17940.00 1.646534e-10
17945.00 1.645144e-10
17950.00 1.643754e-10
17955.00 1.642336e-10
17960.00 1.640944e-10
17965.00 1.639558e-10
17970.00 1.638168e-10
17975.00 1.636779e-10
17980.00 1.635391e-10
17985.00 1.634006e-10
17990.00 1.632615e-10
17995.00 1.631229e-10
18000.00 1.629839e-10
18005.00 1.628452e-10
18010.00 1.627064e-10
18015.00 1.625677e-10
18020.00 1.624288e-10
18025.00 1.622900e-10
18030.00 1.621513e-10
18035.00 1.620123e-10
18040.00 1.618734e-10
18045.00 1.617351e-10
18050.00 1.615991e-10
18055.00 1.614605e-10
18060.00 1.613220e-10
18065.00 1.611830e-10
18070.00 1.610446e-10
18075.00 1.609086e-10
18080.00 1.607704e-10
18085.00 1.606319e-10
18090.00 1.604957e-10
18095.00 1.603579e-10
18100.00 1.602215e-10
18105.00 1.600833e-10
18110.00 1.599450e-10
18115.00 1.598086e-10
18120.00 1.596710e-10
18125.00 1.595348e-10
18130.00 1.593967e-10
18135.00 1.592606e-10
18140.00 1.591225e-10
18145.00 1.589872e-10
18150.00 1.588514e-10
18155.00 1.587134e-10
18160.00 1.585778e-10
18165.00 1.584423e-10
18170.00 1.583042e-10
18175.00 1.581684e-10
18180.00 1.580328e-10
18185.00 1.578948e-10
18190.00 1.577592e-10
18195.00 1.576240e-10
18200.00 1.574887e-10
18205.00 1.573533e-10
18210.00 1.572177e-10
18215.00 1.570800e-10
18220.00 1.569441e-10
18225.00 1.568088e-10
18230.00 1.566738e-10
18235.00 1.565382e-10
18240.00 1.564032e-10
18245.00 1.562678e-10
18250.00 1.561327e-10
18255.00 1.559971e-10
18260.00 1.558620e-10
18265.00 1.557270e-10
18270.00 1.555916e-10
18275.00 1.554567e-10
18280.00 1.553243e-10
18285.00 1.551893e-10
18290.00 1.550544e-10
18295.00 1.549190e-10
18300.00 1.547843e-10
18305.00 1.546515e-10
18310.00 1.545167e-10
18315.00 1.543814e-10
18320.00 1.542469e-10
18325.00 1.541143e-10
18330.00 1.539794e-10
18335.00 1.538444e-10
18340.00 1.537120e-10
18345.00 1.535776e-10
18350.00 1.534452e-10
18355.00 1.533108e-10
18360.00 1.531782e-10
18365.00 1.530435e-10
18370.00 1.529111e-10
18375.00 1.527766e-10
18380.00 1.526440e-10
18385.00 1.525101e-10
18390.00 1.523773e-10
18395.00 1.522429e-10
18400.00 1.521109e-10
18405.00 1.519785e-10
18410.00 1.518443e-10
18415.00 1.517120e-10
18420.00 1.515801e-10
18425.00 1.514454e-10
18430.00 1.513135e-10
18435.00 1.511819e-10
18440.00 1.510502e-10
18445.00 1.509179e-10
18450.00 1.507836e-10
18455.00 1.506516e-10
18460.00 1.505200e-10
18465.00 1.503881e-10
18470.00 1.502563e-10
18475.00 1.501248e-10
18480.00 1.499931e-10
18485.00 1.498615e-10
18490.00 1.497295e-10
18495.00 1.495979e-10
18500.00 1.494662e-10
18505.00 1.493346e-10
18510.00 1.492030e-10
18515.00 1.490712e-10
18520.00 1.489397e-10
18525.00 1.488083e-10
18530.00 1.486792e-10
18535.00 1.485480e-10
18540.00 1.484163e-10
18545.00 1.482848e-10
18550.00 1.481537e-10
18555.00 1.480245e-10
18560.00 1.478931e-10
18565.00 1.477618e-10
18570.00 1.476329e-10
18575.00 1.475019e-10
18580.00 1.473704e-10
18585.00 1.472415e-10
18590.00 1.471100e-10
18595.00 1.469791e-10
18600.00 1.468499e-10
18605.00 1.467192e-10
18610.00 1.465901e-10
18615.00 1.464593e-10
18620.00 1.463302e-10
18625.00 1.461995e-10
18630.00 1.460709e-10
18635.00 1.459424e-10
18640.00 1.458117e-10
18645.00 1.456830e-10
18650.00 1.455544e-10
18655.00 1.454236e-10
18660.00 1.452951e-10
18665.00 1.451664e-10
18670.00 1.450354e-10
18675.00 1.449070e-10
18680.00 1.447787e-10
18685.00 1.446505e-10
18690.00 1.445196e-10
18695.00 1.443912e-10
18700.00 1.442627e-10
18705.00 1.441348e-10
18710.00 1.440067e-10
18715.00 1.438784e-10
18720.00 1.437502e-10
18725.00 1.436223e-10
18730.00 1.434940e-10
18735.00 1.433661e-10
18740.00 1.432379e-10
18745.00 1.431099e-10
18750.00 1.429818e-10
18755.00 1.428536e-10
18760.00 1.427254e-10
18765.00 1.425974e-10
18770.00 1.424691e-10
18775.00 1.423416e-10
18780.00 1.422157e-10
18785.00 1.420882e-10
18790.00 1.419602e-10
18795.00 1.418320e-10
18800.00 1.417043e-10
18805.00 1.415791e-10
18810.00 1.414514e-10
18815.00 1.413233e-10
18820.00 1.411980e-10
18825.00 1.410703e-10
18830.00 1.409426e-10
18835.00 1.408171e-10
18840.00 1.406902e-10
18845.00 1.405645e-10
18850.00 1.404373e-10
18855.00 1.403116e-10
18860.00 1.401844e-10
18865.00 1.400591e-10
18870.00 1.399318e-10
18875.00 1.398063e-10
18880.00 1.396790e-10
18885.00 1.395540e-10
18890.00 1.394292e-10
18895.00 1.393020e-10
18900.00 1.391769e-10
18905.00 1.390520e-10
18910.00 1.389246e-10
18915.00 1.387997e-10
18920.00 1.386750e-10
18925.00 1.385501e-10
18930.00 1.384228e-10
18935.00 1.382977e-10
18940.00 1.381733e-10
18945.00 1.380487e-10
18950.00 1.379241e-10
18955.00 1.377994e-10
18960.00 1.376751e-10
18965.00 1.375499e-10
18970.00 1.374226e-10
18975.00 1.372975e-10
18980.00 1.371732e-10
18985.00 1.370483e-10
18990.00 1.369243e-10
18995.00 1.368024e-10
19000.00 1.366781e-10
19005.00 1.365537e-10
19010.00 1.364291e-10
19015.00 1.363044e-10
19020.00 1.361799e-10
19025.00 1.360555e-10
19030.00 1.359313e-10
19035.00 1.358094e-10
19040.00 1.356854e-10
19045.00 1.355607e-10
19050.00 1.354366e-10
19055.00 1.353147e-10
19060.00 1.351905e-10
19065.00 1.350666e-10
19070.00 1.349446e-10
19075.00 1.348209e-10
19080.00 1.346991e-10
19085.00 1.345750e-10
19090.00 1.344507e-10
19095.00 1.343289e-10
19100.00 1.342050e-10
19105.00 1.340834e-10
19110.00 1.339598e-10
19115.00 1.338379e-10
19120.00 1.337141e-10
19125.00 1.335925e-10
19130.00 1.334710e-10
19135.00 1.333475e-10
19140.00 1.332259e-10
19145.00 1.331047e-10
19150.00 1.329808e-10
19155.00 1.328592e-10
19160.00 1.327377e-10
19165.00 1.326144e-10
19170.00 1.324926e-10
19175.00 1.323718e-10
19180.00 1.322506e-10
19185.00 1.321293e-10
19190.00 1.320058e-10
19195.00 1.318840e-10
19200.00 1.317633e-10
19205.00 1.316421e-10
19210.00 1.315210e-10
19215.00 1.314001e-10
19220.00 1.312792e-10
19225.00 1.311579e-10
19230.00 1.310370e-10
19235.00 1.309162e-10
19240.00 1.307952e-10
19245.00 1.306740e-10
19250.00 1.305531e-10
19255.00 1.304320e-10
19260.00 1.303113e-10
19265.00 1.301932e-10
19270.00 1.300725e-10
19275.00 1.299514e-10
19280.00 1.298304e-10
19285.00 1.297101e-10
19290.00 1.295917e-10
19295.00 1.294710e-10
19300.00 1.293501e-10
19305.00 1.292295e-10
19310.00 1.291111e-10
19315.00 1.289911e-10
19320.00 1.288727e-10
19325.00 1.287520e-10
19330.00 1.286314e-10
19335.00 1.285133e-10
19340.00 1.283930e-10
19345.00 1.282748e-10
19350.00 1.281546e-10
19355.00 1.280363e-10
19360.00 1.279160e-10
19365.00 1.277979e-10
19370.00 1.276779e-10
19375.00 1.275599e-10
19380.00 1.274417e-10
19385.00 1.273217e-10
19390.00 1.272039e-10
19395.00 1.270861e-10
19400.00 1.269657e-10
19405.00 1.268480e-10
19410.00 1.267301e-10
19415.00 1.266100e-10
19420.00 1.264919e-10
19425.00 1.263745e-10
19430.00 1.262573e-10
19435.00 1.261398e-10
19440.00 1.260219e-10
19445.00 1.259017e-10
19450.00 1.257838e-10
19455.00 1.256664e-10
19460.00 1.255488e-10
19465.00 1.254314e-10
19470.00 1.253138e-10
19475.00 1.251965e-10
19480.00 1.250791e-10
19485.00 1.249615e-10
19490.00 1.248443e-10
19495.00 1.247267e-10
19500.00 1.246093e-10
19505.00 1.244921e-10
19510.00 1.243775e-10
19515.00 1.242605e-10
19520.00 1.241430e-10
19525.00 1.240257e-10
19530.00 1.239087e-10
19535.00 1.237938e-10
19540.00 1.236767e-10
19545.00 1.235592e-10
19550.00 1.234422e-10
19555.00 1.233276e-10
19560.00 1.232106e-10
19565.00 1.230935e-10
19570.00 1.229788e-10
19575.00 1.228623e-10
19580.00 1.227475e-10
19585.00 1.226309e-10
19590.00 1.225161e-10
19595.00 1.223993e-10
19600.00 1.222847e-10
19605.00 1.221681e-10
19610.00 1.220535e-10
19615.00 1.219368e-10
19620.00 1.218222e-10
19625.00 1.217056e-10
19630.00 1.215912e-10
19635.00 1.214767e-10
19640.00 1.213602e-10
19645.00 1.212460e-10
19650.00 1.211316e-10
19655.00 1.210150e-10
19660.00 1.209005e-10
19665.00 1.207867e-10
19670.00 1.206727e-10
19675.00 1.205585e-10
19680.00 1.204420e-10
19685.00 1.203277e-10
19690.00 1.202139e-10
19695.00 1.200999e-10
19700.00 1.199861e-10
19705.00 1.198719e-10
19710.00 1.197582e-10
19715.00 1.196444e-10
19720.00 1.195302e-10
19725.00 1.194166e-10
19730.00 1.193027e-10
19735.00 1.191885e-10
19740.00 1.190749e-10
19745.00 1.189610e-10
19750.00 1.188472e-10
19755.00 1.187332e-10
19760.00 1.186192e-10
19765.00 1.185058e-10
19770.00 1.183947e-10
19775.00 1.182812e-10
19780.00 1.181673e-10
19785.00 1.180538e-10
19790.00 1.179425e-10
19795.00 1.178292e-10
19800.00 1.177154e-10
19805.00 1.176018e-10
19810.00 1.174906e-10
19815.00 1.173775e-10
19820.00 1.172664e-10
19825.00 1.171528e-10
19830.00 1.170393e-10
19835.00 1.169282e-10
19840.00 1.168152e-10
19845.00 1.167040e-10
19850.00 1.165910e-10
19855.00 1.164797e-10
19860.00 1.163668e-10
19865.00 1.162557e-10
19870.00 1.161451e-10
19875.00 1.160322e-10
19880.00 1.159210e-10
19885.00 1.158080e-10
19890.00 1.156971e-10
19895.00 1.155863e-10
19900.00 1.154733e-10
19905.00 1.153626e-10
19910.00 1.152522e-10
19915.00 1.151417e-10
19920.00 1.150313e-10
19925.00 1.149181e-10
19930.00 1.148074e-10
19935.00 1.146971e-10
19940.00 1.145868e-10
19945.00 1.144763e-10
19950.00 1.143660e-10
19955.00 1.142557e-10
19960.00 1.141450e-10
19965.00 1.140320e-10
19970.00 1.139210e-10
19975.00 1.138113e-10
19980.00 1.137037e-10
19985.00 1.135938e-10
19990.00 1.134833e-10
19995.00 1.133730e-10
20000.00 1.132627e-10
20005.00 1.131523e-10
20010.00 1.130422e-10
20015.00 1.129317e-10
20020.00 1.128219e-10
20025.00 1.127141e-10
20030.00 1.126041e-10
20035.00 1.124939e-10
20040.00 1.123840e-10
20045.00 1.122763e-10
20050.00 1.121664e-10
20055.00 1.120566e-10
20060.00 1.119489e-10
20065.00 1.118390e-10
20070.00 1.117293e-10
20075.00 1.116215e-10
20080.00 1.115120e-10
20085.00 1.114044e-10
20090.00 1.112949e-10
20095.00 1.111873e-10
20100.00 1.110778e-10
20105.00 1.109701e-10
20110.00 1.108607e-10
20115.00 1.107530e-10
20120.00 1.106436e-10
20125.00 1.105363e-10
20130.00 1.104290e-10
20135.00 1.103199e-10
20140.00 1.102126e-10
20145.00 1.101053e-10
20150.00 1.099958e-10
20155.00 1.098885e-10
20160.00 1.097820e-10
20165.00 1.096746e-10
20170.00 1.095653e-10
20175.00 1.094580e-10
20180.00 1.093512e-10
20185.00 1.092443e-10
20190.00 1.091378e-10
20195.00 1.090307e-10
20200.00 1.089242e-10
20205.00 1.088169e-10
20210.00 1.087074e-10
20215.00 1.086002e-10
20220.00 1.084935e-10
20225.00 1.083868e-10
20230.00 1.082803e-10
20235.00 1.081763e-10
20240.00 1.080699e-10
20245.00 1.079632e-10
20250.00 1.078565e-10
20255.00 1.077495e-10
20260.00 1.076429e-10
20265.00 1.075362e-10
20270.00 1.074297e-10
20275.00 1.073256e-10
20280.00 1.072193e-10
20285.00 1.071125e-10
20290.00 1.070061e-10
20295.00 1.069019e-10
20300.00 1.067957e-10
20305.00 1.066894e-10
20310.00 1.065854e-10
20315.00 1.064789e-10
20320.00 1.063727e-10
20325.00 1.062684e-10
20330.00 1.061625e-10
20335.00 1.060585e-10
20340.00 1.059527e-10
20345.00 1.058485e-10
20350.00 1.057428e-10
20355.00 1.056385e-10
20360.00 1.055328e-10
20365.00 1.054286e-10
20370.00 1.053226e-10
20375.00 1.052191e-10
20380.00 1.051153e-10
20385.00 1.050095e-10
20390.00 1.049057e-10
20395.00 1.048022e-10
20400.00 1.046963e-10
20405.00 1.045924e-10
20410.00 1.044896e-10
20415.00 1.043856e-10
20420.00 1.042799e-10
20425.00 1.041763e-10
20430.00 1.040729e-10
20435.00 1.039697e-10
20440.00 1.038666e-10
20445.00 1.037634e-10
20450.00 1.036597e-10
20455.00 1.035539e-10
20460.00 1.034501e-10
20465.00 1.033470e-10
20470.00 1.032437e-10
20475.00 1.031406e-10
20480.00 1.030373e-10
20485.00 1.029339e-10
20490.00 1.028312e-10
20495.00 1.027308e-10
20500.00 1.026279e-10
20505.00 1.025248e-10
20510.00 1.024215e-10
20515.00 1.023184e-10
20520.00 1.022156e-10
20525.00 1.021151e-10
20530.00 1.020123e-10
20535.00 1.019090e-10
20540.00 1.018064e-10
20545.00 1.017056e-10
20550.00 1.016029e-10
20555.00 1.015001e-10
20560.00 1.013998e-10
20565.00 1.012967e-10
20570.00 1.011939e-10
20575.00 1.010933e-10
20580.00 1.009912e-10
20585.00 1.008907e-10
20590.00 1.007878e-10
20595.00 1.006850e-10
20600.00 1.005849e-10
20605.00 1.004849e-10
20610.00 1.003825e-10
20615.00 1.002820e-10
20620.00 1.001797e-10
20625.00 1.000791e-10
20630.00 9.997696e-11
20635.00 9.987682e-11
20640.00 9.977675e-11
20645.00 9.967437e-11
20650.00 9.957431e-11
20655.00 9.947451e-11
20660.00 9.937459e-11
20665.00 9.927225e-11
20670.00 9.917202e-11
20675.00 9.907240e-11
20680.00 9.897268e-11
20685.00 9.887265e-11
20690.00 9.877014e-11
20695.00 9.867032e-11
20700.00 9.857054e-11
20705.00 9.847095e-11
20710.00 9.837144e-11
20715.00 9.827165e-11
20720.00 9.817193e-11
20725.00 9.807226e-11
20730.00 9.797257e-11
20735.00 9.787310e-11
20740.00 9.777318e-11
20745.00 9.767366e-11
20750.00 9.757409e-11
20755.00 9.747479e-11
20760.00 9.737793e-11
20765.00 9.727875e-11
20770.00 9.717901e-11
20775.00 9.707918e-11
20780.00 9.698008e-11
20785.00 9.688291e-11
20790.00 9.678372e-11
20795.00 9.668422e-11
20800.00 9.658493e-11
20805.00 9.648810e-11
20810.00 9.638887e-11
20815.00 9.628962e-11
20820.00 9.619248e-11
20825.00 9.609389e-11
20830.00 9.599702e-11
20835.00 9.589813e-11
20840.00 9.580100e-11
20845.00 9.570193e-11
20850.00 9.560251e-11
20855.00 9.550621e-11
20860.00 9.540948e-11
20865.00 9.531095e-11
20870.00 9.521382e-11
20875.00 9.511517e-11
20880.00 9.501856e-11
20885.00 9.492201e-11
20890.00 9.482319e-11
20895.00 9.472671e-11
20900.00 9.463008e-11
20905.00 9.453138e-11
20910.00 9.443488e-11
20915.00 9.433868e-11
20920.00 9.424205e-11
20925.00 9.414351e-11
20930.00 9.404702e-11
20935.00 9.395071e-11
20940.00 9.385458e-11
20945.00 9.375867e-11
20950.00 9.366218e-11
20955.00 9.356326e-11
20960.00 9.346668e-11
20965.00 9.337050e-11
20970.00 9.327455e-11
20975.00 9.317842e-11
20980.00 9.308231e-11
20985.00 9.298640e-11
20990.00 9.289025e-11
20995.00 9.279448e-11
21000.00 9.270124e-11
21005.00 9.260553e-11
21010.00 9.250925e-11
21015.00 9.241317e-11
21020.00 9.231714e-11
21025.00 9.222141e-11
21030.00 9.212799e-11
21035.00 9.203238e-11
21040.00 9.193640e-11
21045.00 9.184058e-11
21050.00 9.174726e-11
21055.00 9.165143e-11
21060.00 9.155596e-11
21065.00 9.146245e-11
21070.00 9.136678e-11
21075.00 9.127116e-11
21080.00 9.117766e-11
21085.00 9.108252e-11
21090.00 9.098904e-11
21095.00 9.089385e-11
21100.00 9.080049e-11
21105.00 9.070528e-11
21110.00 9.061184e-11
21115.00 9.051655e-11
21120.00 9.042320e-11
21125.00 9.032798e-11
21130.00 9.023469e-11
21135.00 9.013924e-11
21140.00 9.004637e-11
21145.00 8.995337e-11
21150.00 8.985816e-11
21155.00 8.976520e-11
21160.00 8.967262e-11
21165.00 8.957958e-11
21170.00 8.948448e-11
21175.00 8.939165e-11
21180.00 8.929887e-11
21185.00 8.920643e-11
21190.00 8.911388e-11
21195.00 8.902101e-11
21200.00 8.892570e-11
21205.00 8.883278e-11
21210.00 8.874011e-11
21215.00 8.864764e-11
21220.00 8.855509e-11
21225.00 8.846261e-11
21230.00 8.837005e-11
21235.00 8.827752e-11
21240.00 8.818506e-11
21245.00 8.809249e-11
21250.00 8.799992e-11
21255.00 8.790733e-11
21260.00 8.781523e-11
21265.00 8.772535e-11
21270.00 8.763321e-11
21275.00 8.754064e-11
21280.00 8.744826e-11
21285.00 8.735612e-11
21290.00 8.726636e-11
21295.00 8.717409e-11
21300.00 8.708153e-11
21305.00 8.698949e-11
21310.00 8.689966e-11
21315.00 8.680759e-11
21320.00 8.671554e-11
21325.00 8.662554e-11
21330.00 8.653395e-11
21335.00 8.644398e-11
21340.00 8.635195e-11
21345.00 8.626000e-11
21350.00 8.616992e-11
21355.00 8.607837e-11
21360.00 8.598854e-11
21365.00 8.589680e-11
21370.00 8.580735e-11
21375.00 8.571813e-11
21380.00 8.562632e-11
21385.00 8.553643e-11
21390.00 8.544480e-11
21395.00 8.535534e-11
21400.00 8.526593e-11
21405.00 8.517429e-11
21410.00 8.508495e-11
21415.00 8.499596e-11
21420.00 8.490645e-11
21425.00 8.481480e-11
21430.00 8.472546e-11
21435.00 8.463646e-11
21440.00 8.454767e-11
21445.00 8.445812e-11
21450.00 8.436652e-11
21455.00 8.427704e-11
21460.00 8.418807e-11
21465.00 8.409898e-11
21470.00 8.400996e-11
21475.00 8.392111e-11
21480.00 8.383200e-11
21485.00 8.374308e-11
21490.00 8.365408e-11
21495.00 8.356520e-11
21500.00 8.347618e-11
21505.00 8.338719e-11
21510.00 8.329867e-11
21515.00 8.321227e-11
21520.00 8.312380e-11
21525.00 8.303489e-11
21530.00 8.294596e-11
21535.00 8.285692e-11
21540.00 8.276837e-11
21545.00 8.268204e-11
21550.00 8.259367e-11
21555.00 8.250460e-11
21560.00 8.241608e-11
21565.00 8.232987e-11
21570.00 8.224132e-11
21575.00 8.215278e-11
21580.00 8.206636e-11
21585.00 8.197829e-11
21590.00 8.189199e-11
21595.00 8.180377e-11
21600.00 8.171753e-11
21605.00 8.162944e-11
21610.00 8.154319e-11
21615.00 8.145515e-11
21620.00 8.136874e-11
21625.00 8.128070e-11
21630.00 8.119427e-11
21635.00 8.110623e-11
21640.00 8.102031e-11
21645.00 8.093460e-11
21650.00 8.084644e-11
21655.00 8.076064e-11
21660.00 8.067466e-11
21665.00 8.058675e-11
21670.00 8.050072e-11
21675.00 8.041480e-11
21680.00 8.032684e-11
21685.00 8.024100e-11
21690.00 8.015544e-11
21695.00 8.007009e-11
21700.00 7.998469e-11
21705.00 7.989873e-11
21710.00 7.981080e-11
21715.00 7.972476e-11
21720.00 7.963954e-11
21725.00 7.955404e-11
21730.00 7.946853e-11
21735.00 7.938313e-11
21740.00 7.929789e-11
21745.00 7.921237e-11
21750.00 7.912691e-11
21755.00 7.904151e-11
21760.00 7.895652e-11
21765.00 7.887374e-11
21770.00 7.878881e-11
21775.00 7.870342e-11
21780.00 7.861799e-11
21785.00 7.853251e-11
21790.00 7.844757e-11
21795.00 7.836489e-11
21800.00 7.827982e-11
21805.00 7.819444e-11
21810.00 7.810957e-11
21815.00 7.802663e-11
21820.00 7.794175e-11
21825.00 7.785683e-11
21830.00 7.777391e-11
21835.00 7.768907e-11
21840.00 7.760400e-11
21845.00 7.752118e-11
21850.00 7.743683e-11
21855.00 7.735406e-11
21860.00 7.726950e-11
21865.00 7.718680e-11
21870.00 7.710226e-11
21875.00 7.701956e-11
21880.00 7.693499e-11
21885.00 7.685224e-11
21890.00 7.676769e-11
21895.00 7.668537e-11
21900.00 7.660309e-11
21905.00 7.651858e-11
21910.00 7.643614e-11
21915.00 7.635380e-11
21920.00 7.626938e-11
21925.00 7.618702e-11
21930.00 7.610523e-11
21935.00 7.602285e-11
21940.00 7.593842e-11
21945.00 7.585613e-11
21950.00 7.577431e-11
21955.00 7.569227e-11
21960.00 7.561046e-11
21965.00 7.552821e-11
21970.00 7.544367e-11
21975.00 7.536147e-11
21980.00 7.527959e-11
21985.00 7.519765e-11
21990.00 7.511564e-11
21995.00 7.503390e-11
22000.00 7.495208e-11
22005.00 7.487021e-11
22010.00 7.478829e-11
22015.00 7.470703e-11
22020.00 7.462767e-11
22025.00 7.454628e-11
22030.00 7.446444e-11
22035.00 7.438258e-11
22040.00 7.430073e-11
22045.00 7.421894e-11
22050.00 7.413735e-11
22055.00 7.405825e-11
22060.00 7.397688e-11
22065.00 7.389556e-11
22070.00 7.381613e-11
22075.00 7.373475e-11
22080.00 7.365299e-11
22085.00 7.357154e-11
22090.00 7.349237e-11
22095.00 7.341147e-11
22100.00 7.333226e-11
22105.00 7.325079e-11
22110.00 7.316939e-11
22115.00 7.309011e-11
22120.00 7.300926e-11
22125.00 7.293005e-11
22130.00 7.284911e-11
22135.00 7.277038e-11
22140.00 7.269144e-11
22145.00 7.261048e-11
22150.00 7.253135e-11
22155.00 7.245034e-11
22160.00 7.237180e-11
22165.00 7.229298e-11
22170.00 7.221196e-11
22175.00 7.213331e-11
22180.00 7.205446e-11
22185.00 7.197354e-11
22190.00 7.189468e-11
22195.00 7.181638e-11
22200.00 7.173766e-11
22205.00 7.165674e-11
22210.00 7.157801e-11
22215.00 7.149970e-11
22220.00 7.142135e-11
22225.00 7.134306e-11
22230.00 7.126470e-11
22235.00 7.118647e-11
22240.00 7.110819e-11
22245.00 7.102984e-11
22250.00 7.095169e-11
22255.00 7.087330e-11
22260.00 7.079492e-11
22265.00 7.071662e-11
22270.00 7.063838e-11
22275.00 7.056005e-11
22280.00 7.048179e-11
22285.00 7.040359e-11
22290.00 7.032521e-11
22295.00 7.024677e-11
22300.00 7.016910e-11
22305.00 7.009343e-11
22310.00 7.001550e-11
22315.00 6.993726e-11
22320.00 6.985882e-11
22325.00 6.978110e-11
22330.00 6.970539e-11
22335.00 6.962755e-11
22340.00 6.954975e-11
22345.00 6.947413e-11
22350.00 6.939621e-11
22355.00 6.931848e-11
22360.00 6.924277e-11
22365.00 6.916528e-11
22370.00 6.908975e-11
22375.00 6.901223e-11
22380.00 6.893672e-11
22385.00 6.885932e-11
22390.00 6.878364e-11
22395.00 6.870630e-11
22400.00 6.863048e-11
22405.00 6.855304e-11
22410.00 6.847758e-11
22415.00 6.840022e-11
22420.00 6.832496e-11
22425.00 6.824965e-11
22430.00 6.817236e-11
22435.00 6.809713e-11
22440.00 6.802192e-11
22445.00 6.794452e-11
22450.00 6.786933e-11
22455.00 6.779453e-11
22460.00 6.771953e-11
22465.00 6.764198e-11
22470.00 6.756675e-11
22475.00 6.749206e-11
22480.00 6.741737e-11
22485.00 6.734262e-11
22490.00 6.726732e-11
22495.00 6.718997e-11
22500.00 6.711483e-11
22505.00 6.704014e-11
22510.00 6.696525e-11
22515.00 6.689055e-11
22520.00 6.681578e-11
22525.00 6.674108e-11
22530.00 6.666641e-11
22535.00 6.659155e-11
22540.00 6.651688e-11
22545.00 6.644248e-11
22550.00 6.637044e-11
22555.00 6.629624e-11
22560.00 6.622151e-11
22565.00 6.614673e-11
22570.00 6.607203e-11
22575.00 6.599727e-11
22580.00 6.592291e-11
22585.00 6.585083e-11
22590.00 6.577660e-11
22595.00 6.570228e-11
22600.00 6.563021e-11
22605.00 6.555589e-11
22610.00 6.548118e-11
22615.00 6.540678e-11
22620.00 6.533483e-11
22625.00 6.526087e-11
22630.00 6.518892e-11
22635.00 6.511453e-11
22640.00 6.504034e-11
22645.00 6.496826e-11
22650.00 6.489431e-11
22655.00 6.482225e-11
22660.00 6.474846e-11
22665.00 6.467638e-11
22670.00 6.460241e-11
22675.00 6.453089e-11
22680.00 6.445919e-11
22685.00 6.438546e-11
22690.00 6.431337e-11
22695.00 6.423943e-11
22700.00 6.416780e-11
22705.00 6.409619e-11
22710.00 6.402238e-11
22715.00 6.395076e-11
22720.00 6.387952e-11
22725.00 6.380791e-11
22730.00 6.373407e-11
22735.00 6.366244e-11
22740.00 6.359122e-11
22745.00 6.352006e-11
22750.00 6.344843e-11
22755.00 6.337456e-11
22760.00 6.330295e-11
22765.00 6.323186e-11
22770.00 6.316060e-11
22775.00 6.308946e-11
22780.00 6.301824e-11
22785.00 6.294709e-11
22790.00 6.287587e-11
22795.00 6.280470e-11
22800.00 6.273342e-11
22805.00 6.266242e-11
22810.00 6.259124e-11
22815.00 6.251992e-11
22820.00 6.244874e-11
22825.00 6.237751e-11
22830.00 6.230678e-11
22835.00 6.223841e-11
22840.00 6.216769e-11
22845.00 6.209648e-11
22850.00 6.202523e-11
22855.00 6.195405e-11
22860.00 6.188337e-11
22865.00 6.181487e-11
22870.00 6.174405e-11
22875.00 6.167340e-11
22880.00 6.160475e-11
22885.00 6.153409e-11
22890.00 6.146327e-11
22895.00 6.139472e-11
22900.00 6.132418e-11
22905.00 6.125328e-11
22910.00 6.118490e-11
22915.00 6.111450e-11
22920.00 6.104608e-11
22925.00 6.097571e-11
22930.00 6.090720e-11
22935.00 6.083694e-11
22940.00 6.076852e-11
22945.00 6.069823e-11
22950.00 6.062950e-11
22955.00 6.055922e-11
22960.00 6.049120e-11
22965.00 6.042312e-11
22970.00 6.035289e-11
22975.00 6.028430e-11
22980.00 6.021401e-11
22985.00 6.014603e-11
22990.00 6.007834e-11
22995.00 6.001027e-11
23000.00 5.994005e-11
23005.00 5.987198e-11
23010.00 5.980435e-11
23015.00 5.973624e-11
23020.00 5.966590e-11
23025.00 5.959787e-11
23030.00 5.953026e-11
23035.00 5.946258e-11
23040.00 5.939500e-11
23045.00 5.932735e-11
23050.00 5.925974e-11
23055.00 5.919175e-11
23060.00 5.912134e-11
23065.00 5.905339e-11
23070.00 5.898564e-11
23075.00 5.891804e-11
23080.00 5.885050e-11
23085.00 5.878333e-11
23090.00 5.871827e-11
23095.00 5.865126e-11
23100.00 5.858352e-11
23105.00 5.851595e-11
23110.00 5.844832e-11
23115.00 5.838065e-11
23120.00 5.831306e-11
23125.00 5.824590e-11
23130.00 5.818085e-11
23135.00 5.811379e-11
23140.00 5.804611e-11
23145.00 5.797894e-11
23150.00 5.791394e-11
23155.00 5.784689e-11
23160.00 5.777917e-11
23165.00 5.771191e-11
23170.00 5.764701e-11
23175.00 5.757994e-11
23180.00 5.751274e-11
23185.00 5.744772e-11
23190.00 5.738090e-11
23195.00 5.731605e-11
23200.00 5.724925e-11
23205.00 5.718432e-11
23210.00 5.711762e-11
23215.00 5.705277e-11
23220.00 5.698596e-11
23225.00 5.692091e-11
23230.00 5.685423e-11
23235.00 5.678938e-11
23240.00 5.672244e-11
23245.00 5.665805e-11
23250.00 5.659361e-11
23255.00 5.652677e-11
23260.00 5.646194e-11
23265.00 5.639518e-11
23270.00 5.633057e-11
23275.00 5.626660e-11
23280.00 5.620199e-11
23285.00 5.613534e-11
23290.00 5.607081e-11
23295.00 5.600675e-11
23300.00 5.594225e-11
23305.00 5.587551e-11
23310.00 5.581089e-11
23315.00 5.574690e-11
23320.00 5.568289e-11
23325.00 5.561883e-11
23330.00 5.555468e-11
23335.00 5.549069e-11
23340.00 5.542617e-11
23345.00 5.535937e-11
23350.00 5.529486e-11
23355.00 5.523078e-11
23360.00 5.516674e-11
23365.00 5.510277e-11
23370.00 5.503914e-11
23375.00 5.497770e-11
23380.00 5.491414e-11
23385.00 5.484996e-11
23390.00 5.478592e-11
23395.00 5.472185e-11
23400.00 5.465783e-11
23405.00 5.459374e-11
23410.00 5.453011e-11
23415.00 5.446873e-11
23420.00 5.440507e-11
23425.00 5.434108e-11
23430.00 5.427695e-11
23435.00 5.421328e-11
23440.00 5.415193e-11
23445.00 5.408835e-11
23450.00 5.402473e-11
23455.00 5.396325e-11
23460.00 5.389967e-11
23465.00 5.383604e-11
23470.00 5.377474e-11
23475.00 5.371106e-11
23480.00 5.364745e-11
23485.00 5.358606e-11
23490.00 5.352292e-11
23495.00 5.346141e-11
23500.00 5.339826e-11
23505.00 5.333686e-11
23510.00 5.327372e-11
23515.00 5.321232e-11
23520.00 5.314908e-11
23525.00 5.308784e-11
23530.00 5.302462e-11
23535.00 5.296360e-11
23540.00 5.290268e-11
23545.00 5.283955e-11
23550.00 5.277853e-11
23555.00 5.271766e-11
23560.00 5.265443e-11
23565.00 5.259346e-11
23570.00 5.253255e-11
23575.00 5.246930e-11
23580.00 5.240841e-11
23585.00 5.234794e-11
23590.00 5.228748e-11
23595.00 5.222644e-11
23600.00 5.216335e-11
23605.00 5.210232e-11
23610.00 5.204183e-11
23615.00 5.198143e-11
23620.00 5.192089e-11
23625.00 5.186033e-11
23630.00 5.179983e-11
23635.00 5.173925e-11
23640.00 5.167835e-11
23645.00 5.161523e-11
23650.00 5.155418e-11
23655.00 5.149372e-11
23660.00 5.143366e-11
23665.00 5.137581e-11
23670.00 5.131575e-11
23675.00 5.125523e-11
23680.00 5.119474e-11
23685.00 5.113419e-11
23690.00 5.107371e-11
23695.00 5.101329e-11
23700.00 5.095274e-11
23705.00 5.089265e-11
23710.00 5.083491e-11
23715.00 5.077481e-11
23720.00 5.071432e-11
23725.00 5.065380e-11
23730.00 5.059366e-11
23735.00 5.053583e-11
23740.00 5.047582e-11
23745.00 5.041571e-11
23750.00 5.035792e-11
23755.00 5.029782e-11
23760.00 5.023777e-11
23765.00 5.017990e-11
23770.00 5.011987e-11
23775.00 5.005977e-11
23780.00 5.000199e-11
23785.00 4.994242e-11
23790.00 4.988449e-11
23795.00 4.982494e-11
23800.00 4.976719e-11
23805.00 4.970754e-11
23810.00 4.964961e-11
23815.00 4.959009e-11
23820.00 4.953218e-11
23825.00 4.947253e-11
23830.00 4.941520e-11
23835.00 4.935785e-11
23840.00 4.929820e-11
23845.00 4.924071e-11
23850.00 4.918339e-11
23855.00 4.912379e-11
23860.00 4.906641e-11
23865.00 4.900899e-11
23870.00 4.894938e-11
23875.00 4.889203e-11
23880.00 4.883507e-11
23885.00 4.877775e-11
23890.00 4.871807e-11
23895.00 4.866067e-11
23900.00 4.860365e-11
23905.00 4.854676e-11
23910.00 4.848940e-11
23915.00 4.842982e-11
23920.00 4.837231e-11
23925.00 4.831549e-11
23930.00 4.825849e-11
23935.00 4.820155e-11
23940.00 4.814457e-11
23945.00 4.808759e-11
23950.00 4.803073e-11
23955.00 4.797376e-11
23960.00 4.791669e-11
23965.00 4.785989e-11
23970.00 4.780294e-11
23975.00 4.774596e-11
23980.00 4.768895e-11
23985.00 4.763208e-11
23990.00 4.757556e-11
23995.00 4.752134e-11
24000.00 4.746482e-11
24005.00 4.740777e-11
24010.00 4.735085e-11
24015.00 4.729396e-11
24020.00 4.723751e-11
24025.00 4.718310e-11
24030.00 4.712668e-11
24035.00 4.706973e-11
24040.00 4.701317e-11
24045.00 4.695895e-11
24050.00 4.690237e-11
24055.00 4.684601e-11
24060.00 4.679169e-11
24065.00 4.673508e-11
24070.00 4.667860e-11
24075.00 4.662431e-11
24080.00 4.656835e-11
24085.00 4.651407e-11
24090.00 4.645753e-11
24095.00 4.640104e-11
24100.00 4.634680e-11
24105.00 4.629075e-11
24110.00 4.623644e-11
24115.00 4.618037e-11
24120.00 4.612612e-11
24125.00 4.607007e-11
24130.00 4.601626e-11
24135.00 4.596238e-11
24140.00 4.590633e-11
24145.00 4.585202e-11
24150.00 4.579599e-11
24155.00 4.574217e-11
24160.00 4.568830e-11
24165.00 4.563224e-11
24170.00 4.557840e-11
24175.00 4.552499e-11
24180.00 4.547126e-11
24185.00 4.541507e-11
24190.00 4.536133e-11
24195.00 4.530787e-11
24200.00 4.525408e-11
24205.00 4.519803e-11
24210.00 4.514423e-11
24215.00 4.509078e-11
24220.00 4.503747e-11
24225.00 4.498406e-11
24230.00 4.493063e-11
24235.00 4.487679e-11
24240.00 4.482077e-11
24245.00 4.476701e-11
24250.00 4.471352e-11
24255.00 4.466014e-11
24260.00 4.460679e-11
24265.00 4.455341e-11
24270.00 4.449998e-11
24275.00 4.444661e-11
24280.00 4.439319e-11
24285.00 4.433980e-11
24290.00 4.428686e-11
24295.00 4.423622e-11
24300.00 4.418321e-11
24305.00 4.412993e-11
24310.00 4.407652e-11
24315.00 4.402308e-11
24320.00 4.396969e-11
24325.00 4.391673e-11
24330.00 4.386607e-11
24335.00 4.381305e-11
24340.00 4.375964e-11
24345.00 4.370682e-11
24350.00 4.365604e-11
24355.00 4.360306e-11
24360.00 4.354966e-11
24365.00 4.349685e-11
24370.00 4.344601e-11
24375.00 4.339315e-11
24380.00 4.334015e-11
24385.00 4.328946e-11
24390.00 4.323700e-11
24395.00 4.318626e-11
24400.00 4.313329e-11
24405.00 4.308033e-11
24410.00 4.302964e-11
24415.00 4.297712e-11
24420.00 4.292645e-11
24425.00 4.287395e-11
24430.00 4.282327e-11
24435.00 4.277069e-11
24440.00 4.272003e-11
24445.00 4.266745e-11
24450.00 4.261720e-11
24455.00 4.256689e-11
24460.00 4.251438e-11
24465.00 4.246369e-11
24470.00 4.241124e-11
24475.00 4.236102e-11
24480.00 4.231117e-11
24485.00 4.226079e-11
24490.00 4.220836e-11
24495.00 4.215814e-11
24500.00 4.210784e-11
24505.00 4.205532e-11
24510.00 4.200502e-11
24515.00 4.195522e-11
24520.00 4.190540e-11
24525.00 4.185512e-11
24530.00 4.180260e-11
24535.00 4.175234e-11
24540.00 4.170258e-11
24545.00 4.165266e-11
24550.00 4.160290e-11
24555.00 4.155295e-11
24560.00 4.150322e-11
24565.00 4.145295e-11
24570.00 4.140041e-11
24575.00 4.135014e-11
24580.00 4.130030e-11
24585.00 4.125050e-11
24590.00 4.120067e-11
24595.00 4.115083e-11
24600.00 4.110152e-11
24605.00 4.105429e-11
24610.00 4.100494e-11
24615.00 4.095512e-11
24620.00 4.090520e-11
24625.00 4.085543e-11
24630.00 4.080560e-11
24635.00 4.075572e-11
24640.00 4.070645e-11
24645.00 4.065921e-11
24650.00 4.060989e-11
24655.00 4.056002e-11
24660.00 4.051024e-11
24665.00 4.046084e-11
24670.00 4.041371e-11
24675.00 4.036432e-11
24680.00 4.031446e-11
24685.00 4.026505e-11
24690.00 4.021793e-11
24695.00 4.016851e-11
24700.00 4.011915e-11
24705.00 4.007196e-11
24710.00 4.002299e-11
24715.00 3.997584e-11
24720.00 3.992644e-11
24725.00 3.987716e-11
24730.00 3.982998e-11
24735.00 3.978110e-11
24740.00 3.973389e-11
24745.00 3.968493e-11
24750.00 3.963780e-11
24755.00 3.958890e-11
24760.00 3.954167e-11
24765.00 3.949276e-11
24770.00 3.944556e-11
24775.00 3.939659e-11
24780.00 3.934997e-11
24785.00 3.930320e-11
24790.00 3.925421e-11
24795.00 3.920713e-11
24800.00 3.915818e-11
24805.00 3.911149e-11
24810.00 3.906520e-11
24815.00 3.901853e-11
24820.00 3.896954e-11
24825.00 3.892279e-11
24830.00 3.887615e-11
24835.00 3.882717e-11
24840.00 3.878041e-11
24845.00 3.873426e-11
24850.00 3.868793e-11
24855.00 3.864121e-11
24860.00 3.859229e-11
24865.00 3.854556e-11
24870.00 3.849925e-11
24875.00 3.845300e-11
24880.00 3.840671e-11
24885.00 3.836044e-11
24890.00 3.831425e-11
24895.00 3.826792e-11
24900.00 3.822118e-11
24905.00 3.817226e-11
24910.00 3.812555e-11
24915.00 3.807928e-11
24920.00 3.803304e-11
24925.00 3.798720e-11
24930.00 3.794362e-11
24935.00 3.789776e-11
24940.00 3.785152e-11
24945.00 3.780524e-11
24950.00 3.775902e-11
24955.00 3.771265e-11
24960.00 3.766647e-11
24965.00 3.762015e-11
24970.00 3.757393e-11
24975.00 3.752808e-11
24980.00 3.748446e-11
24985.00 3.743865e-11
24990.00 3.739237e-11
24995.00 3.268277e-11
25000.00 4.667333e-12
