# Star: G2V: Pickles (1998) UVK stellar library, STScI CDBS. G2V main-sequence star.
# wavelength[A] f_lambda[relative]
1150.00 1.410195e-11
1155.00 1.994829e-11
1160.00 1.547591e-11
1165.00 3.088707e-12
1170.00 1.618242e-13
1175.00 5.696454e-13
1180.00 3.783449e-12
1185.00 2.835569e-12
1190.00 3.768659e-13
1195.00 4.445917e-13
1200.00 4.214296e-12
1205.00 1.637519e-11
1210.00 5.279719e-11
1215.00 8.342723e-11
1220.00 5.569779e-11
1225.00 1.471224e-11
1230.00 2.370965e-12
1235.00 1.328164e-12
1240.00 1.158165e-12
1245.00 8.104906e-13
1250.00 6.300799e-13
1255.00 6.242729e-13
1260.00 5.347769e-13
1265.00 7.575267e-14
1270.00 3.726740e-14
1275.00 3.608877e-13
1280.00 9.894934e-13
1285.00 9.198970e-13
1290.00 2.997441e-13
1295.00 2.473690e-13
1300.00 4.779553e-13
1305.00 1.325695e-13
1310.00 4.612998e-13
1315.00 8.588941e-13
1320.00 7.150271e-13
1325.00 5.138006e-13
1330.00 6.514990e-13
1335.00 5.556862e-13
1340.00 2.346886e-13
1345.00 8.333015e-14
1350.00 2.854446e-13
1355.00 5.348052e-13
1360.00 6.606149e-13
1365.00 7.695144e-13
1370.00 5.671994e-13
1375.00 7.625773e-13
1380.00 9.597770e-13
1385.00 8.240218e-13
1390.00 3.883467e-13
1395.00 7.169831e-13
1400.00 1.061431e-12
1405.00 1.350459e-12
1410.00 1.106802e-12
1415.00 3.761201e-13
1420.00 9.604216e-14
1425.00 4.730552e-13
1430.00 8.982671e-13
1435.00 8.235631e-13
1440.00 1.344865e-12
1445.00 2.342607e-12
1450.00 1.980326e-12
1455.00 1.059992e-12
1460.00 5.530484e-13
1465.00 6.933911e-13
1470.00 1.147449e-12
1475.00 1.356365e-12
1480.00 1.331677e-12
1485.00 1.051936e-12
1490.00 1.069355e-12
1495.00 1.173442e-12
1500.00 1.172461e-12
1505.00 1.131268e-12
1510.00 1.115894e-12
1515.00 1.094573e-12
1520.00 1.013112e-12
1525.00 1.065314e-12
1530.00 1.277269e-12
1535.00 1.528927e-12
1540.00 1.768634e-12
1545.00 2.403687e-12
1550.00 2.325070e-12
1555.00 1.596412e-12
1560.00 1.772958e-12
1565.00 1.885518e-12
1570.00 1.931796e-12
1575.00 2.124438e-12
1580.00 1.765303e-12
1585.00 1.691760e-12
1590.00 1.693377e-12
1595.00 1.282199e-12
1600.00 1.112860e-12
1605.00 1.493188e-12
1610.00 1.424807e-12
1615.00 8.964778e-13
1620.00 7.434152e-13
1625.00 1.078702e-12
1630.00 1.605596e-12
1635.00 1.778916e-12
1640.00 1.296389e-12
1645.00 1.538113e-12
1650.00 1.853404e-12
1655.00 1.814157e-12
1660.00 2.369749e-12
1665.00 2.489264e-12
1670.00 2.120107e-12
1675.00 1.820858e-12
1680.00 2.308111e-12
1685.00 2.353523e-12
1690.00 2.309293e-12
1695.00 2.590166e-12
1700.00 2.892260e-12
1705.00 2.497187e-12
1710.00 2.139828e-12
1715.00 2.299038e-12
1720.00 2.687935e-12
1725.00 2.956210e-12
1730.00 3.018751e-12
1735.00 3.399999e-12
1740.00 3.667610e-12
1745.00 4.195404e-12
1750.00 4.262984e-12
1755.00 4.131369e-12
1760.00 4.460358e-12
1765.00 5.062422e-12
1770.00 5.476717e-12
1775.00 6.111947e-12
1780.00 5.595784e-12
1785.00 4.858541e-12
1790.00 3.757090e-12
1795.00 4.163648e-12
1800.00 5.230197e-12
1805.00 5.927254e-12
1810.00 6.805989e-12
1815.00 7.544217e-12
1820.00 8.022786e-12
1825.00 7.795318e-12
1830.00 7.749358e-12
1835.00 7.893276e-12
1840.00 7.739075e-12
1845.00 7.263335e-12
1850.00 7.242026e-12
1855.00 7.857610e-12
1860.00 8.815509e-12
1865.00 9.469477e-12
1870.00 9.989987e-12
1875.00 1.036160e-11
1880.00 1.076870e-11
1885.00 1.138621e-11
1890.00 1.187266e-11
1895.00 1.184450e-11
1900.00 1.101611e-11
1905.00 1.120791e-11
1910.00 1.215411e-11
1915.00 1.274707e-11
1920.00 1.342942e-11
1925.00 1.301957e-11
1930.00 1.219841e-11
1935.00 1.189270e-11
1940.00 1.337292e-11
1945.00 1.631414e-11
1950.00 1.975773e-11
1955.00 3.125876e-11
1960.00 3.360177e-11
1965.00 1.801338e-11
1970.00 3.018835e-12
1975.00 1.604119e-12
1980.00 1.563983e-11
1985.00 4.946142e-11
1990.00 5.329338e-11
1995.00 3.515895e-11
2000.00 2.511315e-11
2005.00 3.495149e-12
2010.00 3.176767e-13
2015.00 1.901333e-12
2020.00 3.161045e-13
2025.00 0.000000e+00
2030.00 0.000000e+00
2035.00 0.000000e+00
2040.00 1.547486e-13
2045.00 3.335019e-12
2050.00 1.755257e-11
2055.00 2.472146e-11
2060.00 3.197439e-11
2065.00 1.938998e-11
2070.00 1.873088e-11
2075.00 4.328728e-11
2080.00 6.717781e-11
2085.00 5.718534e-11
2090.00 4.417953e-11
2095.00 3.915091e-11
2100.00 7.698690e-11
2105.00 1.099502e-10
2110.00 1.126613e-10
2115.00 9.903296e-11
2120.00 1.052311e-10
2125.00 9.713443e-11
2130.00 5.118843e-11
2135.00 8.524163e-11
2140.00 1.038128e-10
2145.00 1.121916e-10
2150.00 1.179089e-10
2155.00 1.054533e-10
2160.00 8.906332e-11
2165.00 3.749244e-11
2170.00 9.836082e-12
2175.00 4.781892e-11
2180.00 1.070699e-10
2185.00 1.179050e-10
2190.00 9.160241e-11
2195.00 7.843368e-11
2200.00 1.017425e-10
2205.00 1.034276e-10
2210.00 1.163471e-10
2215.00 7.384808e-11
2220.00 8.713745e-11
2225.00 9.324171e-11
2230.00 7.522615e-11
2235.00 9.617131e-11
2240.00 1.208756e-10
2245.00 1.157077e-10
2250.00 8.155090e-11
2255.00 1.199293e-10
2260.00 1.219568e-10
2265.00 8.026851e-11
2270.00 5.949443e-11
2275.00 5.942934e-11
2280.00 6.107889e-11
2285.00 5.524451e-11
2290.00 8.120298e-11
2295.00 9.246374e-11
2300.00 9.532519e-11
2305.00 9.095230e-11
2310.00 9.787802e-11
2315.00 8.584071e-11
2320.00 1.133014e-10
2325.00 1.491501e-10
2330.00 1.250078e-10
2335.00 9.986512e-11
2340.00 1.048405e-10
2345.00 9.335620e-11
2350.00 9.232562e-11
2355.00 1.018582e-10
2360.00 1.116997e-10
2365.00 1.095396e-10
2370.00 1.182158e-10
2375.00 1.100305e-10
2380.00 1.033135e-10
2385.00 9.407246e-11
2390.00 1.019964e-10
2395.00 9.938433e-11
2400.00 8.793011e-11
2405.00 8.541299e-11
2410.00 9.118901e-11
2415.00 1.062717e-10
2420.00 1.445655e-10
2425.00 1.768016e-10
2430.00 1.937026e-10
2435.00 1.952214e-10
2440.00 1.902914e-10
2445.00 1.592670e-10
2450.00 1.018009e-10
2455.00 7.660626e-11
2460.00 9.955268e-11
2465.00 1.154029e-10
2470.00 1.138777e-10
2475.00 1.154431e-10
2480.00 1.171590e-10
2485.00 9.807277e-11
2490.00 8.329934e-11
2495.00 1.197308e-10
2500.00 1.649810e-10
2505.00 1.698364e-10
2510.00 1.488835e-10
2515.00 1.169939e-10
2520.00 9.783849e-11
2525.00 9.628296e-11
2530.00 1.159940e-10
2535.00 1.277741e-10
2540.00 1.282572e-10
2545.00 1.377212e-10
2550.00 1.554912e-10
2555.00 1.810459e-10
2560.00 1.942735e-10
2565.00 2.253800e-10
2570.00 2.669599e-10
2575.00 2.863958e-10
2580.00 3.046662e-10
2585.00 2.922309e-10
2590.00 2.705017e-10
2595.00 2.306751e-10
2600.00 2.084321e-10
2605.00 1.997821e-10
2610.00 1.944295e-10
2615.00 2.143041e-10
2620.00 2.429001e-10
2625.00 2.359505e-10
2630.00 2.665788e-10
2635.00 4.167840e-10
2640.00 5.511579e-10
2645.00 5.589976e-10
2650.00 5.434206e-10
2655.00 5.932139e-10
2660.00 5.868521e-10
2665.00 5.558262e-10
2670.00 5.690818e-10
2675.00 5.581719e-10
2680.00 5.553324e-10
2685.00 5.508386e-10
2690.00 5.190494e-10
2695.00 5.057723e-10
2700.00 5.478988e-10
2705.00 5.752738e-10
2710.00 5.522962e-10
2715.00 5.073533e-10
2720.00 4.232834e-10
2725.00 4.410114e-10
2730.00 4.611568e-10
2735.00 4.026026e-10
2740.00 3.175999e-10
2745.00 2.861198e-10
2750.00 3.144935e-10
2755.00 3.570248e-10
2760.00 4.277916e-10
2765.00 5.029095e-10
2770.00 5.356325e-10
2775.00 4.787563e-10
2780.00 4.002789e-10
2785.00 3.355101e-10
2790.00 2.374794e-10
2795.00 1.713417e-10
2800.00 1.700632e-10
2805.00 2.162841e-10
2810.00 3.111239e-10
2815.00 4.684922e-10
2820.00 5.749211e-10
2825.00 6.239573e-10
2830.00 6.595756e-10
2835.00 6.563607e-10
2840.00 6.104275e-10
2845.00 4.974104e-10
2850.00 3.664349e-10
2855.00 4.207762e-10
2860.00 6.141451e-10
2865.00 7.039321e-10
2870.00 6.998892e-10
2875.00 6.840737e-10
2880.00 6.477260e-10
2885.00 7.381930e-10
2890.00 8.090446e-10
2895.00 8.396757e-10
2900.00 8.981200e-10
2905.00 9.330435e-10
2910.00 9.655403e-10
2915.00 9.848143e-10
2920.00 9.549479e-10
2925.00 9.178749e-10
2930.00 9.262998e-10
2935.00 9.521077e-10
2940.00 9.692990e-10
2945.00 9.850780e-10
2950.00 9.925423e-10
2955.00 1.022508e-09
2960.00 1.015313e-09
2965.00 9.492842e-10
2970.00 9.655984e-10
2975.00 1.016163e-09
2980.00 9.563816e-10
2985.00 9.087152e-10
2990.00 9.688758e-10
2995.00 9.740272e-10
3000.00 9.133054e-10
3005.00 9.410308e-10
3010.00 1.006124e-09
3015.00 9.902368e-10
3020.00 9.922755e-10
3025.00 1.098077e-09
3030.00 1.204027e-09
3035.00 1.212442e-09
3040.00 1.187174e-09
3045.00 1.211609e-09
3050.00 1.218372e-09
3055.00 1.151590e-09
3060.00 1.141894e-09
3065.00 1.205693e-09
3070.00 1.285809e-09
3075.00 1.309717e-09
3080.00 1.348585e-09
3085.00 1.375470e-09
3090.00 1.207857e-09
3095.00 1.108633e-09
3100.00 1.171739e-09
3105.00 1.353258e-09
3110.00 1.445088e-09
3115.00 1.383568e-09
3120.00 1.271159e-09
3125.00 1.282248e-09
3130.00 1.402183e-09
3135.00 1.411871e-09
3140.00 1.312739e-09
3145.00 1.209472e-09
3150.00 1.185599e-09
3155.00 1.143661e-09
3160.00 1.200145e-09
3165.00 1.286587e-09
3170.00 1.374007e-09
3175.00 1.362153e-09
3180.00 1.265566e-09
3185.00 1.228315e-09
3190.00 1.236972e-09
3195.00 1.321761e-09
3200.00 1.526109e-09
3205.00 1.483035e-09
3210.00 1.432488e-09
3215.00 1.383541e-09
3220.00 1.322516e-09
3225.00 1.254075e-09
3230.00 1.226895e-09
3235.00 1.273125e-09
3240.00 1.339360e-09
3245.00 1.378086e-09
3250.00 1.440756e-09
3255.00 1.577280e-09
3260.00 1.732859e-09
3265.00 1.828559e-09
3270.00 1.831645e-09
3275.00 1.754717e-09
3280.00 1.679397e-09
3285.00 1.685015e-09
3290.00 1.775280e-09
3295.00 1.901362e-09
3300.00 1.957590e-09
3305.00 1.881354e-09
3310.00 1.774430e-09
3315.00 1.747117e-09
3320.00 1.768691e-09
3325.00 1.775254e-09
3330.00 1.761216e-09
3335.00 1.748835e-09
3340.00 1.768581e-09
3345.00 1.824850e-09
3350.00 1.849999e-09
3355.00 1.787830e-09
3360.00 1.683821e-09
3365.00 1.609669e-09
3370.00 1.600987e-09
3375.00 1.655350e-09
3380.00 1.712122e-09
3385.00 1.730384e-09
3390.00 1.772987e-09
3395.00 1.885572e-09
3400.00 1.968037e-09
3405.00 1.926870e-09
3410.00 1.833093e-09
3415.00 1.792829e-09
3420.00 1.833062e-09
3425.00 1.914089e-09
3430.00 1.911161e-09
3435.00 1.756046e-09
3440.00 1.605281e-09
3445.00 1.612148e-09
3450.00 1.698336e-09
3455.00 1.743442e-09
3460.00 1.751910e-09
3465.00 1.760913e-09
3470.00 1.762795e-09
3475.00 1.740569e-09
3480.00 1.703019e-09
3485.00 1.679107e-09
3490.00 1.719809e-09
3495.00 1.838797e-09
3500.00 1.934255e-09
3505.00 1.922379e-09
3510.00 1.882265e-09
3515.00 1.857750e-09
3520.00 1.819617e-09
3525.00 1.808004e-09
3530.00 1.908956e-09
3535.00 2.044343e-09
3540.00 2.129053e-09
3545.00 2.151243e-09
3550.00 2.116307e-09
3555.00 2.050349e-09
3560.00 1.963699e-09
3565.00 1.800970e-09
3570.00 1.664236e-09
3575.00 1.602702e-09
3580.00 1.509715e-09
3585.00 1.524733e-09
3590.00 1.720897e-09
3595.00 1.955891e-09
3600.00 2.040646e-09
3605.00 1.928662e-09
3610.00 1.787445e-09
3615.00 1.777626e-09
3620.00 1.855129e-09
3625.00 1.990200e-09
3630.00 2.010440e-09
3635.00 2.018090e-09
3640.00 2.053798e-09
3645.00 2.015075e-09
3650.00 2.080841e-09
3655.00 2.311657e-09
3660.00 2.465795e-09
3665.00 2.462442e-09
3670.00 2.392853e-09
3675.00 2.322951e-09
3680.00 2.230307e-09
3685.00 2.214612e-09
3690.00 2.290786e-09
3695.00 2.396446e-09
3700.00 2.407007e-09
3705.00 2.288405e-09
3710.00 2.276091e-09
3715.00 2.287878e-09
3720.00 2.112384e-09
3725.00 2.069818e-09
3730.00 1.985092e-09
3735.00 1.822991e-09
3740.00 1.843026e-09
3745.00 1.831474e-09
3750.00 1.895735e-09
3755.00 2.103487e-09
3760.00 2.151590e-09
3765.00 2.209034e-09
3770.00 2.354606e-09
3775.00 2.601491e-09
3780.00 2.741022e-09
3785.00 2.599800e-09
3790.00 2.333292e-09
3795.00 2.188274e-09
3800.00 2.276287e-09
3805.00 2.461441e-09
3810.00 2.434789e-09
3815.00 2.146923e-09
3820.00 1.840229e-09
3825.00 1.586170e-09
3830.00 1.433524e-09
3835.00 1.437678e-09
3840.00 1.666335e-09
3845.00 2.037688e-09
3850.00 2.205052e-09
3855.00 2.121159e-09
3860.00 2.042008e-09
3865.00 2.121666e-09
3870.00 2.130809e-09
3875.00 2.099201e-09
3880.00 2.069836e-09
3885.00 2.049026e-09
3890.00 2.141266e-09
3895.00 2.320214e-09
3900.00 2.413194e-09
3905.00 2.485836e-09
3910.00 2.624689e-09
3915.00 2.602294e-09
3920.00 2.309786e-09
3925.00 1.803928e-09
3930.00 1.291814e-09
3935.00 1.240698e-09
3940.00 1.677584e-09
3945.00 2.174122e-09
3950.00 2.515776e-09
3955.00 2.503814e-09
3960.00 2.095226e-09
3965.00 1.535150e-09
3970.00 1.446111e-09
3975.00 2.048844e-09
3980.00 2.720377e-09
3985.00 3.058800e-09
3990.00 3.184734e-09
3995.00 3.237646e-09
4000.00 3.276454e-09
4005.00 3.304381e-09
4010.00 3.387121e-09
4015.00 3.468073e-09
4020.00 3.498031e-09
4025.00 3.459369e-09
4030.00 3.389765e-09
4035.00 3.414111e-09
4040.00 3.434222e-09
4045.00 3.338029e-09
4050.00 3.341952e-09
4055.00 3.299344e-09
4060.00 3.227352e-09
4065.00 3.219578e-09
4070.00 3.265262e-09
4075.00 3.293716e-09
4080.00 3.383713e-09
4085.00 3.545886e-09
4090.00 3.573219e-09
4095.00 3.341103e-09
4100.00 3.094891e-09
4105.00 3.210268e-09
4110.00 3.490061e-09
4115.00 3.631234e-09
4120.00 3.620106e-09
4125.00 3.535405e-09
4130.00 3.463850e-09
4135.00 3.497973e-09
4140.00 3.550946e-09
4145.00 3.529710e-09
4150.00 3.521753e-09
4155.00 3.531521e-09
4160.00 3.589093e-09
4165.00 3.578714e-09
4170.00 3.475050e-09
4175.00 3.396807e-09
4180.00 3.404675e-09
4185.00 3.412470e-09
4190.00 3.418624e-09
4195.00 3.366484e-09
4200.00 3.333962e-09
4205.00 3.468624e-09
4210.00 3.603853e-09
4215.00 3.587630e-09
4220.00 3.440149e-09
4225.00 3.237497e-09
4230.00 3.254184e-09
4235.00 3.344601e-09
4240.00 3.401792e-09
4245.00 3.377638e-09
4250.00 3.305776e-09
4255.00 3.293914e-09
4260.00 3.311737e-09
4265.00 3.284300e-09
4270.00 3.156635e-09
4275.00 3.167049e-09
4280.00 3.247701e-09
4285.00 3.199267e-09
4290.00 3.053739e-09
4295.00 2.834913e-09
4300.00 2.542357e-09
4305.00 2.401983e-09
4310.00 2.570618e-09
4315.00 3.093077e-09
4320.00 3.461598e-09
4325.00 3.467028e-09
4330.00 3.472155e-09
4335.00 3.325435e-09
4340.00 3.145329e-09
4345.00 3.277479e-09
4350.00 3.465606e-09
4355.00 3.576972e-09
4360.00 3.674159e-09
4365.00 3.708999e-09
4370.00 3.627445e-09
4375.00 3.492865e-09
4380.00 3.348126e-09
4385.00 3.251606e-09
4390.00 3.372218e-09
4395.00 3.512286e-09
4400.00 3.554371e-09
4405.00 3.569763e-09
4410.00 3.683799e-09
4415.00 3.770860e-09
4420.00 3.845533e-09
4425.00 3.866417e-09
4430.00 3.845445e-09
4435.00 3.815210e-09
4440.00 3.850106e-09
4445.00 3.895565e-09
4450.00 3.868151e-09
4455.00 3.717225e-09
4460.00 3.671199e-09
4465.00 3.786088e-09
4470.00 3.943348e-09
4475.00 4.022202e-09
4480.00 3.995801e-09
4485.00 3.982697e-09
4490.00 3.990338e-09
4495.00 4.037249e-09
4500.00 4.133832e-09
4505.00 4.217307e-09
4510.00 4.220278e-09
4515.00 4.136193e-09
4520.00 4.035563e-09
4525.00 3.845940e-09
4530.00 3.740116e-09
4535.00 3.851028e-09
4540.00 3.979978e-09
4545.00 3.951880e-09
4550.00 3.902936e-09
4555.00 3.985428e-09
4560.00 4.083089e-09
4565.00 4.098778e-09
4570.00 4.110926e-09
4575.00 4.082200e-09
4580.00 4.006641e-09
4585.00 3.993815e-09
4590.00 4.001401e-09
4595.00 3.979196e-09
4600.00 3.977031e-09
4605.00 4.038377e-09
4610.00 4.085128e-09
4615.00 4.089698e-09
4620.00 4.116040e-09
4625.00 4.123327e-09
4630.00 4.099217e-09
4635.00 4.034636e-09
4640.00 3.986159e-09
4645.00 3.925100e-09
4650.00 3.918478e-09
4655.00 3.990861e-09
4660.00 4.022204e-09
4665.00 3.899153e-09
4670.00 3.862685e-09
4675.00 3.917646e-09
4680.00 3.954133e-09
4685.00 3.980090e-09
4690.00 3.978875e-09
4695.00 3.939664e-09
4700.00 3.843025e-09
4705.00 3.815222e-09
4710.00 3.876728e-09
4715.00 3.991973e-09
4720.00 4.070365e-09
4725.00 4.012133e-09
4730.00 3.913972e-09
4735.00 3.935107e-09
4740.00 4.011353e-09
4745.00 4.067649e-09
4750.00 4.051744e-09
4755.00 3.993471e-09
4760.00 3.955471e-09
4765.00 3.933900e-09
4770.00 4.003911e-09
4775.00 4.090176e-09
4780.00 4.100202e-09
4785.00 4.041475e-09
4790.00 4.028555e-09
4795.00 4.079161e-09
4800.00 4.088712e-09
4805.00 4.054590e-09
4810.00 4.040912e-09
4815.00 4.086861e-09
4820.00 4.091477e-09
4825.00 4.043811e-09
4830.00 4.014922e-09
4835.00 3.986416e-09
4840.00 3.957778e-09
4845.00 3.965010e-09
4850.00 3.866296e-09
4855.00 3.540349e-09
4860.00 3.225554e-09
4865.00 3.343608e-09
4870.00 3.588528e-09
4875.00 3.768295e-09
4880.00 3.857124e-09
4885.00 3.795186e-09
4890.00 3.774627e-09
4895.00 3.918660e-09
4900.00 4.022692e-09
4905.00 4.015810e-09
4910.00 3.922321e-09
4915.00 3.791268e-09
4920.00 3.672262e-09
4925.00 3.800120e-09
4930.00 3.942415e-09
4935.00 3.899071e-09
4940.00 3.883218e-09
4945.00 3.989223e-09
4950.00 4.019225e-09
4955.00 3.917996e-09
4960.00 3.882992e-09
4965.00 3.944068e-09
4970.00 3.951619e-09
4975.00 3.904852e-09
4980.00 3.783050e-09
4985.00 3.766580e-09
4990.00 3.865341e-09
4995.00 3.874940e-09
5000.00 3.801191e-09
5005.00 3.705598e-09
5010.00 3.667432e-09
5015.00 3.626361e-09
5020.00 3.651818e-09
5025.00 3.752103e-09
5030.00 3.818369e-09
5035.00 3.765292e-09
5040.00 3.678940e-09
5045.00 3.725981e-09
5050.00 3.793206e-09
5055.00 3.858634e-09
5060.00 3.898648e-09
5065.00 3.839921e-09
5070.00 3.777956e-09
5075.00 3.716022e-09
5080.00 3.686491e-09
5085.00 3.769596e-09
5090.00 3.846958e-09
5095.00 3.793668e-09
5100.00 3.734885e-09
5105.00 3.734068e-09
5110.00 3.769273e-09
5115.00 3.827594e-09
5120.00 3.791050e-09
5125.00 3.703418e-09
5130.00 3.676042e-09
5135.00 3.649188e-09
5140.00 3.598192e-09
5145.00 3.619036e-09
5150.00 3.678461e-09
5155.00 3.711975e-09
5160.00 3.604075e-09
5165.00 3.250273e-09
5170.00 3.042337e-09
5175.00 3.200052e-09
5180.00 3.295772e-09
5185.00 3.316140e-09
5190.00 3.458458e-09
5195.00 3.571083e-09
5200.00 3.633588e-09
5205.00 3.596512e-09
5210.00 3.608666e-09
5215.00 3.680529e-09
5220.00 3.691461e-09
5225.00 3.592036e-09
5230.00 3.559278e-09
5235.00 3.671973e-09
5240.00 3.797324e-09
5245.00 3.794693e-09
5250.00 3.742338e-09
5255.00 3.726912e-09
5260.00 3.617442e-09
5265.00 3.382084e-09
5270.00 3.339881e-09
5275.00 3.505388e-09
5280.00 3.654059e-09
5285.00 3.769583e-09
5290.00 3.828923e-09
5295.00 3.757008e-09
5300.00 3.707999e-09
5305.00 3.799752e-09
5310.00 3.875786e-09
5315.00 3.843533e-09
5320.00 3.723884e-09
5325.00 3.572754e-09
5330.00 3.577980e-09
5335.00 3.672745e-09
5340.00 3.686002e-09
5345.00 3.705853e-09
5350.00 3.760750e-09
5355.00 3.834467e-09
5360.00 3.814049e-09
5365.00 3.686027e-09
5370.00 3.623800e-09
5375.00 3.693403e-09
5380.00 3.757212e-09
5385.00 3.752133e-09
5390.00 3.698222e-09
5395.00 3.629178e-09
5400.00 3.578442e-09
5405.00 3.544896e-09
5410.00 3.590187e-09
5415.00 3.669043e-09
5420.00 3.697379e-09
5425.00 3.676296e-09
5430.00 3.653564e-09
5435.00 3.701659e-09
5440.00 3.766811e-09
5445.00 3.719246e-09
5450.00 3.695380e-09
5455.00 3.694612e-09
5460.00 3.703409e-09
5465.00 3.710237e-09
5470.00 3.700159e-09
5475.00 3.643593e-09
5480.00 3.627313e-09
5485.00 3.675237e-09
5490.00 3.704948e-09
5495.00 3.714581e-09
5500.00 3.701501e-09
5505.00 3.666162e-09
5510.00 3.655524e-09
5515.00 3.685735e-09
5520.00 3.709073e-09
5525.00 3.654974e-09
5530.00 3.616194e-09
5535.00 3.643047e-09
5540.00 3.674057e-09
5545.00 3.706573e-09
5550.00 3.740948e-09
5555.00 3.712840e-09
5560.00 3.659944e-09
5565.00 3.619538e-09
5570.00 3.581272e-09
5575.00 3.606564e-09
5580.00 3.615860e-09
5585.00 3.524985e-09
5590.00 3.459835e-09
5595.00 3.482973e-09
5600.00 3.514710e-09
5605.00 3.591582e-09
5610.00 3.649832e-09
5615.00 3.578127e-09
5620.00 3.548835e-09
5625.00 3.590212e-09
5630.00 3.625233e-09
5635.00 3.617427e-09
5640.00 3.604465e-09
5645.00 3.621392e-09
5650.00 3.622989e-09
5655.00 3.556229e-09
5660.00 3.511271e-09
5665.00 3.546819e-09
5670.00 3.601684e-09
5675.00 3.618812e-09
5680.00 3.584887e-09
5685.00 3.547019e-09
5690.00 3.564276e-09
5695.00 3.589836e-09
5700.00 3.562466e-09
5705.00 3.490736e-09
5710.00 3.446776e-09
5715.00 3.516602e-09
5720.00 3.609527e-09
5725.00 3.651498e-09
5730.00 3.649386e-09
5735.00 3.644276e-09
5740.00 3.636509e-09
5745.00 3.608767e-09
5750.00 3.572118e-09
5755.00 3.546453e-09
5760.00 3.553720e-09
5765.00 3.582648e-09
5770.00 3.607545e-09
5775.00 3.584472e-09
5780.00 3.528844e-09
5785.00 3.512577e-09
5790.00 3.542601e-09
5795.00 3.570764e-09
5800.00 3.591356e-09
5805.00 3.592964e-09
5810.00 3.586842e-09
5815.00 3.597972e-09
5820.00 3.614794e-09
5825.00 3.622771e-09
5830.00 3.625341e-09
5835.00 3.625163e-09
5840.00 3.633722e-09
5845.00 3.609876e-09
5850.00 3.558592e-09
5855.00 3.501614e-09
5860.00 3.496182e-09
5865.00 3.536315e-09
5870.00 3.581144e-09
5875.00 3.590939e-09
5880.00 3.536341e-09
5885.00 3.385989e-09
5890.00 3.217009e-09
5895.00 3.225497e-09
5900.00 3.381598e-09
5905.00 3.488302e-09
5910.00 3.496608e-09
5915.00 3.487292e-09
5920.00 3.490198e-09
5925.00 3.475473e-09
5930.00 3.461718e-09
5935.00 3.481327e-09
5940.00 3.483931e-09
5945.00 3.455522e-09
5950.00 3.430265e-09
5955.00 3.445934e-09
5960.00 3.463692e-09
5965.00 3.467433e-09
5970.00 3.459455e-09
5975.00 3.432837e-09
5980.00 3.411668e-09
5985.00 3.392947e-09
5990.00 3.404636e-09
5995.00 3.423145e-09
6000.00 3.407665e-09
6005.00 3.375869e-09
6010.00 3.360069e-09
6015.00 3.339973e-09
6020.00 3.321724e-09
6025.00 3.343564e-09
6030.00 3.389051e-09
6035.00 3.415960e-09
6040.00 3.414586e-09
6045.00 3.419268e-09
6050.00 3.415233e-09
6055.00 3.405339e-09
6060.00 3.395139e-09
6065.00 3.397464e-09
6070.00 3.413126e-09
6075.00 3.392431e-09
6080.00 3.350139e-09
6085.00 3.340334e-09
6090.00 3.333334e-09
6095.00 3.320689e-09
6100.00 3.299583e-09
6105.00 3.314036e-09
6110.00 3.343542e-09
6115.00 3.326448e-09
6120.00 3.296561e-09
6125.00 3.306140e-09
6130.00 3.301848e-09
6135.00 3.249398e-09
6140.00 3.243551e-09
6145.00 3.282642e-09
6150.00 3.294663e-09
6155.00 3.258350e-09
6160.00 3.185409e-09
6165.00 3.161712e-09
6170.00 3.203034e-09
6175.00 3.265824e-09
6180.00 3.303092e-09
6185.00 3.291394e-09
6190.00 3.264804e-09
6195.00 3.287073e-09
6200.00 3.322667e-09
6205.00 3.329700e-09
6210.00 3.299905e-09
6215.00 3.263133e-09
6220.00 3.253650e-09
6225.00 3.254933e-09
6230.00 3.227888e-09
6235.00 3.223726e-09
6240.00 3.225376e-09
6245.00 3.207050e-09
6250.00 3.193995e-09
6255.00 3.173309e-09
6260.00 3.190798e-09
6265.00 3.217905e-09
6270.00 3.235926e-09
6275.00 3.202312e-09
6280.00 3.169278e-09
6285.00 3.211871e-09
6290.00 3.228945e-09
6295.00 3.199762e-09
6300.00 3.165528e-09
6305.00 3.182245e-09
6310.00 3.188755e-09
6315.00 3.157538e-09
6320.00 3.163374e-09
6325.00 3.202290e-09
6330.00 3.209981e-09
6335.00 3.176696e-09
6340.00 3.170073e-09
6345.00 3.194324e-09
6350.00 3.206418e-09
6355.00 3.180965e-09
6360.00 3.148152e-09
6365.00 3.158137e-09
6370.00 3.193914e-09
6375.00 3.204250e-09
6380.00 3.194272e-09
6385.00 3.191238e-09
6390.00 3.178132e-09
6395.00 3.147594e-09
6400.00 3.133892e-09
6405.00 3.129489e-09
6410.00 3.117265e-09
6415.00 3.118712e-09
6420.00 3.123653e-09
6425.00 3.144559e-09
6430.00 3.146357e-09
6435.00 3.137893e-09
6440.00 3.142992e-09
6445.00 3.151339e-09
6450.00 3.128990e-09
6455.00 3.112410e-09
6460.00 3.096906e-09
6465.00 3.097937e-09
6470.00 3.111051e-09
6475.00 3.115701e-09
6480.00 3.116545e-09
6485.00 3.108853e-09
6490.00 3.056725e-09
6495.00 2.996326e-09
6500.00 3.045222e-09
6505.00 3.112571e-09
6510.00 3.134948e-09
6515.00 3.110291e-09
6520.00 3.097589e-09
6525.00 3.102290e-09
6530.00 3.104338e-09
6535.00 3.099805e-09
6540.00 3.083491e-09
6545.00 3.051334e-09
6550.00 2.983614e-09
6555.00 2.807997e-09
6560.00 2.555922e-09
6565.00 2.602457e-09
6570.00 2.838373e-09
6575.00 2.979674e-09
6580.00 3.035825e-09
6585.00 3.038344e-09
6590.00 3.020336e-09
6595.00 3.020725e-09
6600.00 3.047619e-09
6605.00 3.040565e-09
6610.00 3.040967e-09
6615.00 3.055737e-09
6620.00 3.061706e-09
6625.00 3.044592e-09
6630.00 3.011595e-09
6635.00 2.998313e-09
6640.00 3.007289e-09
6645.00 3.013015e-09
6650.00 3.024826e-09
6655.00 3.024002e-09
6660.00 3.005440e-09
6665.00 2.995929e-09
6670.00 3.000630e-09
6675.00 2.983958e-09
6680.00 2.979720e-09
6685.00 2.996265e-09
6690.00 2.999301e-09
6695.00 2.985530e-09
6700.00 2.976765e-09
6705.00 2.975216e-09
6710.00 2.968928e-09
6715.00 2.945465e-09
6720.00 2.939523e-09
6725.00 2.952878e-09
6730.00 2.961230e-09
6735.00 2.964450e-09
6740.00 2.960972e-09
6745.00 2.952906e-09
6750.00 2.945158e-09
6755.00 2.949320e-09
6760.00 2.952481e-09
6765.00 2.940462e-09
6770.00 2.928810e-09
6775.00 2.937296e-09
6780.00 2.942970e-09
6785.00 2.941895e-09
6790.00 2.941124e-09
6795.00 2.932424e-09
6800.00 2.928575e-09
6805.00 2.921372e-09
6810.00 2.923503e-09
6815.00 2.926915e-09
6820.00 2.924547e-09
6825.00 2.922860e-09
6830.00 2.913866e-09
6835.00 2.898211e-09
6840.00 2.882993e-09
6845.00 2.878856e-09
6850.00 2.882959e-09
6855.00 2.879078e-09
6860.00 2.876287e-09
6865.00 2.881043e-09
6870.00 2.880202e-09
6875.00 2.882740e-09
6880.00 2.881563e-09
6885.00 2.874007e-09
6890.00 2.872724e-09
6895.00 2.873689e-09
6900.00 2.874456e-09
6905.00 2.874806e-09
6910.00 2.871401e-09
6915.00 2.862646e-09
6920.00 2.859041e-09
6925.00 2.861783e-09
6930.00 2.863174e-09
6935.00 2.864903e-09
6940.00 2.860582e-09
6945.00 2.854003e-09
6950.00 2.853873e-09
6955.00 2.854885e-09
6960.00 2.858087e-09
6965.00 2.863437e-09
6970.00 2.861231e-09
6975.00 2.836713e-09
6980.00 2.828217e-09
6985.00 2.844622e-09
6990.00 2.844154e-09
6995.00 2.834504e-09
7000.00 2.810995e-09
7005.00 2.792802e-09
7010.00 2.795608e-09
7015.00 2.781969e-09
7020.00 2.782591e-09
7025.00 2.783699e-09
7030.00 2.796793e-09
7035.00 2.794228e-09
7040.00 2.808276e-09
7045.00 2.831688e-09
7050.00 2.823385e-09
7055.00 2.804466e-09
7060.00 2.795806e-09
7065.00 2.791870e-09
7070.00 2.798990e-09
7075.00 2.808113e-09
7080.00 2.797589e-09
7085.00 2.773971e-09
7090.00 2.772569e-09
7095.00 2.789152e-09
7100.00 2.803125e-09
7105.00 2.799983e-09
7110.00 2.783435e-09
7115.00 2.775504e-09
7120.00 2.777693e-09
7125.00 2.772283e-09
7130.00 2.772239e-09
7135.00 2.790597e-09
7140.00 2.802300e-09
7145.00 2.772305e-09
7150.00 2.754554e-09
7155.00 2.773797e-09
7160.00 2.761933e-09
7165.00 2.712695e-09
7170.00 2.690854e-09
7175.00 2.665484e-09
7180.00 2.631088e-09
7185.00 2.564794e-09
7190.00 2.540336e-09
7195.00 2.565062e-09
7200.00 2.591327e-09
7205.00 2.616774e-09
7210.00 2.671702e-09
7215.00 2.719020e-09
7220.00 2.724988e-09
7225.00 2.721239e-09
7230.00 2.702600e-09
7235.00 2.660453e-09
7240.00 2.650344e-09
7245.00 2.659390e-09
7250.00 2.668224e-09
7255.00 2.658363e-09
7260.00 2.659078e-09
7265.00 2.658513e-09
7270.00 2.653409e-09
7275.00 2.620167e-09
7280.00 2.608738e-09
7285.00 2.593592e-09
7290.00 2.564071e-09
7295.00 2.595229e-09
7300.00 2.630583e-09
7305.00 2.609914e-09
7310.00 2.603471e-09
7315.00 2.631493e-09
7320.00 2.645131e-09
7325.00 2.633301e-09
7330.00 2.625982e-09
7335.00 2.646352e-09
7340.00 2.669488e-09
7345.00 2.660011e-09
7350.00 2.631417e-09
7355.00 2.612736e-09
7360.00 2.616395e-09
7365.00 2.620460e-09
7370.00 2.629098e-09
7375.00 2.632185e-09
7380.00 2.616514e-09
7385.00 2.564509e-09
7390.00 2.537910e-09
7395.00 2.563032e-09
7400.00 2.580776e-09
7405.00 2.573850e-09
7410.00 2.544542e-09
7415.00 2.535288e-09
7420.00 2.549577e-09
7425.00 2.584219e-09
7430.00 2.615636e-09
7435.00 2.623555e-09
7440.00 2.601125e-09
7445.00 2.575688e-09
7450.00 2.587775e-09
7455.00 2.606138e-09
7460.00 2.603845e-09
7465.00 2.610162e-09
7470.00 2.620046e-09
7475.00 2.608707e-09
7480.00 2.595236e-09
7485.00 2.588829e-09
7490.00 2.572407e-09
7495.00 2.552056e-09
7500.00 2.556371e-09
7505.00 2.550901e-09
7510.00 2.531972e-09
7515.00 2.548319e-09
7520.00 2.559578e-09
7525.00 2.544892e-09
7530.00 2.538798e-09
7535.00 2.555548e-09
7540.00 2.570226e-09
7545.00 2.564968e-09
7550.00 2.553738e-09
7555.00 2.543927e-09
7560.00 2.539796e-09
7565.00 2.539330e-09
7570.00 2.533675e-09
7575.00 2.532044e-09
7580.00 2.528458e-09
7585.00 2.526391e-09
7590.00 2.538789e-09
7595.00 2.551015e-09
7600.00 2.549568e-09
7605.00 2.533854e-09
7610.00 2.513657e-09
7615.00 2.501871e-09
7620.00 2.505447e-09
7625.00 2.514024e-09
7630.00 2.516924e-09
7635.00 2.520077e-09
7640.00 2.519079e-09
7645.00 2.513569e-09
7650.00 2.505659e-09
7655.00 2.491566e-09
7660.00 2.475942e-09
7665.00 2.472663e-09
7670.00 2.484726e-09
7675.00 2.495010e-09
7680.00 2.492762e-09
7685.00 2.486186e-09
7690.00 2.481150e-09
7695.00 2.474544e-09
7700.00 2.476408e-09
7705.00 2.481041e-09
7710.00 2.477399e-09
7715.00 2.468309e-09
7720.00 2.464984e-09
7725.00 2.459780e-09
7730.00 2.459080e-09
7735.00 2.469397e-09
7740.00 2.459758e-09
7745.00 2.425528e-09
7750.00 2.413717e-09
7755.00 2.440387e-09
7760.00 2.458620e-09
7765.00 2.462245e-09
7770.00 2.447028e-09
7775.00 2.424666e-09
7780.00 2.415073e-09
7785.00 2.422708e-09
7790.00 2.428997e-09
7795.00 2.426315e-09
7800.00 2.418937e-09
7805.00 2.417176e-09
7810.00 2.418022e-09
7815.00 2.431557e-09
7820.00 2.437876e-09
7825.00 2.432538e-09
7830.00 2.405639e-09
7835.00 2.387859e-09
7840.00 2.401501e-09
7845.00 2.409499e-09
7850.00 2.407143e-09
7855.00 2.409703e-09
7860.00 2.413721e-09
7865.00 2.409949e-09
7870.00 2.403019e-09
7875.00 2.396913e-09
7880.00 2.390568e-09
7885.00 2.404083e-09
7890.00 2.399862e-09
7895.00 2.379363e-09
7900.00 2.370315e-09
7905.00 2.375998e-09
7910.00 2.375405e-09
7915.00 2.362679e-09
7920.00 2.346348e-09
7925.00 2.339157e-09
7930.00 2.326536e-09
7935.00 2.310969e-09
7940.00 2.304718e-09
7945.00 2.297175e-09
7950.00 2.315236e-09
7955.00 2.335677e-09
7960.00 2.341527e-09
7965.00 2.349207e-09
7970.00 2.355396e-09
7975.00 2.356883e-09
7980.00 2.355809e-09
7985.00 2.355497e-09
7990.00 2.346715e-09
7995.00 2.317680e-09
8000.00 2.295955e-09
8005.00 2.307950e-09
8010.00 2.319727e-09
8015.00 2.327235e-09
8020.00 2.322479e-09
8025.00 2.297930e-09
8030.00 2.286601e-09
8035.00 2.299878e-09
8040.00 2.302905e-09
8045.00 2.278232e-09
8050.00 2.270768e-09
8055.00 2.294185e-09
8060.00 2.312774e-09
8065.00 2.305034e-09
8070.00 2.292679e-09
8075.00 2.289938e-09
8080.00 2.290613e-09
8085.00 2.278774e-09
8090.00 2.268407e-09
8095.00 2.253160e-09
8100.00 2.253378e-09
8105.00 2.271119e-09
8110.00 2.281876e-09
8115.00 2.274793e-09
8120.00 2.271128e-09
8125.00 2.275173e-09
8130.00 2.267954e-09
8135.00 2.254910e-09
8140.00 2.239464e-09
8145.00 2.220028e-09
8150.00 2.206522e-09
8155.00 2.202985e-09
8160.00 2.193383e-09
8165.00 2.172906e-09
8170.00 2.167127e-09
8175.00 2.167592e-09
8180.00 2.159108e-09
8185.00 2.149950e-09
8190.00 2.143095e-09
8195.00 2.114412e-09
8200.00 2.124167e-09
8205.00 2.181930e-09
8210.00 2.211054e-09
8215.00 2.200165e-09
8220.00 2.157332e-09
8225.00 2.114625e-09
8230.00 2.087015e-09
8235.00 2.129643e-09
8240.00 2.177486e-09
8245.00 2.193838e-09
8250.00 2.193157e-09
8255.00 2.181117e-09
8260.00 2.188842e-09
8265.00 2.205960e-09
8270.00 2.199925e-09
8275.00 2.167456e-09
8280.00 2.149191e-09
8285.00 2.149409e-09
8290.00 2.144684e-09
8295.00 2.144354e-09
8300.00 2.145990e-09
8305.00 2.141508e-09
8310.00 2.138514e-09
8315.00 2.136010e-09
8320.00 2.131282e-09
8325.00 2.124255e-09
8330.00 2.105528e-09
8335.00 2.092905e-09
8340.00 2.093416e-09
8345.00 2.107045e-09
8350.00 2.132992e-09
8355.00 2.149925e-09
8360.00 2.144843e-09
8365.00 2.137030e-09
8370.00 2.134831e-09
8375.00 2.135066e-09
8380.00 2.128084e-09
8385.00 2.106173e-09
8390.00 2.102561e-09
8395.00 2.123272e-09
8400.00 2.134626e-09
8405.00 2.128628e-09
8410.00 2.122407e-09
8415.00 2.117578e-09
8420.00 2.111198e-09
8425.00 2.107939e-09
8430.00 2.106553e-09
8435.00 2.093700e-09
8440.00 2.090240e-09
8445.00 2.094401e-09
8450.00 2.106391e-09
8455.00 2.121657e-09
8460.00 2.122509e-09
8465.00 2.102485e-09
8470.00 2.086589e-09
8475.00 2.095929e-09
8480.00 2.104156e-09
8485.00 2.105816e-09
8490.00 2.072439e-09
8495.00 1.965296e-09
8500.00 1.902756e-09
8505.00 1.981444e-09
8510.00 2.042504e-09
8515.00 2.037652e-09
8520.00 2.037323e-09
8525.00 2.029845e-09
8530.00 2.006979e-09
8535.00 1.912988e-09
8540.00 1.725565e-09
8545.00 1.672708e-09
8550.00 1.784739e-09
8555.00 1.906112e-09
8560.00 1.981363e-09
8565.00 2.013290e-09
8570.00 2.013604e-09
8575.00 2.007597e-09
8580.00 1.998485e-09
8585.00 1.992995e-09
8590.00 1.990704e-09
8595.00 1.985337e-09
8600.00 1.986434e-09
8605.00 1.994411e-09
8610.00 1.988233e-09
8615.00 1.977728e-09
8620.00 1.982961e-09
8625.00 1.992132e-09
8630.00 2.003820e-09
8635.00 2.009912e-09
8640.00 2.003392e-09
8645.00 1.986178e-09
8650.00 1.964632e-09
8655.00 1.900220e-09
8660.00 1.760386e-09
8665.00 1.687720e-09
8670.00 1.758616e-09
8675.00 1.861689e-09
8680.00 1.925369e-09
8685.00 1.927349e-09
8690.00 1.922555e-09
8695.00 1.960345e-09
8700.00 1.995247e-09
8705.00 1.998242e-09
8710.00 1.983678e-09
8715.00 1.981919e-09
8720.00 1.991923e-09
8725.00 1.988281e-09
8730.00 1.975997e-09
8735.00 1.962829e-09
8740.00 1.960624e-09
8745.00 1.962496e-09
8750.00 1.953361e-09
8755.00 1.950289e-09
8760.00 1.963336e-09
8765.00 1.969250e-09
8770.00 1.965621e-09
8775.00 1.964552e-09
8780.00 1.968877e-09
8785.00 1.961001e-09
8790.00 1.941858e-09
8795.00 1.936205e-09
8800.00 1.926127e-09
8805.00 1.887509e-09
8810.00 1.888898e-09
8815.00 1.929763e-09
8820.00 1.941999e-09
8825.00 1.935220e-09
8830.00 1.941179e-09
8835.00 1.928981e-09
8840.00 1.918730e-09
8845.00 1.929146e-09
8850.00 1.937051e-09
8855.00 1.931169e-09
8860.00 1.906994e-09
8865.00 1.884048e-09
8870.00 1.889637e-09
8875.00 1.909993e-09
8880.00 1.922215e-09
8885.00 1.930532e-09
8890.00 1.929715e-09
8895.00 1.920561e-09
8900.00 1.922804e-09
8905.00 1.931230e-09
8910.00 1.926654e-09
8915.00 1.921476e-09
8920.00 1.908781e-09
8925.00 1.893167e-09
8930.00 1.891109e-09
8935.00 1.906726e-09
8940.00 1.906644e-09
8945.00 1.888734e-09
8950.00 1.880898e-09
8955.00 1.888059e-09
8960.00 1.884959e-09
8965.00 1.871421e-09
8970.00 1.864973e-09
8975.00 1.867109e-09
8980.00 1.876167e-09
8985.00 1.850280e-09
8990.00 1.827148e-09
8995.00 1.869385e-09
9000.00 1.849904e-09
9005.00 1.830262e-09
9010.00 1.833520e-09
9015.00 1.825030e-09
9020.00 1.836646e-09
9025.00 1.849436e-09
9030.00 1.884243e-09
9035.00 1.908716e-09
9040.00 1.905827e-09
9045.00 1.902790e-09
9050.00 1.900014e-09
9055.00 1.889720e-09
9060.00 1.860294e-09
9065.00 1.843922e-09
9070.00 1.843083e-09
9075.00 1.838957e-09
9080.00 1.818874e-09
9085.00 1.806331e-09
9090.00 1.794198e-09
9095.00 1.789188e-09
9100.00 1.806114e-09
9105.00 1.824983e-09
9110.00 1.833803e-09
9115.00 1.826411e-09
9120.00 1.829066e-09
9125.00 1.838134e-09
9130.00 1.818797e-09
9135.00 1.807774e-09
9140.00 1.827194e-09
9145.00 1.823414e-09
9150.00 1.797001e-09
9155.00 1.785490e-09
9160.00 1.818588e-09
9165.00 1.831919e-09
9170.00 1.806108e-09
9175.00 1.789807e-09
9180.00 1.805054e-09
9185.00 1.825347e-09
9190.00 1.824520e-09
9195.00 1.818769e-09
9200.00 1.827736e-09
9205.00 1.821167e-09
9210.00 1.797117e-09
9215.00 1.780440e-09
9220.00 1.795070e-09
9225.00 1.823541e-09
9230.00 1.816430e-09
9235.00 1.791219e-09
9240.00 1.783655e-09
9245.00 1.791297e-09
9250.00 1.789548e-09
9255.00 1.773519e-09
9260.00 1.777907e-09
9265.00 1.815126e-09
9270.00 1.834399e-09
9275.00 1.833587e-09
9280.00 1.827407e-09
9285.00 1.824591e-09
9290.00 1.819919e-09
9295.00 1.802540e-09
9300.00 1.793527e-09
9305.00 1.770179e-09
9310.00 1.755463e-09
9315.00 1.721779e-09
9320.00 1.687268e-09
9325.00 1.684070e-09
9330.00 1.689811e-09
9335.00 1.650151e-09
9340.00 1.616182e-09
9345.00 1.612534e-09
9350.00 1.671364e-09
9355.00 1.642724e-09
9360.00 1.659423e-09
9365.00 1.689280e-09
9370.00 1.679277e-09
9375.00 1.688713e-09
9380.00 1.705565e-09
9385.00 1.756357e-09
9390.00 1.819865e-09
9395.00 1.859426e-09
9400.00 1.830972e-09
9405.00 1.793375e-09
9410.00 1.745925e-09
9415.00 1.730893e-09
9420.00 1.726240e-09
9425.00 1.695128e-09
9430.00 1.680412e-09
9435.00 1.686562e-09
9440.00 1.623858e-09
9445.00 1.663921e-09
9450.00 1.716788e-09
9455.00 1.676754e-09
9460.00 1.658329e-09
9465.00 1.712207e-09
9470.00 1.729717e-09
9475.00 1.710739e-09
9480.00 1.693527e-09
9485.00 1.723268e-09
9490.00 1.741839e-09
9495.00 1.672008e-09
9500.00 1.634771e-09
9505.00 1.714226e-09
9510.00 1.752572e-09
9515.00 1.702940e-09
9520.00 1.646877e-09
9525.00 1.665358e-09
9530.00 1.694140e-09
9535.00 1.722218e-09
9540.00 1.721467e-09
9545.00 1.679082e-09
9550.00 1.671458e-09
9555.00 1.660874e-09
9560.00 1.664116e-09
9565.00 1.653951e-09
9570.00 1.660386e-09
9575.00 1.688664e-09
9580.00 1.665652e-09
9585.00 1.649912e-09
9590.00 1.635395e-09
9595.00 1.650388e-09
9600.00 1.670633e-09
9605.00 1.662778e-09
9610.00 1.660958e-09
9615.00 1.652385e-09
9620.00 1.638577e-09
9625.00 1.626807e-09
9630.00 1.621446e-09
9635.00 1.600167e-09
9640.00 1.593344e-09
9645.00 1.590468e-09
9650.00 1.590738e-09
9655.00 1.593223e-09
9660.00 1.599781e-09
9665.00 1.605737e-09
9670.00 1.632217e-09
9675.00 1.661437e-09
9680.00 1.672808e-09
9685.00 1.683658e-09
9690.00 1.688210e-09
9695.00 1.692907e-09
9700.00 1.677696e-09
9705.00 1.668573e-09
9710.00 1.678628e-09
9715.00 1.683971e-09
9720.00 1.674739e-09
9725.00 1.664472e-09
9730.00 1.658149e-09
9735.00 1.630976e-09
9740.00 1.602044e-09
9745.00 1.591537e-09
9750.00 1.581029e-09
9755.00 1.558917e-09
9760.00 1.549424e-09
9765.00 1.560764e-09
9770.00 1.571141e-09
9775.00 1.569755e-09
9780.00 1.583097e-09
9785.00 1.587946e-09
9790.00 1.569661e-09
9795.00 1.559177e-09
9800.00 1.565819e-09
9805.00 1.576481e-09
9810.00 1.588111e-09
9815.00 1.581109e-09
9820.00 1.600812e-09
9825.00 1.591978e-09
9830.00 1.598315e-09
9835.00 1.603403e-09
9840.00 1.604896e-09
9845.00 1.576979e-09
9850.00 1.588451e-09
9855.00 1.589765e-09
9860.00 1.565839e-09
9865.00 1.562803e-09
9870.00 1.561260e-09
9875.00 1.566432e-09
9880.00 1.575668e-09
9885.00 1.565930e-09
9890.00 1.572925e-09
9895.00 1.570463e-09
9900.00 1.568071e-09
9905.00 1.581271e-09
9910.00 1.564096e-09
9915.00 1.536668e-09
9920.00 1.563842e-09
9925.00 1.555881e-09
9930.00 1.543001e-09
9935.00 1.544357e-09
9940.00 1.573236e-09
9945.00 1.573094e-09
9950.00 1.563338e-09
9955.00 1.567173e-09
9960.00 1.562260e-09
9965.00 1.562339e-09
9970.00 1.552952e-09
9975.00 1.556010e-09
9980.00 1.561295e-09
9985.00 1.541978e-09
9990.00 1.554274e-09
9995.00 1.557797e-09
10000.00 1.536713e-09
10005.00 1.547081e-09
10010.00 1.532583e-09
10015.00 1.529731e-09
10020.00 1.562896e-09
10025.00 1.544853e-09
10030.00 1.542388e-09
10035.00 1.522275e-09
10040.00 1.502542e-09
10045.00 1.482065e-09
10050.00 1.455326e-09
10055.00 1.474147e-09
10060.00 1.496914e-09
10065.00 1.487826e-09
10070.00 1.490773e-09
10075.00 1.521980e-09
10080.00 1.521529e-09
10085.00 1.506737e-09
10090.00 1.496721e-09
10095.00 1.481098e-09
10100.00 1.495625e-09
10105.00 1.505969e-09
10110.00 1.513016e-09
10115.00 1.504876e-09
10120.00 1.499106e-09
10125.00 1.476431e-09
10130.00 1.482765e-09
10135.00 1.482585e-09
10140.00 1.468391e-09
10145.00 1.484531e-09
10150.00 1.496463e-09
10155.00 1.492947e-09
10160.00 1.490434e-09
10165.00 1.500064e-09
10170.00 1.493862e-09
10175.00 1.461153e-09
10180.00 1.466407e-09
10185.00 1.472643e-09
10190.00 1.481616e-09
10195.00 1.490116e-09
10200.00 1.492606e-09
10205.00 1.486017e-09
10210.00 1.473667e-09
10215.00 1.461332e-09
10220.00 1.454764e-09
10225.00 1.457181e-09
10230.00 1.465138e-09
10235.00 1.472636e-09
10240.00 1.473676e-09
10245.00 1.464846e-09
10250.00 1.449419e-09
10255.00 1.433255e-09
10260.00 1.422249e-09
10265.00 1.420212e-09
10270.00 1.425473e-09
10275.00 1.434266e-09
10280.00 1.442724e-09
10285.00 1.447981e-09
10290.00 1.449811e-09
10295.00 1.448988e-09
10300.00 1.446387e-09
10305.00 1.442579e-09
10310.00 1.437432e-09
10315.00 1.430539e-09
10320.00 1.421531e-09
10325.00 1.410651e-09
10330.00 1.399749e-09
10335.00 1.391307e-09
10340.00 1.387722e-09
10345.00 1.390148e-09
10350.00 1.396472e-09
10355.00 1.403313e-09
10360.00 1.407327e-09
10365.00 1.406827e-09
10370.00 1.404374e-09
10375.00 1.404181e-09
10380.00 1.410378e-09
10385.00 1.424792e-09
10390.00 1.443197e-09
10395.00 1.459058e-09
10400.00 1.465884e-09
10405.00 1.460038e-09
10410.00 1.445315e-09
10415.00 1.428348e-09
10420.00 1.415796e-09
10425.00 1.411652e-09
10430.00 1.412960e-09
10435.00 1.414117e-09
10440.00 1.409508e-09
10445.00 1.396222e-09
10450.00 1.378367e-09
10455.00 1.362766e-09
10460.00 1.356183e-09
10465.00 1.362407e-09
10470.00 1.377394e-09
10475.00 1.394103e-09
10480.00 1.405465e-09
10485.00 1.407015e-09
10490.00 1.401078e-09
10495.00 1.392595e-09
10500.00 1.385832e-09
10505.00 1.380634e-09
10510.00 1.381536e-09
10515.00 1.383737e-09
10520.00 1.384920e-09
10525.00 1.384082e-09
10530.00 1.381742e-09
10535.00 1.379019e-09
10540.00 1.377035e-09
10545.00 1.376416e-09
10550.00 1.376481e-09
10555.00 1.376038e-09
10560.00 1.373898e-09
10565.00 1.369400e-09
10570.00 1.363228e-09
10575.00 1.356581e-09
10580.00 1.350668e-09
10585.00 1.346275e-09
10590.00 1.343106e-09
10595.00 1.340441e-09
10600.00 1.337528e-09
10605.00 1.333845e-09
10610.00 1.329408e-09
10615.00 1.324447e-09
10620.00 1.320784e-09
10625.00 1.325208e-09
10630.00 1.323403e-09
10635.00 1.320295e-09
10640.00 1.317200e-09
10645.00 1.314144e-09
10650.00 1.311142e-09
10655.00 1.308220e-09
10660.00 1.305389e-09
10665.00 1.302679e-09
10670.00 1.300098e-09
10675.00 1.297681e-09
10680.00 1.295437e-09
10685.00 1.293393e-09
10690.00 1.291564e-09
10695.00 1.289974e-09
10700.00 1.288638e-09
10705.00 1.287568e-09
10710.00 1.286750e-09
10715.00 1.286164e-09
10720.00 1.285780e-09
10725.00 1.285574e-09
10730.00 1.285528e-09
10735.00 1.285613e-09
10740.00 1.285799e-09
10745.00 1.286073e-09
10750.00 1.286403e-09
10755.00 1.286768e-09
10760.00 1.287145e-09
10765.00 1.287504e-09
10770.00 1.287822e-09
10775.00 1.288075e-09
10780.00 1.288244e-09
10785.00 1.288299e-09
10790.00 1.288215e-09
10795.00 1.287971e-09
10800.00 1.287544e-09
10805.00 1.286917e-09
10810.00 1.286090e-09
10815.00 1.285086e-09
10820.00 1.283907e-09
10825.00 1.282581e-09
10830.00 1.281111e-09
10835.00 1.279509e-09
10840.00 1.277801e-09
10845.00 1.275993e-09
10850.00 1.274096e-09
10855.00 1.272131e-09
10860.00 1.270108e-09
10865.00 1.268039e-09
10870.00 1.265940e-09
10875.00 1.263829e-09
10880.00 1.261713e-09
10885.00 1.259607e-09
10890.00 1.257529e-09
10895.00 1.255491e-09
10900.00 1.253506e-09
10905.00 1.251582e-09
10910.00 1.249722e-09
10915.00 1.247927e-09
10920.00 1.246197e-09
10925.00 1.244528e-09
10930.00 1.242914e-09
10935.00 1.241356e-09
10940.00 1.239859e-09
10945.00 1.238415e-09
10950.00 1.237020e-09
10955.00 1.235681e-09
10960.00 1.234388e-09
10965.00 1.233140e-09
10970.00 1.231942e-09
10975.00 1.230786e-09
10980.00 1.229674e-09
10985.00 1.228606e-09
10990.00 1.227574e-09
10995.00 1.226579e-09
11000.00 1.225622e-09
11005.00 1.224699e-09
11010.00 1.223800e-09
11015.00 1.222921e-09
11020.00 1.222057e-09
11025.00 1.221199e-09
11030.00 1.220337e-09
11035.00 1.219463e-09
11040.00 1.218574e-09
11045.00 1.217663e-09
11050.00 1.216718e-09
11055.00 1.215736e-09
11060.00 1.214707e-09
11065.00 1.213623e-09
11070.00 1.212478e-09
11075.00 1.211267e-09
11080.00 1.209977e-09
11085.00 1.208606e-09
11090.00 1.207146e-09
11095.00 1.205584e-09
11100.00 1.203921e-09
11105.00 1.202147e-09
11110.00 1.200277e-09
11115.00 1.198310e-09
11120.00 1.196265e-09
11125.00 1.194153e-09
11130.00 1.191984e-09
11135.00 1.189765e-09
11140.00 1.187510e-09
11145.00 1.185233e-09
11150.00 1.182941e-09
11155.00 1.180643e-09
11160.00 1.178353e-09
11165.00 1.176082e-09
11170.00 1.173840e-09
11175.00 1.171637e-09
11180.00 1.169487e-09
11185.00 1.167397e-09
11190.00 1.165383e-09
11195.00 1.163452e-09
11200.00 1.161614e-09
11205.00 1.159876e-09
11210.00 1.158236e-09
11215.00 1.156688e-09
11220.00 1.155223e-09
11225.00 1.153832e-09
11230.00 1.152510e-09
11235.00 1.151246e-09
11240.00 1.150033e-09
11245.00 1.148866e-09
11250.00 1.147734e-09
11255.00 1.146636e-09
11260.00 1.145562e-09
11265.00 1.144496e-09
11270.00 1.143438e-09
11275.00 1.142384e-09
11280.00 1.141316e-09
11285.00 1.140232e-09
11290.00 1.139125e-09
11295.00 1.137989e-09
11300.00 1.136816e-09
11305.00 1.135596e-09
11310.00 1.134342e-09
11315.00 1.133058e-09
11320.00 1.131759e-09
11325.00 1.130450e-09
11330.00 1.129141e-09
11335.00 1.127843e-09
11340.00 1.126565e-09
11345.00 1.125314e-09
11350.00 1.124104e-09
11355.00 1.122942e-09
11360.00 1.121835e-09
11365.00 1.120796e-09
11370.00 1.119833e-09
11375.00 1.118957e-09
11380.00 1.118174e-09
11385.00 1.117498e-09
11390.00 1.116935e-09
11395.00 1.116494e-09
11400.00 1.116186e-09
11405.00 1.116014e-09
11410.00 1.115965e-09
11415.00 1.116022e-09
11420.00 1.116164e-09
11425.00 1.116375e-09
11430.00 1.116637e-09
11435.00 1.116929e-09
11440.00 1.117234e-09
11445.00 1.117532e-09
11450.00 1.117807e-09
11455.00 1.118039e-09
11460.00 1.118207e-09
11465.00 1.118294e-09
11470.00 1.118283e-09
11475.00 1.118156e-09
11480.00 1.117892e-09
11485.00 1.117472e-09
11490.00 1.116884e-09
11495.00 1.116101e-09
11500.00 1.115109e-09
11505.00 1.113899e-09
11510.00 1.112480e-09
11515.00 1.110874e-09
11520.00 1.109100e-09
11525.00 1.107183e-09
11530.00 1.105139e-09
11535.00 1.102989e-09
11540.00 1.100756e-09
11545.00 1.098458e-09
11550.00 1.096121e-09
11555.00 1.093757e-09
11560.00 1.091395e-09
11565.00 1.089048e-09
11570.00 1.086740e-09
11575.00 1.084495e-09
11580.00 1.082330e-09
11585.00 1.080266e-09
11590.00 1.078325e-09
11595.00 1.076527e-09
11600.00 1.074891e-09
11605.00 1.073430e-09
11610.00 1.072143e-09
11615.00 1.071021e-09
11620.00 1.070052e-09
11625.00 1.069232e-09
11630.00 1.068542e-09
11635.00 1.067981e-09
11640.00 1.067533e-09
11645.00 1.067194e-09
11650.00 1.066948e-09
11655.00 1.066790e-09
11660.00 1.066709e-09
11665.00 1.066696e-09
11670.00 1.066739e-09
11675.00 1.066826e-09
11680.00 1.066951e-09
11685.00 1.067107e-09
11690.00 1.067280e-09
11695.00 1.067460e-09
11700.00 1.067640e-09
11705.00 1.067808e-09
11710.00 1.067959e-09
11715.00 1.068089e-09
11720.00 1.068193e-09
11725.00 1.068263e-09
11730.00 1.068290e-09
11735.00 1.068274e-09
11740.00 1.068205e-09
11745.00 1.068084e-09
11750.00 1.067898e-09
11755.00 1.067649e-09
11760.00 1.067323e-09
11765.00 1.066921e-09
11770.00 1.066435e-09
11775.00 1.065858e-09
11780.00 1.065183e-09
11785.00 1.064410e-09
11790.00 1.063531e-09
11795.00 1.062540e-09
11800.00 1.061428e-09
11805.00 1.060200e-09
11810.00 1.058859e-09
11815.00 1.057412e-09
11820.00 1.055875e-09
11825.00 1.054250e-09
11830.00 1.052553e-09
11835.00 1.050787e-09
11840.00 1.048970e-09
11845.00 1.047108e-09
11850.00 1.045208e-09
11855.00 1.043285e-09
11860.00 1.041347e-09
11865.00 1.039404e-09
11870.00 1.037462e-09
11875.00 1.035533e-09
11880.00 1.033631e-09
11885.00 1.031762e-09
11890.00 1.029934e-09
11895.00 1.028163e-09
11900.00 1.026449e-09
11905.00 1.024809e-09
11910.00 1.023236e-09
11915.00 1.021730e-09
11920.00 1.020281e-09
11925.00 1.018892e-09
11930.00 1.017556e-09
11935.00 1.016270e-09
11940.00 1.015031e-09
11945.00 1.013834e-09
11950.00 1.012676e-09
11955.00 1.011553e-09
11960.00 1.010459e-09
11965.00 1.009394e-09
11970.00 1.008354e-09
11975.00 1.007331e-09
11980.00 1.006325e-09
11985.00 1.005333e-09
11990.00 1.004347e-09
11995.00 1.003365e-09
12000.00 1.002381e-09
12005.00 1.001401e-09
12010.00 1.000421e-09
12015.00 9.994459e-10
12020.00 9.984769e-10
12025.00 9.975207e-10
12030.00 9.965804e-10
12035.00 9.956571e-10
12040.00 9.947567e-10
12045.00 9.938821e-10
12050.00 9.930363e-10
12055.00 9.922259e-10
12060.00 9.914515e-10
12065.00 9.907163e-10
12070.00 9.900252e-10
12075.00 9.893824e-10
12080.00 9.887888e-10
12085.00 9.882517e-10
12090.00 9.877729e-10
12095.00 9.873570e-10
12100.00 9.870067e-10
12105.00 9.867226e-10
12110.00 9.865027e-10
12115.00 9.863385e-10
12120.00 9.862212e-10
12125.00 9.861442e-10
12130.00 9.861082e-10
12135.00 9.860979e-10
12140.00 9.861106e-10
12145.00 9.861386e-10
12150.00 9.861759e-10
12155.00 9.862152e-10
12160.00 9.862468e-10
12165.00 9.862703e-10
12170.00 9.862774e-10
12175.00 9.862570e-10
12180.00 9.862055e-10
12185.00 9.861115e-10
12190.00 9.859762e-10
12195.00 9.857913e-10
12200.00 9.855452e-10
12205.00 9.852377e-10
12210.00 9.848639e-10
12215.00 9.844272e-10
12220.00 9.839257e-10
12225.00 9.833639e-10
12230.00 9.827390e-10
12235.00 9.820539e-10
12240.00 9.813121e-10
12245.00 9.805075e-10
12250.00 9.796479e-10
12255.00 9.787258e-10
12260.00 9.777490e-10
12265.00 9.767182e-10
12270.00 9.756308e-10
12275.00 9.744913e-10
12280.00 9.732929e-10
12285.00 9.720457e-10
12290.00 9.707480e-10
12295.00 9.693956e-10
12300.00 9.679944e-10
12305.00 9.665454e-10
12310.00 9.650547e-10
12315.00 9.635327e-10
12320.00 9.619850e-10
12325.00 9.604222e-10
12330.00 9.588522e-10
12335.00 9.572805e-10
12340.00 9.557217e-10
12345.00 9.541798e-10
12350.00 9.526667e-10
12355.00 9.511865e-10
12360.00 9.497494e-10
12365.00 9.483676e-10
12370.00 9.470471e-10
12375.00 9.457899e-10
12380.00 9.446133e-10
12385.00 9.435247e-10
12390.00 9.425297e-10
12395.00 9.416405e-10
12400.00 9.408608e-10
12405.00 9.401965e-10
12410.00 9.396384e-10
12415.00 9.391797e-10
12420.00 9.388120e-10
12425.00 9.385176e-10
12430.00 9.382902e-10
12435.00 9.381197e-10
12440.00 9.379917e-10
12445.00 9.378969e-10
12450.00 9.378263e-10
12455.00 9.377668e-10
12460.00 9.377087e-10
12465.00 9.376400e-10
12470.00 9.375519e-10
12475.00 9.374325e-10
12480.00 9.372685e-10
12485.00 9.370511e-10
12490.00 9.367724e-10
12495.00 9.364203e-10
12500.00 9.359808e-10
12505.00 9.354486e-10
12510.00 9.348311e-10
12515.00 9.341290e-10
12520.00 9.333552e-10
12525.00 9.325152e-10
12530.00 9.316224e-10
12535.00 9.306730e-10
12540.00 9.296834e-10
12545.00 9.286589e-10
12550.00 9.276092e-10
12555.00 9.265373e-10
12560.00 9.254552e-10
12565.00 9.243710e-10
12570.00 9.232886e-10
12575.00 9.222177e-10
12580.00 9.211670e-10
12585.00 9.201441e-10
12590.00 9.191533e-10
12595.00 9.182064e-10
12600.00 9.173101e-10
12605.00 9.164662e-10
12610.00 9.156742e-10
12615.00 9.149241e-10
12620.00 9.142110e-10
12625.00 9.135298e-10
12630.00 9.128705e-10
12635.00 9.122209e-10
12640.00 9.115828e-10
12645.00 9.109444e-10
12650.00 9.102994e-10
12655.00 9.096424e-10
12660.00 9.089614e-10
12665.00 9.082522e-10
12670.00 9.075101e-10
12675.00 9.067233e-10
12680.00 9.058891e-10
12685.00 9.049983e-10
12690.00 9.040400e-10
12695.00 9.030146e-10
12700.00 9.019107e-10
12705.00 9.007229e-10
12710.00 8.994570e-10
12715.00 8.981207e-10
12720.00 8.967205e-10
12725.00 8.952643e-10
12730.00 8.937625e-10
12735.00 8.922174e-10
12740.00 8.906382e-10
12745.00 8.890353e-10
12750.00 8.874106e-10
12755.00 8.857768e-10
12760.00 8.841392e-10
12765.00 8.825035e-10
12770.00 8.808817e-10
12775.00 8.792747e-10
12780.00 8.776921e-10
12785.00 8.761474e-10
12790.00 8.746371e-10
12795.00 8.731790e-10
12800.00 8.717774e-10
12805.00 8.704352e-10
12810.00 8.691539e-10
12815.00 8.679355e-10
12820.00 8.667801e-10
12825.00 8.656858e-10
12830.00 8.646580e-10
12835.00 8.636880e-10
12840.00 8.627807e-10
12845.00 8.619360e-10
12850.00 8.611524e-10
12855.00 8.604317e-10
12860.00 8.597713e-10
12865.00 8.591746e-10
12870.00 8.586381e-10
12875.00 8.581605e-10
12880.00 8.577475e-10
12885.00 8.573962e-10
12890.00 8.571041e-10
12895.00 8.568722e-10
12900.00 8.567014e-10
12905.00 8.565881e-10
12910.00 8.565304e-10
12915.00 8.565162e-10
12920.00 8.565408e-10
12925.00 8.565955e-10
12930.00 8.566700e-10
12935.00 8.567588e-10
12940.00 8.568565e-10
12945.00 8.569535e-10
12950.00 8.570419e-10
12955.00 8.571147e-10
12960.00 8.571605e-10
12965.00 8.571776e-10
12970.00 8.571504e-10
12975.00 8.570828e-10
12980.00 8.569578e-10
12985.00 8.567697e-10
12990.00 8.565090e-10
12995.00 8.561722e-10
13000.00 8.557521e-10
13005.00 8.552418e-10
13010.00 8.546459e-10
13015.00 8.539727e-10
13020.00 8.532277e-10
13025.00 8.524243e-10
13030.00 8.515644e-10
13035.00 8.506547e-10
13040.00 8.497066e-10
13045.00 8.487294e-10
13050.00 8.477292e-10
13055.00 8.467113e-10
13060.00 8.456834e-10
13065.00 8.446597e-10
13070.00 8.436397e-10
13075.00 8.426363e-10
13080.00 8.416570e-10
13085.00 8.407061e-10
13090.00 8.397939e-10
13095.00 8.389294e-10
13100.00 8.381157e-10
13105.00 8.373609e-10
13110.00 8.366571e-10
13115.00 8.360039e-10
13120.00 8.353912e-10
13125.00 8.348154e-10
13130.00 8.342612e-10
13135.00 8.337273e-10
13140.00 8.332075e-10
13145.00 8.326939e-10
13150.00 8.321770e-10
13155.00 8.316526e-10
13160.00 8.311108e-10
13165.00 8.305492e-10
13170.00 8.299582e-10
13175.00 8.293306e-10
13180.00 8.286562e-10
13185.00 8.279357e-10
13190.00 8.271562e-10
13195.00 8.263137e-10
13200.00 8.253978e-10
13205.00 8.244093e-10
13210.00 8.233487e-10
13215.00 8.222240e-10
13220.00 8.210430e-10
13225.00 8.198144e-10
13230.00 8.185396e-10
13235.00 8.172289e-10
13240.00 8.158910e-10
13245.00 8.145341e-10
13250.00 8.131596e-10
13255.00 8.117782e-10
13260.00 8.104007e-10
13265.00 8.090293e-10
13270.00 8.076696e-10
13275.00 8.063327e-10
13280.00 8.050255e-10
13285.00 8.037529e-10
13290.00 8.025248e-10
13295.00 8.013444e-10
13300.00 8.002229e-10
13305.00 7.991626e-10
13310.00 7.981618e-10
13315.00 7.972198e-10
13320.00 7.963290e-10
13325.00 7.954912e-10
13330.00 7.946980e-10
13335.00 7.939512e-10
13340.00 7.932414e-10
13345.00 7.925692e-10
13350.00 7.919327e-10
13355.00 7.913201e-10
13360.00 7.907366e-10
13365.00 7.901741e-10
13370.00 7.896352e-10
13375.00 7.891057e-10
13380.00 7.885904e-10
13385.00 7.880876e-10
13390.00 7.875827e-10
13395.00 7.870854e-10
13400.00 7.865836e-10
13405.00 7.860752e-10
13410.00 7.855646e-10
13415.00 7.850467e-10
13420.00 7.845257e-10
13425.00 7.839967e-10
13430.00 7.834646e-10
13435.00 7.829217e-10
13440.00 7.823788e-10
13445.00 7.818250e-10
13450.00 7.812649e-10
13455.00 7.807016e-10
13460.00 7.801300e-10
13465.00 7.795522e-10
13470.00 7.789698e-10
13475.00 7.783796e-10
13480.00 7.777826e-10
13485.00 7.771805e-10
13490.00 7.765680e-10
13495.00 7.759539e-10
13500.00 7.753291e-10
13505.00 7.746969e-10
13510.00 7.740588e-10
13515.00 7.734137e-10
13520.00 7.727622e-10
13525.00 7.721032e-10
13530.00 7.714334e-10
13535.00 7.707569e-10
13540.00 7.700739e-10
13545.00 7.693835e-10
13550.00 7.686808e-10
13555.00 7.679718e-10
13560.00 7.672537e-10
13565.00 7.665296e-10
13570.00 7.657911e-10
13575.00 7.650476e-10
13580.00 7.642944e-10
13585.00 7.635313e-10
13590.00 7.627591e-10
13595.00 7.619743e-10
13600.00 7.611828e-10
13605.00 7.603808e-10
13610.00 7.595727e-10
13615.00 7.587596e-10
13620.00 7.579474e-10
13625.00 7.571378e-10
13630.00 7.563327e-10
13635.00 7.555380e-10
13640.00 7.547552e-10
13645.00 7.539880e-10
13650.00 7.532390e-10
13655.00 7.525096e-10
13660.00 7.518053e-10
13665.00 7.511315e-10
13670.00 7.504880e-10
13675.00 7.498796e-10
13680.00 7.493071e-10
13685.00 7.487764e-10
13690.00 7.482882e-10
13695.00 7.478492e-10
13700.00 7.474573e-10
13705.00 7.471171e-10
13710.00 7.468265e-10
13715.00 7.465790e-10
13720.00 7.463701e-10
13725.00 7.461926e-10
13730.00 7.460427e-10
13735.00 7.459145e-10
13740.00 7.458063e-10
13745.00 7.457066e-10
13750.00 7.456162e-10
13755.00 7.455254e-10
13760.00 7.454297e-10
13765.00 7.453274e-10
13770.00 7.452118e-10
13775.00 7.450769e-10
13780.00 7.449170e-10
13785.00 7.447288e-10
13790.00 7.445052e-10
13795.00 7.442409e-10
13800.00 7.439325e-10
13805.00 7.435777e-10
13810.00 7.431730e-10
13815.00 7.427162e-10
13820.00 7.422128e-10
13825.00 7.416633e-10
13830.00 7.410640e-10
13835.00 7.404180e-10
13840.00 7.397263e-10
13845.00 7.389889e-10
13850.00 7.382092e-10
13855.00 7.373825e-10
13860.00 7.365092e-10
13865.00 7.355966e-10
13870.00 7.346405e-10
13875.00 7.336417e-10
13880.00 7.326024e-10
13885.00 7.315187e-10
13890.00 7.303974e-10
13895.00 7.292376e-10
13900.00 7.280362e-10
13905.00 7.267981e-10
13910.00 7.255276e-10
13915.00 7.242360e-10
13920.00 7.229317e-10
13925.00 7.216192e-10
13930.00 7.203096e-10
13935.00 7.190079e-10
13940.00 7.177258e-10
13945.00 7.164700e-10
13950.00 7.152474e-10
13955.00 7.140665e-10
13960.00 7.129354e-10
13965.00 7.118632e-10
13970.00 7.108590e-10
13975.00 7.099277e-10
13980.00 7.090813e-10
13985.00 7.083259e-10
13990.00 7.076692e-10
13995.00 7.071187e-10
14000.00 7.066809e-10
14005.00 7.063646e-10
14010.00 7.061563e-10
14015.00 7.060504e-10
14020.00 7.060311e-10
14025.00 7.060909e-10
14030.00 7.062123e-10
14035.00 7.063852e-10
14040.00 7.066002e-10
14045.00 7.068449e-10
14050.00 7.071072e-10
14055.00 7.073753e-10
14060.00 7.076380e-10
14065.00 7.078823e-10
14070.00 7.080954e-10
14075.00 7.082671e-10
14080.00 7.083880e-10
14085.00 7.084410e-10
14090.00 7.084188e-10
14095.00 7.083076e-10
14100.00 7.080980e-10
14105.00 7.077786e-10
14110.00 7.073572e-10
14115.00 7.068348e-10
14120.00 7.062205e-10
14125.00 7.055188e-10
14130.00 7.047405e-10
14135.00 7.038906e-10
14140.00 7.029726e-10
14145.00 7.019950e-10
14150.00 7.009673e-10
14155.00 6.998885e-10
14160.00 6.987729e-10
14165.00 6.976259e-10
14170.00 6.964495e-10
14175.00 6.952562e-10
14180.00 6.940504e-10
14185.00 6.928350e-10
14190.00 6.916218e-10
14195.00 6.904138e-10
14200.00 6.892199e-10
14205.00 6.880417e-10
14210.00 6.868843e-10
14215.00 6.857411e-10
14220.00 6.846149e-10
14225.00 6.835039e-10
14230.00 6.824029e-10
14235.00 6.813158e-10
14240.00 6.802373e-10
14245.00 6.791683e-10
14250.00 6.781046e-10
14255.00 6.770456e-10
14260.00 6.759917e-10
14265.00 6.749404e-10
14270.00 6.738904e-10
14275.00 6.728388e-10
14280.00 6.717863e-10
14285.00 6.707309e-10
14290.00 6.696707e-10
14295.00 6.686061e-10
14300.00 6.684981e-10
14305.00 6.746333e-10
14310.00 6.841821e-10
14315.00 6.914380e-10
14320.00 6.935951e-10
14325.00 6.899591e-10
14330.00 6.825354e-10
14335.00 6.734821e-10
14340.00 6.658177e-10
14345.00 6.617205e-10
14350.00 6.612562e-10
14355.00 6.629073e-10
14360.00 6.647302e-10
14365.00 6.652952e-10
14370.00 6.640565e-10
14375.00 6.613017e-10
14380.00 6.579846e-10
14385.00 6.553562e-10
14390.00 6.542943e-10
14395.00 6.548107e-10
14400.00 6.561642e-10
14405.00 6.573946e-10
14410.00 6.578162e-10
14415.00 6.571619e-10
14420.00 6.555276e-10
14425.00 6.533277e-10
14430.00 6.511352e-10
14435.00 6.496034e-10
14440.00 6.489273e-10
14445.00 6.491205e-10
14450.00 6.499470e-10
14455.00 6.510379e-10
14460.00 6.519210e-10
14465.00 6.522797e-10
14470.00 6.521960e-10
14475.00 6.521770e-10
14480.00 6.528534e-10
14485.00 6.545843e-10
14490.00 6.572531e-10
14495.00 6.610481e-10
14500.00 6.686733e-10
14505.00 6.714950e-10
14510.00 6.708941e-10
14515.00 6.669317e-10
14520.00 6.596824e-10
14525.00 6.506602e-10
14530.00 6.422902e-10
14535.00 6.365667e-10
14540.00 6.341539e-10
14545.00 6.347804e-10
14550.00 6.378050e-10
14555.00 6.420996e-10
14560.00 6.468457e-10
14565.00 6.507439e-10
14570.00 6.524426e-10
14575.00 6.513134e-10
14580.00 6.478978e-10
14585.00 6.435678e-10
14590.00 6.398607e-10
14595.00 6.379252e-10
14600.00 6.383042e-10
14605.00 6.408994e-10
14610.00 6.448541e-10
14615.00 6.486133e-10
14620.00 6.503832e-10
14625.00 6.488063e-10
14630.00 6.435205e-10
14635.00 6.352944e-10
14640.00 6.258596e-10
14645.00 6.174786e-10
14650.00 6.122976e-10
14655.00 6.115702e-10
14660.00 6.152394e-10
14665.00 6.221605e-10
14670.00 6.296246e-10
14675.00 6.356564e-10
14680.00 6.388827e-10
14685.00 6.389992e-10
14690.00 6.366880e-10
14695.00 6.332149e-10
14700.00 6.298795e-10
14705.00 6.275702e-10
14710.00 6.266184e-10
14715.00 6.268964e-10
14720.00 6.279327e-10
14725.00 6.291632e-10
14730.00 6.303543e-10
14735.00 6.318758e-10
14740.00 6.344419e-10
14745.00 6.383804e-10
14750.00 6.429876e-10
14755.00 6.465053e-10
14760.00 6.469217e-10
14765.00 6.430248e-10
14770.00 6.348962e-10
14775.00 6.237970e-10
14780.00 6.115027e-10
14785.00 6.004865e-10
14790.00 5.928357e-10
14795.00 5.897614e-10
14800.00 5.911637e-10
14805.00 5.957473e-10
14810.00 6.016609e-10
14815.00 6.072972e-10
14820.00 6.118572e-10
14825.00 6.153431e-10
14830.00 6.181801e-10
14835.00 6.206865e-10
14840.00 6.227090e-10
14845.00 6.234855e-10
14850.00 6.218692e-10
14855.00 6.168271e-10
14860.00 6.080537e-10
14865.00 5.964428e-10
14870.00 5.841594e-10
14875.00 5.741196e-10
14880.00 5.689572e-10
14885.00 5.700136e-10
14890.00 5.768651e-10
14895.00 5.875200e-10
14900.00 5.994080e-10
14905.00 6.094597e-10
14910.00 6.157022e-10
14915.00 6.173289e-10
14920.00 6.149631e-10
14925.00 6.103617e-10
14930.00 6.056868e-10
14935.00 6.026531e-10
14940.00 6.019620e-10
14945.00 6.032199e-10
14950.00 6.053049e-10
14955.00 6.069892e-10
14960.00 6.074523e-10
14965.00 6.065611e-10
14970.00 6.048296e-10
14975.00 6.031875e-10
14980.00 6.025957e-10
14985.00 6.035432e-10
14990.00 6.056656e-10
14995.00 6.077474e-10
15000.00 6.081182e-10
15005.00 6.052820e-10
15010.00 5.983553e-10
15015.00 5.874656e-10
15020.00 5.728812e-10
15025.00 5.570301e-10
15030.00 5.422657e-10
15035.00 5.312636e-10
15040.00 5.260999e-10
15045.00 5.276966e-10
15050.00 5.357030e-10
15055.00 5.487569e-10
15060.00 5.647405e-10
15065.00 5.810488e-10
15070.00 5.949392e-10
15075.00 6.040871e-10
15080.00 6.071809e-10
15085.00 6.043518e-10
15090.00 5.971689e-10
15095.00 5.882287e-10
15100.00 5.804580e-10
15105.00 5.762374e-10
15110.00 5.766777e-10
15115.00 5.812990e-10
15120.00 5.882529e-10
15125.00 5.950291e-10
15130.00 5.993127e-10
15135.00 5.998900e-10
15140.00 5.965142e-10
15145.00 5.904381e-10
15150.00 5.842515e-10
15155.00 5.800318e-10
15160.00 5.792390e-10
15165.00 5.820080e-10
15170.00 5.871657e-10
15175.00 5.927290e-10
15180.00 5.966707e-10
15185.00 5.975489e-10
15190.00 5.949319e-10
15195.00 5.895474e-10
15200.00 5.829169e-10
15205.00 5.767661e-10
15210.00 5.723869e-10
15215.00 5.702969e-10
15220.00 5.702566e-10
15225.00 5.715967e-10
15230.00 5.736615e-10
15235.00 5.761177e-10
15240.00 5.790003e-10
15245.00 5.825230e-10
15250.00 5.867190e-10
15255.00 5.911941e-10
15260.00 5.950926e-10
15265.00 5.967347e-10
15270.00 5.947918e-10
15275.00 5.888837e-10
15280.00 5.794025e-10
15285.00 5.683636e-10
15290.00 5.580366e-10
15295.00 5.505496e-10
15300.00 5.474292e-10
15305.00 5.490787e-10
15310.00 5.545598e-10
15315.00 5.616763e-10
15320.00 5.680609e-10
15325.00 5.722849e-10
15330.00 5.737895e-10
15335.00 5.730528e-10
15340.00 5.713817e-10
15345.00 5.703544e-10
15350.00 5.711173e-10
15355.00 5.738317e-10
15360.00 5.776132e-10
15365.00 5.809092e-10
15370.00 5.820644e-10
15375.00 5.799560e-10
15380.00 5.744512e-10
15385.00 5.665282e-10
15390.00 5.580553e-10
15395.00 5.514762e-10
15400.00 5.482284e-10
15405.00 5.492635e-10
15410.00 5.545666e-10
15415.00 5.626232e-10
15420.00 5.710632e-10
15425.00 5.774264e-10
15430.00 5.800241e-10
15435.00 5.784119e-10
15440.00 5.731053e-10
15445.00 5.656875e-10
15450.00 5.584056e-10
15455.00 5.532519e-10
15460.00 5.513388e-10
15465.00 5.526601e-10
15470.00 5.562168e-10
15475.00 5.604836e-10
15480.00 5.639070e-10
15485.00 5.653692e-10
15490.00 5.644394e-10
15495.00 5.614490e-10
15500.00 5.572856e-10
15505.00 5.530698e-10
15510.00 5.497661e-10
15515.00 5.478593e-10
15520.00 5.474903e-10
15525.00 5.483606e-10
15530.00 5.488066e-10
15535.00 5.477045e-10
15540.00 5.459244e-10
15545.00 5.444010e-10
15550.00 5.436329e-10
15555.00 5.442001e-10
15560.00 5.462428e-10
15565.00 5.523290e-10
15570.00 5.609276e-10
15575.00 5.618699e-10
15580.00 5.579325e-10
15585.00 5.530859e-10
15590.00 5.477448e-10
15595.00 5.426632e-10
15600.00 5.386487e-10
15605.00 5.363786e-10
15610.00 5.361607e-10
15615.00 5.378654e-10
15620.00 5.410411e-10
15625.00 5.450861e-10
15630.00 5.493371e-10
15635.00 5.531299e-10
15640.00 5.558663e-10
15645.00 5.572043e-10
15650.00 5.571176e-10
15655.00 5.555933e-10
15660.00 5.528600e-10
15665.00 5.479892e-10
15670.00 5.415799e-10
15675.00 5.368651e-10
15680.00 5.343780e-10
15685.00 5.336352e-10
15690.00 5.338363e-10
15695.00 5.342255e-10
15700.00 5.343234e-10
15705.00 5.340256e-10
15710.00 5.336025e-10
15715.00 5.336137e-10
15720.00 5.344863e-10
15725.00 5.361074e-10
15730.00 5.378352e-10
15735.00 5.386171e-10
15740.00 5.350609e-10
15745.00 5.266742e-10
15750.00 5.187898e-10
15755.00 5.128158e-10
15760.00 5.092038e-10
15765.00 5.087626e-10
15770.00 5.119687e-10
15775.00 5.186458e-10
15780.00 5.274629e-10
15785.00 5.365376e-10
15790.00 5.441418e-10
15795.00 5.491115e-10
15800.00 5.507249e-10
15805.00 5.489385e-10
15810.00 5.442800e-10
15815.00 5.377079e-10
15820.00 5.304234e-10
15825.00 5.236636e-10
15830.00 5.184963e-10
15835.00 5.155834e-10
15840.00 5.155013e-10
15845.00 5.179568e-10
15850.00 5.206101e-10
15855.00 5.216028e-10
15860.00 5.205134e-10
15865.00 5.171144e-10
15870.00 5.118553e-10
15875.00 5.056975e-10
15880.00 4.998733e-10
15885.00 4.955770e-10
15890.00 4.940921e-10
15895.00 4.957055e-10
15900.00 4.994284e-10
15905.00 5.048618e-10
15910.00 5.094724e-10
15915.00 5.116712e-10
15920.00 5.141458e-10
15925.00 5.169650e-10
15930.00 5.193078e-10
15935.00 5.204780e-10
15940.00 5.199231e-10
15945.00 5.174789e-10
15950.00 5.135498e-10
15955.00 5.090957e-10
15960.00 5.053412e-10
15965.00 5.033425e-10
15970.00 5.036315e-10
15975.00 5.060640e-10
15980.00 5.099059e-10
15985.00 5.140243e-10
15990.00 5.171685e-10
15995.00 5.182621e-10
16000.00 5.166849e-10
16005.00 5.124438e-10
16010.00 5.062857e-10
16015.00 4.995406e-10
16020.00 4.937941e-10
16025.00 4.904092e-10
16030.00 4.901293e-10
16035.00 4.928624e-10
16040.00 4.977358e-10
16045.00 5.033824e-10
16050.00 5.082848e-10
16055.00 5.114521e-10
16060.00 5.117870e-10
16065.00 5.097541e-10
16070.00 5.061762e-10
16075.00 5.011548e-10
16080.00 4.961199e-10
16085.00 4.923348e-10
16090.00 4.900585e-10
16095.00 4.894705e-10
16100.00 4.904413e-10
16105.00 4.926642e-10
16110.00 4.957361e-10
16115.00 4.992026e-10
16120.00 5.026266e-10
16125.00 5.055529e-10
16130.00 5.076919e-10
16135.00 5.076969e-10
16140.00 5.032045e-10
16145.00 4.972984e-10
16150.00 4.929486e-10
16155.00 4.899096e-10
16160.00 4.877266e-10
16165.00 4.859388e-10
16170.00 4.841945e-10
16175.00 4.823958e-10
16180.00 4.807480e-10
16185.00 4.797002e-10
16190.00 4.797783e-10
16195.00 4.812418e-10
16200.00 4.844344e-10
16205.00 4.888950e-10
16210.00 4.936817e-10
16215.00 4.978977e-10
16220.00 5.005804e-10
16225.00 5.011292e-10
16230.00 4.994495e-10
16235.00 4.959691e-10
16240.00 4.914967e-10
16245.00 4.870380e-10
16250.00 4.835840e-10
16255.00 4.818788e-10
16260.00 4.821922e-10
16265.00 4.841881e-10
16270.00 4.869555e-10
16275.00 4.892722e-10
16280.00 4.900204e-10
16285.00 4.885413e-10
16290.00 4.848167e-10
16295.00 4.794313e-10
16300.00 4.733891e-10
16305.00 4.679050e-10
16310.00 4.641897e-10
16315.00 4.632199e-10
16320.00 4.654734e-10
16325.00 4.707322e-10
16330.00 4.779703e-10
16335.00 4.856651e-10
16340.00 4.920258e-10
16345.00 4.948419e-10
16350.00 4.939102e-10
16355.00 4.891302e-10
16360.00 4.812717e-10
16365.00 4.718119e-10
16370.00 4.625598e-10
16375.00 4.546352e-10
16380.00 4.477743e-10
16385.00 4.433562e-10
16390.00 4.432229e-10
16395.00 4.470376e-10
16400.00 4.538171e-10
16405.00 4.620732e-10
16410.00 4.702985e-10
16415.00 4.771247e-10
16420.00 4.822633e-10
16425.00 4.879894e-10
16430.00 4.888751e-10
16435.00 4.839582e-10
16440.00 4.779504e-10
16445.00 4.733023e-10
16450.00 4.702700e-10
16455.00 4.688401e-10
16460.00 4.685141e-10
16465.00 4.685310e-10
16470.00 4.680926e-10
16475.00 4.666961e-10
16480.00 4.643538e-10
16485.00 4.616053e-10
16490.00 4.594162e-10
16495.00 4.584523e-10
16500.00 4.591302e-10
16505.00 4.614223e-10
16510.00 4.648263e-10
16515.00 4.685163e-10
16520.00 4.714772e-10
16525.00 4.727049e-10
16530.00 4.714537e-10
16535.00 4.675094e-10
16540.00 4.613571e-10
16545.00 4.541146e-10
16550.00 4.472135e-10
16555.00 4.419612e-10
16560.00 4.392611e-10
16565.00 4.394728e-10
16570.00 4.424476e-10
16575.00 4.476161e-10
16580.00 4.540841e-10
16585.00 4.607686e-10
16590.00 4.666012e-10
16595.00 4.707864e-10
16600.00 4.730278e-10
16605.00 4.735616e-10
16610.00 4.729672e-10
16615.00 4.719076e-10
16620.00 4.708940e-10
16625.00 4.701443e-10
16630.00 4.696082e-10
16635.00 4.689174e-10
16640.00 4.675753e-10
16645.00 4.652813e-10
16650.00 4.618680e-10
16655.00 4.575708e-10
16660.00 4.529618e-10
16665.00 4.487404e-10
16670.00 4.455524e-10
16675.00 4.438026e-10
16680.00 4.438780e-10
16685.00 4.454875e-10
16690.00 4.468506e-10
16695.00 4.468252e-10
16700.00 4.466746e-10
16705.00 4.465716e-10
16710.00 4.464290e-10
16715.00 4.460713e-10
16720.00 4.452591e-10
16725.00 4.437917e-10
16730.00 4.415850e-10
16735.00 4.387513e-10
16740.00 4.355827e-10
16745.00 4.325101e-10
16750.00 4.300007e-10
16755.00 4.284402e-10
16760.00 4.280292e-10
16765.00 4.286991e-10
16770.00 4.301360e-10
16775.00 4.318740e-10
16780.00 4.334463e-10
16785.00 4.343026e-10
16790.00 4.340520e-10
16795.00 4.330285e-10
16800.00 4.315798e-10
16805.00 4.302807e-10
16810.00 4.297748e-10
16815.00 4.305438e-10
16820.00 4.327879e-10
16825.00 4.363225e-10
16830.00 4.406181e-10
16835.00 4.448900e-10
16840.00 4.483054e-10
16845.00 4.501746e-10
16850.00 4.501306e-10
16855.00 4.482244e-10
16860.00 4.448968e-10
16865.00 4.408806e-10
16870.00 4.369793e-10
16875.00 4.339422e-10
16880.00 4.321278e-10
16885.00 4.318296e-10
16890.00 4.355451e-10
16895.00 4.377565e-10
16900.00 4.355237e-10
16905.00 4.316024e-10
16910.00 4.275157e-10
16915.00 4.231956e-10
16920.00 4.187694e-10
16925.00 4.145222e-10
16930.00 4.107599e-10
16935.00 4.082304e-10
16940.00 4.072660e-10
16945.00 4.078939e-10
16950.00 4.101370e-10
16955.00 4.135654e-10
16960.00 4.175106e-10
16965.00 4.211630e-10
16970.00 4.237529e-10
16975.00 4.247125e-10
16980.00 4.237981e-10
16985.00 4.211716e-10
16990.00 4.173865e-10
16995.00 4.132897e-10
17000.00 4.098578e-10
17005.00 4.079771e-10
17010.00 4.082242e-10
17015.00 4.107434e-10
17020.00 4.151811e-10
17025.00 4.207260e-10
17030.00 4.262821e-10
17035.00 4.307001e-10
17040.00 4.330468e-10
17045.00 4.328236e-10
17050.00 4.300591e-10
17055.00 4.252763e-10
17060.00 4.193684e-10
17065.00 4.133951e-10
17070.00 4.083923e-10
17075.00 4.051792e-10
17080.00 4.042187e-10
17085.00 4.053881e-10
17090.00 4.083644e-10
17095.00 4.123495e-10
17100.00 4.159548e-10
17105.00 4.182807e-10
17110.00 4.186812e-10
17115.00 4.170118e-10
17120.00 4.136267e-10
17125.00 4.092311e-10
17130.00 4.046789e-10
17135.00 4.008004e-10
17140.00 3.982712e-10
17145.00 3.975116e-10
17150.00 3.986415e-10
17155.00 4.014370e-10
17160.00 4.053797e-10
17165.00 4.097645e-10
17170.00 4.138404e-10
17175.00 4.169694e-10
17180.00 4.187526e-10
17185.00 4.190573e-10
17190.00 4.179993e-10
17195.00 4.158665e-10
17200.00 4.130412e-10
17205.00 4.099160e-10
17210.00 4.068304e-10
17215.00 4.040234e-10
17220.00 4.016336e-10
17225.00 3.996969e-10
17230.00 3.981896e-10
17235.00 3.970596e-10
17240.00 3.962672e-10
17245.00 3.957646e-10
17250.00 3.956360e-10
17255.00 3.958900e-10
17260.00 3.964772e-10
17265.00 3.973975e-10
17270.00 3.985182e-10
17275.00 3.994075e-10
17280.00 3.993164e-10
17285.00 3.985122e-10
17290.00 3.977245e-10
17295.00 3.969624e-10
17300.00 3.961627e-10
17305.00 3.952276e-10
17310.00 3.940664e-10
17315.00 3.926347e-10
17320.00 3.909509e-10
17325.00 3.891101e-10
17330.00 3.872344e-10
17335.00 3.854711e-10
17340.00 3.839404e-10
17345.00 3.827017e-10
17350.00 3.817572e-10
17355.00 3.810597e-10
17360.00 3.805316e-10
17365.00 3.801038e-10
17370.00 3.797438e-10
17375.00 3.794692e-10
17380.00 3.793400e-10
17385.00 3.794418e-10
17390.00 3.798590e-10
17395.00 3.806241e-10
17400.00 3.816778e-10
17405.00 3.818856e-10
17410.00 3.806733e-10
17415.00 3.794680e-10
17420.00 3.789211e-10
17425.00 3.790152e-10
17430.00 3.795849e-10
17435.00 3.804685e-10
17440.00 3.815488e-10
17445.00 3.827213e-10
17450.00 3.838953e-10
17455.00 3.850077e-10
17460.00 3.860138e-10
17465.00 3.868992e-10
17470.00 3.876522e-10
17475.00 3.882357e-10
17480.00 3.885981e-10
17485.00 3.886527e-10
17490.00 3.883238e-10
17495.00 3.875606e-10
17500.00 3.863741e-10
17505.00 3.848319e-10
17510.00 3.830534e-10
17515.00 3.811965e-10
17520.00 3.794176e-10
17525.00 3.778538e-10
17530.00 3.765989e-10
17535.00 3.756916e-10
17540.00 3.751191e-10
17545.00 3.748219e-10
17550.00 3.747196e-10
17555.00 3.747165e-10
17560.00 3.747279e-10
17565.00 3.746805e-10
17570.00 3.745344e-10
17575.00 3.742377e-10
17580.00 3.737068e-10
17585.00 3.729571e-10
17590.00 3.719716e-10
17595.00 3.707513e-10
17600.00 3.693453e-10
17605.00 3.678446e-10
17610.00 3.663730e-10
17615.00 3.650616e-10
17620.00 3.640541e-10
17625.00 3.634896e-10
17630.00 3.634879e-10
17635.00 3.641156e-10
17640.00 3.653782e-10
17645.00 3.671832e-10
17650.00 3.693223e-10
17655.00 3.714844e-10
17660.00 3.732958e-10
17665.00 3.743990e-10
17670.00 3.745389e-10
17675.00 3.736414e-10
17680.00 3.718290e-10
17685.00 3.693940e-10
17690.00 3.667284e-10
17695.00 3.642274e-10
17700.00 3.622412e-10
17705.00 3.610120e-10
17710.00 3.606447e-10
17715.00 3.611023e-10
17720.00 3.621884e-10
17725.00 3.635842e-10
17730.00 3.648783e-10
17735.00 3.656614e-10
17740.00 3.657269e-10
17745.00 3.647798e-10
17750.00 3.628694e-10
17755.00 3.605357e-10
17760.00 3.581299e-10
17765.00 3.560585e-10
17770.00 3.546780e-10
17775.00 3.541850e-10
17780.00 3.546047e-10
17785.00 3.557903e-10
17790.00 3.574410e-10
17795.00 3.591547e-10
17800.00 3.604825e-10
17805.00 3.610224e-10
17810.00 3.605264e-10
17815.00 3.589716e-10
17820.00 3.565691e-10
17825.00 3.537348e-10
17830.00 3.509907e-10
17835.00 3.488504e-10
17840.00 3.477129e-10
17845.00 3.477957e-10
17850.00 3.490969e-10
17855.00 3.513967e-10
17860.00 3.542773e-10
17865.00 3.572020e-10
17870.00 3.596247e-10
17875.00 3.610900e-10
17880.00 3.613398e-10
17885.00 3.603620e-10
17890.00 3.583606e-10
17895.00 3.557085e-10
17900.00 3.528570e-10
17905.00 3.502575e-10
17910.00 3.481797e-10
17915.00 3.468962e-10
17920.00 3.466346e-10
17925.00 3.470511e-10
17930.00 3.478594e-10
17935.00 3.487764e-10
17940.00 3.494131e-10
17945.00 3.494501e-10
17950.00 3.487227e-10
17955.00 3.472382e-10
17960.00 3.451967e-10
17965.00 3.429438e-10
17970.00 3.409001e-10
17975.00 3.394897e-10
17980.00 3.390558e-10
17985.00 3.397730e-10
17990.00 3.416261e-10
17995.00 3.444940e-10
18000.00 3.473254e-10
18005.00 3.492302e-10
18010.00 3.505713e-10
18015.00 3.511559e-10
18020.00 3.507580e-10
18025.00 3.493873e-10
18030.00 3.471893e-10
18035.00 3.444783e-10
18040.00 3.416780e-10
18045.00 3.392082e-10
18050.00 3.374117e-10
18055.00 3.364567e-10
18060.00 3.363293e-10
18065.00 3.368565e-10
18070.00 3.377683e-10
18075.00 3.387375e-10
18080.00 3.394398e-10
18085.00 3.396972e-10
18090.00 3.393097e-10
18095.00 3.381333e-10
18100.00 3.365069e-10
18105.00 3.347628e-10
18110.00 3.332137e-10
18115.00 3.322158e-10
18120.00 3.319757e-10
18125.00 3.325197e-10
18130.00 3.337184e-10
18135.00 3.353497e-10
18140.00 3.371347e-10
18145.00 3.387833e-10
18150.00 3.400216e-10
18155.00 3.406189e-10
18160.00 3.404701e-10
18165.00 3.396298e-10
18170.00 3.383179e-10
18175.00 3.368638e-10
18180.00 3.355785e-10
18185.00 3.346377e-10
18190.00 3.340162e-10
18195.00 3.335429e-10
18200.00 3.330098e-10
18205.00 3.322643e-10
18210.00 3.312171e-10
18215.00 3.298064e-10
18220.00 3.279964e-10
18225.00 3.258027e-10
18230.00 3.233779e-10
18235.00 3.210482e-10
18240.00 3.192557e-10
18245.00 3.184491e-10
18250.00 3.189685e-10
18255.00 3.209320e-10
18260.00 3.241760e-10
18265.00 3.282358e-10
18270.00 3.323080e-10
18275.00 3.356650e-10
18280.00 3.379060e-10
18285.00 3.386976e-10
18290.00 3.378465e-10
18295.00 3.352981e-10
18300.00 3.311401e-10
18305.00 3.257313e-10
18310.00 3.197671e-10
18315.00 3.141797e-10
18320.00 3.099239e-10
18325.00 3.077313e-10
18330.00 3.079540e-10
18335.00 3.104928e-10
18340.00 3.147821e-10
18345.00 3.199750e-10
18350.00 3.251839e-10
18355.00 3.296711e-10
18360.00 3.328896e-10
18365.00 3.344784e-10
18370.00 3.342705e-10
18375.00 3.323821e-10
18380.00 3.292890e-10
18385.00 3.257318e-10
18390.00 3.224281e-10
18395.00 3.198577e-10
18400.00 3.182029e-10
18405.00 3.174253e-10
18410.00 3.173578e-10
18415.00 3.177266e-10
18420.00 3.181496e-10
18425.00 3.181867e-10
18430.00 3.174842e-10
18435.00 3.159390e-10
18440.00 3.137811e-10
18445.00 3.113380e-10
18450.00 3.091808e-10
18455.00 3.080854e-10
18460.00 3.083281e-10
18465.00 3.098686e-10
18470.00 3.123163e-10
18475.00 3.149077e-10
18480.00 3.171615e-10
18485.00 3.188829e-10
18490.00 3.199960e-10
18495.00 3.203634e-10
18500.00 3.197167e-10
18505.00 3.177624e-10
18510.00 3.144498e-10
18515.00 3.102963e-10
18520.00 3.061254e-10
18525.00 3.026853e-10
18530.00 3.003842e-10
18535.00 2.993825e-10
18540.00 2.996382e-10
18545.00 3.009403e-10
18550.00 3.029403e-10
18555.00 3.052498e-10
18560.00 3.075146e-10
18565.00 3.094238e-10
18570.00 3.106924e-10
18575.00 3.110779e-10
18580.00 3.104256e-10
18585.00 3.087467e-10
18590.00 3.063013e-10
18595.00 3.034979e-10
18600.00 3.007869e-10
18605.00 2.985130e-10
18610.00 2.968672e-10
18615.00 2.959175e-10
18620.00 2.956400e-10
18625.00 2.959508e-10
18630.00 2.967072e-10
18635.00 2.977312e-10
18640.00 2.988440e-10
18645.00 2.998978e-10
18650.00 3.008672e-10
18655.00 3.018914e-10
18660.00 3.033228e-10
18665.00 3.057020e-10
18670.00 3.092574e-10
18675.00 3.132504e-10
18680.00 3.159862e-10
18685.00 3.167591e-10
18690.00 3.162751e-10
18695.00 3.151304e-10
18700.00 3.135827e-10
18705.00 3.116051e-10
18710.00 3.089440e-10
18715.00 3.053251e-10
18720.00 3.013778e-10
18725.00 2.985801e-10
18730.00 2.978877e-10
18735.00 2.985731e-10
18740.00 2.992973e-10
18745.00 2.995534e-10
18750.00 2.993588e-10
18755.00 2.988184e-10
18760.00 2.979294e-10
18765.00 2.965933e-10
18770.00 2.946755e-10
18775.00 2.922578e-10
18780.00 2.898509e-10
18785.00 2.880955e-10
18790.00 2.872759e-10
18795.00 2.872040e-10
18800.00 2.875858e-10
18805.00 2.881997e-10
18810.00 2.888867e-10
18815.00 2.895244e-10
18820.00 2.900483e-10
18825.00 2.904180e-10
18830.00 2.905965e-10
18835.00 2.906300e-10
18840.00 2.905533e-10
18845.00 2.903728e-10
18850.00 2.901151e-10
18855.00 2.898402e-10
18860.00 2.896355e-10
18865.00 2.895938e-10
18870.00 2.897827e-10
18875.00 2.902061e-10
18880.00 2.907983e-10
18885.00 2.914118e-10
18890.00 2.918628e-10
18895.00 2.920026e-10
18900.00 2.917846e-10
18905.00 2.912262e-10
18910.00 2.903742e-10
18915.00 2.892481e-10
18920.00 2.878549e-10
18925.00 2.862110e-10
18930.00 2.843810e-10
18935.00 2.824882e-10
18940.00 2.806553e-10
18945.00 2.789626e-10
18950.00 2.774052e-10
18955.00 2.759961e-10
18960.00 2.748287e-10
18965.00 2.741075e-10
18970.00 2.740420e-10
18975.00 2.747397e-10
18980.00 2.761447e-10
18985.00 2.781147e-10
18990.00 2.805138e-10
18995.00 2.832334e-10
19000.00 2.861721e-10
19005.00 2.891442e-10
19010.00 2.919275e-10
19015.00 2.942711e-10
19020.00 2.955024e-10
19025.00 2.951686e-10
19030.00 2.935708e-10
19035.00 2.909182e-10
19040.00 2.874631e-10
19045.00 2.836585e-10
19050.00 2.798236e-10
19055.00 2.761703e-10
19060.00 2.728593e-10
19065.00 2.700662e-10
19070.00 2.680059e-10
19075.00 2.669023e-10
19080.00 2.668875e-10
19085.00 2.678853e-10
19090.00 2.696573e-10
19095.00 2.719112e-10
19100.00 2.743842e-10
19105.00 2.767980e-10
19110.00 2.788038e-10
19115.00 2.800795e-10
19120.00 2.804864e-10
19125.00 2.801089e-10
19130.00 2.791243e-10
19135.00 2.776840e-10
19140.00 2.758825e-10
19145.00 2.737817e-10
19150.00 2.714936e-10
19155.00 2.692416e-10
19160.00 2.674029e-10
19165.00 2.663213e-10
19170.00 2.661656e-10
19175.00 2.668705e-10
19180.00 2.682578e-10
19185.00 2.700973e-10
19190.00 2.721067e-10
19195.00 2.739913e-10
19200.00 2.754776e-10
19205.00 2.763720e-10
19210.00 2.766603e-10
19215.00 2.762815e-10
19220.00 2.750466e-10
19225.00 2.731057e-10
19230.00 2.706865e-10
19235.00 2.678841e-10
19240.00 2.649690e-10
19245.00 2.623103e-10
19250.00 2.602681e-10
19255.00 2.591352e-10
19260.00 2.590875e-10
19265.00 2.601687e-10
19270.00 2.622549e-10
19275.00 2.650894e-10
19280.00 2.683251e-10
19285.00 2.716070e-10
19290.00 2.746205e-10
19295.00 2.771074e-10
19300.00 2.788602e-10
19305.00 2.797012e-10
19310.00 2.795058e-10
19315.00 2.782425e-10
19320.00 2.760092e-10
19325.00 2.730383e-10
19330.00 2.696569e-10
19335.00 2.661961e-10
19340.00 2.629454e-10
19345.00 2.601188e-10
19350.00 2.578515e-10
19355.00 2.562048e-10
19360.00 2.551807e-10
19365.00 2.547311e-10
19370.00 2.547652e-10
19375.00 2.551574e-10
19380.00 2.557706e-10
19385.00 2.564656e-10
19390.00 2.571027e-10
19395.00 2.575632e-10
19400.00 2.577589e-10
19405.00 2.576403e-10
19410.00 2.572181e-10
19415.00 2.565455e-10
19420.00 2.556765e-10
19425.00 2.547227e-10
19430.00 2.538368e-10
19435.00 2.531168e-10
19440.00 2.526307e-10
19445.00 2.524248e-10
19450.00 2.525040e-10
19455.00 2.528354e-10
19460.00 2.533495e-10
19465.00 2.539610e-10
19470.00 2.545782e-10
19475.00 2.551015e-10
19480.00 2.554549e-10
19485.00 2.555688e-10
19490.00 2.554049e-10
19495.00 2.549721e-10
19500.00 2.542605e-10
19505.00 2.533159e-10
19510.00 2.525385e-10
19515.00 2.522678e-10
19520.00 2.525180e-10
19525.00 2.532876e-10
19530.00 2.545731e-10
19535.00 2.562906e-10
19540.00 2.582764e-10
19545.00 2.603028e-10
19550.00 2.620863e-10
19555.00 2.633834e-10
19560.00 2.640280e-10
19565.00 2.639888e-10
19570.00 2.633226e-10
19575.00 2.621368e-10
19580.00 2.605315e-10
19585.00 2.585911e-10
19590.00 2.563772e-10
19595.00 2.539501e-10
19600.00 2.516067e-10
19605.00 2.496943e-10
19610.00 2.480090e-10
19615.00 2.464360e-10
19620.00 2.451996e-10
19625.00 2.444460e-10
19630.00 2.441977e-10
19635.00 2.443995e-10
19640.00 2.449998e-10
19645.00 2.459055e-10
19650.00 2.469515e-10
19655.00 2.479723e-10
19660.00 2.488398e-10
19665.00 2.494859e-10
19670.00 2.498625e-10
19675.00 2.499414e-10
19680.00 2.497437e-10
19685.00 2.493389e-10
19690.00 2.488218e-10
19695.00 2.483109e-10
19700.00 2.479166e-10
19705.00 2.477269e-10
19710.00 2.477825e-10
19715.00 2.480730e-10
19720.00 2.485429e-10
19725.00 2.491019e-10
19730.00 2.496406e-10
19735.00 2.500457e-10
19740.00 2.502242e-10
19745.00 2.500994e-10
19750.00 2.496280e-10
19755.00 2.488062e-10
19760.00 2.476691e-10
19765.00 2.463007e-10
19770.00 2.448207e-10
19775.00 2.433795e-10
19780.00 2.421199e-10
19785.00 2.411606e-10
19790.00 2.405678e-10
19795.00 2.403456e-10
19800.00 2.404279e-10
19805.00 2.406982e-10
19810.00 2.410243e-10
19815.00 2.412711e-10
19820.00 2.413308e-10
19825.00 2.411585e-10
19830.00 2.407519e-10
19835.00 2.400652e-10
19840.00 2.391202e-10
19845.00 2.380621e-10
19850.00 2.370042e-10
19855.00 2.360444e-10
19860.00 2.353140e-10
19865.00 2.349380e-10
19870.00 2.350024e-10
19875.00 2.355312e-10
19880.00 2.364914e-10
19885.00 2.377795e-10
19890.00 2.392417e-10
19895.00 2.407001e-10
19900.00 2.419775e-10
19905.00 2.429231e-10
19910.00 2.434225e-10
19915.00 2.434191e-10
19920.00 2.429108e-10
19925.00 2.419465e-10
19930.00 2.406309e-10
19935.00 2.391061e-10
19940.00 2.375388e-10
19945.00 2.361085e-10
19950.00 2.349851e-10
19955.00 2.343024e-10
19960.00 2.341412e-10
19965.00 2.345389e-10
19970.00 2.354568e-10
19975.00 2.367995e-10
19980.00 2.384088e-10
19985.00 2.400669e-10
19990.00 2.415106e-10
19995.00 2.424524e-10
20000.00 2.426336e-10
20005.00 2.418671e-10
20010.00 2.401341e-10
20015.00 2.376013e-10
20020.00 2.346564e-10
20025.00 2.318604e-10
20030.00 2.298300e-10
20035.00 2.290552e-10
20040.00 2.296594e-10
20045.00 2.313790e-10
20050.00 2.336372e-10
20055.00 2.358049e-10
20060.00 2.374022e-10
20065.00 2.382464e-10
20070.00 2.383768e-10
20075.00 2.379319e-10
20080.00 2.370597e-10
20085.00 2.359025e-10
20090.00 2.345689e-10
20095.00 2.331670e-10
20100.00 2.318126e-10
20105.00 2.306524e-10
20110.00 2.298488e-10
20115.00 2.295687e-10
20120.00 2.299476e-10
20125.00 2.312592e-10
20130.00 2.345707e-10
20135.00 2.374997e-10
20140.00 2.329859e-10
20145.00 2.383129e-10
20150.00 2.431748e-10
20155.00 2.421852e-10
20160.00 2.397326e-10
20165.00 2.366620e-10
20170.00 2.325451e-10
20175.00 2.298783e-10
20180.00 2.295394e-10
20185.00 2.283843e-10
20190.00 2.283657e-10
20195.00 2.285480e-10
20200.00 2.280598e-10
20205.00 2.296736e-10
20210.00 2.289430e-10
20215.00 2.265580e-10
20220.00 2.284158e-10
20225.00 2.301177e-10
20230.00 2.289722e-10
20235.00 2.295417e-10
20240.00 2.295159e-10
20245.00 2.298805e-10
20250.00 2.319450e-10
20255.00 2.315212e-10
20260.00 2.310164e-10
20265.00 2.306057e-10
20270.00 2.292151e-10
20275.00 2.274951e-10
20280.00 2.267529e-10
20285.00 2.249776e-10
20290.00 2.240159e-10
20295.00 2.242058e-10
20300.00 2.226043e-10
20305.00 2.227314e-10
20310.00 2.245097e-10
20315.00 2.267465e-10
20320.00 2.271626e-10
20325.00 2.271134e-10
20330.00 2.273830e-10
20335.00 2.272229e-10
20340.00 2.268678e-10
20345.00 2.267034e-10
20350.00 2.250041e-10
20355.00 2.253674e-10
20360.00 2.255563e-10
20365.00 2.251845e-10
20370.00 2.243500e-10
20375.00 2.240777e-10
20380.00 2.235157e-10
20385.00 2.217758e-10
20390.00 2.225756e-10
20395.00 2.239347e-10
20400.00 2.241879e-10
20405.00 2.234287e-10
20410.00 2.239505e-10
20415.00 2.254377e-10
20420.00 2.246078e-10
20425.00 2.251532e-10
20430.00 2.254966e-10
20435.00 2.243409e-10
20440.00 2.233615e-10
20445.00 2.229895e-10
20450.00 2.221293e-10
20455.00 2.219264e-10
20460.00 2.224147e-10
20465.00 2.224524e-10
20470.00 2.213996e-10
20475.00 2.200260e-10
20480.00 2.198114e-10
20485.00 2.185720e-10
20490.00 2.178928e-10
20495.00 2.177840e-10
20500.00 2.158022e-10
20505.00 2.158631e-10
20510.00 2.159187e-10
20515.00 2.152198e-10
20520.00 2.154029e-10
20525.00 2.156846e-10
20530.00 2.170708e-10
20535.00 2.170992e-10
20540.00 2.162413e-10
20545.00 2.168048e-10
20550.00 2.166200e-10
20555.00 2.162258e-10
20560.00 2.177983e-10
20565.00 2.178608e-10
20570.00 2.178175e-10
20575.00 2.177421e-10
20580.00 2.170213e-10
20585.00 2.175551e-10
20590.00 2.164356e-10
20595.00 2.146690e-10
20600.00 2.131131e-10
20605.00 2.110037e-10
20610.00 2.097101e-10
20615.00 2.118452e-10
20620.00 2.124676e-10
20625.00 2.127469e-10
20630.00 2.095440e-10
20635.00 2.054476e-10
20640.00 2.074759e-10
20645.00 2.095309e-10
20650.00 2.098058e-10
20655.00 2.102678e-10
20660.00 2.112452e-10
20665.00 2.113653e-10
20670.00 2.113713e-10
20675.00 2.107228e-10
20680.00 2.102243e-10
20685.00 2.108491e-10
20690.00 2.107116e-10
20695.00 2.106998e-10
20700.00 2.091910e-10
20705.00 2.064096e-10
20710.00 2.100742e-10
20715.00 2.113343e-10
20720.00 2.094622e-10
20725.00 2.096503e-10
20730.00 2.110582e-10
20735.00 2.094433e-10
20740.00 2.083653e-10
20745.00 2.095547e-10
20750.00 2.102190e-10
20755.00 2.110502e-10
20760.00 2.115856e-10
20765.00 2.103529e-10
20770.00 2.103119e-10
20775.00 2.092200e-10
20780.00 2.075655e-10
20785.00 2.076791e-10
20790.00 2.067765e-10
20795.00 2.057487e-10
20800.00 2.050531e-10
20805.00 2.036148e-10
20810.00 2.016130e-10
20815.00 2.036150e-10
20820.00 2.049131e-10
20825.00 2.058961e-10
20830.00 2.059019e-10
20835.00 2.062691e-10
20840.00 2.066384e-10
20845.00 2.047057e-10
20850.00 2.047825e-10
20855.00 2.060768e-10
20860.00 2.064848e-10
20865.00 2.069991e-10
20870.00 2.076089e-10
20875.00 2.074200e-10
20880.00 2.064507e-10
20885.00 2.056761e-10
20890.00 2.049217e-10
20895.00 2.035981e-10
20900.00 2.032772e-10
20905.00 2.025625e-10
20910.00 2.024538e-10
20915.00 2.017887e-10
20920.00 1.985825e-10
20925.00 1.978375e-10
20930.00 2.001078e-10
20935.00 2.018937e-10
20940.00 2.016857e-10
20945.00 2.015816e-10
20950.00 2.014032e-10
20955.00 2.010926e-10
20960.00 2.008998e-10
20965.00 2.008334e-10
20970.00 2.010730e-10
20975.00 2.008266e-10
20980.00 2.004391e-10
20985.00 2.010352e-10
20990.00 2.010592e-10
20995.00 2.007288e-10
21000.00 2.007244e-10
21005.00 2.005779e-10
21010.00 2.007816e-10
21015.00 2.004247e-10
21020.00 1.998016e-10
21025.00 1.995831e-10
21030.00 1.994966e-10
21035.00 2.003767e-10
21040.00 2.002539e-10
21045.00 2.001602e-10
21050.00 1.992698e-10
21055.00 1.985912e-10
21060.00 1.959662e-10
21065.00 1.905115e-10
21070.00 1.928328e-10
21075.00 1.967429e-10
21080.00 1.973388e-10
21085.00 1.967496e-10
21090.00 1.950493e-10
21095.00 1.932486e-10
21100.00 1.913850e-10
21105.00 1.924078e-10
21110.00 1.926602e-10
21115.00 1.920047e-10
21120.00 1.915427e-10
21125.00 1.909246e-10
21130.00 1.893420e-10
21135.00 1.892614e-10
21140.00 1.888573e-10
21145.00 1.890265e-10
21150.00 1.897202e-10
21155.00 1.905147e-10
21160.00 1.917185e-10
21165.00 1.897200e-10
21170.00 1.871599e-10
21175.00 1.904565e-10
21180.00 1.927391e-10
21185.00 1.933335e-10
21190.00 1.932951e-10
21195.00 1.916900e-10
21200.00 1.906319e-10
21205.00 1.918646e-10
21210.00 1.914985e-10
21215.00 1.907476e-10
21220.00 1.914561e-10
21225.00 1.929425e-10
21230.00 1.926949e-10
21235.00 1.924529e-10
21240.00 1.918138e-10
21245.00 1.905386e-10
21250.00 1.913519e-10
21255.00 1.912715e-10
21260.00 1.908242e-10
21265.00 1.895709e-10
21270.00 1.904069e-10
21275.00 1.911806e-10
21280.00 1.904582e-10
21285.00 1.901763e-10
21290.00 1.901456e-10
21295.00 1.902143e-10
21300.00 1.898105e-10
21305.00 1.898622e-10
21310.00 1.898948e-10
21315.00 1.901999e-10
21320.00 1.902911e-10
21325.00 1.897910e-10
21330.00 1.896256e-10
21335.00 1.901830e-10
21340.00 1.902979e-10
21345.00 1.893709e-10
21350.00 1.883528e-10
21355.00 1.863730e-10
21360.00 1.839796e-10
21365.00 1.870772e-10
21370.00 1.875507e-10
21375.00 1.859693e-10
21380.00 1.860794e-10
21385.00 1.864158e-10
21390.00 1.864466e-10
21395.00 1.864776e-10
21400.00 1.855839e-10
21405.00 1.853935e-10
21410.00 1.857112e-10
21415.00 1.853375e-10
21420.00 1.848762e-10
21425.00 1.843754e-10
21430.00 1.835936e-10
21435.00 1.832436e-10
21440.00 1.840539e-10
21445.00 1.832328e-10
21450.00 1.827699e-10
21455.00 1.828762e-10
21460.00 1.822014e-10
21465.00 1.825167e-10
21470.00 1.834583e-10
21475.00 1.827824e-10
21480.00 1.823507e-10
21485.00 1.819539e-10
21490.00 1.799116e-10
21495.00 1.789619e-10
21500.00 1.797155e-10
21505.00 1.802656e-10
21510.00 1.802002e-10
21515.00 1.803441e-10
21520.00 1.799563e-10
21525.00 1.797452e-10
21530.00 1.802862e-10
21535.00 1.813251e-10
21540.00 1.818803e-10
21545.00 1.821053e-10
21550.00 1.822207e-10
21555.00 1.820744e-10
21560.00 1.815754e-10
21565.00 1.814116e-10
21570.00 1.817049e-10
21575.00 1.818131e-10
21580.00 1.812804e-10
21585.00 1.804900e-10
21590.00 1.801756e-10
21595.00 1.800169e-10
21600.00 1.804914e-10
21605.00 1.803495e-10
21610.00 1.788725e-10
21615.00 1.770319e-10
21620.00 1.745542e-10
21625.00 1.742548e-10
21630.00 1.750757e-10
21635.00 1.758848e-10
21640.00 1.752234e-10
21645.00 1.739759e-10
21650.00 1.707792e-10
21655.00 1.671685e-10
21660.00 1.647674e-10
21665.00 1.637017e-10
21670.00 1.646952e-10
21675.00 1.678925e-10
21680.00 1.707447e-10
21685.00 1.715116e-10
21690.00 1.722747e-10
21695.00 1.731237e-10
21700.00 1.723071e-10
21705.00 1.718971e-10
21710.00 1.723041e-10
21715.00 1.724718e-10
21720.00 1.722481e-10
21725.00 1.722002e-10
21730.00 1.719652e-10
21735.00 1.716507e-10
21740.00 1.724657e-10
21745.00 1.731046e-10
21750.00 1.734338e-10
21755.00 1.736895e-10
21760.00 1.729282e-10
21765.00 1.728810e-10
21770.00 1.734136e-10
21775.00 1.737456e-10
21780.00 1.733760e-10
21785.00 1.707828e-10
21790.00 1.726753e-10
21795.00 1.747392e-10
21800.00 1.752353e-10
21805.00 1.752685e-10
21810.00 1.750607e-10
21815.00 1.751128e-10
21820.00 1.731709e-10
21825.00 1.697447e-10
21830.00 1.698603e-10
21835.00 1.708201e-10
21840.00 1.709802e-10
21845.00 1.707948e-10
21850.00 1.704864e-10
21855.00 1.697280e-10
21860.00 1.696128e-10
21865.00 1.699219e-10
21870.00 1.701896e-10
21875.00 1.694150e-10
21880.00 1.679979e-10
21885.00 1.669624e-10
21890.00 1.688648e-10
21895.00 1.704972e-10
21900.00 1.702449e-10
21905.00 1.705237e-10
21910.00 1.716207e-10
21915.00 1.729727e-10
21920.00 1.731786e-10
21925.00 1.725669e-10
21930.00 1.718058e-10
21935.00 1.712412e-10
21940.00 1.710276e-10
21945.00 1.709621e-10
21950.00 1.703414e-10
21955.00 1.692706e-10
21960.00 1.684913e-10
21965.00 1.675808e-10
21970.00 1.674053e-10
21975.00 1.670009e-10
21980.00 1.661646e-10
21985.00 1.657152e-10
21990.00 1.658555e-10
21995.00 1.658672e-10
22000.00 1.661988e-10
22005.00 1.662417e-10
22010.00 1.662128e-10
22015.00 1.666069e-10
22020.00 1.671674e-10
22025.00 1.680634e-10
22030.00 1.681959e-10
22035.00 1.681055e-10
22040.00 1.679958e-10
22045.00 1.675269e-10
22050.00 1.668707e-10
22055.00 1.655217e-10
22060.00 1.629711e-10
22065.00 1.609074e-10
22070.00 1.608545e-10
22075.00 1.631068e-10
22080.00 1.631416e-10
22085.00 1.625215e-10
22090.00 1.614048e-10
22095.00 1.625978e-10
22100.00 1.633446e-10
22105.00 1.633291e-10
22110.00 1.628982e-10
22115.00 1.629308e-10
22120.00 1.633234e-10
22125.00 1.627623e-10
22130.00 1.627156e-10
22135.00 1.634271e-10
22140.00 1.635108e-10
22145.00 1.635161e-10
22150.00 1.636073e-10
22155.00 1.631394e-10
22160.00 1.626894e-10
22165.00 1.627402e-10
22170.00 1.633281e-10
22175.00 1.632018e-10
22180.00 1.624040e-10
22185.00 1.621022e-10
22190.00 1.624083e-10
22195.00 1.625127e-10
22200.00 1.624013e-10
22205.00 1.627342e-10
22210.00 1.624806e-10
22215.00 1.620900e-10
22220.00 1.623330e-10
22225.00 1.625064e-10
22230.00 1.625656e-10
22235.00 1.623470e-10
22240.00 1.623209e-10
22245.00 1.618876e-10
22250.00 1.612100e-10
22255.00 1.612139e-10
22260.00 1.601433e-10
22265.00 1.587894e-10
22270.00 1.598855e-10
22275.00 1.599008e-10
22280.00 1.598899e-10
22285.00 1.597869e-10
22290.00 1.590688e-10
22295.00 1.586119e-10
22300.00 1.580137e-10
22305.00 1.576837e-10
22310.00 1.569110e-10
22315.00 1.559883e-10
22320.00 1.556437e-10
22325.00 1.557866e-10
22330.00 1.559947e-10
22335.00 1.563319e-10
22340.00 1.560972e-10
22345.00 1.557060e-10
22350.00 1.562711e-10
22355.00 1.563683e-10
22360.00 1.556803e-10
22365.00 1.552730e-10
22370.00 1.555979e-10
22375.00 1.555195e-10
22380.00 1.548926e-10
22385.00 1.535325e-10
22390.00 1.535913e-10
22395.00 1.549601e-10
22400.00 1.555658e-10
22405.00 1.558183e-10
22410.00 1.559876e-10
22415.00 1.559431e-10
22420.00 1.555085e-10
22425.00 1.547797e-10
22430.00 1.550189e-10
22435.00 1.557553e-10
22440.00 1.558689e-10
22445.00 1.561146e-10
22450.00 1.567540e-10
22455.00 1.566988e-10
22460.00 1.564740e-10
22465.00 1.566497e-10
22470.00 1.562110e-10
22475.00 1.548815e-10
22480.00 1.535444e-10
22485.00 1.549125e-10
22490.00 1.559359e-10
22495.00 1.555482e-10
22500.00 1.546755e-10
22505.00 1.541384e-10
22510.00 1.536601e-10
22515.00 1.527205e-10
22520.00 1.521337e-10
22525.00 1.517291e-10
22530.00 1.513194e-10
22535.00 1.509436e-10
22540.00 1.499678e-10
22545.00 1.490852e-10
22550.00 1.496416e-10
22555.00 1.492311e-10
22560.00 1.482919e-10
22565.00 1.480123e-10
22570.00 1.480734e-10
22575.00 1.490831e-10
22580.00 1.492422e-10
22585.00 1.492040e-10
22590.00 1.496150e-10
22595.00 1.499875e-10
22600.00 1.497657e-10
22605.00 1.499755e-10
22610.00 1.497222e-10
22615.00 1.489247e-10
22620.00 1.491998e-10
22625.00 1.478473e-10
22630.00 1.473086e-10
22635.00 1.490977e-10
22640.00 1.508890e-10
22645.00 1.510879e-10
22650.00 1.502772e-10
22655.00 1.495313e-10
22660.00 1.495034e-10
22665.00 1.502287e-10
22670.00 1.495009e-10
22675.00 1.494777e-10
22680.00 1.497553e-10
22685.00 1.490779e-10
22690.00 1.488961e-10
22695.00 1.490477e-10
22700.00 1.485860e-10
22705.00 1.479365e-10
22710.00 1.476102e-10
22715.00 1.469215e-10
22720.00 1.469229e-10
22725.00 1.466603e-10
22730.00 1.463740e-10
22735.00 1.464785e-10
22740.00 1.459698e-10
22745.00 1.451734e-10
22750.00 1.454610e-10
22755.00 1.456455e-10
22760.00 1.453893e-10
22765.00 1.455634e-10
22770.00 1.455141e-10
22775.00 1.454289e-10
22780.00 1.454016e-10
22785.00 1.455543e-10
22790.00 1.456351e-10
22795.00 1.453318e-10
22800.00 1.447444e-10
22805.00 1.442482e-10
22810.00 1.415350e-10
22815.00 1.391483e-10
22820.00 1.415933e-10
22825.00 1.429842e-10
22830.00 1.431091e-10
22835.00 1.434454e-10
22840.00 1.439212e-10
22845.00 1.446379e-10
22850.00 1.444765e-10
22855.00 1.445299e-10
22860.00 1.448245e-10
22865.00 1.450545e-10
22870.00 1.449984e-10
22875.00 1.446308e-10
22880.00 1.445343e-10
22885.00 1.446607e-10
22890.00 1.441758e-10
22895.00 1.435591e-10
22900.00 1.430296e-10
22905.00 1.423926e-10
22910.00 1.415947e-10
22915.00 1.417487e-10
22920.00 1.421613e-10
22925.00 1.417287e-10
22930.00 1.406547e-10
22935.00 1.386940e-10
22940.00 1.378822e-10
22945.00 1.387729e-10
22950.00 1.389014e-10
22955.00 1.387685e-10
22960.00 1.384858e-10
22965.00 1.387966e-10
22970.00 1.395172e-10
22975.00 1.403507e-10
22980.00 1.402975e-10
22985.00 1.398455e-10
22990.00 1.397644e-10
22995.00 1.405475e-10
23000.00 1.407688e-10
23005.00 1.401904e-10
23010.00 1.407638e-10
23015.00 1.413147e-10
23020.00 1.408191e-10
23025.00 1.403374e-10
23030.00 1.401568e-10
23035.00 1.404335e-10
23040.00 1.405487e-10
23045.00 1.399668e-10
23050.00 1.396391e-10
23055.00 1.398526e-10
23060.00 1.396604e-10
23065.00 1.393062e-10
23070.00 1.388887e-10
23075.00 1.388866e-10
23080.00 1.385307e-10
23085.00 1.385759e-10
23090.00 1.384381e-10
23095.00 1.381395e-10
23100.00 1.381578e-10
23105.00 1.381803e-10
23110.00 1.376040e-10
23115.00 1.376496e-10
23120.00 1.374069e-10
23125.00 1.371127e-10
23130.00 1.373043e-10
23135.00 1.370028e-10
23140.00 1.367606e-10
23145.00 1.359846e-10
23150.00 1.350214e-10
23155.00 1.357323e-10
23160.00 1.361515e-10
23165.00 1.354506e-10
23170.00 1.345620e-10
23175.00 1.341149e-10
23180.00 1.338497e-10
23185.00 1.339452e-10
23190.00 1.341358e-10
23195.00 1.349663e-10
23200.00 1.355446e-10
23205.00 1.352400e-10
23210.00 1.345652e-10
23215.00 1.344147e-10
23220.00 1.336129e-10
23225.00 1.317869e-10
23230.00 1.307923e-10
23235.00 1.312788e-10
23240.00 1.314777e-10
23245.00 1.317881e-10
23250.00 1.320342e-10
23255.00 1.320830e-10
23260.00 1.326953e-10
23265.00 1.332098e-10
23270.00 1.331448e-10
23275.00 1.331217e-10
23280.00 1.331084e-10
23285.00 1.329690e-10
23290.00 1.331612e-10
23295.00 1.332713e-10
23300.00 1.332476e-10
23305.00 1.335904e-10
23310.00 1.335314e-10
23315.00 1.331659e-10
23320.00 1.331671e-10
23325.00 1.331752e-10
23330.00 1.326953e-10
23335.00 1.325243e-10
23340.00 1.327297e-10
23345.00 1.329119e-10
23350.00 1.320095e-10
23355.00 1.309556e-10
23360.00 1.318435e-10
23365.00 1.321666e-10
23370.00 1.315774e-10
23375.00 1.315490e-10
23380.00 1.306128e-10
23385.00 1.293161e-10
23390.00 1.300771e-10
23395.00 1.315515e-10
23400.00 1.315512e-10
23405.00 1.312154e-10
23410.00 1.311133e-10
23415.00 1.308574e-10
23420.00 1.313988e-10
23425.00 1.315205e-10
23430.00 1.313744e-10
23435.00 1.314754e-10
23440.00 1.317058e-10
23445.00 1.317512e-10
23450.00 1.309588e-10
23455.00 1.307308e-10
23460.00 1.312865e-10
23465.00 1.310091e-10
23470.00 1.302743e-10
23475.00 1.297926e-10
23480.00 1.286509e-10
23485.00 1.278632e-10
23490.00 1.279801e-10
23495.00 1.279224e-10
23500.00 1.279159e-10
23505.00 1.271075e-10
23510.00 1.260860e-10
23515.00 1.261420e-10
23520.00 1.257585e-10
23525.00 1.236018e-10
23530.00 1.225696e-10
23535.00 1.225609e-10
23540.00 1.225497e-10
23545.00 1.226889e-10
23550.00 1.232645e-10
23555.00 1.235642e-10
23560.00 1.233178e-10
23565.00 1.239556e-10
23570.00 1.244518e-10
23575.00 1.245759e-10
23580.00 1.251748e-10
23585.00 1.254351e-10
23590.00 1.260167e-10
23595.00 1.267216e-10
23600.00 1.275531e-10
23605.00 1.285120e-10
23610.00 1.286991e-10
23615.00 1.286209e-10
23620.00 1.288078e-10
23625.00 1.290117e-10
23630.00 1.285664e-10
23635.00 1.280729e-10
23640.00 1.282040e-10
23645.00 1.277417e-10
23650.00 1.271373e-10
23655.00 1.265626e-10
23660.00 1.263141e-10
23665.00 1.256289e-10
23670.00 1.245721e-10
23675.00 1.236433e-10
23680.00 1.232962e-10
23685.00 1.225505e-10
23690.00 1.221486e-10
23695.00 1.222933e-10
23700.00 1.221587e-10
23705.00 1.223445e-10
23710.00 1.226719e-10
23715.00 1.231974e-10
23720.00 1.235912e-10
23725.00 1.235383e-10
23730.00 1.241395e-10
23735.00 1.254369e-10
23740.00 1.260039e-10
23745.00 1.263359e-10
23750.00 1.268933e-10
23755.00 1.273405e-10
23760.00 1.273270e-10
23765.00 1.269529e-10
23770.00 1.264100e-10
23775.00 1.260293e-10
23780.00 1.254154e-10
23785.00 1.246812e-10
23790.00 1.241601e-10
23795.00 1.232685e-10
23800.00 1.225464e-10
23805.00 1.223290e-10
23810.00 1.218709e-10
23815.00 1.215120e-10
23820.00 1.211781e-10
23825.00 1.198996e-10
23830.00 1.176367e-10
23835.00 1.169012e-10
23840.00 1.173036e-10
23845.00 1.163929e-10
23850.00 1.153852e-10
23855.00 1.161827e-10
23860.00 1.169602e-10
23865.00 1.168157e-10
23870.00 1.179122e-10
23875.00 1.188538e-10
23880.00 1.193362e-10
23885.00 1.200623e-10
23890.00 1.201877e-10
23895.00 1.197708e-10
23900.00 1.195817e-10
23905.00 1.196347e-10
23910.00 1.194596e-10
23915.00 1.192788e-10
23920.00 1.192750e-10
23925.00 1.185268e-10
23930.00 1.179288e-10
23935.00 1.183928e-10
23940.00 1.187043e-10
23945.00 1.183577e-10
23950.00 1.182041e-10
23955.00 1.179756e-10
23960.00 1.177750e-10
23965.00 1.176091e-10
23970.00 1.172344e-10
23975.00 1.176650e-10
23980.00 1.179052e-10
23985.00 1.183432e-10
23990.00 1.186645e-10
23995.00 1.187925e-10
24000.00 1.184213e-10
24005.00 1.180878e-10
24010.00 1.188088e-10
24015.00 1.192703e-10
24020.00 1.190051e-10
24025.00 1.188203e-10
24030.00 1.189842e-10
24035.00 1.187025e-10
24040.00 1.177378e-10
24045.00 1.180822e-10
24050.00 1.185338e-10
24055.00 1.176351e-10
24060.00 1.173194e-10
24065.00 1.185817e-10
24070.00 1.190049e-10
24075.00 1.176354e-10
24080.00 1.169426e-10
24085.00 1.165318e-10
24090.00 1.177928e-10
24095.00 1.182239e-10
24100.00 1.194821e-10
24105.00 1.195485e-10
24110.00 1.193294e-10
24115.00 1.190392e-10
24120.00 1.186730e-10
24125.00 1.182281e-10
24130.00 1.177075e-10
24135.00 1.171184e-10
24140.00 1.164728e-10
24145.00 1.157916e-10
24150.00 1.150986e-10
24155.00 1.144145e-10
24160.00 1.137698e-10
24165.00 1.131934e-10
24170.00 1.127111e-10
24175.00 1.123439e-10
24180.00 1.121108e-10
24185.00 1.120276e-10
24190.00 1.120963e-10
24195.00 1.123152e-10
24200.00 1.126731e-10
24205.00 1.131578e-10
24210.00 1.137399e-10
24215.00 1.143857e-10
24220.00 1.150709e-10
24225.00 1.157740e-10
24230.00 1.164656e-10
24235.00 1.170914e-10
24240.00 1.175933e-10
24245.00 1.179578e-10
24250.00 1.181963e-10
24255.00 1.183068e-10
24260.00 1.182764e-10
24265.00 1.180962e-10
24270.00 1.177734e-10
24275.00 1.173298e-10
24280.00 1.167831e-10
24285.00 1.161591e-10
24290.00 1.154823e-10
24295.00 1.147821e-10
24300.00 1.140800e-10
24305.00 1.134052e-10
24310.00 1.127801e-10
24315.00 1.122180e-10
24320.00 1.117376e-10
24325.00 1.113502e-10
24330.00 1.110574e-10
24335.00 1.108618e-10
24340.00 1.107632e-10
24345.00 1.107549e-10
24350.00 1.108292e-10
24355.00 1.109727e-10
24360.00 1.111736e-10
24365.00 1.114188e-10
24370.00 1.116957e-10
24375.00 1.119919e-10
24380.00 1.122987e-10
24385.00 1.126092e-10
24390.00 1.129174e-10
24395.00 1.132258e-10
24400.00 1.135372e-10
24405.00 1.138529e-10
24410.00 1.141759e-10
24415.00 1.145125e-10
24420.00 1.148610e-10
24425.00 1.152248e-10
24430.00 1.155938e-10
24435.00 1.159610e-10
24440.00 1.163102e-10
24445.00 1.166220e-10
24450.00 1.168728e-10
24455.00 1.170406e-10
24460.00 1.171059e-10
24465.00 1.170433e-10
24470.00 1.168419e-10
24475.00 1.164868e-10
24480.00 1.159771e-10
24485.00 1.153188e-10
24490.00 1.145209e-10
24495.00 1.136010e-10
24500.00 1.126343e-10
24505.00 1.119075e-10
24510.00 1.113108e-10
24515.00 1.107389e-10
24520.00 1.101846e-10
24525.00 1.096676e-10
24530.00 1.091993e-10
24535.00 1.087978e-10
24540.00 1.084679e-10
24545.00 1.082066e-10
24550.00 1.080134e-10
24555.00 1.079042e-10
24560.00 1.079003e-10
24565.00 1.079975e-10
24570.00 1.081666e-10
24575.00 1.083722e-10
24580.00 1.086064e-10
24585.00 1.088585e-10
24590.00 1.091161e-10
24595.00 1.093571e-10
24600.00 1.095639e-10
24605.00 1.097159e-10
24610.00 1.098089e-10
24615.00 1.098338e-10
24620.00 1.097869e-10
24625.00 1.096720e-10
24630.00 1.094955e-10
24635.00 1.092651e-10
24640.00 1.089916e-10
24645.00 1.086883e-10
24650.00 1.083656e-10
24655.00 1.080439e-10
24660.00 1.077313e-10
24665.00 1.074468e-10
24670.00 1.072016e-10
24675.00 1.070070e-10
24680.00 1.068711e-10
24685.00 1.068054e-10
24690.00 1.068102e-10
24695.00 1.068884e-10
24700.00 1.070333e-10
24705.00 1.072411e-10
24710.00 1.074971e-10
24715.00 1.077866e-10
24720.00 1.080858e-10
24725.00 1.083796e-10
24730.00 1.086453e-10
24735.00 1.088647e-10
24740.00 1.090224e-10
24745.00 1.091090e-10
24750.00 1.091198e-10
24755.00 1.090551e-10
24760.00 1.089187e-10
24765.00 1.087205e-10
24770.00 1.084692e-10
24775.00 1.081805e-10
24780.00 1.078645e-10
24785.00 1.075389e-10
24790.00 1.072112e-10
24795.00 1.068943e-10
24800.00 1.066014e-10
24805.00 1.063384e-10
24810.00 1.061142e-10
24815.00 1.059333e-10
24820.00 1.057964e-10
24825.00 1.057092e-10
24830.00 1.056684e-10
24835.00 1.056670e-10
24840.00 1.056951e-10
24845.00 1.057445e-10
24850.00 1.058037e-10
24855.00 1.058564e-10
24860.00 1.058878e-10
24865.00 1.058897e-10
24870.00 1.058502e-10
24875.00 1.057703e-10
24880.00 1.056485e-10
24885.00 1.054923e-10
24890.00 1.053022e-10
24895.00 1.050912e-10
24900.00 1.048804e-10
24905.00 1.046892e-10
24910.00 1.045280e-10
24915.00 1.044099e-10
24920.00 1.043451e-10
24925.00 1.043393e-10
24930.00 1.044005e-10
24935.00 1.045272e-10
24940.00 1.047191e-10
24945.00 1.049758e-10
24950.00 1.052921e-10
24955.00 1.056530e-10
24960.00 1.060445e-10
24965.00 1.064440e-10
24970.00 1.068273e-10
24975.00 1.071638e-10
24980.00 1.074214e-10
24985.00 1.074272e-10
24990.00 1.065675e-10
24995.00 1.062963e-10
25000.00 7.962518e-11
