# Star: O5V: Pickles (1998) UVK stellar library, STScI CDBS. O5V main-sequence star.
# wavelength[A] f_lambda[relative]
1150.00 3.042981e-08
1155.00 3.406693e-08
1160.00 2.879643e-08
1165.00 2.550417e-08
1170.00 2.303628e-08
1175.00 2.320863e-08
1180.00 2.450820e-08
1185.00 2.262172e-08
1190.00 1.695987e-08
1195.00 1.356154e-08
1200.00 1.223286e-08
1205.00 1.099307e-08
1210.00 1.212747e-08
1215.00 1.284817e-08
1220.00 8.928396e-09
1225.00 6.041532e-09
1230.00 7.105036e-09
1235.00 1.268816e-08
1240.00 2.448341e-08
1245.00 3.359172e-08
1250.00 3.167960e-08
1255.00 2.852886e-08
1260.00 2.837472e-08
1265.00 3.057782e-08
1270.00 3.306044e-08
1275.00 3.402072e-08
1280.00 3.465609e-08
1285.00 3.637428e-08
1290.00 3.801987e-08
1295.00 3.783875e-08
1300.00 3.490312e-08
1305.00 3.366495e-08
1310.00 3.638333e-08
1315.00 3.791705e-08
1320.00 3.794494e-08
1325.00 3.821186e-08
1330.00 3.648664e-08
1335.00 3.377377e-08
1340.00 3.453019e-08
1345.00 3.830856e-08
1350.00 4.018598e-08
1355.00 3.947315e-08
1360.00 3.724115e-08
1365.00 3.569566e-08
1370.00 3.522938e-08
1375.00 3.502394e-08
1380.00 3.517379e-08
1385.00 3.151603e-08
1390.00 3.137099e-08
1395.00 3.497575e-08
1400.00 4.033823e-08
1405.00 4.269235e-08
1410.00 4.227706e-08
1415.00 4.138259e-08
1420.00 4.096235e-08
1425.00 4.226699e-08
1430.00 4.242428e-08
1435.00 4.414320e-08
1440.00 4.274817e-08
1445.00 4.104345e-08
1450.00 3.982241e-08
1455.00 3.875362e-08
1460.00 3.943906e-08
1465.00 4.183423e-08
1470.00 4.501740e-08
1475.00 4.684927e-08
1480.00 4.875673e-08
1485.00 5.059027e-08
1490.00 5.184209e-08
1495.00 5.025245e-08
1500.00 4.751874e-08
1505.00 4.848040e-08
1510.00 5.016571e-08
1515.00 4.977781e-08
1520.00 4.922303e-08
1525.00 4.557683e-08
1530.00 3.455065e-08
1535.00 1.933969e-08
1540.00 1.617838e-08
1545.00 3.106262e-08
1550.00 5.511505e-08
1555.00 6.703151e-08
1560.00 5.996364e-08
1565.00 5.150227e-08
1570.00 4.925070e-08
1575.00 4.976062e-08
1580.00 4.924163e-08
1585.00 4.783725e-08
1590.00 4.677592e-08
1595.00 4.582592e-08
1600.00 4.428454e-08
1605.00 4.265198e-08
1610.00 4.106752e-08
1615.00 4.115750e-08
1620.00 4.112129e-08
1625.00 4.139585e-08
1630.00 4.183181e-08
1635.00 4.260403e-08
1640.00 4.372368e-08
1645.00 4.548775e-08
1650.00 4.460162e-08
1655.00 4.121155e-08
1660.00 4.056530e-08
1665.00 4.246642e-08
1670.00 4.217569e-08
1675.00 4.254674e-08
1680.00 4.447744e-08
1685.00 4.495936e-08
1690.00 4.436695e-08
1695.00 4.381724e-08
1700.00 4.279834e-08
1705.00 4.095934e-08
1710.00 3.738962e-08
1715.00 3.558608e-08
1720.00 3.909798e-08
1725.00 4.271552e-08
1730.00 4.345111e-08
1735.00 4.369971e-08
1740.00 4.331918e-08
1745.00 4.275553e-08
1750.00 4.227810e-08
1755.00 4.242790e-08
1760.00 4.237554e-08
1765.00 4.169465e-08
1770.00 4.136952e-08
1775.00 4.176456e-08
1780.00 4.106619e-08
1785.00 3.792857e-08
1790.00 3.443450e-08
1795.00 3.632016e-08
1800.00 3.774944e-08
1805.00 3.695110e-08
1810.00 3.640928e-08
1815.00 3.717433e-08
1820.00 3.739766e-08
1825.00 3.682458e-08
1830.00 3.620245e-08
1835.00 3.566630e-08
1840.00 3.490210e-08
1845.00 3.429033e-08
1850.00 3.315854e-08
1855.00 3.195354e-08
1860.00 3.185392e-08
1865.00 3.207426e-08
1870.00 3.165381e-08
1875.00 3.088922e-08
1880.00 3.053143e-08
1885.00 2.984566e-08
1890.00 2.935540e-08
1895.00 2.893016e-08
1900.00 2.817210e-08
1905.00 2.727555e-08
1910.00 2.678381e-08
1915.00 2.591234e-08
1920.00 2.476975e-08
1925.00 2.419695e-08
1930.00 2.423096e-08
1935.00 2.400387e-08
1940.00 2.354754e-08
1945.00 2.299096e-08
1950.00 2.243239e-08
1955.00 2.163533e-08
1960.00 2.070667e-08
1965.00 2.004862e-08
1970.00 1.954247e-08
1975.00 1.958210e-08
1980.00 1.916827e-08
1985.00 1.861081e-08
1990.00 1.738306e-08
1995.00 1.661797e-08
2000.00 1.712893e-08
2005.00 1.654015e-08
2010.00 1.565629e-08
2015.00 1.551802e-08
2020.00 1.520399e-08
2025.00 1.445241e-08
2030.00 1.409353e-08
2035.00 1.417159e-08
2040.00 1.370380e-08
2045.00 1.324464e-08
2050.00 1.312061e-08
2055.00 1.304678e-08
2060.00 1.180733e-08
2065.00 1.146474e-08
2070.00 1.247624e-08
2075.00 1.213209e-08
2080.00 1.226914e-08
2085.00 1.174078e-08
2090.00 1.090666e-08
2095.00 9.977657e-09
2100.00 8.980947e-09
2105.00 9.055380e-09
2110.00 9.670699e-09
2115.00 9.575727e-09
2120.00 9.036569e-09
2125.00 9.238869e-09
2130.00 9.268306e-09
2135.00 8.296646e-09
2140.00 7.920711e-09
2145.00 7.730305e-09
2150.00 7.557193e-09
2155.00 7.758570e-09
2160.00 7.844167e-09
2165.00 7.578942e-09
2170.00 7.227018e-09
2175.00 6.597246e-09
2180.00 6.029120e-09
2185.00 5.980840e-09
2190.00 6.223406e-09
2195.00 6.732572e-09
2200.00 6.989761e-09
2205.00 7.069248e-09
2210.00 6.798485e-09
2215.00 6.847849e-09
2220.00 6.988013e-09
2225.00 7.298873e-09
2230.00 7.607629e-09
2235.00 7.434350e-09
2240.00 7.414620e-09
2245.00 7.656041e-09
2250.00 8.472375e-09
2255.00 9.126163e-09
2260.00 8.800225e-09
2265.00 8.513278e-09
2270.00 9.062398e-09
2275.00 8.884238e-09
2280.00 8.765531e-09
2285.00 8.961464e-09
2290.00 9.361471e-09
2295.00 9.748717e-09
2300.00 9.835810e-09
2305.00 1.038994e-08
2310.00 1.129321e-08
2315.00 1.148598e-08
2320.00 1.092746e-08
2325.00 1.140586e-08
2330.00 1.240651e-08
2335.00 1.297433e-08
2340.00 1.283129e-08
2345.00 1.287385e-08
2350.00 1.320857e-08
2355.00 1.331187e-08
2360.00 1.342582e-08
2365.00 1.339969e-08
2370.00 1.390061e-08
2375.00 1.426067e-08
2380.00 1.461138e-08
2385.00 1.468757e-08
2390.00 1.440692e-08
2395.00 1.489858e-08
2400.00 1.585737e-08
2405.00 1.573619e-08
2410.00 1.558588e-08
2415.00 1.568494e-08
2420.00 1.597168e-08
2425.00 1.662090e-08
2430.00 1.735852e-08
2435.00 1.735748e-08
2440.00 1.746117e-08
2445.00 1.803940e-08
2450.00 1.819029e-08
2455.00 1.918950e-08
2460.00 2.017237e-08
2465.00 2.024350e-08
2470.00 1.931088e-08
2475.00 1.890498e-08
2480.00 1.891925e-08
2485.00 1.918516e-08
2490.00 1.930606e-08
2495.00 1.896628e-08
2500.00 1.960142e-08
2505.00 1.970731e-08
2510.00 1.954241e-08
2515.00 1.944204e-08
2520.00 1.950860e-08
2525.00 2.003464e-08
2530.00 2.094461e-08
2535.00 2.143438e-08
2540.00 2.118533e-08
2545.00 2.107310e-08
2550.00 2.151495e-08
2555.00 2.135223e-08
2560.00 2.124663e-08
2565.00 2.189586e-08
2570.00 2.220700e-08
2575.00 2.156490e-08
2580.00 1.876984e-08
2585.00 1.736888e-08
2590.00 1.887926e-08
2595.00 2.034042e-08
2600.00 2.068922e-08
2605.00 2.114643e-08
2610.00 2.158313e-08
2615.00 2.259032e-08
2620.00 2.318344e-08
2625.00 2.334811e-08
2630.00 2.333751e-08
2635.00 2.315153e-08
2640.00 2.239891e-08
2645.00 2.250299e-08
2650.00 2.307295e-08
2655.00 2.324860e-08
2660.00 2.299798e-08
2665.00 2.271776e-08
2670.00 2.285756e-08
2675.00 2.297847e-08
2680.00 2.305861e-08
2685.00 2.327740e-08
2690.00 2.363407e-08
2695.00 2.307439e-08
2700.00 2.281759e-08
2705.00 2.307771e-08
2710.00 2.315889e-08
2715.00 2.293454e-08
2720.00 2.291962e-08
2725.00 2.304790e-08
2730.00 2.357557e-08
2735.00 2.375234e-08
2740.00 2.366953e-08
2745.00 2.349882e-08
2750.00 2.377733e-08
2755.00 2.370944e-08
2760.00 2.429492e-08
2765.00 2.482202e-08
2770.00 2.442650e-08
2775.00 2.386040e-08
2780.00 2.376632e-08
2785.00 2.349603e-08
2790.00 2.311080e-08
2795.00 2.214563e-08
2800.00 2.142595e-08
2805.00 2.225309e-08
2810.00 2.389525e-08
2815.00 2.453852e-08
2820.00 2.447182e-08
2825.00 2.392384e-08
2830.00 2.378422e-08
2835.00 2.423206e-08
2840.00 2.459127e-08
2845.00 2.423146e-08
2850.00 2.390039e-08
2855.00 2.358795e-08
2860.00 2.396996e-08
2865.00 2.448669e-08
2870.00 2.451330e-08
2875.00 2.449433e-08
2880.00 2.437580e-08
2885.00 2.458131e-08
2890.00 2.495471e-08
2895.00 2.506278e-08
2900.00 2.484206e-08
2905.00 2.448305e-08
2910.00 2.466763e-08
2915.00 2.492534e-08
2920.00 2.511666e-08
2925.00 2.507547e-08
2930.00 2.488803e-08
2935.00 2.457672e-08
2940.00 2.460330e-08
2945.00 2.489053e-08
2950.00 2.488013e-08
2955.00 2.522244e-08
2960.00 2.539497e-08
2965.00 2.504655e-08
2970.00 2.503189e-08
2975.00 2.515102e-08
2980.00 2.534555e-08
2985.00 2.503804e-08
2990.00 2.491251e-08
2995.00 2.458887e-08
3000.00 2.448795e-08
3005.00 2.451783e-08
3010.00 2.497319e-08
3015.00 2.508386e-08
3020.00 2.464587e-08
3025.00 2.403670e-08
3030.00 2.414432e-08
3035.00 2.446656e-08
3040.00 2.479524e-08
3045.00 2.457639e-08
3050.00 2.442890e-08
3055.00 2.452462e-08
3060.00 2.386219e-08
3065.00 2.356964e-08
3070.00 2.393972e-08
3075.00 2.406905e-08
3080.00 2.499267e-08
3085.00 2.588488e-08
3090.00 2.589226e-08
3095.00 2.564402e-08
3100.00 2.611552e-08
3105.00 2.640855e-08
3110.00 2.619902e-08
3115.00 2.617109e-08
3120.00 2.632711e-08
3125.00 2.689094e-08
3130.00 2.696923e-08
3135.00 2.676464e-08
3140.00 2.697196e-08
3145.00 2.785244e-08
3150.00 2.829936e-08
3155.00 2.814928e-08
3160.00 2.765222e-08
3165.00 2.800403e-08
3170.00 2.846151e-08
3175.00 2.871849e-08
3180.00 2.837495e-08
3185.00 2.775490e-08
3190.00 2.774426e-08
3195.00 2.683429e-08
3200.00 2.535487e-08
3205.00 2.609976e-08
3210.00 2.690972e-08
3215.00 2.640434e-08
3220.00 2.559920e-08
3225.00 2.570465e-08
3230.00 2.623417e-08
3235.00 2.633553e-08
3240.00 2.595920e-08
3245.00 2.544170e-08
3250.00 2.525638e-08
3255.00 2.558991e-08
3260.00 2.579536e-08
3265.00 2.531612e-08
3270.00 2.464385e-08
3275.00 2.435890e-08
3280.00 2.422295e-08
3285.00 2.387179e-08
3290.00 2.344882e-08
3295.00 2.316333e-08
3300.00 2.287720e-08
3305.00 2.246529e-08
3310.00 2.218666e-08
3315.00 2.228325e-08
3320.00 2.255718e-08
3325.00 2.268770e-08
3330.00 2.249454e-08
3335.00 2.201773e-08
3340.00 2.170391e-08
3345.00 2.185752e-08
3350.00 2.203051e-08
3355.00 2.177812e-08
3360.00 2.140796e-08
3365.00 2.129267e-08
3370.00 2.121846e-08
3375.00 2.092201e-08
3380.00 2.060671e-08
3385.00 2.051553e-08
3390.00 2.051514e-08
3395.00 2.040542e-08
3400.00 2.020146e-08
3405.00 2.000252e-08
3410.00 1.990034e-08
3415.00 1.993600e-08
3420.00 2.003142e-08
3425.00 2.008212e-08
3430.00 2.003509e-08
3435.00 1.990239e-08
3440.00 1.980745e-08
3445.00 1.983902e-08
3450.00 1.988877e-08
3455.00 1.982457e-08
3460.00 1.964927e-08
3465.00 1.940106e-08
3470.00 1.907545e-08
3475.00 1.870288e-08
3480.00 1.844751e-08
3485.00 1.844598e-08
3490.00 1.862291e-08
3495.00 1.880814e-08
3500.00 1.880615e-08
3505.00 1.859927e-08
3510.00 1.867634e-08
3515.00 1.874989e-08
3520.00 1.873649e-08
3525.00 1.862627e-08
3530.00 1.844890e-08
3535.00 1.835158e-08
3540.00 1.826290e-08
3545.00 1.815408e-08
3550.00 1.803091e-08
3555.00 1.787340e-08
3560.00 1.770500e-08
3565.00 1.758319e-08
3570.00 1.745610e-08
3575.00 1.719425e-08
3580.00 1.697625e-08
3585.00 1.683020e-08
3590.00 1.676230e-08
3595.00 1.673016e-08
3600.00 1.667684e-08
3605.00 1.664538e-08
3610.00 1.672568e-08
3615.00 1.665816e-08
3620.00 1.655502e-08
3625.00 1.656315e-08
3630.00 1.661384e-08
3635.00 1.664952e-08
3640.00 1.664671e-08
3645.00 1.662254e-08
3650.00 1.664076e-08
3655.00 1.679077e-08
3660.00 1.681986e-08
3665.00 1.669024e-08
3670.00 1.648436e-08
3675.00 1.625529e-08
3680.00 1.607772e-08
3685.00 1.604254e-08
3690.00 1.596666e-08
3695.00 1.586617e-08
3700.00 1.573826e-08
3705.00 1.560232e-08
3710.00 1.562664e-08
3715.00 1.570947e-08
3720.00 1.560710e-08
3725.00 1.540277e-08
3730.00 1.532064e-08
3735.00 1.542725e-08
3740.00 1.555759e-08
3745.00 1.535816e-08
3750.00 1.493154e-08
3755.00 1.469756e-08
3760.00 1.467202e-08
3765.00 1.460874e-08
3770.00 1.454908e-08
3775.00 1.508752e-08
3780.00 1.564961e-08
3785.00 1.562240e-08
3790.00 1.520551e-08
3795.00 1.471483e-08
3800.00 1.479745e-08
3805.00 1.535024e-08
3810.00 1.569236e-08
3815.00 1.574687e-08
3820.00 1.558676e-08
3825.00 1.523359e-08
3830.00 1.455264e-08
3835.00 1.411742e-08
3840.00 1.454897e-08
3845.00 1.503547e-08
3850.00 1.514557e-08
3855.00 1.503983e-08
3860.00 1.495769e-08
3865.00 1.483899e-08
3870.00 1.473422e-08
3875.00 1.453291e-08
3880.00 1.393754e-08
3885.00 1.312178e-08
3890.00 1.304577e-08
3895.00 1.378008e-08
3900.00 1.435230e-08
3905.00 1.446140e-08
3910.00 1.430947e-08
3915.00 1.406523e-08
3920.00 1.384683e-08
3925.00 1.369348e-08
3930.00 1.352189e-08
3935.00 1.353986e-08
3940.00 1.376700e-08
3945.00 1.383711e-08
3950.00 1.375376e-08
3955.00 1.346463e-08
3960.00 1.280151e-08
3965.00 1.187291e-08
3970.00 1.153427e-08
3975.00 1.223519e-08
3980.00 1.284681e-08
3985.00 1.298247e-08
3990.00 1.287697e-08
3995.00 1.277535e-08
4000.00 1.269226e-08
4005.00 1.260571e-08
4010.00 1.249985e-08
4015.00 1.233848e-08
4020.00 1.206432e-08
4025.00 1.181881e-08
4030.00 1.184538e-08
4035.00 1.196687e-08
4040.00 1.209676e-08
4045.00 1.216966e-08
4050.00 1.218424e-08
4055.00 1.209830e-08
4060.00 1.203163e-08
4065.00 1.194334e-08
4070.00 1.180032e-08
4075.00 1.173601e-08
4080.00 1.165534e-08
4085.00 1.146374e-08
4090.00 1.112973e-08
4095.00 1.049402e-08
4100.00 9.969438e-09
4105.00 1.031912e-08
4110.00 1.094551e-08
4115.00 1.120608e-08
4120.00 1.125371e-08
4125.00 1.123552e-08
4130.00 1.120608e-08
4135.00 1.113835e-08
4140.00 1.106236e-08
4145.00 1.101049e-08
4150.00 1.096896e-08
4155.00 1.095236e-08
4160.00 1.090281e-08
4165.00 1.083519e-08
4170.00 1.077883e-08
4175.00 1.074095e-08
4180.00 1.069690e-08
4185.00 1.058982e-08
4190.00 1.037975e-08
4195.00 1.011340e-08
4200.00 9.971846e-09
4205.00 1.009924e-08
4210.00 1.020768e-08
4215.00 1.020676e-08
4220.00 1.018782e-08
4225.00 1.016239e-08
4230.00 1.011840e-08
4235.00 1.002936e-08
4240.00 9.959415e-09
4245.00 9.944393e-09
4250.00 9.926751e-09
4255.00 9.848896e-09
4260.00 9.747610e-09
4265.00 9.669331e-09
4270.00 9.638238e-09
4275.00 9.610440e-09
4280.00 9.569058e-09
4285.00 9.524964e-09
4290.00 9.478677e-09
4295.00 9.463106e-09
4300.00 9.446407e-09
4305.00 9.421981e-09
4310.00 9.421166e-09
4315.00 9.387240e-09
4320.00 9.311882e-09
4325.00 9.178962e-09
4330.00 8.818473e-09
4335.00 8.235501e-09
4340.00 7.925260e-09
4345.00 8.292194e-09
4350.00 8.752439e-09
4355.00 8.980576e-09
4360.00 9.027365e-09
4365.00 8.999580e-09
4370.00 8.952193e-09
4375.00 8.896730e-09
4380.00 8.817405e-09
4385.00 8.757168e-09
4390.00 8.766953e-09
4395.00 8.754257e-09
4400.00 8.689585e-09
4405.00 8.610154e-09
4410.00 8.510480e-09
4415.00 8.360571e-09
4420.00 8.204411e-09
4425.00 8.064117e-09
4430.00 7.961362e-09
4435.00 7.986952e-09
4440.00 8.089011e-09
4445.00 8.176948e-09
4450.00 8.246841e-09
4455.00 8.261961e-09
4460.00 8.184458e-09
4465.00 8.056937e-09
4470.00 7.912409e-09
4475.00 7.921027e-09
4480.00 7.962453e-09
4485.00 7.960064e-09
4490.00 7.940555e-09
4495.00 7.921521e-09
4500.00 7.896729e-09
4505.00 7.839575e-09
4510.00 7.796449e-09
4515.00 7.756953e-09
4520.00 7.731466e-09
4525.00 7.669441e-09
4530.00 7.563438e-09
4535.00 7.369302e-09
4540.00 7.199997e-09
4545.00 7.300015e-09
4550.00 7.434337e-09
4555.00 7.484959e-09
4560.00 7.490034e-09
4565.00 7.453335e-09
4570.00 7.403167e-09
4575.00 7.368231e-09
4580.00 7.363147e-09
4585.00 7.319978e-09
4590.00 7.248041e-09
4595.00 7.206769e-09
4600.00 7.180486e-09
4605.00 7.159584e-09
4610.00 7.168746e-09
4615.00 7.167279e-09
4620.00 7.131506e-09
4625.00 7.080160e-09
4630.00 7.069358e-09
4635.00 7.069527e-09
4640.00 7.077008e-09
4645.00 7.033913e-09
4650.00 6.965469e-09
4655.00 6.923468e-09
4660.00 6.931478e-09
4665.00 6.914977e-09
4670.00 6.849039e-09
4675.00 6.742674e-09
4680.00 6.510574e-09
4685.00 6.357869e-09
4690.00 6.495378e-09
4695.00 6.640504e-09
4700.00 6.643450e-09
4705.00 6.604918e-09
4710.00 6.512201e-09
4715.00 6.449553e-09
4720.00 6.408544e-09
4725.00 6.358891e-09
4730.00 6.357861e-09
4735.00 6.342886e-09
4740.00 6.328884e-09
4745.00 6.315925e-09
4750.00 6.267237e-09
4755.00 6.192810e-09
4760.00 6.127948e-09
4765.00 6.113983e-09
4770.00 6.129993e-09
4775.00 6.101167e-09
4780.00 6.061657e-09
4785.00 6.052781e-09
4790.00 6.036484e-09
4795.00 5.995679e-09
4800.00 5.956817e-09
4805.00 5.938506e-09
4810.00 5.921157e-09
4815.00 5.898349e-09
4820.00 5.883000e-09
4825.00 5.867470e-09
4830.00 5.861069e-09
4835.00 5.848296e-09
4840.00 5.825838e-09
4845.00 5.735733e-09
4850.00 5.516481e-09
4855.00 5.100774e-09
4860.00 4.772532e-09
4865.00 4.963276e-09
4870.00 5.299024e-09
4875.00 5.435515e-09
4880.00 5.465800e-09
4885.00 5.483197e-09
4890.00 5.494285e-09
4895.00 5.490819e-09
4900.00 5.486327e-09
4905.00 5.498014e-09
4910.00 5.492465e-09
4915.00 5.461239e-09
4920.00 5.399628e-09
4925.00 5.413439e-09
4930.00 5.448047e-09
4935.00 5.429626e-09
4940.00 5.390317e-09
4945.00 5.371702e-09
4950.00 5.361550e-09
4955.00 5.346411e-09
4960.00 5.333750e-09
4965.00 5.294848e-09
4970.00 5.243316e-09
4975.00 5.209307e-09
4980.00 5.175924e-09
4985.00 5.188817e-09
4990.00 5.187118e-09
4995.00 5.174619e-09
5000.00 5.157636e-09
5005.00 5.111854e-09
5010.00 5.050689e-09
5015.00 4.996794e-09
5020.00 4.989234e-09
5025.00 4.980656e-09
5030.00 4.957589e-09
5035.00 4.948851e-09
5040.00 4.938155e-09
5045.00 4.918263e-09
5050.00 4.898439e-09
5055.00 4.886594e-09
5060.00 4.871171e-09
5065.00 4.862101e-09
5070.00 4.860139e-09
5075.00 4.856997e-09
5080.00 4.846277e-09
5085.00 4.827845e-09
5090.00 4.806326e-09
5095.00 4.777103e-09
5100.00 4.765683e-09
5105.00 4.731170e-09
5110.00 4.697345e-09
5115.00 4.679959e-09
5120.00 4.663102e-09
5125.00 4.653768e-09
5130.00 4.648232e-09
5135.00 4.634366e-09
5140.00 4.619474e-09
5145.00 4.601074e-09
5150.00 4.579174e-09
5155.00 4.561740e-09
5160.00 4.547732e-09
5165.00 4.526338e-09
5170.00 4.510177e-09
5175.00 4.506231e-09
5180.00 4.489121e-09
5185.00 4.464883e-09
5190.00 4.441374e-09
5195.00 4.434895e-09
5200.00 4.405946e-09
5205.00 4.374473e-09
5210.00 4.375781e-09
5215.00 4.369301e-09
5220.00 4.344940e-09
5225.00 4.319636e-09
5230.00 4.295481e-09
5235.00 4.277641e-09
5240.00 4.261948e-09
5245.00 4.255368e-09
5250.00 4.232246e-09
5255.00 4.237154e-09
5260.00 4.230782e-09
5265.00 4.195607e-09
5270.00 4.169414e-09
5275.00 4.161941e-09
5280.00 4.145396e-09
5285.00 4.135882e-09
5290.00 4.113377e-09
5295.00 4.085922e-09
5300.00 4.066270e-09
5305.00 4.063136e-09
5310.00 4.054189e-09
5315.00 4.053029e-09
5320.00 4.043051e-09
5325.00 4.019675e-09
5330.00 3.991122e-09
5335.00 3.975333e-09
5340.00 3.956464e-09
5345.00 3.950911e-09
5350.00 3.951478e-09
5355.00 3.943033e-09
5360.00 3.911248e-09
5365.00 3.891605e-09
5370.00 3.880125e-09
5375.00 3.869708e-09
5380.00 3.860884e-09
5385.00 3.845916e-09
5390.00 3.846279e-09
5395.00 3.822375e-09
5400.00 3.751855e-09
5405.00 3.617348e-09
5410.00 3.493637e-09
5415.00 3.550732e-09
5420.00 3.671230e-09
5425.00 3.712516e-09
5430.00 3.713797e-09
5435.00 3.698805e-09
5440.00 3.684492e-09
5445.00 3.658148e-09
5450.00 3.640291e-09
5455.00 3.625328e-09
5460.00 3.622017e-09
5465.00 3.611360e-09
5470.00 3.615197e-09
5475.00 3.605263e-09
5480.00 3.570821e-09
5485.00 3.535223e-09
5490.00 3.527538e-09
5495.00 3.552376e-09
5500.00 3.550823e-09
5505.00 3.521071e-09
5510.00 3.503873e-09
5515.00 3.500976e-09
5520.00 3.485664e-09
5525.00 3.461452e-09
5530.00 3.445478e-09
5535.00 3.423591e-09
5540.00 3.416987e-09
5545.00 3.414478e-09
5550.00 3.410454e-09
5555.00 3.401842e-09
5560.00 3.397087e-09
5565.00 3.388377e-09
5570.00 3.373978e-09
5575.00 3.369797e-09
5580.00 3.352686e-09
5585.00 3.316263e-09
5590.00 3.282793e-09
5595.00 3.276779e-09
5600.00 3.288505e-09
5605.00 3.283251e-09
5610.00 3.267532e-09
5615.00 3.251422e-09
5620.00 3.245394e-09
5625.00 3.236680e-09
5630.00 3.226478e-09
5635.00 3.217562e-09
5640.00 3.206653e-09
5645.00 3.196074e-09
5650.00 3.188167e-09
5655.00 3.175796e-09
5660.00 3.161400e-09
5665.00 3.146623e-09
5670.00 3.127934e-09
5675.00 3.110578e-09
5680.00 3.107625e-09
5685.00 3.112570e-09
5690.00 3.115654e-09
5695.00 3.119420e-09
5700.00 3.086389e-09
5705.00 3.038362e-09
5710.00 3.044275e-09
5715.00 3.043722e-09
5720.00 3.020518e-09
5725.00 3.003363e-09
5730.00 2.993453e-09
5735.00 2.978667e-09
5740.00 2.963398e-09
5745.00 2.952770e-09
5750.00 2.946301e-09
5755.00 2.938781e-09
5760.00 2.933089e-09
5765.00 2.912765e-09
5770.00 2.881243e-09
5775.00 2.831679e-09
5780.00 2.778835e-09
5785.00 2.803247e-09
5790.00 2.821879e-09
5795.00 2.771782e-09
5800.00 2.733937e-09
5805.00 2.744995e-09
5810.00 2.749644e-09
5815.00 2.773393e-09
5820.00 2.810256e-09
5825.00 2.821098e-09
5830.00 2.814493e-09
5835.00 2.802361e-09
5840.00 2.792279e-09
5845.00 2.773434e-09
5850.00 2.758633e-09
5855.00 2.748547e-09
5860.00 2.747867e-09
5865.00 2.733280e-09
5870.00 2.658517e-09
5875.00 2.587880e-09
5880.00 2.616105e-09
5885.00 2.541298e-09
5890.00 2.387885e-09
5895.00 2.411747e-09
5900.00 2.554652e-09
5905.00 2.651920e-09
5910.00 2.657651e-09
5915.00 2.650062e-09
5920.00 2.627035e-09
5925.00 2.616559e-09
5930.00 2.615849e-09
5935.00 2.606686e-09
5940.00 2.591489e-09
5945.00 2.571577e-09
5950.00 2.558410e-09
5955.00 2.557320e-09
5960.00 2.547911e-09
5965.00 2.542619e-09
5970.00 2.525928e-09
5975.00 2.524181e-09
5980.00 2.518931e-09
5985.00 2.507112e-09
5990.00 2.510619e-09
5995.00 2.513365e-09
6000.00 2.496993e-09
6005.00 2.479499e-09
6010.00 2.465276e-09
6015.00 2.461461e-09
6020.00 2.462608e-09
6025.00 2.464531e-09
6030.00 2.460659e-09
6035.00 2.431849e-09
6040.00 2.418026e-09
6045.00 2.425394e-09
6050.00 2.416038e-09
6055.00 2.413808e-09
6060.00 2.402818e-09
6065.00 2.386818e-09
6070.00 2.377569e-09
6075.00 2.371855e-09
6080.00 2.369031e-09
6085.00 2.366833e-09
6090.00 2.366653e-09
6095.00 2.360012e-09
6100.00 2.348443e-09
6105.00 2.335950e-09
6110.00 2.329180e-09
6115.00 2.325126e-09
6120.00 2.304883e-09
6125.00 2.311060e-09
6130.00 2.308624e-09
6135.00 2.300664e-09
6140.00 2.297877e-09
6145.00 2.287370e-09
6150.00 2.282632e-09
6155.00 2.271521e-09
6160.00 2.255703e-09
6165.00 2.226634e-09
6170.00 2.206748e-09
6175.00 2.206954e-09
6180.00 2.211783e-09
6185.00 2.217257e-09
6190.00 2.216178e-09
6195.00 2.212558e-09
6200.00 2.198010e-09
6205.00 2.186878e-09
6210.00 2.195374e-09
6215.00 2.195248e-09
6220.00 2.191754e-09
6225.00 2.175939e-09
6230.00 2.158772e-09
6235.00 2.154588e-09
6240.00 2.158942e-09
6245.00 2.168702e-09
6250.00 2.170330e-09
6255.00 2.162654e-09
6260.00 2.157037e-09
6265.00 2.130134e-09
6270.00 2.104779e-09
6275.00 2.052004e-09
6280.00 1.982686e-09
6285.00 1.997903e-09
6290.00 2.052814e-09
6295.00 2.071430e-09
6300.00 2.065355e-09
6305.00 2.042096e-09
6310.00 2.019071e-09
6315.00 2.020000e-09
6320.00 2.040813e-09
6325.00 2.057614e-09
6330.00 2.054293e-09
6335.00 2.053001e-09
6340.00 2.046076e-09
6345.00 2.036491e-09
6350.00 2.027621e-09
6355.00 2.016549e-09
6360.00 2.009712e-09
6365.00 2.002296e-09
6370.00 1.996081e-09
6375.00 1.983982e-09
6380.00 1.973854e-09
6385.00 1.975919e-09
6390.00 1.975035e-09
6395.00 1.963483e-09
6400.00 1.940470e-09
6405.00 1.929123e-09
6410.00 1.927863e-09
6415.00 1.935543e-09
6420.00 1.944757e-09
6425.00 1.948669e-09
6430.00 1.944683e-09
6435.00 1.936449e-09
6440.00 1.926759e-09
6445.00 1.917179e-09
6450.00 1.908022e-09
6455.00 1.899549e-09
6460.00 1.895950e-09
6465.00 1.893392e-09
6470.00 1.888278e-09
6475.00 1.885541e-09
6480.00 1.885595e-09
6485.00 1.874278e-09
6490.00 1.867265e-09
6495.00 1.869857e-09
6500.00 1.874453e-09
6505.00 1.873677e-09
6510.00 1.867324e-09
6515.00 1.847135e-09
6520.00 1.824764e-09
6525.00 1.801080e-09
6530.00 1.797989e-09
6535.00 1.815488e-09
6540.00 1.824700e-09
6545.00 1.811081e-09
6550.00 1.763188e-09
6555.00 1.655505e-09
6560.00 1.533735e-09
6565.00 1.544376e-09
6570.00 1.681039e-09
6575.00 1.771397e-09
6580.00 1.800816e-09
6585.00 1.798388e-09
6590.00 1.796573e-09
6595.00 1.793128e-09
6600.00 1.791096e-09
6605.00 1.787286e-09
6610.00 1.772831e-09
6615.00 1.763977e-09
6620.00 1.758957e-09
6625.00 1.762295e-09
6630.00 1.752293e-09
6635.00 1.749073e-09
6640.00 1.743920e-09
6645.00 1.735110e-09
6650.00 1.725714e-09
6655.00 1.712750e-09
6660.00 1.702444e-09
6665.00 1.692075e-09
6670.00 1.679647e-09
6675.00 1.649269e-09
6680.00 1.620876e-09
6685.00 1.626883e-09
6690.00 1.652155e-09
6695.00 1.669309e-09
6700.00 1.668533e-09
6705.00 1.666030e-09
6710.00 1.666314e-09
6715.00 1.661880e-09
6720.00 1.658932e-09
6725.00 1.659691e-09
6730.00 1.653196e-09
6735.00 1.645487e-09
6740.00 1.635168e-09
6745.00 1.631069e-09
6750.00 1.625737e-09
6755.00 1.619856e-09
6760.00 1.619343e-09
6765.00 1.613559e-09
6770.00 1.606304e-09
6775.00 1.598635e-09
6780.00 1.592126e-09
6785.00 1.585339e-09
6790.00 1.578813e-09
6795.00 1.581471e-09
6800.00 1.585695e-09
6805.00 1.579057e-09
6810.00 1.568213e-09
6815.00 1.566558e-09
6820.00 1.566330e-09
6825.00 1.562734e-09
6830.00 1.560872e-09
6835.00 1.552596e-09
6840.00 1.535837e-09
6845.00 1.530059e-09
6850.00 1.526383e-09
6855.00 1.522704e-09
6860.00 1.519024e-09
6865.00 1.515348e-09
6870.00 1.511670e-09
6875.00 1.507992e-09
6880.00 1.504310e-09
6885.00 1.500635e-09
6890.00 1.496956e-09
6895.00 1.493279e-09
6900.00 1.489598e-09
6905.00 1.485919e-09
6910.00 1.482244e-09
6915.00 1.478566e-09
6920.00 1.474889e-09
6925.00 1.471208e-09
6930.00 1.467531e-09
6935.00 1.463854e-09
6940.00 1.460173e-09
6945.00 1.456495e-09
6950.00 1.452815e-09
6955.00 1.449139e-09
6960.00 1.445463e-09
6965.00 1.441787e-09
6970.00 1.441304e-09
6975.00 1.456177e-09
6980.00 1.450936e-09
6985.00 1.437809e-09
6990.00 1.420889e-09
6995.00 1.417954e-09
7000.00 1.415615e-09
7005.00 1.414061e-09
7010.00 1.413320e-09
7015.00 1.405390e-09
7020.00 1.406495e-09
7025.00 1.404544e-09
7030.00 1.404046e-09
7035.00 1.403621e-09
7040.00 1.396105e-09
7045.00 1.383453e-09
7050.00 1.378641e-09
7055.00 1.379614e-09
7060.00 1.359956e-09
7065.00 1.342132e-09
7070.00 1.351748e-09
7075.00 1.366132e-09
7080.00 1.365424e-09
7085.00 1.365894e-09
7090.00 1.367226e-09
7095.00 1.365054e-09
7100.00 1.354437e-09
7105.00 1.352676e-09
7110.00 1.350285e-09
7115.00 1.348663e-09
7120.00 1.355222e-09
7125.00 1.355332e-09
7130.00 1.357086e-09
7135.00 1.359326e-09
7140.00 1.355705e-09
7145.00 1.349567e-09
7150.00 1.344008e-09
7155.00 1.338012e-09
7160.00 1.325564e-09
7165.00 1.306427e-09
7170.00 1.265586e-09
7175.00 1.235329e-09
7180.00 1.225777e-09
7185.00 1.223075e-09
7190.00 1.240491e-09
7195.00 1.253492e-09
7200.00 1.254556e-09
7205.00 1.265177e-09
7210.00 1.291291e-09
7215.00 1.299309e-09
7220.00 1.296552e-09
7225.00 1.291005e-09
7230.00 1.276835e-09
7235.00 1.254672e-09
7240.00 1.242026e-09
7245.00 1.237247e-09
7250.00 1.239448e-09
7255.00 1.235529e-09
7260.00 1.235874e-09
7265.00 1.225432e-09
7270.00 1.218970e-09
7275.00 1.207593e-09
7280.00 1.216506e-09
7285.00 1.218196e-09
7290.00 1.204656e-09
7295.00 1.212632e-09
7300.00 1.211055e-09
7305.00 1.198521e-09
7310.00 1.198445e-09
7315.00 1.192806e-09
7320.00 1.191033e-09
7325.00 1.192003e-09
7330.00 1.187496e-09
7335.00 1.188833e-09
7340.00 1.186849e-09
7345.00 1.182276e-09
7350.00 1.176477e-09
7355.00 1.176228e-09
7360.00 1.168701e-09
7365.00 1.160325e-09
7370.00 1.160715e-09
7375.00 1.161600e-09
7380.00 1.156067e-09
7385.00 1.143560e-09
7390.00 1.142046e-09
7395.00 1.144671e-09
7400.00 1.134915e-09
7405.00 1.124236e-09
7410.00 1.116968e-09
7415.00 1.122810e-09
7420.00 1.124955e-09
7425.00 1.102358e-09
7430.00 1.097446e-09
7435.00 1.094798e-09
7440.00 1.095603e-09
7445.00 1.094066e-09
7450.00 1.092464e-09
7455.00 1.093907e-09
7460.00 1.085479e-09
7465.00 1.083935e-09
7470.00 1.074644e-09
7475.00 1.075463e-09
7480.00 1.073483e-09
7485.00 1.068916e-09
7490.00 1.064926e-09
7495.00 1.063410e-09
7500.00 1.062347e-09
7505.00 1.057802e-09
7510.00 1.056744e-09
7515.00 1.056203e-09
7520.00 1.051196e-09
7525.00 1.050330e-09
7530.00 1.043793e-09
7535.00 1.039751e-09
7540.00 1.037078e-09
7545.00 1.036225e-09
7550.00 1.035385e-09
7555.00 1.032698e-09
7560.00 1.029703e-09
7565.00 1.026709e-09
7570.00 1.023718e-09
7575.00 1.020723e-09
7580.00 1.017732e-09
7585.00 1.014735e-09
7590.00 1.011744e-09
7595.00 1.008750e-09
7600.00 1.005757e-09
7605.00 1.002765e-09
7610.00 9.997719e-10
7615.00 9.967742e-10
7620.00 9.937826e-10
7625.00 9.907888e-10
7630.00 9.877962e-10
7635.00 9.848033e-10
7640.00 9.818089e-10
7645.00 9.788151e-10
7650.00 9.758223e-10
7655.00 9.728293e-10
7660.00 9.698364e-10
7665.00 9.668418e-10
7670.00 9.638473e-10
7675.00 9.608538e-10
7680.00 9.578622e-10
7685.00 9.548687e-10
7690.00 9.518771e-10
7695.00 9.488826e-10
7700.00 9.458863e-10
7705.00 9.428950e-10
7710.00 9.399029e-10
7715.00 9.369084e-10
7720.00 9.339141e-10
7725.00 9.309213e-10
7730.00 9.277571e-10
7735.00 9.244450e-10
7740.00 9.252961e-10
7745.00 9.222060e-10
7750.00 9.218178e-10
7755.00 9.192744e-10
7760.00 9.165561e-10
7765.00 9.130842e-10
7770.00 9.128759e-10
7775.00 9.113332e-10
7780.00 9.052192e-10
7785.00 9.055307e-10
7790.00 9.030013e-10
7795.00 9.005317e-10
7800.00 8.995584e-10
7805.00 8.970735e-10
7810.00 8.966549e-10
7815.00 8.936392e-10
7820.00 8.942149e-10
7825.00 8.905998e-10
7830.00 8.847699e-10
7835.00 8.847576e-10
7840.00 8.815396e-10
7845.00 8.814834e-10
7850.00 8.801636e-10
7855.00 8.790558e-10
7860.00 8.693583e-10
7865.00 8.675531e-10
7870.00 8.682067e-10
7875.00 8.662989e-10
7880.00 8.660906e-10
7885.00 8.607789e-10
7890.00 8.602929e-10
7895.00 8.548166e-10
7900.00 8.527803e-10
7905.00 8.537395e-10
7910.00 8.517352e-10
7915.00 8.513136e-10
7920.00 8.476823e-10
7925.00 8.410854e-10
7930.00 8.382891e-10
7935.00 8.408679e-10
7940.00 8.417579e-10
7945.00 8.362220e-10
7950.00 8.329569e-10
7955.00 8.290192e-10
7960.00 8.274914e-10
7965.00 8.269917e-10
7970.00 8.231184e-10
7975.00 8.235930e-10
7980.00 8.207889e-10
7985.00 8.203920e-10
7990.00 8.197287e-10
7995.00 8.164222e-10
8000.00 8.179252e-10
8005.00 8.203760e-10
8010.00 8.204095e-10
8015.00 8.178992e-10
8020.00 8.165502e-10
8025.00 8.157117e-10
8030.00 8.161511e-10
8035.00 8.152279e-10
8040.00 8.131592e-10
8045.00 8.129155e-10
8050.00 8.144209e-10
8055.00 8.164607e-10
8060.00 8.124299e-10
8065.00 8.072482e-10
8070.00 8.053981e-10
8075.00 8.026735e-10
8080.00 7.969867e-10
8085.00 7.928326e-10
8090.00 7.883999e-10
8095.00 7.850718e-10
8100.00 7.819363e-10
8105.00 7.816866e-10
8110.00 7.802320e-10
8115.00 7.848721e-10
8120.00 7.845581e-10
8125.00 7.820947e-10
8130.00 7.799459e-10
8135.00 7.765864e-10
8140.00 7.749379e-10
8145.00 7.695601e-10
8150.00 7.616752e-10
8155.00 7.547659e-10
8160.00 7.491745e-10
8165.00 7.462793e-10
8170.00 7.473341e-10
8175.00 7.502083e-10
8180.00 7.462989e-10
8185.00 7.548325e-10
8190.00 7.540537e-10
8195.00 7.438203e-10
8200.00 7.491471e-10
8205.00 7.474681e-10
8210.00 7.443309e-10
8215.00 7.366661e-10
8220.00 7.251507e-10
8225.00 7.116165e-10
8230.00 7.008745e-10
8235.00 7.035240e-10
8240.00 7.039299e-10
8245.00 7.160754e-10
8250.00 7.290560e-10
8255.00 7.303882e-10
8260.00 7.312516e-10
8265.00 7.307194e-10
8270.00 7.291533e-10
8275.00 7.211381e-10
8280.00 7.161685e-10
8285.00 7.139069e-10
8290.00 7.154278e-10
8295.00 7.179491e-10
8300.00 7.217518e-10
8305.00 7.164634e-10
8310.00 7.144206e-10
8315.00 7.118348e-10
8320.00 7.065321e-10
8325.00 7.058191e-10
8330.00 7.061046e-10
8335.00 7.049967e-10
8340.00 7.040782e-10
8345.00 6.970166e-10
8350.00 6.910535e-10
8355.00 6.851860e-10
8360.00 6.790519e-10
8365.00 6.799405e-10
8370.00 6.822535e-10
8375.00 6.844090e-10
8380.00 6.843384e-10
8385.00 6.875933e-10
8390.00 6.877960e-10
8395.00 6.871059e-10
8400.00 6.888959e-10
8405.00 6.877428e-10
8410.00 6.854606e-10
8415.00 6.840006e-10
8420.00 6.818764e-10
8425.00 6.812496e-10
8430.00 6.782304e-10
8435.00 6.761714e-10
8440.00 6.715185e-10
8445.00 6.717572e-10
8450.00 6.703038e-10
8455.00 6.708984e-10
8460.00 6.687611e-10
8465.00 6.663783e-10
8470.00 6.639208e-10
8475.00 6.645935e-10
8480.00 6.551703e-10
8485.00 6.536779e-10
8490.00 6.553845e-10
8495.00 6.564734e-10
8500.00 6.529221e-10
8505.00 6.548162e-10
8510.00 6.561388e-10
8515.00 6.541158e-10
8520.00 6.517988e-10
8525.00 6.477953e-10
8530.00 6.435545e-10
8535.00 6.404632e-10
8540.00 6.423310e-10
8545.00 6.339262e-10
8550.00 6.333694e-10
8555.00 6.350263e-10
8560.00 6.393803e-10
8565.00 6.377102e-10
8570.00 6.326485e-10
8575.00 6.280710e-10
8580.00 6.241518e-10
8585.00 6.201635e-10
8590.00 6.148321e-10
8595.00 6.105207e-10
8600.00 6.111361e-10
8605.00 6.097788e-10
8610.00 6.133780e-10
8615.00 6.147611e-10
8620.00 6.130974e-10
8625.00 6.135288e-10
8630.00 6.164287e-10
8635.00 6.146478e-10
8640.00 6.095267e-10
8645.00 6.106097e-10
8650.00 6.118158e-10
8655.00 6.107059e-10
8660.00 6.075568e-10
8665.00 6.060870e-10
8670.00 6.083104e-10
8675.00 6.105909e-10
8680.00 6.129825e-10
8685.00 6.138212e-10
8690.00 6.139058e-10
8695.00 6.145233e-10
8700.00 6.143910e-10
8705.00 6.109921e-10
8710.00 6.087633e-10
8715.00 6.075368e-10
8720.00 6.064409e-10
8725.00 6.053661e-10
8730.00 6.011845e-10
8735.00 5.985352e-10
8740.00 6.002515e-10
8745.00 5.865093e-10
8750.00 5.856559e-10
8755.00 5.880529e-10
8760.00 5.916345e-10
8765.00 5.957804e-10
8770.00 5.900092e-10
8775.00 5.927855e-10
8780.00 5.916754e-10
8785.00 5.945304e-10
8790.00 5.953456e-10
8795.00 5.943628e-10
8800.00 5.950202e-10
8805.00 5.929792e-10
8810.00 5.924354e-10
8815.00 5.854013e-10
8820.00 5.887809e-10
8825.00 5.910261e-10
8830.00 5.886501e-10
8835.00 5.853746e-10
8840.00 5.786563e-10
8845.00 5.744094e-10
8850.00 5.674766e-10
8855.00 5.575718e-10
8860.00 5.492713e-10
8865.00 5.458087e-10
8870.00 5.487034e-10
8875.00 5.538511e-10
8880.00 5.569878e-10
8885.00 5.577788e-10
8890.00 5.602277e-10
8895.00 5.628136e-10
8900.00 5.602481e-10
8905.00 5.617837e-10
8910.00 5.590926e-10
8915.00 5.573608e-10
8920.00 5.577337e-10
8925.00 5.588031e-10
8930.00 5.763868e-10
8935.00 5.802479e-10
8940.00 5.840465e-10
8945.00 5.754877e-10
8950.00 5.663296e-10
8955.00 5.581881e-10
8960.00 5.527785e-10
8965.00 5.470866e-10
8970.00 5.394194e-10
8975.00 5.386740e-10
8980.00 5.352871e-10
8985.00 5.312403e-10
8990.00 5.174605e-10
8995.00 5.202969e-10
9000.00 5.207321e-10
9005.00 5.144877e-10
9010.00 5.176074e-10
9015.00 5.195919e-10
9020.00 5.225498e-10
9025.00 5.419327e-10
9030.00 5.544422e-10
9035.00 5.633956e-10
9040.00 5.581545e-10
9045.00 5.618170e-10
9050.00 5.564990e-10
9055.00 5.431498e-10
9060.00 5.362178e-10
9065.00 5.299453e-10
9070.00 5.214041e-10
9075.00 5.224177e-10
9080.00 5.227619e-10
9085.00 5.234888e-10
9090.00 5.277701e-10
9095.00 5.324856e-10
9100.00 5.299722e-10
9105.00 5.225871e-10
9110.00 5.288798e-10
9115.00 5.333255e-10
9120.00 5.310516e-10
9125.00 5.258290e-10
9130.00 5.198807e-10
9135.00 5.153665e-10
9140.00 5.178865e-10
9145.00 5.165481e-10
9150.00 5.078420e-10
9155.00 4.897957e-10
9160.00 5.060291e-10
9165.00 5.118537e-10
9170.00 5.100393e-10
9175.00 5.116915e-10
9180.00 5.233735e-10
9185.00 5.296480e-10
9190.00 5.254344e-10
9195.00 5.168841e-10
9200.00 5.175187e-10
9205.00 5.297122e-10
9210.00 5.198761e-10
9215.00 5.102347e-10
9220.00 5.051999e-10
9225.00 4.992069e-10
9230.00 5.014056e-10
9235.00 4.944744e-10
9240.00 4.928993e-10
9245.00 4.896050e-10
9250.00 4.964646e-10
9255.00 5.077292e-10
9260.00 5.008657e-10
9265.00 5.161504e-10
9270.00 5.255514e-10
9275.00 5.361288e-10
9280.00 5.288243e-10
9285.00 5.222684e-10
9290.00 5.467422e-10
9295.00 5.485366e-10
9300.00 5.390191e-10
9305.00 5.257381e-10
9310.00 5.006726e-10
9315.00 4.863769e-10
9320.00 4.654707e-10
9325.00 4.719855e-10
9330.00 4.709974e-10
9335.00 4.692966e-10
9340.00 4.680021e-10
9345.00 4.450034e-10
9350.00 4.479870e-10
9355.00 4.326072e-10
9360.00 4.491964e-10
9365.00 4.543436e-10
9370.00 4.486680e-10
9375.00 4.640485e-10
9380.00 4.732422e-10
9385.00 5.053993e-10
9390.00 5.294283e-10
9395.00 5.355674e-10
9400.00 5.341832e-10
9405.00 5.276525e-10
9410.00 5.164911e-10
9415.00 4.854911e-10
9420.00 4.796913e-10
9425.00 4.637113e-10
9430.00 4.466239e-10
9435.00 4.463851e-10
9440.00 4.230252e-10
9445.00 4.400895e-10
9450.00 4.586677e-10
9455.00 4.616788e-10
9460.00 4.538464e-10
9465.00 4.557832e-10
9470.00 4.546884e-10
9475.00 4.579277e-10
9480.00 4.499176e-10
9485.00 4.397527e-10
9490.00 4.524776e-10
9495.00 4.550323e-10
9500.00 4.476202e-10
9505.00 4.624445e-10
9510.00 4.643428e-10
9515.00 4.764287e-10
9520.00 4.546673e-10
9525.00 4.562342e-10
9530.00 4.596072e-10
9535.00 4.533514e-10
9540.00 4.490116e-10
9545.00 4.410323e-10
9550.00 4.337837e-10
9555.00 4.276924e-10
9560.00 4.300416e-10
9565.00 4.315052e-10
9570.00 4.323752e-10
9575.00 4.383830e-10
9580.00 4.423852e-10
9585.00 4.409068e-10
9590.00 4.332329e-10
9595.00 4.322431e-10
9600.00 4.398348e-10
9605.00 4.357384e-10
9610.00 4.401208e-10
9615.00 4.327454e-10
9620.00 4.273471e-10
9625.00 4.252698e-10
9630.00 4.306210e-10
9635.00 4.104989e-10
9640.00 4.058073e-10
9645.00 4.000420e-10
9650.00 4.166286e-10
9655.00 4.232706e-10
9660.00 4.149293e-10
9665.00 4.197752e-10
9670.00 4.252736e-10
9675.00 4.244946e-10
9680.00 4.217203e-10
9685.00 4.276095e-10
9690.00 4.327468e-10
9695.00 4.301081e-10
9700.00 4.298348e-10
9705.00 4.085851e-10
9710.00 4.036581e-10
9715.00 4.095056e-10
9720.00 4.137536e-10
9725.00 4.021260e-10
9730.00 3.983318e-10
9735.00 4.081447e-10
9740.00 4.109770e-10
9745.00 4.137604e-10
9750.00 3.979474e-10
9755.00 4.163362e-10
9760.00 4.147639e-10
9765.00 3.908764e-10
9770.00 3.967940e-10
9775.00 3.915173e-10
9780.00 3.922808e-10
9785.00 4.103087e-10
9790.00 4.071138e-10
9795.00 3.971928e-10
9800.00 3.857336e-10
9805.00 4.144116e-10
9810.00 4.013256e-10
9815.00 3.898322e-10
9820.00 3.914833e-10
9825.00 3.987441e-10
9830.00 4.064268e-10
9835.00 3.891791e-10
9840.00 4.030453e-10
9845.00 3.964282e-10
9850.00 3.937105e-10
9855.00 4.027591e-10
9860.00 3.695957e-10
9865.00 3.816150e-10
9870.00 3.775565e-10
9875.00 3.901716e-10
9880.00 3.840946e-10
9885.00 3.657320e-10
9890.00 3.828661e-10
9895.00 3.933214e-10
9900.00 3.899784e-10
9905.00 3.754260e-10
9910.00 3.816805e-10
9915.00 3.918433e-10
9920.00 3.834977e-10
9925.00 3.910001e-10
9930.00 3.666720e-10
9935.00 3.661141e-10
9940.00 3.856989e-10
9945.00 3.800309e-10
9950.00 3.755938e-10
9955.00 3.791616e-10
9960.00 3.913611e-10
9965.00 3.834718e-10
9970.00 3.661645e-10
9975.00 3.659347e-10
9980.00 3.728169e-10
9985.00 3.870722e-10
9990.00 3.643976e-10
9995.00 3.665147e-10
10000.00 3.498574e-10
10005.00 3.719187e-10
10010.00 3.848531e-10
10015.00 3.667418e-10
10020.00 3.387378e-10
10025.00 3.652434e-10
10030.00 3.790827e-10
10035.00 3.641250e-10
10040.00 3.256862e-10
10045.00 3.250824e-10
10050.00 3.471151e-10
10055.00 3.392064e-10
10060.00 3.265241e-10
10065.00 3.360761e-10
10070.00 3.540307e-10
10075.00 3.708965e-10
10080.00 3.740256e-10
10085.00 3.701233e-10
10090.00 3.488267e-10
10095.00 3.545127e-10
10100.00 3.513668e-10
10105.00 3.302317e-10
10110.00 3.162008e-10
10115.00 3.418330e-10
10120.00 3.389718e-10
10125.00 3.311769e-10
10130.00 3.171608e-10
10135.00 3.387353e-10
10140.00 3.405797e-10
10145.00 3.421765e-10
10150.00 3.458034e-10
10155.00 3.491019e-10
10160.00 3.500003e-10
10165.00 3.473695e-10
10170.00 3.425482e-10
10175.00 3.378303e-10
10180.00 3.355055e-10
10185.00 3.369459e-10
10190.00 3.411376e-10
10195.00 3.461399e-10
10200.00 3.499916e-10
10205.00 3.514430e-10
10210.00 3.510953e-10
10215.00 3.502538e-10
10220.00 3.502496e-10
10225.00 3.519010e-10
10230.00 3.547276e-10
10235.00 3.577394e-10
10240.00 3.599248e-10
10245.00 3.605265e-10
10250.00 3.594700e-10
10255.00 3.569409e-10
10260.00 3.531582e-10
10265.00 3.484763e-10
10270.00 3.435900e-10
10275.00 3.393286e-10
10280.00 3.364922e-10
10285.00 3.354777e-10
10290.00 3.356398e-10
10295.00 3.359313e-10
10300.00 3.351856e-10
10305.00 3.324917e-10
10310.00 3.304723e-10
10315.00 3.287298e-10
10320.00 3.275597e-10
10325.00 3.273088e-10
10330.00 3.278778e-10
10335.00 3.289949e-10
10340.00 3.303607e-10
10345.00 3.316235e-10
10350.00 3.322811e-10
10355.00 3.317734e-10
10360.00 3.295770e-10
10365.00 3.255596e-10
10370.00 3.206118e-10
10375.00 3.160237e-10
10380.00 3.130738e-10
10385.00 3.125847e-10
10390.00 3.141752e-10
10395.00 3.170098e-10
10400.00 3.202147e-10
10405.00 3.230224e-10
10410.00 3.249510e-10
10415.00 3.256214e-10
10420.00 3.247031e-10
10425.00 3.222071e-10
10430.00 3.190468e-10
10435.00 3.164801e-10
10440.00 3.157364e-10
10445.00 3.174007e-10
10450.00 3.204018e-10
10455.00 3.230236e-10
10460.00 3.235664e-10
10465.00 3.210560e-10
10470.00 3.164179e-10
10475.00 3.113013e-10
10480.00 3.073834e-10
10485.00 3.057867e-10
10490.00 3.062254e-10
10495.00 3.078615e-10
10500.00 3.098239e-10
10505.00 3.114095e-10
10510.00 3.123616e-10
10515.00 3.125977e-10
10520.00 3.120607e-10
10525.00 3.108075e-10
10530.00 3.091760e-10
10535.00 3.076212e-10
10540.00 3.065843e-10
10545.00 3.063063e-10
10550.00 3.064967e-10
10555.00 3.066667e-10
10560.00 3.063243e-10
10565.00 3.052164e-10
10570.00 3.036960e-10
10575.00 3.023565e-10
10580.00 3.017837e-10
10585.00 3.023018e-10
10590.00 3.035547e-10
10595.00 3.049233e-10
10600.00 3.057818e-10
10605.00 3.057004e-10
10610.00 3.047564e-10
10615.00 3.032223e-10
10620.00 3.012215e-10
10625.00 2.984827e-10
10630.00 2.976367e-10
10635.00 2.971344e-10
10640.00 2.966316e-10
10645.00 2.961301e-10
10650.00 2.956277e-10
10655.00 2.951253e-10
10660.00 2.946239e-10
10665.00 2.941246e-10
10670.00 2.936255e-10
10675.00 2.931270e-10
10680.00 2.926279e-10
10685.00 2.921286e-10
10690.00 2.916304e-10
10695.00 2.911319e-10
10700.00 2.906358e-10
10705.00 2.901411e-10
10710.00 2.896457e-10
10715.00 2.891498e-10
10720.00 2.886544e-10
10725.00 2.881589e-10
10730.00 2.876641e-10
10735.00 2.871715e-10
10740.00 2.866793e-10
10745.00 2.861878e-10
10750.00 2.856954e-10
10755.00 2.852034e-10
10760.00 2.847120e-10
10765.00 2.842202e-10
10770.00 2.837311e-10
10775.00 2.832421e-10
10780.00 2.827536e-10
10785.00 2.822653e-10
10790.00 2.817768e-10
10795.00 2.812883e-10
10800.00 2.807992e-10
10805.00 2.803136e-10
10810.00 2.798289e-10
10815.00 2.793429e-10
10820.00 2.788583e-10
10825.00 2.783732e-10
10830.00 2.778886e-10
10835.00 2.774051e-10
10840.00 2.769213e-10
10845.00 2.764391e-10
10850.00 2.759573e-10
10855.00 2.754752e-10
10860.00 2.749942e-10
10865.00 2.745144e-10
10870.00 2.740335e-10
10875.00 2.735549e-10
10880.00 2.730763e-10
10885.00 2.725979e-10
10890.00 2.721194e-10
10895.00 2.716412e-10
10900.00 2.711627e-10
10905.00 2.706876e-10
10910.00 2.702122e-10
10915.00 2.697368e-10
10920.00 2.692626e-10
10925.00 2.687872e-10
10930.00 2.683124e-10
10935.00 2.678400e-10
10940.00 2.673660e-10
10945.00 2.668935e-10
10950.00 2.664220e-10
10955.00 2.659503e-10
10960.00 2.654789e-10
10965.00 2.650103e-10
10970.00 2.645393e-10
10975.00 2.640706e-10
10980.00 2.636023e-10
10985.00 2.631339e-10
10990.00 2.626657e-10
10995.00 2.621977e-10
11000.00 2.617298e-10
11005.00 2.612645e-10
11010.00 2.607995e-10
11015.00 2.603350e-10
11020.00 2.598698e-10
11025.00 2.594045e-10
11030.00 2.589406e-10
11035.00 2.584781e-10
11040.00 2.580139e-10
11045.00 2.575524e-10
11050.00 2.570906e-10
11055.00 2.566296e-10
11060.00 2.561705e-10
11065.00 2.557096e-10
11070.00 2.552509e-10
11075.00 2.547907e-10
11080.00 2.543321e-10
11085.00 2.538744e-10
11090.00 2.534190e-10
11095.00 2.529614e-10
11100.00 2.525063e-10
11105.00 2.520485e-10
11110.00 2.515939e-10
11115.00 2.511389e-10
11120.00 2.506848e-10
11125.00 2.502329e-10
11130.00 2.497785e-10
11135.00 2.493266e-10
11140.00 2.488728e-10
11145.00 2.484215e-10
11150.00 2.479726e-10
11155.00 2.475218e-10
11160.00 2.470710e-10
11165.00 2.466228e-10
11170.00 2.461747e-10
11175.00 2.457240e-10
11180.00 2.452787e-10
11185.00 2.448313e-10
11190.00 2.443835e-10
11195.00 2.439379e-10
11200.00 2.434911e-10
11205.00 2.430463e-10
11210.00 2.426017e-10
11215.00 2.421578e-10
11220.00 2.417157e-10
11225.00 2.412719e-10
11230.00 2.408301e-10
11235.00 2.403889e-10
11240.00 2.399483e-10
11245.00 2.395072e-10
11250.00 2.390666e-10
11255.00 2.386276e-10
11260.00 2.381873e-10
11265.00 2.377492e-10
11270.00 2.373118e-10
11275.00 2.368748e-10
11280.00 2.364394e-10
11285.00 2.360021e-10
11290.00 2.355668e-10
11295.00 2.351302e-10
11300.00 2.346955e-10
11305.00 2.342612e-10
11310.00 2.338301e-10
11315.00 2.333964e-10
11320.00 2.329646e-10
11325.00 2.325312e-10
11330.00 2.321001e-10
11335.00 2.316718e-10
11340.00 2.312413e-10
11345.00 2.308110e-10
11350.00 2.303830e-10
11355.00 2.299550e-10
11360.00 2.295250e-10
11365.00 2.290994e-10
11370.00 2.286726e-10
11375.00 2.282454e-10
11380.00 2.278202e-10
11385.00 2.273938e-10
11390.00 2.269694e-10
11395.00 2.265451e-10
11400.00 2.261240e-10
11405.00 2.257006e-10
11410.00 2.252788e-10
11415.00 2.248555e-10
11420.00 2.244345e-10
11425.00 2.240141e-10
11430.00 2.235963e-10
11435.00 2.231756e-10
11440.00 2.227577e-10
11445.00 2.223378e-10
11450.00 2.219200e-10
11455.00 2.215028e-10
11460.00 2.210881e-10
11465.00 2.206716e-10
11470.00 2.202574e-10
11475.00 2.198428e-10
11480.00 2.194270e-10
11485.00 2.190149e-10
11490.00 2.186015e-10
11495.00 2.181879e-10
11500.00 2.177769e-10
11505.00 2.173660e-10
11510.00 2.169561e-10
11515.00 2.165451e-10
11520.00 2.161348e-10
11525.00 2.157270e-10
11530.00 2.153170e-10
11535.00 2.149097e-10
11540.00 2.145026e-10
11545.00 2.140955e-10
11550.00 2.136910e-10
11555.00 2.132848e-10
11560.00 2.128807e-10
11565.00 2.124767e-10
11570.00 2.120729e-10
11575.00 2.116693e-10
11580.00 2.112658e-10
11585.00 2.108643e-10
11590.00 2.104615e-10
11595.00 2.100606e-10
11600.00 2.096607e-10
11605.00 2.092628e-10
11610.00 2.088633e-10
11615.00 2.084656e-10
11620.00 2.080663e-10
11625.00 2.076685e-10
11630.00 2.072718e-10
11635.00 2.068772e-10
11640.00 2.064815e-10
11645.00 2.060872e-10
11650.00 2.056937e-10
11655.00 2.052997e-10
11660.00 2.049064e-10
11665.00 2.045131e-10
11670.00 2.041225e-10
11675.00 2.037297e-10
11680.00 2.033388e-10
11685.00 2.029488e-10
11690.00 2.025614e-10
11695.00 2.021721e-10
11700.00 2.017843e-10
11705.00 2.013946e-10
11710.00 2.010075e-10
11715.00 2.006216e-10
11720.00 2.002365e-10
11725.00 1.998510e-10
11730.00 1.994669e-10
11735.00 1.990833e-10
11740.00 1.987004e-10
11745.00 1.983166e-10
11750.00 1.979338e-10
11755.00 1.975528e-10
11760.00 1.971701e-10
11765.00 1.967897e-10
11770.00 1.964102e-10
11775.00 1.960328e-10
11780.00 1.956534e-10
11785.00 1.952759e-10
11790.00 1.948969e-10
11795.00 1.945200e-10
11800.00 1.941458e-10
11805.00 1.937703e-10
11810.00 1.933961e-10
11815.00 1.930203e-10
11820.00 1.926468e-10
11825.00 1.922738e-10
11830.00 1.919006e-10
11835.00 1.915301e-10
11840.00 1.911575e-10
11845.00 1.907871e-10
11850.00 1.904176e-10
11855.00 1.900478e-10
11860.00 1.896804e-10
11865.00 1.893118e-10
11870.00 1.889450e-10
11875.00 1.885783e-10
11880.00 1.882114e-10
11885.00 1.878458e-10
11890.00 1.874817e-10
11895.00 1.871161e-10
11900.00 1.867527e-10
11905.00 1.863896e-10
11910.00 1.860266e-10
11915.00 1.856663e-10
11920.00 1.853040e-10
11925.00 1.849442e-10
11930.00 1.845846e-10
11935.00 1.842251e-10
11940.00 1.838657e-10
11945.00 1.835089e-10
11950.00 1.831522e-10
11955.00 1.827934e-10
11960.00 1.824369e-10
11965.00 1.820830e-10
11970.00 1.817274e-10
11975.00 1.813741e-10
11980.00 1.810187e-10
11985.00 1.806655e-10
11990.00 1.803154e-10
11995.00 1.799627e-10
12000.00 1.796102e-10
12005.00 1.792606e-10
12010.00 1.789107e-10
12015.00 1.785619e-10
12020.00 1.782149e-10
12025.00 1.778660e-10
12030.00 1.775199e-10
12035.00 1.771739e-10
12040.00 1.768275e-10
12045.00 1.764816e-10
12050.00 1.761357e-10
12055.00 1.757926e-10
12060.00 1.754500e-10
12065.00 1.751073e-10
12070.00 1.747642e-10
12075.00 1.744220e-10
12080.00 1.740827e-10
12085.00 1.737431e-10
12090.00 1.734035e-10
12095.00 1.730645e-10
12100.00 1.727256e-10
12105.00 1.723889e-10
12110.00 1.720504e-10
12115.00 1.717137e-10
12120.00 1.713784e-10
12125.00 1.710450e-10
12130.00 1.707101e-10
12135.00 1.703769e-10
12140.00 1.700445e-10
12145.00 1.697119e-10
12150.00 1.693793e-10
12155.00 1.690475e-10
12160.00 1.687176e-10
12165.00 1.683886e-10
12170.00 1.680594e-10
12175.00 1.677302e-10
12180.00 1.674012e-10
12185.00 1.670754e-10
12190.00 1.667495e-10
12195.00 1.664239e-10
12200.00 1.660985e-10
12205.00 1.657727e-10
12210.00 1.654500e-10
12215.00 1.651279e-10
12220.00 1.648053e-10
12225.00 1.644831e-10
12230.00 1.641612e-10
12235.00 1.638415e-10
12240.00 1.635229e-10
12245.00 1.632040e-10
12250.00 1.628848e-10
12255.00 1.625664e-10
12260.00 1.622496e-10
12265.00 1.619317e-10
12270.00 1.616156e-10
12275.00 1.613004e-10
12280.00 1.609875e-10
12285.00 1.606728e-10
12290.00 1.603602e-10
12295.00 1.600479e-10
12300.00 1.597357e-10
12305.00 1.594238e-10
12310.00 1.591119e-10
12315.00 1.588027e-10
12320.00 1.584939e-10
12325.00 1.581850e-10
12330.00 1.578770e-10
12335.00 1.575703e-10
12340.00 1.572626e-10
12345.00 1.569571e-10
12350.00 1.566515e-10
12355.00 1.563460e-10
12360.00 1.560409e-10
12365.00 1.557387e-10
12370.00 1.554361e-10
12375.00 1.551321e-10
12380.00 1.548322e-10
12385.00 1.545307e-10
12390.00 1.542290e-10
12395.00 1.539301e-10
12400.00 1.536314e-10
12405.00 1.533329e-10
12410.00 1.530342e-10
12415.00 1.527361e-10
12420.00 1.524405e-10
12425.00 1.521453e-10
12430.00 1.518499e-10
12435.00 1.515548e-10
12440.00 1.512599e-10
12445.00 1.509675e-10
12450.00 1.506729e-10
12455.00 1.503807e-10
12460.00 1.500892e-10
12465.00 1.498001e-10
12470.00 1.495092e-10
12475.00 1.492204e-10
12480.00 1.489319e-10
12485.00 1.486433e-10
12490.00 1.483547e-10
12495.00 1.480670e-10
12500.00 1.477811e-10
12505.00 1.474936e-10
12510.00 1.472081e-10
12515.00 1.469232e-10
12520.00 1.466386e-10
12525.00 1.463564e-10
12530.00 1.460746e-10
12535.00 1.457901e-10
12540.00 1.455080e-10
12545.00 1.452269e-10
12550.00 1.449479e-10
12555.00 1.446670e-10
12560.00 1.443884e-10
12565.00 1.441099e-10
12570.00 1.438317e-10
12575.00 1.435538e-10
12580.00 1.432783e-10
12585.00 1.430010e-10
12590.00 1.427254e-10
12595.00 1.424507e-10
12600.00 1.421759e-10
12605.00 1.419017e-10
12610.00 1.416292e-10
12615.00 1.413555e-10
12620.00 1.410833e-10
12625.00 1.408124e-10
12630.00 1.405435e-10
12635.00 1.402724e-10
12640.00 1.400015e-10
12645.00 1.397330e-10
12650.00 1.394646e-10
12655.00 1.391966e-10
12660.00 1.389290e-10
12665.00 1.386637e-10
12670.00 1.383961e-10
12675.00 1.381310e-10
12680.00 1.378665e-10
12685.00 1.376018e-10
12690.00 1.373378e-10
12695.00 1.370753e-10
12700.00 1.368118e-10
12705.00 1.365498e-10
12710.00 1.362887e-10
12715.00 1.360279e-10
12720.00 1.357693e-10
12725.00 1.355086e-10
12730.00 1.352506e-10
12735.00 1.349926e-10
12740.00 1.347345e-10
12745.00 1.344767e-10
12750.00 1.342191e-10
12755.00 1.339640e-10
12760.00 1.337069e-10
12765.00 1.334518e-10
12770.00 1.331977e-10
12775.00 1.329461e-10
12780.00 1.326919e-10
12785.00 1.324376e-10
12790.00 1.321863e-10
12795.00 1.319351e-10
12800.00 1.316840e-10
12805.00 1.314335e-10
12810.00 1.311849e-10
12815.00 1.309345e-10
12820.00 1.306865e-10
12825.00 1.304388e-10
12830.00 1.301910e-10
12835.00 1.299433e-10
12840.00 1.296961e-10
12845.00 1.294514e-10
12850.00 1.292070e-10
12855.00 1.289629e-10
12860.00 1.287185e-10
12865.00 1.284742e-10
12870.00 1.282303e-10
12875.00 1.279885e-10
12880.00 1.277450e-10
12885.00 1.275039e-10
12890.00 1.272627e-10
12895.00 1.270221e-10
12900.00 1.267839e-10
12905.00 1.265437e-10
12910.00 1.263060e-10
12915.00 1.260681e-10
12920.00 1.258307e-10
12925.00 1.255932e-10
12930.00 1.253561e-10
12935.00 1.251218e-10
12940.00 1.248871e-10
12945.00 1.246502e-10
12950.00 1.244163e-10
12955.00 1.241847e-10
12960.00 1.239509e-10
12965.00 1.237173e-10
12970.00 1.234863e-10
12975.00 1.232555e-10
12980.00 1.230246e-10
12985.00 1.227938e-10
12990.00 1.225632e-10
12995.00 1.223329e-10
13000.00 1.221050e-10
13005.00 1.218779e-10
13010.00 1.216504e-10
13015.00 1.214228e-10
13020.00 1.211957e-10
13025.00 1.209689e-10
13030.00 1.207444e-10
13035.00 1.205199e-10
13040.00 1.202940e-10
13045.00 1.200719e-10
13050.00 1.198485e-10
13055.00 1.196247e-10
13060.00 1.194012e-10
13065.00 1.191802e-10
13070.00 1.189594e-10
13075.00 1.187388e-10
13080.00 1.185185e-10
13085.00 1.182983e-10
13090.00 1.180803e-10
13095.00 1.178604e-10
13100.00 1.176429e-10
13105.00 1.174257e-10
13110.00 1.172088e-10
13115.00 1.169914e-10
13120.00 1.167747e-10
13125.00 1.165607e-10
13130.00 1.163465e-10
13135.00 1.161301e-10
13140.00 1.159157e-10
13145.00 1.157023e-10
13150.00 1.154914e-10
13155.00 1.152782e-10
13160.00 1.150670e-10
13165.00 1.148544e-10
13170.00 1.146433e-10
13175.00 1.144331e-10
13180.00 1.142230e-10
13185.00 1.140153e-10
13190.00 1.138057e-10
13195.00 1.135984e-10
13200.00 1.133909e-10
13205.00 1.131817e-10
13210.00 1.129768e-10
13215.00 1.127701e-10
13220.00 1.125637e-10
13225.00 1.123591e-10
13230.00 1.121533e-10
13235.00 1.119493e-10
13240.00 1.117456e-10
13245.00 1.115419e-10
13250.00 1.113386e-10
13255.00 1.111377e-10
13260.00 1.109349e-10
13265.00 1.107344e-10
13270.00 1.105341e-10
13275.00 1.103341e-10
13280.00 1.101339e-10
13285.00 1.099339e-10
13290.00 1.097365e-10
13295.00 1.095369e-10
13300.00 1.093396e-10
13305.00 1.091430e-10
13310.00 1.089462e-10
13315.00 1.087494e-10
13320.00 1.085531e-10
13325.00 1.083587e-10
13330.00 1.081627e-10
13335.00 1.079688e-10
13340.00 1.077757e-10
13345.00 1.075820e-10
13350.00 1.073890e-10
13355.00 1.071982e-10
13360.00 1.070057e-10
13365.00 1.068147e-10
13370.00 1.066223e-10
13375.00 1.064316e-10
13380.00 1.062417e-10
13385.00 1.060522e-10
13390.00 1.058646e-10
13395.00 1.056755e-10
13400.00 1.054882e-10
13405.00 1.052988e-10
13410.00 1.051120e-10
13415.00 1.049253e-10
13420.00 1.047390e-10
13425.00 1.045550e-10
13430.00 1.043692e-10
13435.00 1.041852e-10
13440.00 1.039992e-10
13445.00 1.038156e-10
13450.00 1.036324e-10
13455.00 1.034495e-10
13460.00 1.032689e-10
13465.00 1.030860e-10
13470.00 1.029032e-10
13475.00 1.027229e-10
13480.00 1.025432e-10
13485.00 1.023632e-10
13490.00 1.021836e-10
13495.00 1.020040e-10
13500.00 1.018268e-10
13505.00 1.016479e-10
13510.00 1.014705e-10
13515.00 1.012914e-10
13520.00 1.011146e-10
13525.00 1.009380e-10
13530.00 1.007621e-10
13535.00 1.005880e-10
13540.00 1.004126e-10
13545.00 1.002387e-10
13550.00 1.000631e-10
13555.00 9.988970e-11
13560.00 9.971672e-11
13565.00 9.954389e-11
13570.00 9.937343e-11
13575.00 9.920076e-11
13580.00 9.902825e-11
13585.00 9.885799e-11
13590.00 9.868846e-11
13595.00 9.851870e-11
13600.00 9.834913e-11
13605.00 9.817944e-11
13610.00 9.801016e-11
13615.00 9.784316e-11
13620.00 9.767424e-11
13625.00 9.750754e-11
13630.00 9.734124e-11
13635.00 9.717494e-11
13640.00 9.700878e-11
13645.00 9.684244e-11
13650.00 9.667659e-11
13655.00 9.651292e-11
13660.00 9.634759e-11
13665.00 9.618414e-11
13670.00 9.602143e-11
13675.00 9.585849e-11
13680.00 9.569551e-11
13685.00 9.553303e-11
13690.00 9.537283e-11
13695.00 9.521079e-11
13700.00 9.505046e-11
13705.00 9.488842e-11
13710.00 9.472864e-11
13715.00 9.456908e-11
13720.00 9.440985e-11
13725.00 9.425315e-11
13730.00 9.409395e-11
13735.00 9.393494e-11
13740.00 9.377852e-11
13745.00 9.362230e-11
13750.00 9.346618e-11
13755.00 9.331027e-11
13760.00 9.315417e-11
13765.00 9.299783e-11
13770.00 9.284238e-11
13775.00 9.268936e-11
13780.00 9.253608e-11
13785.00 9.238098e-11
13790.00 9.222776e-11
13795.00 9.207508e-11
13800.00 9.192253e-11
13805.00 9.176997e-11
13810.00 9.162001e-11
13815.00 9.146803e-11
13820.00 9.131842e-11
13825.00 9.116861e-11
13830.00 9.101671e-11
13835.00 9.086709e-11
13840.00 9.071813e-11
13845.00 9.057152e-11
13850.00 9.042254e-11
13855.00 9.027355e-11
13860.00 9.012736e-11
13865.00 8.998105e-11
13870.00 8.983270e-11
13875.00 8.968631e-11
13880.00 8.954068e-11
13885.00 8.939739e-11
13890.00 8.925189e-11
13895.00 8.910656e-11
13900.00 8.896305e-11
13905.00 8.881785e-11
13910.00 8.867505e-11
13915.00 8.853243e-11
13920.00 8.839008e-11
13925.00 8.824742e-11
13930.00 8.810553e-11
13935.00 8.796531e-11
13940.00 8.782373e-11
13945.00 8.768378e-11
13950.00 8.754231e-11
13955.00 8.740253e-11
13960.00 8.726346e-11
13965.00 8.712441e-11
13970.00 8.698531e-11
13975.00 8.684649e-11
13980.00 8.670990e-11
13985.00 8.657173e-11
13990.00 8.643494e-11
13995.00 8.629689e-11
14000.00 8.616063e-11
14005.00 8.602497e-11
14010.00 8.588910e-11
14015.00 8.575396e-11
14020.00 8.562066e-11
14025.00 8.548557e-11
14030.00 8.535005e-11
14035.00 8.521736e-11
14040.00 8.508502e-11
14045.00 8.495270e-11
14050.00 8.482030e-11
14055.00 8.468807e-11
14060.00 8.455565e-11
14065.00 8.442334e-11
14070.00 8.429134e-11
14075.00 8.416202e-11
14080.00 8.403263e-11
14085.00 8.390130e-11
14090.00 8.377185e-11
14095.00 8.364283e-11
14100.00 8.351402e-11
14105.00 8.338502e-11
14110.00 8.325651e-11
14115.00 8.313016e-11
14120.00 8.300204e-11
14125.00 8.287544e-11
14130.00 8.274739e-11
14135.00 8.262147e-11
14140.00 8.249588e-11
14145.00 8.237044e-11
14150.00 8.224479e-11
14155.00 8.211981e-11
14160.00 8.199669e-11
14165.00 8.187203e-11
14170.00 8.174905e-11
14175.00 8.162432e-11
14180.00 8.150179e-11
14185.00 8.137951e-11
14190.00 8.125756e-11
14195.00 8.113531e-11
14200.00 8.101322e-11
14205.00 8.089149e-11
14210.00 8.077187e-11
14215.00 8.065063e-11
14220.00 8.053132e-11
14225.00 8.041209e-11
14230.00 8.029073e-11
14235.00 8.017170e-11
14240.00 8.005294e-11
14245.00 7.993416e-11
14250.00 7.981568e-11
14255.00 7.969959e-11
14260.00 7.958167e-11
14265.00 7.946545e-11
14270.00 7.934754e-11
14275.00 7.923179e-11
14280.00 7.911635e-11
14285.00 7.900092e-11
14290.00 7.888560e-11
14295.00 7.877030e-11
14300.00 7.860830e-11
14305.00 7.814283e-11
14310.00 7.751467e-11
14315.00 7.705118e-11
14320.00 7.694122e-11
14325.00 7.728235e-11
14330.00 7.806501e-11
14335.00 7.904257e-11
14340.00 7.980477e-11
14345.00 8.007629e-11
14350.00 7.979031e-11
14355.00 7.902218e-11
14360.00 7.797582e-11
14365.00 7.695568e-11
14370.00 7.628258e-11
14375.00 7.616724e-11
14380.00 7.656049e-11
14385.00 7.718651e-11
14390.00 7.772341e-11
14395.00 7.793931e-11
14400.00 7.774287e-11
14405.00 7.718595e-11
14410.00 7.642806e-11
14415.00 7.571464e-11
14420.00 7.526792e-11
14425.00 7.517588e-11
14430.00 7.535959e-11
14435.00 7.562315e-11
14440.00 7.577744e-11
14445.00 7.572613e-11
14450.00 7.546350e-11
14455.00 7.506019e-11
14460.00 7.465092e-11
14465.00 7.438989e-11
14470.00 7.432861e-11
14475.00 7.436786e-11
14480.00 7.435390e-11
14485.00 7.420542e-11
14490.00 7.395687e-11
14495.00 7.367694e-11
14500.00 7.327251e-11
14505.00 7.376535e-11
14510.00 7.445670e-11
14515.00 7.489397e-11
14520.00 7.504524e-11
14525.00 7.505462e-11
14530.00 7.499779e-11
14535.00 7.487350e-11
14540.00 7.471875e-11
14545.00 7.460962e-11
14550.00 7.455406e-11
14555.00 7.440491e-11
14560.00 7.401928e-11
14565.00 7.341184e-11
14570.00 7.277520e-11
14575.00 7.232136e-11
14580.00 7.215852e-11
14585.00 7.223537e-11
14590.00 7.236347e-11
14595.00 7.230623e-11
14600.00 7.189220e-11
14605.00 7.113111e-11
14610.00 7.027568e-11
14615.00 6.972781e-11
14620.00 6.982527e-11
14625.00 7.063512e-11
14630.00 7.188967e-11
14635.00 7.309121e-11
14640.00 7.369990e-11
14645.00 7.334185e-11
14650.00 7.198833e-11
14655.00 7.003973e-11
14660.00 6.824266e-11
14665.00 6.736813e-11
14670.00 6.758107e-11
14675.00 6.862374e-11
14680.00 6.988644e-11
14685.00 7.079413e-11
14690.00 7.093871e-11
14695.00 6.994642e-11
14700.00 6.803125e-11
14705.00 6.604469e-11
14710.00 6.489277e-11
14715.00 6.506212e-11
14720.00 6.633628e-11
14725.00 6.797395e-11
14730.00 6.905292e-11
14735.00 6.921280e-11
14740.00 6.864813e-11
14745.00 6.764041e-11
14750.00 6.658293e-11
14755.00 6.589335e-11
14760.00 6.582433e-11
14765.00 6.636293e-11
14770.00 6.723554e-11
14775.00 6.808498e-11
14780.00 6.852909e-11
14785.00 6.852063e-11
14790.00 6.816845e-11
14795.00 6.774827e-11
14800.00 6.751490e-11
14805.00 6.755568e-11
14810.00 6.777065e-11
14815.00 6.794371e-11
14820.00 6.787169e-11
14825.00 6.747034e-11
14830.00 6.681282e-11
14835.00 6.610930e-11
14840.00 6.560107e-11
14845.00 6.543571e-11
14850.00 6.566688e-11
14855.00 6.621245e-11
14860.00 6.683677e-11
14865.00 6.725836e-11
14870.00 6.727661e-11
14875.00 6.685032e-11
14880.00 6.611398e-11
14885.00 6.530848e-11
14890.00 6.472487e-11
14895.00 6.457599e-11
14900.00 6.504052e-11
14905.00 6.593168e-11
14910.00 6.697837e-11
14915.00 6.781995e-11
14920.00 6.819177e-11
14925.00 6.800523e-11
14930.00 6.736380e-11
14935.00 6.653637e-11
14940.00 6.588868e-11
14945.00 6.561208e-11
14950.00 6.569825e-11
14955.00 6.610888e-11
14960.00 6.669073e-11
14965.00 6.724132e-11
14970.00 6.768072e-11
14975.00 6.802514e-11
14980.00 6.824072e-11
14985.00 6.826739e-11
14990.00 6.805990e-11
14995.00 6.755901e-11
15000.00 6.693542e-11
15005.00 6.628956e-11
15010.00 6.555700e-11
15015.00 6.480832e-11
15020.00 6.419370e-11
15025.00 6.380106e-11
15030.00 6.368008e-11
15035.00 6.379438e-11
15040.00 6.406831e-11
15045.00 6.445304e-11
15050.00 6.473044e-11
15055.00 6.474227e-11
15060.00 6.448089e-11
15065.00 6.397656e-11
15070.00 6.328097e-11
15075.00 6.243098e-11
15080.00 6.163241e-11
15085.00 6.111870e-11
15090.00 6.097788e-11
15095.00 6.121879e-11
15100.00 6.176345e-11
15105.00 6.246539e-11
15110.00 6.313302e-11
15115.00 6.355595e-11
15120.00 6.359449e-11
15125.00 6.323819e-11
15130.00 6.263840e-11
15135.00 6.204286e-11
15140.00 6.173915e-11
15145.00 6.188771e-11
15150.00 6.242482e-11
15155.00 6.317253e-11
15160.00 6.376812e-11
15165.00 6.388200e-11
15170.00 6.344775e-11
15175.00 6.252934e-11
15180.00 6.135061e-11
15185.00 6.026238e-11
15190.00 5.960366e-11
15195.00 5.955233e-11
15200.00 6.005448e-11
15205.00 6.085956e-11
15210.00 6.165356e-11
15215.00 6.212954e-11
15220.00 6.211293e-11
15225.00 6.163067e-11
15230.00 6.086808e-11
15235.00 6.001073e-11
15240.00 5.929022e-11
15245.00 5.885289e-11
15250.00 5.870820e-11
15255.00 5.876673e-11
15260.00 5.891261e-11
15265.00 5.908918e-11
15270.00 5.929608e-11
15275.00 5.958119e-11
15280.00 5.999222e-11
15285.00 6.050631e-11
15290.00 6.091607e-11
15295.00 6.108850e-11
15300.00 6.092275e-11
15305.00 6.040182e-11
15310.00 5.964559e-11
15315.00 5.888602e-11
15320.00 5.836552e-11
15325.00 5.827312e-11
15330.00 5.862640e-11
15335.00 5.924736e-11
15340.00 5.982172e-11
15345.00 6.000155e-11
15350.00 5.958412e-11
15355.00 5.861527e-11
15360.00 5.734063e-11
15365.00 5.611157e-11
15370.00 5.527418e-11
15375.00 5.502445e-11
15380.00 5.548640e-11
15385.00 5.647951e-11
15390.00 5.767552e-11
15395.00 5.871089e-11
15400.00 5.936403e-11
15405.00 5.954764e-11
15410.00 5.933425e-11
15415.00 5.888208e-11
15420.00 5.836372e-11
15425.00 5.789256e-11
15430.00 5.749980e-11
15435.00 5.714309e-11
15440.00 5.674859e-11
15445.00 5.628623e-11
15450.00 5.579977e-11
15455.00 5.538538e-11
15460.00 5.516905e-11
15465.00 5.525310e-11
15470.00 5.563233e-11
15475.00 5.619724e-11
15480.00 5.678017e-11
15485.00 5.721775e-11
15490.00 5.740361e-11
15495.00 5.730469e-11
15500.00 5.696794e-11
15505.00 5.649072e-11
15510.00 5.598426e-11
15515.00 5.552756e-11
15520.00 5.517502e-11
15525.00 5.490748e-11
15530.00 5.467972e-11
15535.00 5.458545e-11
15540.00 5.466913e-11
15545.00 5.494442e-11
15550.00 5.538198e-11
15555.00 5.588005e-11
15560.00 5.629829e-11
15565.00 5.648736e-11
15570.00 5.634569e-11
15575.00 5.590196e-11
15580.00 5.529241e-11
15585.00 5.470974e-11
15590.00 5.434328e-11
15595.00 5.432374e-11
15600.00 5.467878e-11
15605.00 5.529815e-11
15610.00 5.598824e-11
15615.00 5.654682e-11
15620.00 5.680839e-11
15625.00 5.669653e-11
15630.00 5.624082e-11
15635.00 5.558769e-11
15640.00 5.493109e-11
15645.00 5.443651e-11
15650.00 5.417791e-11
15655.00 5.417490e-11
15660.00 5.428223e-11
15665.00 5.440269e-11
15670.00 5.448331e-11
15675.00 5.443027e-11
15680.00 5.413540e-11
15685.00 5.380586e-11
15690.00 5.351273e-11
15695.00 5.335033e-11
15700.00 5.330194e-11
15705.00 5.325828e-11
15710.00 5.307809e-11
15715.00 5.270521e-11
15720.00 5.219110e-11
15725.00 5.166301e-11
15730.00 5.133051e-11
15735.00 5.136109e-11
15740.00 5.174192e-11
15745.00 5.236933e-11
15750.00 5.318073e-11
15755.00 5.400185e-11
15760.00 5.460843e-11
15765.00 5.485780e-11
15770.00 5.471440e-11
15775.00 5.427031e-11
15780.00 5.368967e-11
15785.00 5.317305e-11
15790.00 5.286765e-11
15795.00 5.281040e-11
15800.00 5.297116e-11
15805.00 5.323418e-11
15810.00 5.345596e-11
15815.00 5.351739e-11
15820.00 5.336563e-11
15825.00 5.300684e-11
15830.00 5.251423e-11
15835.00 5.206897e-11
15840.00 5.177029e-11
15845.00 5.161347e-11
15850.00 5.160454e-11
15855.00 5.171058e-11
15860.00 5.190615e-11
15865.00 5.215335e-11
15870.00 5.240152e-11
15875.00 5.262554e-11
15880.00 5.281929e-11
15885.00 5.296102e-11
15890.00 5.301872e-11
15895.00 5.296860e-11
15900.00 5.281457e-11
15905.00 5.257928e-11
15910.00 5.232854e-11
15915.00 5.213974e-11
15920.00 5.205677e-11
15925.00 5.210843e-11
15930.00 5.225051e-11
15935.00 5.240247e-11
15940.00 5.258774e-11
15945.00 5.269544e-11
15950.00 5.263525e-11
15955.00 5.236634e-11
15960.00 5.193414e-11
15965.00 5.146496e-11
15970.00 5.115065e-11
15975.00 5.111765e-11
15980.00 5.132337e-11
15985.00 5.171782e-11
15990.00 5.220217e-11
15995.00 5.263519e-11
16000.00 5.284394e-11
16005.00 5.266020e-11
16010.00 5.211858e-11
16015.00 5.137925e-11
16020.00 5.063400e-11
16025.00 5.007155e-11
16030.00 4.980442e-11
16035.00 4.983798e-11
16040.00 5.006956e-11
16045.00 5.035832e-11
16050.00 5.060867e-11
16055.00 5.068922e-11
16060.00 5.050766e-11
16065.00 5.013561e-11
16070.00 4.969067e-11
16075.00 4.929418e-11
16080.00 4.901201e-11
16085.00 4.889208e-11
16090.00 4.894210e-11
16095.00 4.908671e-11
16100.00 4.923612e-11
16105.00 4.931412e-11
16110.00 4.929250e-11
16115.00 4.918729e-11
16120.00 4.905069e-11
16125.00 4.895141e-11
16130.00 4.893708e-11
16135.00 4.902818e-11
16140.00 4.921366e-11
16145.00 4.940991e-11
16150.00 4.952323e-11
16155.00 4.953252e-11
16160.00 4.935271e-11
16165.00 4.898412e-11
16170.00 4.853152e-11
16175.00 4.811712e-11
16180.00 4.784319e-11
16185.00 4.776761e-11
16190.00 4.788554e-11
16195.00 4.813534e-11
16200.00 4.840474e-11
16205.00 4.857437e-11
16210.00 4.856338e-11
16215.00 4.834145e-11
16220.00 4.795211e-11
16225.00 4.750211e-11
16230.00 4.710851e-11
16235.00 4.687600e-11
16240.00 4.686592e-11
16245.00 4.705505e-11
16250.00 4.735836e-11
16255.00 4.765742e-11
16260.00 4.784911e-11
16265.00 4.786941e-11
16270.00 4.771628e-11
16275.00 4.744186e-11
16280.00 4.714964e-11
16285.00 4.694311e-11
16290.00 4.690203e-11
16295.00 4.705003e-11
16300.00 4.734897e-11
16305.00 4.770064e-11
16310.00 4.798825e-11
16315.00 4.810062e-11
16320.00 4.796448e-11
16325.00 4.757553e-11
16330.00 4.699697e-11
16335.00 4.634550e-11
16340.00 4.576475e-11
16345.00 4.542671e-11
16350.00 4.533003e-11
16355.00 4.549630e-11
16360.00 4.589803e-11
16365.00 4.644688e-11
16370.00 4.704740e-11
16375.00 4.755597e-11
16380.00 4.776127e-11
16385.00 4.759547e-11
16390.00 4.714326e-11
16395.00 4.649085e-11
16400.00 4.575924e-11
16405.00 4.506099e-11
16410.00 4.445930e-11
16415.00 4.397946e-11
16420.00 4.366228e-11
16425.00 4.354141e-11
16430.00 4.360335e-11
16435.00 4.381165e-11
16440.00 4.416785e-11
16445.00 4.466465e-11
16450.00 4.523884e-11
16455.00 4.581528e-11
16460.00 4.631076e-11
16465.00 4.664705e-11
16470.00 4.677293e-11
16475.00 4.666699e-11
16480.00 4.634752e-11
16485.00 4.586106e-11
16490.00 4.526420e-11
16495.00 4.467930e-11
16500.00 4.420480e-11
16505.00 4.390055e-11
16510.00 4.380057e-11
16515.00 4.389300e-11
16520.00 4.413052e-11
16525.00 4.443597e-11
16530.00 4.472733e-11
16535.00 4.492463e-11
16540.00 4.497717e-11
16545.00 4.487197e-11
16550.00 4.463486e-11
16555.00 4.432060e-11
16560.00 4.399352e-11
16565.00 4.371912e-11
16570.00 4.353084e-11
16575.00 4.343833e-11
16580.00 4.341031e-11
16585.00 4.339159e-11
16590.00 4.333944e-11
16595.00 4.321606e-11
16600.00 4.299037e-11
16605.00 4.267315e-11
16610.00 4.230533e-11
16615.00 4.195497e-11
16620.00 4.169679e-11
16625.00 4.160043e-11
16630.00 4.169463e-11
16635.00 4.202037e-11
16640.00 4.258841e-11
16645.00 4.329930e-11
16650.00 4.406989e-11
16655.00 4.477363e-11
16660.00 4.526555e-11
16665.00 4.544115e-11
16670.00 4.526600e-11
16675.00 4.477643e-11
16680.00 4.406862e-11
16685.00 4.325964e-11
16690.00 4.247252e-11
16695.00 4.181419e-11
16700.00 4.136713e-11
16705.00 4.118352e-11
16710.00 4.124203e-11
16715.00 4.149535e-11
16720.00 4.187663e-11
16725.00 4.229233e-11
16730.00 4.264473e-11
16735.00 4.283434e-11
16740.00 4.284112e-11
16745.00 4.276393e-11
16750.00 4.262694e-11
16755.00 4.245256e-11
16760.00 4.230669e-11
16765.00 4.226383e-11
16770.00 4.236008e-11
16775.00 4.257565e-11
16780.00 4.282458e-11
16785.00 4.301083e-11
16790.00 4.305404e-11
16795.00 4.291194e-11
16800.00 4.254672e-11
16805.00 4.199232e-11
16810.00 4.134250e-11
16815.00 4.071599e-11
16820.00 4.022913e-11
16825.00 3.997306e-11
16830.00 3.998576e-11
16835.00 4.023762e-11
16840.00 4.065216e-11
16845.00 4.110345e-11
16850.00 4.146348e-11
16855.00 4.165479e-11
16860.00 4.165896e-11
16865.00 4.150886e-11
16870.00 4.127380e-11
16875.00 4.102700e-11
16880.00 4.083651e-11
16885.00 4.079077e-11
16890.00 4.090276e-11
16895.00 4.110381e-11
16900.00 4.131926e-11
16905.00 4.147916e-11
16910.00 4.151308e-11
16915.00 4.139341e-11
16920.00 4.114017e-11
16925.00 4.081230e-11
16930.00 4.048198e-11
16935.00 4.025255e-11
16940.00 4.014526e-11
16945.00 4.015111e-11
16950.00 4.027365e-11
16955.00 4.045054e-11
16960.00 4.062534e-11
16965.00 4.073310e-11
16970.00 4.071735e-11
16975.00 4.056639e-11
16980.00 4.033779e-11
16985.00 4.009807e-11
16990.00 3.988948e-11
16995.00 3.975203e-11
17000.00 3.972106e-11
17005.00 3.979188e-11
17010.00 3.991241e-11
17015.00 4.001751e-11
17020.00 4.005099e-11
17025.00 3.996203e-11
17030.00 3.974102e-11
17035.00 3.940845e-11
17040.00 3.899868e-11
17045.00 3.859409e-11
17050.00 3.828828e-11
17055.00 3.813515e-11
17060.00 3.815684e-11
17065.00 3.833837e-11
17070.00 3.863988e-11
17075.00 3.900254e-11
17080.00 3.935078e-11
17085.00 3.963833e-11
17090.00 3.981013e-11
17095.00 3.983806e-11
17100.00 3.976341e-11
17105.00 3.959890e-11
17110.00 3.937919e-11
17115.00 3.913745e-11
17120.00 3.889689e-11
17125.00 3.868396e-11
17130.00 3.850919e-11
17135.00 3.838376e-11
17140.00 3.830855e-11
17145.00 3.828106e-11
17150.00 3.829631e-11
17155.00 3.834214e-11
17160.00 3.840575e-11
17165.00 3.847701e-11
17170.00 3.853214e-11
17175.00 3.854994e-11
17180.00 3.851177e-11
17185.00 3.841043e-11
17190.00 3.825010e-11
17195.00 3.805025e-11
17200.00 3.784164e-11
17205.00 3.766349e-11
17210.00 3.755234e-11
17215.00 3.751837e-11
17220.00 3.756381e-11
17225.00 3.769400e-11
17230.00 3.789260e-11
17235.00 3.812030e-11
17240.00 3.833196e-11
17245.00 3.850165e-11
17250.00 3.858818e-11
17255.00 3.859961e-11
17260.00 3.856055e-11
17265.00 3.844858e-11
17270.00 3.828319e-11
17275.00 3.809700e-11
17280.00 3.792054e-11
17285.00 3.778054e-11
17290.00 3.769658e-11
17295.00 3.767581e-11
17300.00 3.771568e-11
17305.00 3.780854e-11
17310.00 3.793576e-11
17315.00 3.805965e-11
17320.00 3.813900e-11
17325.00 3.813554e-11
17330.00 3.804698e-11
17335.00 3.789210e-11
17340.00 3.768259e-11
17345.00 3.742896e-11
17350.00 3.715879e-11
17355.00 3.688596e-11
17360.00 3.662598e-11
17365.00 3.638975e-11
17370.00 3.619088e-11
17375.00 3.606060e-11
17380.00 3.601263e-11
17385.00 3.602621e-11
17390.00 3.609752e-11
17395.00 3.622307e-11
17400.00 3.637877e-11
17405.00 3.653483e-11
17410.00 3.666589e-11
17415.00 3.675751e-11
17420.00 3.679053e-11
17425.00 3.677613e-11
17430.00 3.671849e-11
17435.00 3.666837e-11
17440.00 3.668751e-11
17445.00 3.671333e-11
17450.00 3.670279e-11
17455.00 3.662685e-11
17460.00 3.647459e-11
17465.00 3.625019e-11
17470.00 3.597535e-11
17475.00 3.567930e-11
17480.00 3.540528e-11
17485.00 3.518806e-11
17490.00 3.505363e-11
17495.00 3.501166e-11
17500.00 3.505201e-11
17505.00 3.514569e-11
17510.00 3.525640e-11
17515.00 3.534754e-11
17520.00 3.539087e-11
17525.00 3.537776e-11
17530.00 3.531363e-11
17535.00 3.522720e-11
17540.00 3.515677e-11
17545.00 3.513719e-11
17550.00 3.520044e-11
17555.00 3.536290e-11
17560.00 3.561823e-11
17565.00 3.592616e-11
17570.00 3.624598e-11
17575.00 3.650555e-11
17580.00 3.662424e-11
17585.00 3.658907e-11
17590.00 3.639231e-11
17595.00 3.603893e-11
17600.00 3.557403e-11
17605.00 3.505321e-11
17610.00 3.454127e-11
17615.00 3.409543e-11
17620.00 3.375957e-11
17625.00 3.355975e-11
17630.00 3.349875e-11
17635.00 3.355176e-11
17640.00 3.368194e-11
17645.00 3.384530e-11
17650.00 3.399377e-11
17655.00 3.409291e-11
17660.00 3.412394e-11
17665.00 3.408870e-11
17670.00 3.400297e-11
17675.00 3.388815e-11
17680.00 3.377190e-11
17685.00 3.367645e-11
17690.00 3.362215e-11
17695.00 3.361198e-11
17700.00 3.364420e-11
17705.00 3.370614e-11
17710.00 3.377783e-11
17715.00 3.383727e-11
17720.00 3.386984e-11
17725.00 3.386564e-11
17730.00 3.381984e-11
17735.00 3.374348e-11
17740.00 3.365095e-11
17745.00 3.356233e-11
17750.00 3.349960e-11
17755.00 3.347921e-11
17760.00 3.352334e-11
17765.00 3.363488e-11
17770.00 3.380885e-11
17775.00 3.402551e-11
17780.00 3.425630e-11
17785.00 3.447176e-11
17790.00 3.463504e-11
17795.00 3.472067e-11
17800.00 3.471180e-11
17805.00 3.461425e-11
17810.00 3.443826e-11
17815.00 3.421170e-11
17820.00 3.396739e-11
17825.00 3.373364e-11
17830.00 3.353863e-11
17835.00 3.339566e-11
17840.00 3.330367e-11
17845.00 3.325530e-11
17850.00 3.322130e-11
17855.00 3.317340e-11
17860.00 3.308310e-11
17865.00 3.293420e-11
17870.00 3.273058e-11
17875.00 3.249606e-11
17880.00 3.225597e-11
17885.00 3.204217e-11
17890.00 3.188095e-11
17895.00 3.178810e-11
17900.00 3.177757e-11
17905.00 3.184748e-11
17910.00 3.198872e-11
17915.00 3.218980e-11
17920.00 3.242940e-11
17925.00 3.267165e-11
17930.00 3.287693e-11
17935.00 3.302713e-11
17940.00 3.310597e-11
17945.00 3.311831e-11
17950.00 3.307964e-11
17955.00 3.300758e-11
17960.00 3.291929e-11
17965.00 3.281794e-11
17970.00 3.270471e-11
17975.00 3.257112e-11
17980.00 3.240737e-11
17985.00 3.220718e-11
17990.00 3.197094e-11
17995.00 3.170798e-11
18000.00 3.143310e-11
18005.00 3.117097e-11
18010.00 3.094405e-11
18015.00 3.077952e-11
18020.00 3.069296e-11
18025.00 3.069463e-11
18030.00 3.077355e-11
18035.00 3.090844e-11
18040.00 3.106754e-11
18045.00 3.122020e-11
18050.00 3.134062e-11
18055.00 3.141528e-11
18060.00 3.144413e-11
18065.00 3.144117e-11
18070.00 3.143221e-11
18075.00 3.142333e-11
18080.00 3.138267e-11
18085.00 3.131264e-11
18090.00 3.126726e-11
18095.00 3.128423e-11
18100.00 3.134830e-11
18105.00 3.145261e-11
18110.00 3.158914e-11
18115.00 3.174110e-11
18120.00 3.189881e-11
18125.00 3.205110e-11
18130.00 3.219027e-11
18135.00 3.229284e-11
18140.00 3.233779e-11
18145.00 3.230813e-11
18150.00 3.220929e-11
18155.00 3.206387e-11
18160.00 3.190011e-11
18165.00 3.173804e-11
18170.00 3.158579e-11
18175.00 3.144712e-11
18180.00 3.132668e-11
18185.00 3.123929e-11
18190.00 3.121931e-11
18195.00 3.131779e-11
18200.00 3.155572e-11
18205.00 3.188019e-11
18210.00 3.215666e-11
18215.00 3.225513e-11
18220.00 3.216902e-11
18225.00 3.198279e-11
18230.00 3.177454e-11
18235.00 3.156503e-11
18240.00 3.133635e-11
18245.00 3.105554e-11
18250.00 3.069969e-11
18255.00 3.025012e-11
18260.00 2.971740e-11
18265.00 2.913414e-11
18270.00 2.858191e-11
18275.00 2.816712e-11
18280.00 2.796948e-11
18285.00 2.805053e-11
18290.00 2.838432e-11
18295.00 2.888188e-11
18300.00 2.945618e-11
18305.00 3.005506e-11
18310.00 3.063700e-11
18315.00 3.116253e-11
18320.00 3.159983e-11
18325.00 3.192265e-11
18330.00 3.212910e-11
18335.00 3.221691e-11
18340.00 3.217618e-11
18345.00 3.195649e-11
18350.00 3.149409e-11
18355.00 3.078749e-11
18360.00 2.993666e-11
18365.00 2.911763e-11
18370.00 2.845380e-11
18375.00 2.798430e-11
18380.00 2.768019e-11
18385.00 2.750376e-11
18390.00 2.746046e-11
18395.00 2.762976e-11
18400.00 2.808618e-11
18405.00 2.871728e-11
18410.00 2.927673e-11
18415.00 2.957282e-11
18420.00 2.964192e-11
18425.00 2.961559e-11
18430.00 2.960374e-11
18435.00 2.965296e-11
18440.00 2.977682e-11
18445.00 2.996470e-11
18450.00 3.020268e-11
18455.00 3.049022e-11
18460.00 3.082615e-11
18465.00 3.121936e-11
18470.00 3.156423e-11
18475.00 3.156964e-11
18480.00 3.112472e-11
18485.00 3.012110e-11
18490.00 2.867218e-11
18495.00 2.745150e-11
18500.00 2.678100e-11
18505.00 2.660158e-11
18510.00 2.674707e-11
18515.00 2.710038e-11
18520.00 2.758356e-11
18525.00 2.814978e-11
18530.00 2.876779e-11
18535.00 2.940698e-11
18540.00 2.999526e-11
18545.00 3.040880e-11
18550.00 3.049619e-11
18555.00 3.017544e-11
18560.00 2.948918e-11
18565.00 2.860650e-11
18570.00 2.773104e-11
18575.00 2.702398e-11
18580.00 2.658457e-11
18585.00 2.645737e-11
18590.00 2.665632e-11
18595.00 2.716910e-11
18600.00 2.794027e-11
18605.00 2.884116e-11
18610.00 2.968051e-11
18615.00 3.028495e-11
18620.00 3.055551e-11
18625.00 3.050591e-11
18630.00 3.022129e-11
18635.00 2.980645e-11
18640.00 2.933945e-11
18645.00 2.888225e-11
18650.00 2.846828e-11
18655.00 2.810092e-11
18660.00 2.777092e-11
18665.00 2.745159e-11
18670.00 2.714025e-11
18675.00 2.687219e-11
18680.00 2.672544e-11
18685.00 2.679368e-11
18690.00 2.712290e-11
18695.00 2.761196e-11
18700.00 2.794789e-11
18705.00 2.801315e-11
18710.00 2.811288e-11
18715.00 2.838007e-11
18720.00 2.876945e-11
18725.00 2.917703e-11
18730.00 2.953127e-11
18735.00 2.983402e-11
18740.00 3.010892e-11
18745.00 3.033120e-11
18750.00 3.044144e-11
18755.00 3.040240e-11
18760.00 3.021619e-11
18765.00 2.983318e-11
18770.00 2.904804e-11
18775.00 2.791258e-11
18780.00 2.700448e-11
18785.00 2.652692e-11
18790.00 2.636404e-11
18795.00 2.636532e-11
18800.00 2.645357e-11
18805.00 2.659521e-11
18810.00 2.675766e-11
18815.00 2.691249e-11
18820.00 2.704315e-11
18825.00 2.710675e-11
18830.00 2.703292e-11
18835.00 2.682000e-11
18840.00 2.650235e-11
18845.00 2.614812e-11
18850.00 2.586953e-11
18855.00 2.574184e-11
18860.00 2.577663e-11
18865.00 2.593096e-11
18870.00 2.614394e-11
18875.00 2.637719e-11
18880.00 2.659945e-11
18885.00 2.679632e-11
18890.00 2.696337e-11
18895.00 2.708297e-11
18900.00 2.713130e-11
18905.00 2.706520e-11
18910.00 2.684417e-11
18915.00 2.645268e-11
18920.00 2.598316e-11
18925.00 2.560308e-11
18930.00 2.545597e-11
18935.00 2.554289e-11
18940.00 2.578086e-11
18945.00 2.607223e-11
18950.00 2.635683e-11
18955.00 2.660030e-11
18960.00 2.676869e-11
18965.00 2.682467e-11
18970.00 2.672796e-11
18975.00 2.643826e-11
18980.00 2.592287e-11
18985.00 2.519161e-11
18990.00 2.434250e-11
18995.00 2.358456e-11
19000.00 2.319096e-11
19005.00 2.324441e-11
19010.00 2.362281e-11
19015.00 2.414070e-11
19020.00 2.468018e-11
19025.00 2.520574e-11
19030.00 2.571048e-11
19035.00 2.618467e-11
19040.00 2.659523e-11
19045.00 2.688746e-11
19050.00 2.698587e-11
19055.00 2.681788e-11
19060.00 2.638651e-11
19065.00 2.585801e-11
19070.00 2.544192e-11
19075.00 2.526422e-11
19080.00 2.525914e-11
19085.00 2.531467e-11
19090.00 2.535971e-11
19095.00 2.536854e-11
19100.00 2.533166e-11
19105.00 2.525110e-11
19110.00 2.513316e-11
19115.00 2.498515e-11
19120.00 2.481758e-11
19125.00 2.464411e-11
19130.00 2.446848e-11
19135.00 2.432640e-11
19140.00 2.429672e-11
19145.00 2.445493e-11
19150.00 2.478875e-11
19155.00 2.518833e-11
19160.00 2.554294e-11
19165.00 2.578468e-11
19170.00 2.588903e-11
19175.00 2.584825e-11
19180.00 2.566123e-11
19185.00 2.532481e-11
19190.00 2.483539e-11
19195.00 2.419149e-11
19200.00 2.343313e-11
19205.00 2.267006e-11
19210.00 2.202367e-11
19215.00 2.166911e-11
19220.00 2.177772e-11
19225.00 2.220400e-11
19230.00 2.272696e-11
19235.00 2.326735e-11
19240.00 2.375515e-11
19245.00 2.413343e-11
19250.00 2.438201e-11
19255.00 2.448294e-11
19260.00 2.442951e-11
19265.00 2.422844e-11
19270.00 2.390141e-11
19275.00 2.349124e-11
19280.00 2.305647e-11
19285.00 2.267054e-11
19290.00 2.239268e-11
19295.00 2.225189e-11
19300.00 2.223705e-11
19305.00 2.231340e-11
19310.00 2.244152e-11
19315.00 2.258868e-11
19320.00 2.273716e-11
19325.00 2.287922e-11
19330.00 2.301113e-11
19335.00 2.313118e-11
19340.00 2.324736e-11
19345.00 2.336743e-11
19350.00 2.350060e-11
19355.00 2.365330e-11
19360.00 2.382509e-11
19365.00 2.400621e-11
19370.00 2.417928e-11
19375.00 2.431878e-11
19380.00 2.440023e-11
19385.00 2.439854e-11
19390.00 2.430055e-11
19395.00 2.410924e-11
19400.00 2.384286e-11
19405.00 2.353834e-11
19410.00 2.323038e-11
19415.00 2.295685e-11
19420.00 2.277359e-11
19425.00 2.270402e-11
19430.00 2.272105e-11
19435.00 2.281813e-11
19440.00 2.298314e-11
19445.00 2.318334e-11
19450.00 2.338909e-11
19455.00 2.356638e-11
19460.00 2.369108e-11
19465.00 2.373475e-11
19470.00 2.369104e-11
19475.00 2.356465e-11
19480.00 2.337544e-11
19485.00 2.315742e-11
19490.00 2.295344e-11
19495.00 2.278974e-11
19500.00 2.268496e-11
19505.00 2.264337e-11
19510.00 2.265827e-11
19515.00 2.271340e-11
19520.00 2.278844e-11
19525.00 2.286142e-11
19530.00 2.291614e-11
19535.00 2.293182e-11
19540.00 2.289747e-11
19545.00 2.280841e-11
19550.00 2.266243e-11
19555.00 2.248217e-11
19560.00 2.229389e-11
19565.00 2.213566e-11
19570.00 2.204197e-11
19575.00 2.202369e-11
19580.00 2.207209e-11
19585.00 2.216665e-11
19590.00 2.227988e-11
19595.00 2.239228e-11
19600.00 2.248222e-11
19605.00 2.253563e-11
19610.00 2.254458e-11
19615.00 2.250217e-11
19620.00 2.241733e-11
19625.00 2.229389e-11
19630.00 2.215052e-11
19635.00 2.202752e-11
19640.00 2.194947e-11
19645.00 2.193973e-11
19650.00 2.200336e-11
19655.00 2.213315e-11
19660.00 2.230917e-11
19665.00 2.250258e-11
19670.00 2.268623e-11
19675.00 2.283764e-11
19680.00 2.294456e-11
19685.00 2.299672e-11
19690.00 2.300053e-11
19695.00 2.296068e-11
19700.00 2.288431e-11
19705.00 2.278335e-11
19710.00 2.266673e-11
19715.00 2.254798e-11
19720.00 2.242962e-11
19725.00 2.231466e-11
19730.00 2.220441e-11
19735.00 2.208983e-11
19740.00 2.197276e-11
19745.00 2.184384e-11
19750.00 2.170262e-11
19755.00 2.155629e-11
19760.00 2.140529e-11
19765.00 2.126105e-11
19770.00 2.113633e-11
19775.00 2.103969e-11
19780.00 2.098282e-11
19785.00 2.097266e-11
19790.00 2.100997e-11
19795.00 2.109352e-11
19800.00 2.121276e-11
19805.00 2.134759e-11
19810.00 2.148969e-11
19815.00 2.163438e-11
19820.00 2.177346e-11
19825.00 2.190495e-11
19830.00 2.202075e-11
19835.00 2.210004e-11
19840.00 2.212933e-11
19845.00 2.211871e-11
19850.00 2.206696e-11
19855.00 2.196942e-11
19860.00 2.183156e-11
19865.00 2.166273e-11
19870.00 2.147101e-11
19875.00 2.126913e-11
19880.00 2.107062e-11
19885.00 2.088867e-11
19890.00 2.073470e-11
19895.00 2.062315e-11
19900.00 2.055866e-11
19905.00 2.054256e-11
19910.00 2.057778e-11
19915.00 2.065243e-11
19920.00 2.076188e-11
19925.00 2.088995e-11
19930.00 2.102693e-11
19935.00 2.115715e-11
19940.00 2.126448e-11
19945.00 2.133824e-11
19950.00 2.137051e-11
19955.00 2.135057e-11
19960.00 2.127843e-11
19965.00 2.115164e-11
19970.00 2.098242e-11
19975.00 2.077752e-11
19980.00 2.055275e-11
19985.00 2.032791e-11
19990.00 2.012350e-11
19995.00 1.996019e-11
20000.00 1.986096e-11
20005.00 1.984485e-11
20010.00 1.992077e-11
20015.00 2.009722e-11
20020.00 2.037378e-11
20025.00 2.073472e-11
20030.00 2.113385e-11
20035.00 2.148460e-11
20040.00 2.169119e-11
20045.00 2.167120e-11
20050.00 2.138705e-11
20055.00 2.093017e-11
20060.00 2.051287e-11
20065.00 2.022741e-11
20070.00 2.008067e-11
20075.00 2.006412e-11
20080.00 2.015616e-11
20085.00 2.033346e-11
20090.00 2.057478e-11
20095.00 2.085772e-11
20100.00 2.116311e-11
20105.00 2.146466e-11
20110.00 2.173148e-11
20115.00 2.192485e-11
20120.00 2.199061e-11
20125.00 2.186336e-11
20130.00 2.150240e-11
20135.00 2.090430e-11
20140.00 2.013916e-11
20145.00 1.932647e-11
20150.00 1.860370e-11
20155.00 1.805574e-11
20160.00 1.772151e-11
20165.00 1.759216e-11
20170.00 1.763757e-11
20175.00 1.781611e-11
20180.00 1.808971e-11
20185.00 1.842099e-11
20190.00 1.877345e-11
20195.00 1.911617e-11
20200.00 1.942156e-11
20205.00 1.966416e-11
20210.00 1.983000e-11
20215.00 1.991525e-11
20220.00 1.992416e-11
20225.00 1.987284e-11
20230.00 1.978371e-11
20235.00 1.967730e-11
20240.00 1.957211e-11
20245.00 1.949109e-11
20250.00 1.944145e-11
20255.00 1.943127e-11
20260.00 1.946142e-11
20265.00 1.952924e-11
20270.00 1.963402e-11
20275.00 1.976974e-11
20280.00 1.991485e-11
20285.00 2.005947e-11
20290.00 2.019395e-11
20295.00 2.030758e-11
20300.00 2.038859e-11
20305.00 2.043269e-11
20310.00 2.043908e-11
20315.00 2.040640e-11
20320.00 2.034236e-11
20325.00 2.025157e-11
20330.00 2.014089e-11
20335.00 2.001916e-11
20340.00 1.989108e-11
20345.00 1.976257e-11
20350.00 1.963785e-11
20355.00 1.952287e-11
20360.00 1.942070e-11
20365.00 1.932950e-11
20370.00 1.925059e-11
20375.00 1.917934e-11
20380.00 1.911484e-11
20385.00 1.905634e-11
20390.00 1.899949e-11
20395.00 1.894774e-11
20400.00 1.889769e-11
20405.00 1.885402e-11
20410.00 1.882006e-11
20415.00 1.879804e-11
20420.00 1.879760e-11
20425.00 1.881838e-11
20430.00 1.886247e-11
20435.00 1.893080e-11
20440.00 1.902453e-11
20445.00 1.913521e-11
20450.00 1.925400e-11
20455.00 1.937740e-11
20460.00 1.949195e-11
20465.00 1.959036e-11
20470.00 1.967010e-11
20475.00 1.972097e-11
20480.00 1.974176e-11
20485.00 1.973539e-11
20490.00 1.970356e-11
20495.00 1.964083e-11
20500.00 1.955769e-11
20505.00 1.946691e-11
20510.00 1.937570e-11
20515.00 1.928921e-11
20520.00 1.921792e-11
20525.00 1.916363e-11
20530.00 1.912676e-11
20535.00 1.910807e-11
20540.00 1.909663e-11
20545.00 1.908220e-11
20550.00 1.905719e-11
20555.00 1.901345e-11
20560.00 1.895199e-11
20565.00 1.887266e-11
20570.00 1.878828e-11
20575.00 1.870554e-11
20580.00 1.863855e-11
20585.00 1.859568e-11
20590.00 1.858595e-11
20595.00 1.861395e-11
20600.00 1.868393e-11
20605.00 1.878869e-11
20610.00 1.892315e-11
20615.00 1.907797e-11
20620.00 1.924256e-11
20625.00 1.940373e-11
20630.00 1.954753e-11
20635.00 1.965905e-11
20640.00 1.973162e-11
20645.00 1.975151e-11
20650.00 1.971422e-11
20655.00 1.961960e-11
20660.00 1.947157e-11
20665.00 1.928111e-11
20670.00 1.906862e-11
20675.00 1.884805e-11
20680.00 1.864278e-11
20685.00 1.846671e-11
20690.00 1.832506e-11
20695.00 1.822247e-11
20700.00 1.815330e-11
20705.00 1.810835e-11
20710.00 1.807994e-11
20715.00 1.805916e-11
20720.00 1.804048e-11
20725.00 1.801375e-11
20730.00 1.798024e-11
20735.00 1.794375e-11
20740.00 1.790985e-11
20745.00 1.788100e-11
20750.00 1.786827e-11
20755.00 1.787804e-11
20760.00 1.790945e-11
20765.00 1.796626e-11
20770.00 1.804348e-11
20775.00 1.813423e-11
20780.00 1.823139e-11
20785.00 1.832468e-11
20790.00 1.840141e-11
20795.00 1.845193e-11
20800.00 1.847143e-11
20805.00 1.845404e-11
20810.00 1.839721e-11
20815.00 1.830599e-11
20820.00 1.818555e-11
20825.00 1.804725e-11
20830.00 1.790095e-11
20835.00 1.776566e-11
20840.00 1.764854e-11
20845.00 1.756118e-11
20850.00 1.751027e-11
20855.00 1.749632e-11
20860.00 1.751539e-11
20865.00 1.755780e-11
20870.00 1.761127e-11
20875.00 1.766722e-11
20880.00 1.771389e-11
20885.00 1.774271e-11
20890.00 1.774315e-11
20895.00 1.771603e-11
20900.00 1.766128e-11
20905.00 1.757814e-11
20910.00 1.747680e-11
20915.00 1.736310e-11
20920.00 1.724900e-11
20925.00 1.714424e-11
20930.00 1.705392e-11
20935.00 1.698601e-11
20940.00 1.694195e-11
20945.00 1.692071e-11
20950.00 1.691777e-11
20955.00 1.693386e-11
20960.00 1.696314e-11
20965.00 1.699663e-11
20970.00 1.702971e-11
20975.00 1.705687e-11
20980.00 1.707766e-11
20985.00 1.709376e-11
20990.00 1.710187e-11
20995.00 1.710862e-11
21000.00 1.711541e-11
21005.00 1.712263e-11
21010.00 1.713240e-11
21015.00 1.714298e-11
21020.00 1.715612e-11
21025.00 1.716886e-11
21030.00 1.717565e-11
21035.00 1.717477e-11
21040.00 1.716165e-11
21045.00 1.713705e-11
21050.00 1.709718e-11
21055.00 1.704627e-11
21060.00 1.698605e-11
21065.00 1.692242e-11
21070.00 1.686215e-11
21075.00 1.681214e-11
21080.00 1.677905e-11
21085.00 1.676887e-11
21090.00 1.678244e-11
21095.00 1.681979e-11
21100.00 1.687958e-11
21105.00 1.695381e-11
21110.00 1.703738e-11
21115.00 1.712049e-11
21120.00 1.719176e-11
21125.00 1.724819e-11
21130.00 1.728166e-11
21135.00 1.728845e-11
21140.00 1.726894e-11
21145.00 1.722864e-11
21150.00 1.717183e-11
21155.00 1.710523e-11
21160.00 1.703735e-11
21165.00 1.697119e-11
21170.00 1.691646e-11
21175.00 1.687281e-11
21180.00 1.684182e-11
21185.00 1.682105e-11
21190.00 1.680661e-11
21195.00 1.679222e-11
21200.00 1.677097e-11
21205.00 1.673707e-11
21210.00 1.668955e-11
21215.00 1.662762e-11
21220.00 1.654787e-11
21225.00 1.645968e-11
21230.00 1.636676e-11
21235.00 1.628237e-11
21240.00 1.621280e-11
21245.00 1.616954e-11
21250.00 1.615979e-11
21255.00 1.618694e-11
21260.00 1.625101e-11
21265.00 1.634810e-11
21270.00 1.646815e-11
21275.00 1.659458e-11
21280.00 1.670822e-11
21285.00 1.679689e-11
21290.00 1.686006e-11
21295.00 1.688934e-11
21300.00 1.687618e-11
21305.00 1.682187e-11
21310.00 1.672815e-11
21315.00 1.660345e-11
21320.00 1.645629e-11
21325.00 1.630189e-11
21330.00 1.615472e-11
21335.00 1.602998e-11
21340.00 1.593541e-11
21345.00 1.587477e-11
21350.00 1.585270e-11
21355.00 1.587943e-11
21360.00 1.595408e-11
21365.00 1.607413e-11
21370.00 1.622554e-11
21375.00 1.639605e-11
21380.00 1.656786e-11
21385.00 1.672816e-11
21390.00 1.685965e-11
21395.00 1.695337e-11
21400.00 1.700045e-11
21405.00 1.699791e-11
21410.00 1.695084e-11
21415.00 1.686389e-11
21420.00 1.674725e-11
21425.00 1.661533e-11
21430.00 1.647451e-11
21435.00 1.633665e-11
21440.00 1.621239e-11
21445.00 1.611018e-11
21450.00 1.602829e-11
21455.00 1.596340e-11
21460.00 1.591294e-11
21465.00 1.587816e-11
21470.00 1.585399e-11
21475.00 1.583614e-11
21480.00 1.581877e-11
21485.00 1.579883e-11
21490.00 1.577846e-11
21495.00 1.575727e-11
21500.00 1.573141e-11
21505.00 1.570763e-11
21510.00 1.568727e-11
21515.00 1.567031e-11
21520.00 1.565676e-11
21525.00 1.564572e-11
21530.00 1.563256e-11
21535.00 1.561899e-11
21540.00 1.560542e-11
21545.00 1.559183e-11
21550.00 1.557741e-11
21555.00 1.555665e-11
21560.00 1.552610e-11
21565.00 1.548622e-11
21570.00 1.544212e-11
21575.00 1.539463e-11
21580.00 1.534500e-11
21585.00 1.530090e-11
21590.00 1.526438e-11
21595.00 1.524022e-11
21600.00 1.522707e-11
21605.00 1.522667e-11
21610.00 1.523556e-11
21615.00 1.524573e-11
21620.00 1.525507e-11
21625.00 1.525805e-11
21630.00 1.525082e-11
21635.00 1.523091e-11
21640.00 1.519950e-11
21645.00 1.515283e-11
21650.00 1.509559e-11
21655.00 1.503111e-11
21660.00 1.496111e-11
21665.00 1.489328e-11
21670.00 1.483010e-11
21675.00 1.477959e-11
21680.00 1.474738e-11
21685.00 1.474397e-11
21690.00 1.477028e-11
21695.00 1.482074e-11
21700.00 1.489117e-11
21705.00 1.497514e-11
21710.00 1.506589e-11
21715.00 1.515625e-11
21720.00 1.523556e-11
21725.00 1.528988e-11
21730.00 1.531571e-11
21735.00 1.530597e-11
21740.00 1.526229e-11
21745.00 1.518847e-11
21750.00 1.509093e-11
21755.00 1.497471e-11
21760.00 1.483642e-11
21765.00 1.468374e-11
21770.00 1.454037e-11
21775.00 1.442587e-11
21780.00 1.434908e-11
21785.00 1.431856e-11
21790.00 1.433635e-11
21795.00 1.440635e-11
21800.00 1.452045e-11
21805.00 1.466934e-11
21810.00 1.484664e-11
21815.00 1.503411e-11
21820.00 1.521309e-11
21825.00 1.537384e-11
21830.00 1.550194e-11
21835.00 1.558932e-11
21840.00 1.562918e-11
21845.00 1.561689e-11
21850.00 1.555960e-11
21855.00 1.546247e-11
21860.00 1.533523e-11
21865.00 1.519144e-11
21870.00 1.504638e-11
21875.00 1.490854e-11
21880.00 1.478809e-11
21885.00 1.469606e-11
21890.00 1.463283e-11
21895.00 1.460400e-11
21900.00 1.460104e-11
21905.00 1.462350e-11
21910.00 1.466297e-11
21915.00 1.470877e-11
21920.00 1.474948e-11
21925.00 1.478172e-11
21930.00 1.479613e-11
21935.00 1.479487e-11
21940.00 1.477112e-11
21945.00 1.472445e-11
21950.00 1.466170e-11
21955.00 1.459425e-11
21960.00 1.452725e-11
21965.00 1.446698e-11
21970.00 1.442032e-11
21975.00 1.439363e-11
21980.00 1.439023e-11
21985.00 1.441057e-11
21990.00 1.445427e-11
21995.00 1.451787e-11
22000.00 1.459469e-11
22005.00 1.467570e-11
22010.00 1.475542e-11
22015.00 1.482243e-11
22020.00 1.486908e-11
22025.00 1.488944e-11
22030.00 1.488311e-11
22035.00 1.485210e-11
22040.00 1.479614e-11
22045.00 1.472572e-11
22050.00 1.464810e-11
22055.00 1.456835e-11
22060.00 1.449713e-11
22065.00 1.443730e-11
22070.00 1.439700e-11
22075.00 1.437964e-11
22080.00 1.438344e-11
22085.00 1.440975e-11
22090.00 1.445343e-11
22095.00 1.451070e-11
22100.00 1.457686e-11
22105.00 1.464048e-11
22110.00 1.469434e-11
22115.00 1.473422e-11
22120.00 1.475414e-11
22125.00 1.475075e-11
22130.00 1.472405e-11
22135.00 1.467652e-11
22140.00 1.460908e-11
22145.00 1.452554e-11
22150.00 1.443430e-11
22155.00 1.433975e-11
22160.00 1.424601e-11
22165.00 1.416074e-11
22170.00 1.408356e-11
22175.00 1.401907e-11
22180.00 1.396819e-11
22185.00 1.393086e-11
22190.00 1.390626e-11
22195.00 1.388889e-11
22200.00 1.387532e-11
22205.00 1.386472e-11
22210.00 1.385410e-11
22215.00 1.384011e-11
22220.00 1.381975e-11
22225.00 1.379302e-11
22230.00 1.376248e-11
22235.00 1.372896e-11
22240.00 1.369588e-11
22245.00 1.366875e-11
22250.00 1.364879e-11
22255.00 1.363949e-11
22260.00 1.364585e-11
22265.00 1.366621e-11
22270.00 1.370015e-11
22275.00 1.374722e-11
22280.00 1.380446e-11
22285.00 1.386766e-11
22290.00 1.392833e-11
22295.00 1.398135e-11
22300.00 1.401908e-11
22305.00 1.404116e-11
22310.00 1.403817e-11
22315.00 1.401062e-11
22320.00 1.395717e-11
22325.00 1.388252e-11
22330.00 1.378793e-11
22335.00 1.367722e-11
22340.00 1.355972e-11
22345.00 1.344479e-11
22350.00 1.333706e-11
22355.00 1.324374e-11
22360.00 1.317588e-11
22365.00 1.313644e-11
22370.00 1.313220e-11
22375.00 1.316019e-11
22380.00 1.322338e-11
22385.00 1.331458e-11
22390.00 1.342952e-11
22395.00 1.356311e-11
22400.00 1.370140e-11
22405.00 1.383631e-11
22410.00 1.396014e-11
22415.00 1.406151e-11
22420.00 1.413533e-11
22425.00 1.417604e-11
22430.00 1.418239e-11
22435.00 1.415229e-11
22440.00 1.408866e-11
22445.00 1.399743e-11
22450.00 1.388335e-11
22455.00 1.375528e-11
22460.00 1.362038e-11
22465.00 1.348549e-11
22470.00 1.335868e-11
22475.00 1.325436e-11
22480.00 1.317843e-11
22485.00 1.312454e-11
22490.00 1.309444e-11
22495.00 1.309061e-11
22500.00 1.311015e-11
22505.00 1.314703e-11
22510.00 1.319624e-11
22515.00 1.324714e-11
22520.00 1.329719e-11
22525.00 1.334004e-11
22530.00 1.336759e-11
22535.00 1.338032e-11
22540.00 1.337353e-11
22545.00 1.334724e-11
22550.00 1.330610e-11
22555.00 1.324968e-11
22560.00 1.318563e-11
22565.00 1.311863e-11
22570.00 1.305457e-11
22575.00 1.299774e-11
22580.00 1.295365e-11
22585.00 1.292351e-11
22590.00 1.291035e-11
22595.00 1.291671e-11
22600.00 1.293963e-11
22605.00 1.297400e-11
22610.00 1.301980e-11
22615.00 1.306771e-11
22620.00 1.311736e-11
22625.00 1.316103e-11
22630.00 1.319453e-11
22635.00 1.321449e-11
22640.00 1.321787e-11
22645.00 1.320385e-11
22650.00 1.317081e-11
22655.00 1.312327e-11
22660.00 1.306307e-11
22665.00 1.299518e-11
22670.00 1.292223e-11
22675.00 1.285395e-11
22680.00 1.279030e-11
22685.00 1.273688e-11
22690.00 1.269958e-11
22695.00 1.267921e-11
22700.00 1.267537e-11
22705.00 1.268599e-11
22710.00 1.271272e-11
22715.00 1.275257e-11
22720.00 1.279965e-11
22725.00 1.285055e-11
22730.00 1.290358e-11
22735.00 1.295149e-11
22740.00 1.299436e-11
22745.00 1.302488e-11
22750.00 1.304058e-11
22755.00 1.303506e-11
22760.00 1.301471e-11
22765.00 1.298119e-11
22770.00 1.293705e-11
22775.00 1.288280e-11
22780.00 1.281916e-11
22785.00 1.275173e-11
22790.00 1.268386e-11
22795.00 1.261685e-11
22800.00 1.255577e-11
22805.00 1.250148e-11
22810.00 1.245440e-11
22815.00 1.241708e-11
22820.00 1.238994e-11
22825.00 1.237296e-11
22830.00 1.236575e-11
22835.00 1.236617e-11
22840.00 1.237594e-11
22845.00 1.239203e-11
22850.00 1.240984e-11
22855.00 1.243232e-11
22860.00 1.245312e-11
22865.00 1.247266e-11
22870.00 1.248663e-11
22875.00 1.249638e-11
22880.00 1.249976e-11
22885.00 1.249640e-11
22890.00 1.248662e-11
22895.00 1.247221e-11
22900.00 1.244975e-11
22905.00 1.242513e-11
22910.00 1.239544e-11
22915.00 1.236490e-11
22920.00 1.233436e-11
22925.00 1.230424e-11
22930.00 1.227752e-11
22935.00 1.225715e-11
22940.00 1.224360e-11
22945.00 1.223724e-11
22950.00 1.224105e-11
22955.00 1.225800e-11
22960.00 1.228815e-11
22965.00 1.232927e-11
22970.00 1.238269e-11
22975.00 1.244379e-11
22980.00 1.251167e-11
22985.00 1.258506e-11
22990.00 1.265671e-11
22995.00 1.272714e-11
23000.00 1.279119e-11
23005.00 1.284504e-11
23010.00 1.288532e-11
23015.00 1.290951e-11
23020.00 1.292011e-11
23025.00 1.291885e-11
23030.00 1.289849e-11
23035.00 1.285818e-11
23040.00 1.280178e-11
23045.00 1.273732e-11
23050.00 1.266649e-11
23055.00 1.259224e-11
23060.00 1.251760e-11
23065.00 1.244422e-11
23070.00 1.237976e-11
23075.00 1.232545e-11
23080.00 1.228134e-11
23085.00 1.224783e-11
23090.00 1.222705e-11
23095.00 1.221688e-11
23100.00 1.221645e-11
23105.00 1.222238e-11
23110.00 1.222961e-11
23115.00 1.223936e-11
23120.00 1.224866e-11
23125.00 1.225208e-11
23130.00 1.224868e-11
23135.00 1.223807e-11
23140.00 1.221815e-11
23145.00 1.219098e-11
23150.00 1.215707e-11
23155.00 1.211634e-11
23160.00 1.206970e-11
23165.00 1.202176e-11
23170.00 1.197214e-11
23175.00 1.192758e-11
23180.00 1.188773e-11
23185.00 1.185718e-11
23190.00 1.183725e-11
23195.00 1.183003e-11
23200.00 1.183427e-11
23205.00 1.185337e-11
23210.00 1.188137e-11
23215.00 1.192080e-11
23220.00 1.196534e-11
23225.00 1.201497e-11
23230.00 1.206333e-11
23235.00 1.211296e-11
23240.00 1.215666e-11
23245.00 1.219099e-11
23250.00 1.221773e-11
23255.00 1.223428e-11
23260.00 1.223764e-11
23265.00 1.222747e-11
23270.00 1.220373e-11
23275.00 1.216683e-11
23280.00 1.211932e-11
23285.00 1.206247e-11
23290.00 1.200095e-11
23295.00 1.193395e-11
23300.00 1.186651e-11
23305.00 1.180247e-11
23310.00 1.174435e-11
23315.00 1.169135e-11
23320.00 1.165149e-11
23325.00 1.163028e-11
23330.00 1.162307e-11
23335.00 1.162689e-11
23340.00 1.164299e-11
23345.00 1.166802e-11
23350.00 1.170704e-11
23355.00 1.175158e-11
23360.00 1.180205e-11
23365.00 1.185549e-11
23370.00 1.190682e-11
23375.00 1.195686e-11
23380.00 1.200011e-11
23385.00 1.203151e-11
23390.00 1.205400e-11
23395.00 1.206164e-11
23400.00 1.205740e-11
23405.00 1.203744e-11
23410.00 1.200438e-11
23415.00 1.196280e-11
23420.00 1.191021e-11
23425.00 1.185548e-11
23430.00 1.179824e-11
23435.00 1.174098e-11
23440.00 1.168710e-11
23445.00 1.163959e-11
23450.00 1.159844e-11
23455.00 1.156198e-11
23460.00 1.153441e-11
23465.00 1.151361e-11
23470.00 1.149709e-11
23475.00 1.148648e-11
23480.00 1.147926e-11
23485.00 1.147247e-11
23490.00 1.146528e-11
23495.00 1.145550e-11
23500.00 1.144449e-11
23505.00 1.142795e-11
23510.00 1.140759e-11
23515.00 1.138382e-11
23520.00 1.135627e-11
23525.00 1.132316e-11
23530.00 1.128923e-11
23535.00 1.125575e-11
23540.00 1.122477e-11
23545.00 1.119465e-11
23550.00 1.116751e-11
23555.00 1.114419e-11
23560.00 1.112722e-11
23565.00 1.111662e-11
23570.00 1.111027e-11
23575.00 1.111025e-11
23580.00 1.111619e-11
23585.00 1.112382e-11
23590.00 1.113655e-11
23595.00 1.115012e-11
23600.00 1.116370e-11
23605.00 1.117771e-11
23610.00 1.119381e-11
23615.00 1.120780e-11
23620.00 1.122181e-11
23625.00 1.123833e-11
23630.00 1.125616e-11
23635.00 1.127906e-11
23640.00 1.130323e-11
23645.00 1.133040e-11
23650.00 1.136136e-11
23655.00 1.139782e-11
23660.00 1.143516e-11
23665.00 1.147289e-11
23670.00 1.151277e-11
23675.00 1.155054e-11
23680.00 1.158699e-11
23685.00 1.161711e-11
23690.00 1.163791e-11
23695.00 1.165104e-11
23700.00 1.165403e-11
23705.00 1.164342e-11
23710.00 1.161669e-11
23715.00 1.157553e-11
23720.00 1.151785e-11
23725.00 1.144448e-11
23730.00 1.136262e-11
23735.00 1.127184e-11
23740.00 1.117768e-11
23745.00 1.108650e-11
23750.00 1.100251e-11
23755.00 1.093041e-11
23760.00 1.086723e-11
23765.00 1.081971e-11
23770.00 1.078833e-11
23775.00 1.076881e-11
23780.00 1.076413e-11
23785.00 1.076755e-11
23790.00 1.077772e-11
23795.00 1.079382e-11
23800.00 1.081080e-11
23805.00 1.082735e-11
23810.00 1.084092e-11
23815.00 1.085070e-11
23820.00 1.085449e-11
23825.00 1.085365e-11
23830.00 1.084431e-11
23835.00 1.083074e-11
23840.00 1.081377e-11
23845.00 1.079384e-11
23850.00 1.077347e-11
23855.00 1.075354e-11
23860.00 1.073658e-11
23865.00 1.072343e-11
23870.00 1.071621e-11
23875.00 1.071325e-11
23880.00 1.071621e-11
23885.00 1.072301e-11
23890.00 1.073276e-11
23895.00 1.074336e-11
23900.00 1.075610e-11
23905.00 1.076586e-11
23910.00 1.077008e-11
23915.00 1.077264e-11
23920.00 1.076881e-11
23925.00 1.075525e-11
23930.00 1.073234e-11
23935.00 1.070520e-11
23940.00 1.067508e-11
23945.00 1.064453e-11
23950.00 1.061485e-11
23955.00 1.059109e-11
23960.00 1.057455e-11
23965.00 1.056818e-11
23970.00 1.057455e-11
23975.00 1.059239e-11
23980.00 1.062544e-11
23985.00 1.066958e-11
23990.00 1.072342e-11
23995.00 1.078452e-11
24000.00 1.085152e-11
24005.00 1.091895e-11
24010.00 1.098302e-11
24015.00 1.103984e-11
24020.00 1.108396e-11
24025.00 1.111408e-11
24030.00 1.112723e-11
24035.00 1.112085e-11
24040.00 1.109666e-11
24045.00 1.105301e-11
24050.00 1.099234e-11
24055.00 1.091852e-11
24060.00 1.083796e-11
24065.00 1.075610e-11
24070.00 1.067295e-11
24075.00 1.059873e-11
24080.00 1.053764e-11
24085.00 1.049100e-11
24090.00 1.046386e-11
24095.00 1.045665e-11
24100.00 1.046682e-11
24105.00 1.049396e-11
24110.00 1.053722e-11
24115.00 1.059110e-11
24120.00 1.065176e-11
24125.00 1.071538e-11
24130.00 1.077561e-11
24135.00 1.082608e-11
24140.00 1.086297e-11
24145.00 1.088290e-11
24150.00 1.088292e-11
24155.00 1.086213e-11
24160.00 1.081886e-11
24165.00 1.075820e-11
24170.00 1.068354e-11
24175.00 1.059619e-11
24180.00 1.050202e-11
24185.00 1.040742e-11
24190.00 1.031708e-11
24195.00 1.023904e-11
24200.00 1.017500e-11
24205.00 1.012834e-11
24210.00 1.010417e-11
24215.00 1.010120e-11
24220.00 1.012072e-11
24225.00 1.015760e-11
24230.00 1.020852e-11
24235.00 1.027255e-11
24240.00 1.034594e-11
24245.00 1.042057e-11
24250.00 1.049397e-11
24255.00 1.055800e-11
24260.00 1.060849e-11
24265.00 1.064283e-11
24270.00 1.066276e-11
24275.00 1.066575e-11
24280.00 1.064962e-11
24285.00 1.061865e-11
24290.00 1.057241e-11
24295.00 1.051770e-11
24300.00 1.045451e-11
24305.00 1.039004e-11
24310.00 1.032599e-11
24315.00 1.026576e-11
24320.00 1.021488e-11
24325.00 1.017501e-11
24330.00 1.015082e-11
24335.00 1.014149e-11
24340.00 1.015082e-11
24345.00 1.017457e-11
24350.00 1.021105e-11
24355.00 1.025560e-11
24360.00 1.030818e-11
24365.00 1.035951e-11
24370.00 1.040911e-11
24375.00 1.044986e-11
24380.00 1.047996e-11
24385.00 1.049693e-11
24390.00 1.050034e-11
24395.00 1.048971e-11
24400.00 1.046384e-11
24405.00 1.042908e-11
24410.00 1.038241e-11
24415.00 1.032812e-11
24420.00 1.026747e-11
24425.00 1.020384e-11
24430.00 1.014191e-11
24435.00 1.007871e-11
24440.00 1.002102e-11
24445.00 9.970134e-12
24450.00 9.926445e-12
24455.00 9.892494e-12
24460.00 9.868771e-12
24465.00 9.855601e-12
24470.00 9.855177e-12
24475.00 9.865353e-12
24480.00 9.885718e-12
24485.00 9.915403e-12
24490.00 9.949364e-12
24495.00 9.986667e-12
24500.00 1.002654e-11
24505.00 1.006430e-11
24510.00 1.010162e-11
24515.00 1.013810e-11
24520.00 1.016948e-11
24525.00 1.019917e-11
24530.00 1.022377e-11
24535.00 1.024710e-11
24540.00 1.026746e-11
24545.00 1.028485e-11
24550.00 1.030140e-11
24555.00 1.031539e-11
24560.00 1.032812e-11
24565.00 1.033577e-11
24570.00 1.034211e-11
24575.00 1.034593e-11
24580.00 1.034892e-11
24585.00 1.034889e-11
24590.00 1.034551e-11
24595.00 1.033915e-11
24600.00 1.033235e-11
24605.00 1.032515e-11
24610.00 1.031538e-11
24615.00 1.030520e-11
24620.00 1.029503e-11
24625.00 1.028527e-11
24630.00 1.027807e-11
24635.00 1.027130e-11
24640.00 1.026492e-11
24645.00 1.026111e-11
24650.00 1.025769e-11
24655.00 1.025473e-11
24660.00 1.025390e-11
24665.00 1.025091e-11
24670.00 1.024711e-11
24675.00 1.024032e-11
24680.00 1.022972e-11
24685.00 1.021359e-11
24690.00 1.019578e-11
24695.00 1.017203e-11
24700.00 1.014191e-11
24705.00 1.010799e-11
24710.00 1.007066e-11
24715.00 1.003037e-11
24720.00 9.989644e-12
24725.00 9.949345e-12
24730.00 9.912030e-12
24735.00 9.878516e-12
24740.00 9.851378e-12
24745.00 9.831429e-12
24750.00 9.820841e-12
24755.00 9.817863e-12
24760.00 9.824219e-12
24765.00 9.838234e-12
24770.00 9.860699e-12
24775.00 9.885308e-12
24780.00 9.915415e-12
24785.00 9.948495e-12
24790.00 9.979038e-12
24795.00 1.000619e-11
24800.00 1.002951e-11
24805.00 1.004606e-11
24810.00 1.005241e-11
24815.00 1.004646e-11
24820.00 1.003207e-11
24825.00 1.000533e-11
24830.00 9.968000e-12
24835.00 9.920925e-12
24840.00 9.867063e-12
24845.00 9.809377e-12
24850.00 9.749139e-12
24855.00 9.691888e-12
24860.00 9.640990e-12
24865.00 9.597299e-12
24870.00 9.563361e-12
24875.00 9.540036e-12
24880.00 9.529439e-12
24885.00 9.530289e-12
24890.00 9.546814e-12
24895.00 9.576936e-12
24900.00 9.616829e-12
24905.00 9.660500e-12
24910.00 9.704622e-12
24915.00 9.748718e-12
24920.00 9.791565e-12
24925.00 9.825933e-12
24930.00 9.852232e-12
24935.00 9.866657e-12
24940.00 9.872583e-12
24945.00 9.864931e-12
24950.00 9.838204e-12
24955.00 9.796650e-12
24960.00 9.760171e-12
24965.00 9.751696e-12
24970.00 9.732617e-12
24975.00 9.612130e-12
24980.00 9.305038e-12
24985.00 7.777886e-12
24990.00 1.101727e-12
24995.00 0.000000e+00
25000.00 0.000000e+00
