# Star: B0V: Pickles (1998) UVK stellar library, STScI CDBS. B0V main-sequence star.
# wavelength[A] f_lambda[relative]
1150.00 4.168340e-07
1155.00 4.610270e-07
1160.00 3.955879e-07
1165.00 3.773976e-07
1170.00 3.374460e-07
1175.00 2.831369e-07
1180.00 2.969713e-07
1185.00 3.221408e-07
1190.00 3.034193e-07
1195.00 2.753799e-07
1200.00 2.695871e-07
1205.00 2.463435e-07
1210.00 1.946866e-07
1215.00 1.337225e-07
1220.00 1.859089e-07
1225.00 2.757706e-07
1230.00 3.086750e-07
1235.00 3.191053e-07
1240.00 3.169331e-07
1245.00 3.068480e-07
1250.00 2.970614e-07
1255.00 2.981946e-07
1260.00 3.072788e-07
1265.00 3.188855e-07
1270.00 3.188800e-07
1275.00 3.170704e-07
1280.00 3.151357e-07
1285.00 3.102038e-07
1290.00 3.092032e-07
1295.00 2.937781e-07
1300.00 2.790121e-07
1305.00 2.884232e-07
1310.00 3.096073e-07
1315.00 3.048343e-07
1320.00 2.992043e-07
1325.00 2.878463e-07
1330.00 2.853036e-07
1335.00 2.686830e-07
1340.00 2.629981e-07
1345.00 2.621149e-07
1350.00 2.626169e-07
1355.00 2.631305e-07
1360.00 2.573699e-07
1365.00 2.546829e-07
1370.00 2.521176e-07
1375.00 2.452874e-07
1380.00 2.391998e-07
1385.00 2.263307e-07
1390.00 2.032502e-07
1395.00 1.763162e-07
1400.00 1.795541e-07
1405.00 1.871424e-07
1410.00 2.030196e-07
1415.00 2.082107e-07
1420.00 2.023207e-07
1425.00 1.948885e-07
1430.00 1.923847e-07
1435.00 2.005643e-07
1440.00 1.999484e-07
1445.00 1.983604e-07
1450.00 1.963688e-07
1455.00 1.926383e-07
1460.00 1.909932e-07
1465.00 1.909303e-07
1470.00 1.922168e-07
1475.00 1.927191e-07
1480.00 1.910224e-07
1485.00 1.912540e-07
1490.00 1.932942e-07
1495.00 1.866746e-07
1500.00 1.762252e-07
1505.00 1.733442e-07
1510.00 1.754478e-07
1515.00 1.750830e-07
1520.00 1.754657e-07
1525.00 1.643897e-07
1530.00 1.513186e-07
1535.00 1.450107e-07
1540.00 1.408822e-07
1545.00 1.228829e-07
1550.00 1.101128e-07
1555.00 1.294682e-07
1560.00 1.408640e-07
1565.00 1.396959e-07
1570.00 1.414027e-07
1575.00 1.432542e-07
1580.00 1.429337e-07
1585.00 1.464811e-07
1590.00 1.458667e-07
1595.00 1.403109e-07
1600.00 1.368668e-07
1605.00 1.315419e-07
1610.00 1.259821e-07
1615.00 1.257812e-07
1620.00 1.245630e-07
1625.00 1.243029e-07
1630.00 1.239596e-07
1635.00 1.245685e-07
1640.00 1.233228e-07
1645.00 1.270000e-07
1650.00 1.317436e-07
1655.00 1.268174e-07
1660.00 1.224625e-07
1665.00 1.233730e-07
1670.00 1.214095e-07
1675.00 1.222514e-07
1680.00 1.263673e-07
1685.00 1.257657e-07
1690.00 1.217203e-07
1695.00 1.210892e-07
1700.00 1.203231e-07
1705.00 1.191838e-07
1710.00 1.193686e-07
1715.00 1.157823e-07
1720.00 1.081768e-07
1725.00 1.074304e-07
1730.00 1.121060e-07
1735.00 1.156221e-07
1740.00 1.146826e-07
1745.00 1.141731e-07
1750.00 1.126005e-07
1755.00 1.136655e-07
1760.00 1.160261e-07
1765.00 1.158087e-07
1770.00 1.143362e-07
1775.00 1.127419e-07
1780.00 1.116629e-07
1785.00 1.080774e-07
1790.00 1.010590e-07
1795.00 1.025315e-07
1800.00 1.065671e-07
1805.00 1.053082e-07
1810.00 1.046056e-07
1815.00 1.056615e-07
1820.00 1.060357e-07
1825.00 1.061334e-07
1830.00 1.067377e-07
1835.00 1.059300e-07
1840.00 1.016883e-07
1845.00 9.756635e-08
1850.00 9.598266e-08
1855.00 9.536120e-08
1860.00 9.563692e-08
1865.00 9.614417e-08
1870.00 9.504949e-08
1875.00 9.423587e-08
1880.00 9.316170e-08
1885.00 8.908351e-08
1890.00 8.659050e-08
1895.00 8.669599e-08
1900.00 8.714983e-08
1905.00 8.610042e-08
1910.00 8.501925e-08
1915.00 8.302442e-08
1920.00 7.967671e-08
1925.00 7.875182e-08
1930.00 8.151972e-08
1935.00 8.429682e-08
1940.00 8.390281e-08
1945.00 8.403762e-08
1950.00 8.308004e-08
1955.00 8.072032e-08
1960.00 7.720156e-08
1965.00 7.635506e-08
1970.00 7.727908e-08
1975.00 7.805846e-08
1980.00 7.826116e-08
1985.00 7.722917e-08
1990.00 7.497181e-08
1995.00 7.349832e-08
2000.00 7.299916e-08
2005.00 7.374364e-08
2010.00 7.317669e-08
2015.00 7.390275e-08
2020.00 7.478621e-08
2025.00 7.567374e-08
2030.00 7.545554e-08
2035.00 7.516605e-08
2040.00 7.433354e-08
2045.00 7.352472e-08
2050.00 7.335845e-08
2055.00 6.959459e-08
2060.00 6.476075e-08
2065.00 6.650980e-08
2070.00 7.018541e-08
2075.00 7.125703e-08
2080.00 6.995583e-08
2085.00 7.014828e-08
2090.00 6.967493e-08
2095.00 6.769828e-08
2100.00 6.556075e-08
2105.00 6.587780e-08
2110.00 6.626894e-08
2115.00 6.763074e-08
2120.00 6.728357e-08
2125.00 6.697612e-08
2130.00 6.874586e-08
2135.00 6.665266e-08
2140.00 6.596424e-08
2145.00 6.594374e-08
2150.00 6.427452e-08
2155.00 6.383891e-08
2160.00 6.370401e-08
2165.00 6.246056e-08
2170.00 6.206541e-08
2175.00 6.114081e-08
2180.00 6.095812e-08
2185.00 6.009570e-08
2190.00 6.056413e-08
2195.00 6.125633e-08
2200.00 6.080187e-08
2205.00 5.935840e-08
2210.00 5.763749e-08
2215.00 5.676320e-08
2220.00 5.574453e-08
2225.00 5.448717e-08
2230.00 5.399005e-08
2235.00 5.478077e-08
2240.00 5.559595e-08
2245.00 5.495808e-08
2250.00 5.386970e-08
2255.00 5.343773e-08
2260.00 5.394490e-08
2265.00 5.381868e-08
2270.00 5.264384e-08
2275.00 5.206606e-08
2280.00 5.268238e-08
2285.00 5.240353e-08
2290.00 5.141306e-08
2295.00 5.058027e-08
2300.00 4.854908e-08
2305.00 4.800328e-08
2310.00 4.971909e-08
2315.00 5.044516e-08
2320.00 5.074323e-08
2325.00 4.991047e-08
2330.00 5.012027e-08
2335.00 5.071858e-08
2340.00 4.879497e-08
2345.00 4.792625e-08
2350.00 4.796710e-08
2355.00 4.894106e-08
2360.00 5.006203e-08
2365.00 4.945312e-08
2370.00 4.869688e-08
2375.00 4.826047e-08
2380.00 4.669796e-08
2385.00 4.574879e-08
2390.00 4.475660e-08
2395.00 4.479374e-08
2400.00 4.525825e-08
2405.00 4.651145e-08
2410.00 4.596583e-08
2415.00 4.535989e-08
2420.00 4.517870e-08
2425.00 4.421300e-08
2430.00 4.523767e-08
2435.00 4.637894e-08
2440.00 4.596562e-08
2445.00 4.414525e-08
2450.00 4.445457e-08
2455.00 4.548676e-08
2460.00 4.562464e-08
2465.00 4.622364e-08
2470.00 4.447218e-08
2475.00 4.274051e-08
2480.00 4.316052e-08
2485.00 4.386502e-08
2490.00 4.418932e-08
2495.00 4.360850e-08
2500.00 4.393440e-08
2505.00 4.370371e-08
2510.00 4.278894e-08
2515.00 4.098774e-08
2520.00 4.135561e-08
2525.00 4.113274e-08
2530.00 4.244463e-08
2535.00 4.321978e-08
2540.00 4.132785e-08
2545.00 4.063175e-08
2550.00 4.108822e-08
2555.00 4.138162e-08
2560.00 4.100256e-08
2565.00 4.054733e-08
2570.00 4.067396e-08
2575.00 4.128189e-08
2580.00 3.748703e-08
2585.00 3.537863e-08
2590.00 3.740675e-08
2595.00 3.923201e-08
2600.00 4.045867e-08
2605.00 3.920253e-08
2610.00 3.950442e-08
2615.00 4.066701e-08
2620.00 4.028043e-08
2625.00 3.996795e-08
2630.00 4.005430e-08
2635.00 4.030137e-08
2640.00 4.040327e-08
2645.00 3.939941e-08
2650.00 3.895313e-08
2655.00 3.867887e-08
2660.00 3.755166e-08
2665.00 3.649160e-08
2670.00 3.664605e-08
2675.00 3.705103e-08
2680.00 3.665068e-08
2685.00 3.631503e-08
2690.00 3.673421e-08
2695.00 3.551627e-08
2700.00 3.386316e-08
2705.00 3.401445e-08
2710.00 3.519031e-08
2715.00 3.467652e-08
2720.00 3.410864e-08
2725.00 3.324402e-08
2730.00 3.361986e-08
2735.00 3.373434e-08
2740.00 3.348865e-08
2745.00 3.332015e-08
2750.00 3.467227e-08
2755.00 3.424023e-08
2760.00 3.416350e-08
2765.00 3.523188e-08
2770.00 3.390203e-08
2775.00 3.247478e-08
2780.00 3.181015e-08
2785.00 3.103020e-08
2790.00 3.025023e-08
2795.00 3.033443e-08
2800.00 2.940653e-08
2805.00 2.928757e-08
2810.00 3.031273e-08
2815.00 3.129952e-08
2820.00 3.195177e-08
2825.00 3.121173e-08
2830.00 2.942316e-08
2835.00 2.915820e-08
2840.00 3.004790e-08
2845.00 2.985599e-08
2850.00 2.914483e-08
2855.00 2.842931e-08
2860.00 2.887901e-08
2865.00 2.943459e-08
2870.00 2.915634e-08
2875.00 2.877422e-08
2880.00 2.898511e-08
2885.00 2.882652e-08
2890.00 2.874464e-08
2895.00 2.898972e-08
2900.00 2.893431e-08
2905.00 2.825750e-08
2910.00 2.779413e-08
2915.00 2.762610e-08
2920.00 2.749874e-08
2925.00 2.759425e-08
2930.00 2.780441e-08
2935.00 2.772378e-08
2940.00 2.740205e-08
2945.00 2.732715e-08
2950.00 2.689324e-08
2955.00 2.696641e-08
2960.00 2.731289e-08
2965.00 2.698738e-08
2970.00 2.680032e-08
2975.00 2.628101e-08
2980.00 2.636137e-08
2985.00 2.623812e-08
2990.00 2.572212e-08
2995.00 2.570164e-08
3000.00 2.591121e-08
3005.00 2.575896e-08
3010.00 2.565105e-08
3015.00 2.521507e-08
3020.00 2.475526e-08
3025.00 2.407482e-08
3030.00 2.349939e-08
3035.00 2.390518e-08
3040.00 2.407868e-08
3045.00 2.405366e-08
3050.00 2.413245e-08
3055.00 2.409159e-08
3060.00 2.353609e-08
3065.00 2.323161e-08
3070.00 2.339668e-08
3075.00 2.319872e-08
3080.00 2.340878e-08
3085.00 2.368521e-08
3090.00 2.358027e-08
3095.00 2.351463e-08
3100.00 2.331357e-08
3105.00 2.353264e-08
3110.00 2.294071e-08
3115.00 2.234738e-08
3120.00 2.216173e-08
3125.00 2.270383e-08
3130.00 2.302487e-08
3135.00 2.326881e-08
3140.00 2.314310e-08
3145.00 2.275378e-08
3150.00 2.252084e-08
3155.00 2.212917e-08
3160.00 2.176543e-08
3165.00 2.190112e-08
3170.00 2.196971e-08
3175.00 2.197768e-08
3180.00 2.113285e-08
3185.00 2.077817e-08
3190.00 2.100604e-08
3195.00 2.099002e-08
3200.00 2.125954e-08
3205.00 2.141519e-08
3210.00 2.134120e-08
3215.00 2.092668e-08
3220.00 2.055415e-08
3225.00 2.061681e-08
3230.00 2.099534e-08
3235.00 2.138252e-08
3240.00 2.151027e-08
3245.00 2.125521e-08
3250.00 2.081878e-08
3255.00 2.047614e-08
3260.00 2.036470e-08
3265.00 2.044040e-08
3270.00 2.034417e-08
3275.00 1.983266e-08
3280.00 1.926505e-08
3285.00 1.904620e-08
3290.00 1.909450e-08
3295.00 1.917800e-08
3300.00 1.917377e-08
3305.00 1.905448e-08
3310.00 1.891776e-08
3315.00 1.886594e-08
3320.00 1.889527e-08
3325.00 1.896078e-08
3330.00 1.901775e-08
3335.00 1.902000e-08
3340.00 1.891874e-08
3345.00 1.871602e-08
3350.00 1.854601e-08
3355.00 1.851462e-08
3360.00 1.852310e-08
3365.00 1.842623e-08
3370.00 1.817197e-08
3375.00 1.782052e-08
3380.00 1.761863e-08
3385.00 1.773161e-08
3390.00 1.793414e-08
3395.00 1.796579e-08
3400.00 1.786462e-08
3405.00 1.775051e-08
3410.00 1.765035e-08
3415.00 1.755310e-08
3420.00 1.744944e-08
3425.00 1.732797e-08
3430.00 1.716876e-08
3435.00 1.698034e-08
3440.00 1.685104e-08
3445.00 1.684405e-08
3450.00 1.687884e-08
3455.00 1.686421e-08
3460.00 1.682323e-08
3465.00 1.679216e-08
3470.00 1.672663e-08
3475.00 1.658720e-08
3480.00 1.642993e-08
3485.00 1.632276e-08
3490.00 1.626545e-08
3495.00 1.621860e-08
3500.00 1.611335e-08
3505.00 1.591334e-08
3510.00 1.571040e-08
3515.00 1.574829e-08
3520.00 1.577809e-08
3525.00 1.570998e-08
3530.00 1.558274e-08
3535.00 1.551126e-08
3540.00 1.548419e-08
3545.00 1.536856e-08
3550.00 1.516969e-08
3555.00 1.515036e-08
3560.00 1.506573e-08
3565.00 1.489397e-08
3570.00 1.472439e-08
3575.00 1.456273e-08
3580.00 1.434562e-08
3585.00 1.419255e-08
3590.00 1.412415e-08
3595.00 1.415203e-08
3600.00 1.410568e-08
3605.00 1.396779e-08
3610.00 1.380277e-08
3615.00 1.376099e-08
3620.00 1.379610e-08
3625.00 1.368366e-08
3630.00 1.350262e-08
3635.00 1.351152e-08
3640.00 1.360312e-08
3645.00 1.367831e-08
3650.00 1.375943e-08
3655.00 1.392565e-08
3660.00 1.392264e-08
3665.00 1.367682e-08
3670.00 1.351879e-08
3675.00 1.339316e-08
3680.00 1.341262e-08
3685.00 1.345056e-08
3690.00 1.344183e-08
3695.00 1.326654e-08
3700.00 1.299706e-08
3705.00 1.279116e-08
3710.00 1.296191e-08
3715.00 1.312889e-08
3720.00 1.315871e-08
3725.00 1.313910e-08
3730.00 1.321592e-08
3735.00 1.321166e-08
3740.00 1.335663e-08
3745.00 1.311569e-08
3750.00 1.271643e-08
3755.00 1.285719e-08
3760.00 1.309374e-08
3765.00 1.302574e-08
3770.00 1.263464e-08
3775.00 1.315788e-08
3780.00 1.408523e-08
3785.00 1.437241e-08
3790.00 1.390159e-08
3795.00 1.301454e-08
3800.00 1.304114e-08
3805.00 1.396931e-08
3810.00 1.462043e-08
3815.00 1.461902e-08
3820.00 1.447362e-08
3825.00 1.437608e-08
3830.00 1.349495e-08
3835.00 1.265064e-08
3840.00 1.322541e-08
3845.00 1.418827e-08
3850.00 1.456348e-08
3855.00 1.465454e-08
3860.00 1.460674e-08
3865.00 1.438006e-08
3870.00 1.411572e-08
3875.00 1.385113e-08
3880.00 1.313691e-08
3885.00 1.206263e-08
3890.00 1.163020e-08
3895.00 1.256700e-08
3900.00 1.347042e-08
3905.00 1.379400e-08
3910.00 1.382282e-08
3915.00 1.374287e-08
3920.00 1.348525e-08
3925.00 1.325228e-08
3930.00 1.317710e-08
3935.00 1.301292e-08
3940.00 1.319350e-08
3945.00 1.324886e-08
3950.00 1.316858e-08
3955.00 1.288131e-08
3960.00 1.215279e-08
3965.00 1.095159e-08
3970.00 1.031510e-08
3975.00 1.105960e-08
3980.00 1.196240e-08
3985.00 1.236552e-08
3990.00 1.250444e-08
3995.00 1.245924e-08
4000.00 1.231656e-08
4005.00 1.221137e-08
4010.00 1.212484e-08
4015.00 1.205490e-08
4020.00 1.170199e-08
4025.00 1.126367e-08
4030.00 1.136752e-08
4035.00 1.166724e-08
4040.00 1.177149e-08
4045.00 1.184554e-08
4050.00 1.191499e-08
4055.00 1.183973e-08
4060.00 1.176388e-08
4065.00 1.162826e-08
4070.00 1.134809e-08
4075.00 1.131411e-08
4080.00 1.132261e-08
4085.00 1.113622e-08
4090.00 1.070211e-08
4095.00 9.985199e-09
4100.00 9.204407e-09
4105.00 9.367716e-09
4110.00 1.013065e-08
4115.00 1.055485e-08
4120.00 1.074823e-08
4125.00 1.086690e-08
4130.00 1.089143e-08
4135.00 1.080043e-08
4140.00 1.063570e-08
4145.00 1.045504e-08
4150.00 1.046988e-08
4155.00 1.048412e-08
4160.00 1.048800e-08
4165.00 1.049507e-08
4170.00 1.037445e-08
4175.00 1.031576e-08
4180.00 1.024298e-08
4185.00 1.009867e-08
4190.00 1.000229e-08
4195.00 9.899826e-09
4200.00 9.800278e-09
4205.00 9.863510e-09
4210.00 9.905390e-09
4215.00 9.885063e-09
4220.00 9.903578e-09
4225.00 9.905666e-09
4230.00 9.797906e-09
4235.00 9.790550e-09
4240.00 9.739403e-09
4245.00 9.639872e-09
4250.00 9.587115e-09
4255.00 9.524147e-09
4260.00 9.457434e-09
4265.00 9.482758e-09
4270.00 9.464029e-09
4275.00 9.370540e-09
4280.00 9.397700e-09
4285.00 9.414602e-09
4290.00 9.409445e-09
4295.00 9.433478e-09
4300.00 9.374906e-09
4305.00 9.256508e-09
4310.00 9.186489e-09
4315.00 9.106303e-09
4320.00 9.020719e-09
4325.00 8.905745e-09
4330.00 8.530398e-09
4335.00 7.869686e-09
4340.00 7.262425e-09
4345.00 7.491561e-09
4350.00 8.107985e-09
4355.00 8.533843e-09
4360.00 8.699438e-09
4365.00 8.711799e-09
4370.00 8.674350e-09
4375.00 8.618033e-09
4380.00 8.566681e-09
4385.00 8.374548e-09
4390.00 8.272206e-09
4395.00 8.440475e-09
4400.00 8.458424e-09
4405.00 8.369659e-09
4410.00 8.253826e-09
4415.00 8.122822e-09
4420.00 8.041456e-09
4425.00 7.908601e-09
4430.00 7.793233e-09
4435.00 7.803641e-09
4440.00 7.885177e-09
4445.00 7.969708e-09
4450.00 8.007415e-09
4455.00 8.025761e-09
4460.00 7.941148e-09
4465.00 7.653326e-09
4470.00 7.318229e-09
4475.00 7.393938e-09
4480.00 7.620953e-09
4485.00 7.745165e-09
4490.00 7.816271e-09
4495.00 7.796618e-09
4500.00 7.736377e-09
4505.00 7.680505e-09
4510.00 7.632889e-09
4515.00 7.582011e-09
4520.00 7.613171e-09
4525.00 7.548725e-09
4530.00 7.458593e-09
4535.00 7.363349e-09
4540.00 7.297423e-09
4545.00 7.327754e-09
4550.00 7.328912e-09
4555.00 7.365620e-09
4560.00 7.374305e-09
4565.00 7.337502e-09
4570.00 7.265130e-09
4575.00 7.248550e-09
4580.00 7.238256e-09
4585.00 7.185498e-09
4590.00 7.079103e-09
4595.00 7.046871e-09
4600.00 7.058942e-09
4605.00 7.021906e-09
4610.00 6.932869e-09
4615.00 6.907733e-09
4620.00 6.933079e-09
4625.00 6.872626e-09
4630.00 6.769751e-09
4635.00 6.695496e-09
4640.00 6.582184e-09
4645.00 6.454601e-09
4650.00 6.407781e-09
4655.00 6.558731e-09
4660.00 6.633506e-09
4665.00 6.654438e-09
4670.00 6.672546e-09
4675.00 6.554192e-09
4680.00 6.408088e-09
4685.00 6.285231e-09
4690.00 6.362409e-09
4695.00 6.440140e-09
4700.00 6.418404e-09
4705.00 6.361064e-09
4710.00 6.279731e-09
4715.00 6.267799e-09
4720.00 6.284226e-09
4725.00 6.269235e-09
4730.00 6.240093e-09
4735.00 6.227725e-09
4740.00 6.208478e-09
4745.00 6.168171e-09
4750.00 6.117074e-09
4755.00 6.074427e-09
4760.00 6.033900e-09
4765.00 6.018807e-09
4770.00 6.009431e-09
4775.00 5.977822e-09
4780.00 5.977284e-09
4785.00 5.997762e-09
4790.00 6.025540e-09
4795.00 6.002234e-09
4800.00 5.945306e-09
4805.00 5.887193e-09
4810.00 5.822228e-09
4815.00 5.787506e-09
4820.00 5.784455e-09
4825.00 5.777927e-09
4830.00 5.762952e-09
4835.00 5.795634e-09
4840.00 5.745605e-09
4845.00 5.624972e-09
4850.00 5.361521e-09
4855.00 4.920278e-09
4860.00 4.569771e-09
4865.00 4.755767e-09
4870.00 5.132858e-09
4875.00 5.299151e-09
4880.00 5.348221e-09
4885.00 5.346257e-09
4890.00 5.392238e-09
4895.00 5.409752e-09
4900.00 5.414620e-09
4905.00 5.383580e-09
4910.00 5.343800e-09
4915.00 5.282696e-09
4920.00 5.130567e-09
4925.00 5.156990e-09
4930.00 5.305494e-09
4935.00 5.326253e-09
4940.00 5.339415e-09
4945.00 5.345561e-09
4950.00 5.323913e-09
4955.00 5.294175e-09
4960.00 5.262743e-09
4965.00 5.229133e-09
4970.00 5.212220e-09
4975.00 5.176321e-09
4980.00 5.160662e-09
4985.00 5.136785e-09
4990.00 5.143896e-09
4995.00 5.149274e-09
5000.00 5.100242e-09
5005.00 5.056187e-09
5010.00 5.023884e-09
5015.00 4.969551e-09
5020.00 4.963375e-09
5025.00 4.968264e-09
5030.00 4.951583e-09
5035.00 4.931450e-09
5040.00 4.912207e-09
5045.00 4.844695e-09
5050.00 4.822312e-09
5055.00 4.847554e-09
5060.00 4.842792e-09
5065.00 4.848633e-09
5070.00 4.846413e-09
5075.00 4.819819e-09
5080.00 4.789999e-09
5085.00 4.743041e-09
5090.00 4.714878e-09
5095.00 4.700798e-09
5100.00 4.708000e-09
5105.00 4.705177e-09
5110.00 4.679480e-09
5115.00 4.657985e-09
5120.00 4.631116e-09
5125.00 4.617903e-09
5130.00 4.596782e-09
5135.00 4.605579e-09
5140.00 4.598463e-09
5145.00 4.550424e-09
5150.00 4.527222e-09
5155.00 4.490862e-09
5160.00 4.476694e-09
5165.00 4.478398e-09
5170.00 4.473728e-09
5175.00 4.476776e-09
5180.00 4.472126e-09
5185.00 4.440360e-09
5190.00 4.416586e-09
5195.00 4.416438e-09
5200.00 4.395186e-09
5205.00 4.358601e-09
5210.00 4.341143e-09
5215.00 4.318213e-09
5220.00 4.310326e-09
5225.00 4.312107e-09
5230.00 4.286969e-09
5235.00 4.275206e-09
5240.00 4.266608e-09
5245.00 4.243938e-09
5250.00 4.205586e-09
5255.00 4.188199e-09
5260.00 4.189859e-09
5265.00 4.160977e-09
5270.00 4.139433e-09
5275.00 4.130388e-09
5280.00 4.131024e-09
5285.00 4.115104e-09
5290.00 4.100901e-09
5295.00 4.106928e-09
5300.00 4.106434e-09
5305.00 4.063537e-09
5310.00 4.036933e-09
5315.00 4.028553e-09
5320.00 4.030103e-09
5325.00 4.035722e-09
5330.00 4.013621e-09
5335.00 3.991925e-09
5340.00 3.978566e-09
5345.00 3.980575e-09
5350.00 3.979992e-09
5355.00 3.953381e-09
5360.00 3.919344e-09
5365.00 3.898940e-09
5370.00 3.878632e-09
5375.00 3.857626e-09
5380.00 3.854479e-09
5385.00 3.840805e-09
5390.00 3.821239e-09
5395.00 3.805671e-09
5400.00 3.789699e-09
5405.00 3.740671e-09
5410.00 3.674077e-09
5415.00 3.686636e-09
5420.00 3.735021e-09
5425.00 3.740654e-09
5430.00 3.736183e-09
5435.00 3.711073e-09
5440.00 3.683398e-09
5445.00 3.648136e-09
5450.00 3.620602e-09
5455.00 3.613001e-09
5460.00 3.620312e-09
5465.00 3.612698e-09
5470.00 3.601436e-09
5475.00 3.595282e-09
5480.00 3.568056e-09
5485.00 3.540163e-09
5490.00 3.529727e-09
5495.00 3.548871e-09
5500.00 3.564510e-09
5505.00 3.547601e-09
5510.00 3.532346e-09
5515.00 3.513384e-09
5520.00 3.496752e-09
5525.00 3.473581e-09
5530.00 3.452100e-09
5535.00 3.424392e-09
5540.00 3.405750e-09
5545.00 3.414106e-09
5550.00 3.434437e-09
5555.00 3.439664e-09
5560.00 3.421535e-09
5565.00 3.407743e-09
5570.00 3.407897e-09
5575.00 3.415911e-09
5580.00 3.380388e-09
5585.00 3.333400e-09
5590.00 3.311528e-09
5595.00 3.315249e-09
5600.00 3.306712e-09
5605.00 3.310798e-09
5610.00 3.304512e-09
5615.00 3.289918e-09
5620.00 3.280364e-09
5625.00 3.271798e-09
5630.00 3.241282e-09
5635.00 3.233479e-09
5640.00 3.233284e-09
5645.00 3.213967e-09
5650.00 3.196573e-09
5655.00 3.179821e-09
5660.00 3.178429e-09
5665.00 3.163644e-09
5670.00 3.146529e-09
5675.00 3.137712e-09
5680.00 3.131184e-09
5685.00 3.128412e-09
5690.00 3.121105e-09
5695.00 3.091374e-09
5700.00 3.059489e-09
5705.00 3.043768e-09
5710.00 3.056241e-09
5715.00 3.044599e-09
5720.00 3.025765e-09
5725.00 3.029243e-09
5730.00 3.011127e-09
5735.00 2.989823e-09
5740.00 2.966060e-09
5745.00 2.965444e-09
5750.00 2.979173e-09
5755.00 2.978673e-09
5760.00 2.953279e-09
5765.00 2.924270e-09
5770.00 2.888099e-09
5775.00 2.833282e-09
5780.00 2.779099e-09
5785.00 2.808729e-09
5790.00 2.837632e-09
5795.00 2.813422e-09
5800.00 2.798585e-09
5805.00 2.819384e-09
5810.00 2.830139e-09
5815.00 2.833241e-09
5820.00 2.841307e-09
5825.00 2.844627e-09
5830.00 2.833658e-09
5835.00 2.819347e-09
5840.00 2.800395e-09
5845.00 2.771403e-09
5850.00 2.775515e-09
5855.00 2.775983e-09
5860.00 2.786675e-09
5865.00 2.755302e-09
5870.00 2.652793e-09
5875.00 2.561920e-09
5880.00 2.598370e-09
5885.00 2.560496e-09
5890.00 2.455209e-09
5895.00 2.481901e-09
5900.00 2.592151e-09
5905.00 2.675133e-09
5910.00 2.677168e-09
5915.00 2.660460e-09
5920.00 2.638403e-09
5925.00 2.656758e-09
5930.00 2.664689e-09
5935.00 2.623256e-09
5940.00 2.607806e-09
5945.00 2.578942e-09
5950.00 2.587369e-09
5955.00 2.586021e-09
5960.00 2.567650e-09
5965.00 2.536583e-09
5970.00 2.534752e-09
5975.00 2.544903e-09
5980.00 2.544169e-09
5985.00 2.533072e-09
5990.00 2.530109e-09
5995.00 2.527480e-09
6000.00 2.514380e-09
6005.00 2.493082e-09
6010.00 2.482652e-09
6015.00 2.479167e-09
6020.00 2.479477e-09
6025.00 2.467265e-09
6030.00 2.454490e-09
6035.00 2.442523e-09
6040.00 2.429497e-09
6045.00 2.451701e-09
6050.00 2.454445e-09
6055.00 2.447451e-09
6060.00 2.427187e-09
6065.00 2.408599e-09
6070.00 2.404798e-09
6075.00 2.399478e-09
6080.00 2.400729e-09
6085.00 2.393362e-09
6090.00 2.390781e-09
6095.00 2.376062e-09
6100.00 2.367193e-09
6105.00 2.354043e-09
6110.00 2.345749e-09
6115.00 2.346344e-09
6120.00 2.340331e-09
6125.00 2.335873e-09
6130.00 2.324989e-09
6135.00 2.309167e-09
6140.00 2.302338e-09
6145.00 2.296756e-09
6150.00 2.291584e-09
6155.00 2.280341e-09
6160.00 2.271713e-09
6165.00 2.253824e-09
6170.00 2.232820e-09
6175.00 2.223657e-09
6180.00 2.227129e-09
6185.00 2.225636e-09
6190.00 2.219794e-09
6195.00 2.212095e-09
6200.00 2.191140e-09
6205.00 2.187369e-09
6210.00 2.195764e-09
6215.00 2.200252e-09
6220.00 2.206427e-09
6225.00 2.206766e-09
6230.00 2.200137e-09
6235.00 2.185980e-09
6240.00 2.174090e-09
6245.00 2.173141e-09
6250.00 2.170166e-09
6255.00 2.156004e-09
6260.00 2.128871e-09
6265.00 2.106785e-09
6270.00 2.090823e-09
6275.00 2.046137e-09
6280.00 1.980945e-09
6285.00 1.993447e-09
6290.00 2.050223e-09
6295.00 2.070525e-09
6300.00 2.063092e-09
6305.00 2.050768e-09
6310.00 2.035682e-09
6315.00 2.037141e-09
6320.00 2.052816e-09
6325.00 2.064954e-09
6330.00 2.066466e-09
6335.00 2.059861e-09
6340.00 2.052153e-09
6345.00 2.034768e-09
6350.00 2.030034e-09
6355.00 2.024881e-09
6360.00 2.019984e-09
6365.00 2.010170e-09
6370.00 2.002255e-09
6375.00 1.995209e-09
6380.00 1.985131e-09
6385.00 1.983131e-09
6390.00 1.983439e-09
6395.00 1.983163e-09
6400.00 1.982437e-09
6405.00 1.972543e-09
6410.00 1.961320e-09
6415.00 1.952259e-09
6420.00 1.931360e-09
6425.00 1.934402e-09
6430.00 1.942167e-09
6435.00 1.944678e-09
6440.00 1.946549e-09
6445.00 1.931933e-09
6450.00 1.915942e-09
6455.00 1.913875e-09
6460.00 1.912468e-09
6465.00 1.913905e-09
6470.00 1.898666e-09
6475.00 1.878241e-09
6480.00 1.876962e-09
6485.00 1.870568e-09
6490.00 1.857640e-09
6495.00 1.861745e-09
6500.00 1.872521e-09
6505.00 1.865328e-09
6510.00 1.863821e-09
6515.00 1.849330e-09
6520.00 1.838978e-09
6525.00 1.824486e-09
6530.00 1.813890e-09
6535.00 1.814888e-09
6540.00 1.818460e-09
6545.00 1.801156e-09
6550.00 1.747625e-09
6555.00 1.659768e-09
6560.00 1.553078e-09
6565.00 1.541820e-09
6570.00 1.652409e-09
6575.00 1.742354e-09
6580.00 1.780561e-09
6585.00 1.783243e-09
6590.00 1.777499e-09
6595.00 1.779424e-09
6600.00 1.784927e-09
6605.00 1.789058e-09
6610.00 1.770879e-09
6615.00 1.758880e-09
6620.00 1.756188e-09
6625.00 1.754514e-09
6630.00 1.738428e-09
6635.00 1.730287e-09
6640.00 1.729107e-09
6645.00 1.727651e-09
6650.00 1.722691e-09
6655.00 1.721144e-09
6660.00 1.718869e-09
6665.00 1.708924e-09
6670.00 1.684896e-09
6675.00 1.629925e-09
6680.00 1.603177e-09
6685.00 1.654908e-09
6690.00 1.681253e-09
6695.00 1.680486e-09
6700.00 1.674229e-09
6705.00 1.676703e-09
6710.00 1.673892e-09
6715.00 1.665357e-09
6720.00 1.666978e-09
6725.00 1.660543e-09
6730.00 1.649468e-09
6735.00 1.640813e-09
6740.00 1.639926e-09
6745.00 1.637266e-09
6750.00 1.636699e-09
6755.00 1.627540e-09
6760.00 1.612338e-09
6765.00 1.613145e-09
6770.00 1.609264e-09
6775.00 1.608650e-09
6780.00 1.605529e-09
6785.00 1.599846e-09
6790.00 1.596439e-09
6795.00 1.596004e-09
6800.00 1.592587e-09
6805.00 1.591064e-09
6810.00 1.587058e-09
6815.00 1.581528e-09
6820.00 1.579976e-09
6825.00 1.573696e-09
6830.00 1.565948e-09
6835.00 1.558192e-09
6840.00 1.569136e-09
6845.00 1.568096e-09
6850.00 1.564446e-09
6855.00 1.560802e-09
6860.00 1.557153e-09
6865.00 1.553507e-09
6870.00 1.549859e-09
6875.00 1.546211e-09
6880.00 1.542566e-09
6885.00 1.538918e-09
6890.00 1.535267e-09
6895.00 1.531623e-09
6900.00 1.527976e-09
6905.00 1.524325e-09
6910.00 1.520681e-09
6915.00 1.517030e-09
6920.00 1.513384e-09
6925.00 1.509738e-09
6930.00 1.506087e-09
6935.00 1.502442e-09
6940.00 1.498795e-09
6945.00 1.495149e-09
6950.00 1.491497e-09
6955.00 1.487851e-09
6960.00 1.484204e-09
6965.00 1.480557e-09
6970.00 1.476400e-09
6975.00 1.470349e-09
6980.00 1.468860e-09
6985.00 1.455760e-09
6990.00 1.437623e-09
6995.00 1.437255e-09
7000.00 1.440630e-09
7005.00 1.437025e-09
7010.00 1.438302e-09
7015.00 1.437232e-09
7020.00 1.434906e-09
7025.00 1.425318e-09
7030.00 1.430296e-09
7035.00 1.430699e-09
7040.00 1.420391e-09
7045.00 1.423598e-09
7050.00 1.421538e-09
7055.00 1.410577e-09
7060.00 1.378973e-09
7065.00 1.333586e-09
7070.00 1.349544e-09
7075.00 1.385964e-09
7080.00 1.390394e-09
7085.00 1.383037e-09
7090.00 1.380709e-09
7095.00 1.386556e-09
7100.00 1.383918e-09
7105.00 1.376935e-09
7110.00 1.381237e-09
7115.00 1.384572e-09
7120.00 1.384012e-09
7125.00 1.377727e-09
7130.00 1.375732e-09
7135.00 1.372707e-09
7140.00 1.357151e-09
7145.00 1.354964e-09
7150.00 1.362760e-09
7155.00 1.359178e-09
7160.00 1.339668e-09
7165.00 1.318296e-09
7170.00 1.292607e-09
7175.00 1.270329e-09
7180.00 1.265564e-09
7185.00 1.251845e-09
7190.00 1.250905e-09
7195.00 1.258425e-09
7200.00 1.259985e-09
7205.00 1.269304e-09
7210.00 1.289484e-09
7215.00 1.300384e-09
7220.00 1.302925e-09
7225.00 1.290017e-09
7230.00 1.275660e-09
7235.00 1.256693e-09
7240.00 1.249049e-09
7245.00 1.250456e-09
7250.00 1.246328e-09
7255.00 1.241037e-09
7260.00 1.240365e-09
7265.00 1.235696e-09
7270.00 1.235451e-09
7275.00 1.215552e-09
7280.00 1.215732e-09
7285.00 1.223295e-09
7290.00 1.219527e-09
7295.00 1.223704e-09
7300.00 1.217542e-09
7305.00 1.206769e-09
7310.00 1.210395e-09
7315.00 1.202045e-09
7320.00 1.204500e-09
7325.00 1.216656e-09
7330.00 1.210590e-09
7335.00 1.208985e-09
7340.00 1.206772e-09
7345.00 1.200467e-09
7350.00 1.198156e-09
7355.00 1.198250e-09
7360.00 1.195893e-09
7365.00 1.192500e-09
7370.00 1.178061e-09
7375.00 1.176262e-09
7380.00 1.170846e-09
7385.00 1.166215e-09
7390.00 1.162797e-09
7395.00 1.165779e-09
7400.00 1.160977e-09
7405.00 1.147270e-09
7410.00 1.138820e-09
7415.00 1.136090e-09
7420.00 1.138094e-09
7425.00 1.146960e-09
7430.00 1.147216e-09
7435.00 1.145594e-09
7440.00 1.145774e-09
7445.00 1.143537e-09
7450.00 1.143090e-09
7455.00 1.140016e-09
7460.00 1.135018e-09
7465.00 1.132266e-09
7470.00 1.129958e-09
7475.00 1.125635e-09
7480.00 1.123341e-09
7485.00 1.117600e-09
7490.00 1.115586e-09
7495.00 1.115155e-09
7500.00 1.110041e-09
7505.00 1.106841e-09
7510.00 1.107118e-09
7515.00 1.103793e-09
7520.00 1.104309e-09
7525.00 1.100280e-09
7530.00 1.095697e-09
7535.00 1.092001e-09
7540.00 1.089624e-09
7545.00 1.086521e-09
7550.00 1.081350e-09
7555.00 1.078161e-09
7560.00 1.075369e-09
7565.00 1.072574e-09
7570.00 1.069783e-09
7575.00 1.066987e-09
7580.00 1.064193e-09
7585.00 1.061399e-09
7590.00 1.058607e-09
7595.00 1.055813e-09
7600.00 1.053020e-09
7605.00 1.050226e-09
7610.00 1.047432e-09
7615.00 1.044636e-09
7620.00 1.041843e-09
7625.00 1.039049e-09
7630.00 1.036255e-09
7635.00 1.033464e-09
7640.00 1.030669e-09
7645.00 1.027876e-09
7650.00 1.025081e-09
7655.00 1.022287e-09
7660.00 1.019493e-09
7665.00 1.016702e-09
7670.00 1.013906e-09
7675.00 1.011114e-09
7680.00 1.008318e-09
7685.00 1.005526e-09
7690.00 1.002733e-09
7695.00 9.999402e-10
7700.00 9.971451e-10
7705.00 9.943515e-10
7710.00 9.915568e-10
7715.00 9.887641e-10
7720.00 9.859694e-10
7725.00 9.831760e-10
7730.00 9.804472e-10
7735.00 9.776027e-10
7740.00 9.724792e-10
7745.00 9.713214e-10
7750.00 9.734366e-10
7755.00 9.699086e-10
7760.00 9.651262e-10
7765.00 9.624910e-10
7770.00 9.598826e-10
7775.00 9.566827e-10
7780.00 9.554972e-10
7785.00 9.552837e-10
7790.00 9.539535e-10
7795.00 9.508666e-10
7800.00 9.506602e-10
7805.00 9.494542e-10
7810.00 9.458887e-10
7815.00 9.417722e-10
7820.00 9.412489e-10
7825.00 9.383597e-10
7830.00 9.331461e-10
7835.00 9.306612e-10
7840.00 9.313232e-10
7845.00 9.286730e-10
7850.00 9.280385e-10
7855.00 9.261592e-10
7860.00 9.231483e-10
7865.00 9.181875e-10
7870.00 9.167993e-10
7875.00 9.148008e-10
7880.00 9.129530e-10
7885.00 9.106484e-10
7890.00 9.050831e-10
7895.00 9.003918e-10
7900.00 8.976933e-10
7905.00 8.975749e-10
7910.00 9.014052e-10
7915.00 8.983213e-10
7920.00 8.904320e-10
7925.00 8.861183e-10
7930.00 8.880530e-10
7935.00 8.884812e-10
7940.00 8.864595e-10
7945.00 8.846422e-10
7950.00 8.814853e-10
7955.00 8.821417e-10
7960.00 8.804154e-10
7965.00 8.763618e-10
7970.00 8.743652e-10
7975.00 8.722055e-10
7980.00 8.707551e-10
7985.00 8.684706e-10
7990.00 8.667888e-10
7995.00 8.654928e-10
8000.00 8.609692e-10
8005.00 8.619469e-10
8010.00 8.600008e-10
8015.00 8.581754e-10
8020.00 8.562815e-10
8025.00 8.561149e-10
8030.00 8.556976e-10
8035.00 8.543050e-10
8040.00 8.529667e-10
8045.00 8.520328e-10
8050.00 8.503881e-10
8055.00 8.486479e-10
8060.00 8.478072e-10
8065.00 8.468751e-10
8070.00 8.467186e-10
8075.00 8.460764e-10
8080.00 8.459764e-10
8085.00 8.433725e-10
8090.00 8.400994e-10
8095.00 8.349145e-10
8100.00 8.325564e-10
8105.00 8.314940e-10
8110.00 8.284654e-10
8115.00 8.258719e-10
8120.00 8.250384e-10
8125.00 8.242618e-10
8130.00 8.221805e-10
8135.00 8.178311e-10
8140.00 8.150035e-10
8145.00 8.106781e-10
8150.00 8.057407e-10
8155.00 7.999691e-10
8160.00 7.962556e-10
8165.00 7.915997e-10
8170.00 7.952963e-10
8175.00 7.976541e-10
8180.00 7.985567e-10
8185.00 8.036006e-10
8190.00 8.048557e-10
8195.00 8.034458e-10
8200.00 8.019509e-10
8205.00 8.017337e-10
8210.00 7.981570e-10
8215.00 7.926138e-10
8220.00 7.850028e-10
8225.00 7.759350e-10
8230.00 7.676411e-10
8235.00 7.741358e-10
8240.00 7.808164e-10
8245.00 7.827142e-10
8250.00 7.844423e-10
8255.00 7.801905e-10
8260.00 7.771407e-10
8265.00 7.741262e-10
8270.00 7.704759e-10
8275.00 7.659643e-10
8280.00 7.636343e-10
8285.00 7.625799e-10
8290.00 7.604895e-10
8295.00 7.586435e-10
8300.00 7.579123e-10
8305.00 7.554435e-10
8310.00 7.536443e-10
8315.00 7.513559e-10
8320.00 7.482968e-10
8325.00 7.461981e-10
8330.00 7.443878e-10
8335.00 7.400940e-10
8340.00 7.366618e-10
8345.00 7.369168e-10
8350.00 7.354037e-10
8355.00 7.334648e-10
8360.00 7.323959e-10
8365.00 7.319541e-10
8370.00 7.332116e-10
8375.00 7.331183e-10
8380.00 7.296830e-10
8385.00 7.259928e-10
8390.00 7.212599e-10
8395.00 7.161120e-10
8400.00 7.119551e-10
8405.00 7.086214e-10
8410.00 7.088442e-10
8415.00 7.113333e-10
8420.00 7.146028e-10
8425.00 7.173668e-10
8430.00 7.158141e-10
8435.00 7.119856e-10
8440.00 7.085011e-10
8445.00 7.070307e-10
8450.00 7.064734e-10
8455.00 7.015469e-10
8460.00 6.994226e-10
8465.00 6.968950e-10
8470.00 6.928143e-10
8475.00 6.892034e-10
8480.00 6.904760e-10
8485.00 6.907464e-10
8490.00 6.911884e-10
8495.00 6.877522e-10
8500.00 6.834168e-10
8505.00 6.845846e-10
8510.00 6.871927e-10
8515.00 6.863316e-10
8520.00 6.858967e-10
8525.00 6.855025e-10
8530.00 6.842371e-10
8535.00 6.825072e-10
8540.00 6.789194e-10
8545.00 6.759424e-10
8550.00 6.753522e-10
8555.00 6.757441e-10
8560.00 6.733298e-10
8565.00 6.719452e-10
8570.00 6.688510e-10
8575.00 6.649827e-10
8580.00 6.616905e-10
8585.00 6.578331e-10
8590.00 6.540286e-10
8595.00 6.502711e-10
8600.00 6.498926e-10
8605.00 6.522102e-10
8610.00 6.559158e-10
8615.00 6.574803e-10
8620.00 6.580319e-10
8625.00 6.591014e-10
8630.00 6.586341e-10
8635.00 6.558930e-10
8640.00 6.502192e-10
8645.00 6.478073e-10
8650.00 6.434815e-10
8655.00 6.385105e-10
8660.00 6.345244e-10
8665.00 6.300394e-10
8670.00 6.315402e-10
8675.00 6.348340e-10
8680.00 6.402179e-10
8685.00 6.438680e-10
8690.00 6.465628e-10
8695.00 6.478672e-10
8700.00 6.490994e-10
8705.00 6.505400e-10
8710.00 6.502382e-10
8715.00 6.497083e-10
8720.00 6.465047e-10
8725.00 6.399254e-10
8730.00 6.309142e-10
8735.00 6.235492e-10
8740.00 6.155183e-10
8745.00 6.067273e-10
8750.00 5.991689e-10
8755.00 6.012661e-10
8760.00 6.095913e-10
8765.00 6.170784e-10
8770.00 6.190710e-10
8775.00 6.205587e-10
8780.00 6.236700e-10
8785.00 6.246921e-10
8790.00 6.238728e-10
8795.00 6.226746e-10
8800.00 6.220429e-10
8805.00 6.205749e-10
8810.00 6.179648e-10
8815.00 6.167447e-10
8820.00 6.149550e-10
8825.00 6.118177e-10
8830.00 6.041926e-10
8835.00 5.932133e-10
8840.00 5.837409e-10
8845.00 5.755781e-10
8850.00 5.675304e-10
8855.00 5.609555e-10
8860.00 5.548098e-10
8865.00 5.598806e-10
8870.00 5.712022e-10
8875.00 5.827287e-10
8880.00 5.933602e-10
8885.00 6.020296e-10
8890.00 6.018220e-10
8895.00 5.994116e-10
8900.00 5.944623e-10
8905.00 6.035063e-10
8910.00 6.025598e-10
8915.00 5.947492e-10
8920.00 6.026328e-10
8925.00 6.015151e-10
8930.00 6.137779e-10
8935.00 6.120578e-10
8940.00 6.062475e-10
8945.00 6.004471e-10
8950.00 5.942625e-10
8955.00 5.881870e-10
8960.00 5.846970e-10
8965.00 5.744114e-10
8970.00 5.782729e-10
8975.00 5.773378e-10
8980.00 5.710373e-10
8985.00 5.608500e-10
8990.00 5.499796e-10
8995.00 5.504975e-10
9000.00 5.485107e-10
9005.00 5.410932e-10
9010.00 5.378949e-10
9015.00 5.363816e-10
9020.00 5.450839e-10
9025.00 5.544467e-10
9030.00 5.708488e-10
9035.00 5.833669e-10
9040.00 5.909033e-10
9045.00 5.943891e-10
9050.00 5.924917e-10
9055.00 5.843377e-10
9060.00 5.797614e-10
9065.00 5.751418e-10
9070.00 5.731999e-10
9075.00 5.724657e-10
9080.00 5.708448e-10
9085.00 5.710494e-10
9090.00 5.714282e-10
9095.00 5.719157e-10
9100.00 5.684637e-10
9105.00 5.694972e-10
9110.00 5.736194e-10
9115.00 5.764125e-10
9120.00 5.730381e-10
9125.00 5.669880e-10
9130.00 5.599571e-10
9135.00 5.558842e-10
9140.00 5.575190e-10
9145.00 5.563157e-10
9150.00 5.481042e-10
9155.00 5.435274e-10
9160.00 5.478261e-10
9165.00 5.489839e-10
9170.00 5.436838e-10
9175.00 5.382688e-10
9180.00 5.411621e-10
9185.00 5.409063e-10
9190.00 5.383706e-10
9195.00 5.345451e-10
9200.00 5.352775e-10
9205.00 5.319652e-10
9210.00 5.239221e-10
9215.00 5.143791e-10
9220.00 5.095863e-10
9225.00 5.030178e-10
9230.00 4.983217e-10
9235.00 5.006189e-10
9240.00 5.090286e-10
9245.00 5.164658e-10
9250.00 5.245155e-10
9255.00 5.270644e-10
9260.00 5.348148e-10
9265.00 5.420920e-10
9270.00 5.521846e-10
9275.00 5.559446e-10
9280.00 5.558108e-10
9285.00 5.546413e-10
9290.00 5.472515e-10
9295.00 5.375122e-10
9300.00 5.282917e-10
9305.00 5.179796e-10
9310.00 5.105135e-10
9315.00 5.006839e-10
9320.00 4.982497e-10
9325.00 4.949503e-10
9330.00 4.993810e-10
9335.00 4.927586e-10
9340.00 4.856589e-10
9345.00 4.830337e-10
9350.00 5.007424e-10
9355.00 4.898890e-10
9360.00 4.931948e-10
9365.00 5.073644e-10
9370.00 5.064092e-10
9375.00 5.119062e-10
9380.00 5.143838e-10
9385.00 5.273142e-10
9390.00 5.486629e-10
9395.00 5.595951e-10
9400.00 5.548327e-10
9405.00 5.412515e-10
9410.00 5.355058e-10
9415.00 5.323447e-10
9420.00 5.217783e-10
9425.00 5.053710e-10
9430.00 4.920980e-10
9435.00 5.048363e-10
9440.00 4.854213e-10
9445.00 4.826411e-10
9450.00 4.884667e-10
9455.00 4.804370e-10
9460.00 4.768895e-10
9465.00 4.863175e-10
9470.00 4.936400e-10
9475.00 4.921740e-10
9480.00 4.872220e-10
9485.00 4.964390e-10
9490.00 4.927782e-10
9495.00 4.720024e-10
9500.00 4.621646e-10
9505.00 4.811628e-10
9510.00 5.011712e-10
9515.00 4.848272e-10
9520.00 4.671158e-10
9525.00 4.588077e-10
9530.00 4.626547e-10
9535.00 4.555525e-10
9540.00 4.432014e-10
9545.00 4.264953e-10
9550.00 4.346540e-10
9555.00 4.406981e-10
9560.00 4.650922e-10
9565.00 4.680955e-10
9570.00 4.819898e-10
9575.00 4.880752e-10
9580.00 4.837478e-10
9585.00 4.747884e-10
9590.00 4.624384e-10
9595.00 4.632939e-10
9600.00 4.749163e-10
9605.00 4.730566e-10
9610.00 4.693980e-10
9615.00 4.658534e-10
9620.00 4.608185e-10
9625.00 4.599493e-10
9630.00 4.546529e-10
9635.00 4.548527e-10
9640.00 4.538674e-10
9645.00 4.563842e-10
9650.00 4.605923e-10
9655.00 4.606613e-10
9660.00 4.588403e-10
9665.00 4.597404e-10
9670.00 4.717630e-10
9675.00 4.706093e-10
9680.00 4.609564e-10
9685.00 4.628732e-10
9690.00 4.644004e-10
9695.00 4.643339e-10
9700.00 4.540605e-10
9705.00 4.537002e-10
9710.00 4.546440e-10
9715.00 4.574264e-10
9720.00 4.532060e-10
9725.00 4.478422e-10
9730.00 4.476672e-10
9735.00 4.444921e-10
9740.00 4.528272e-10
9745.00 4.429430e-10
9750.00 4.414596e-10
9755.00 4.391240e-10
9760.00 4.409756e-10
9765.00 4.427212e-10
9770.00 4.398871e-10
9775.00 4.429232e-10
9780.00 4.462103e-10
9785.00 4.421372e-10
9790.00 4.376829e-10
9795.00 4.313545e-10
9800.00 4.352256e-10
9805.00 4.334612e-10
9810.00 4.336333e-10
9815.00 4.268761e-10
9820.00 4.302753e-10
9825.00 4.257847e-10
9830.00 4.248092e-10
9835.00 4.252411e-10
9840.00 4.265030e-10
9845.00 4.268716e-10
9850.00 4.310987e-10
9855.00 4.324296e-10
9860.00 4.202567e-10
9865.00 4.261530e-10
9870.00 4.242174e-10
9875.00 4.177243e-10
9880.00 4.123053e-10
9885.00 4.152027e-10
9890.00 4.183225e-10
9895.00 4.090055e-10
9900.00 4.140698e-10
9905.00 4.159463e-10
9910.00 4.141812e-10
9915.00 4.123528e-10
9920.00 4.125733e-10
9925.00 4.073925e-10
9930.00 4.046777e-10
9935.00 4.025542e-10
9940.00 3.996499e-10
9945.00 3.994874e-10
9950.00 4.069803e-10
9955.00 4.119251e-10
9960.00 4.270990e-10
9965.00 4.075462e-10
9970.00 3.974507e-10
9975.00 4.055766e-10
9980.00 3.866679e-10
9985.00 3.921356e-10
9990.00 3.936308e-10
9995.00 3.982764e-10
10000.00 3.939198e-10
10005.00 3.799484e-10
10010.00 3.874362e-10
10015.00 3.872489e-10
10020.00 3.806662e-10
10025.00 3.722811e-10
10030.00 3.687806e-10
10035.00 3.638443e-10
10040.00 3.560862e-10
10045.00 3.583099e-10
10050.00 3.532198e-10
10055.00 3.589933e-10
10060.00 3.659866e-10
10065.00 3.541971e-10
10070.00 3.612653e-10
10075.00 3.638441e-10
10080.00 3.913843e-10
10085.00 3.986090e-10
10090.00 3.802254e-10
10095.00 3.790170e-10
10100.00 3.847393e-10
10105.00 3.780458e-10
10110.00 3.779470e-10
10115.00 3.700151e-10
10120.00 3.727981e-10
10125.00 3.616787e-10
10130.00 3.692121e-10
10135.00 3.648341e-10
10140.00 3.721468e-10
10145.00 3.719617e-10
10150.00 3.682912e-10
10155.00 3.638992e-10
10160.00 3.603104e-10
10165.00 3.584121e-10
10170.00 3.574330e-10
10175.00 3.559652e-10
10180.00 3.526217e-10
10185.00 3.468763e-10
10190.00 3.404323e-10
10195.00 3.358563e-10
10200.00 3.356766e-10
10205.00 3.412362e-10
10210.00 3.507796e-10
10215.00 3.613735e-10
10220.00 3.700327e-10
10225.00 3.745622e-10
10230.00 3.747920e-10
10235.00 3.713406e-10
10240.00 3.649201e-10
10245.00 3.564946e-10
10250.00 3.476404e-10
10255.00 3.401894e-10
10260.00 3.359020e-10
10265.00 3.356943e-10
10270.00 3.382657e-10
10275.00 3.414682e-10
10280.00 3.431440e-10
10285.00 3.418854e-10
10290.00 3.382152e-10
10295.00 3.334143e-10
10300.00 3.293932e-10
10305.00 3.296147e-10
10310.00 3.287208e-10
10315.00 3.280342e-10
10320.00 3.278775e-10
10325.00 3.281298e-10
10330.00 3.285569e-10
10335.00 3.288955e-10
10340.00 3.288864e-10
10345.00 3.284330e-10
10350.00 3.278368e-10
10355.00 3.275625e-10
10360.00 3.280578e-10
10365.00 3.294910e-10
10370.00 3.312894e-10
10375.00 3.326056e-10
10380.00 3.325937e-10
10385.00 3.308193e-10
10390.00 3.279055e-10
10395.00 3.248820e-10
10400.00 3.227742e-10
10405.00 3.222165e-10
10410.00 3.228196e-10
10415.00 3.237949e-10
10420.00 3.243457e-10
10425.00 3.239330e-10
10430.00 3.226978e-10
10435.00 3.210512e-10
10440.00 3.194141e-10
10445.00 3.181153e-10
10450.00 3.172340e-10
10455.00 3.167635e-10
10460.00 3.166793e-10
10465.00 3.169271e-10
10470.00 3.173693e-10
10475.00 3.178362e-10
10480.00 3.181577e-10
10485.00 3.181808e-10
10490.00 3.177865e-10
10495.00 3.168729e-10
10500.00 3.153507e-10
10505.00 3.131837e-10
10510.00 3.104949e-10
10515.00 3.074743e-10
10520.00 3.043163e-10
10525.00 3.012750e-10
10530.00 2.987436e-10
10535.00 2.971588e-10
10540.00 2.969512e-10
10545.00 2.982868e-10
10550.00 3.006567e-10
10555.00 3.032988e-10
10560.00 3.054468e-10
10565.00 3.065463e-10
10570.00 3.065956e-10
10575.00 3.058063e-10
10580.00 3.044184e-10
10585.00 3.026966e-10
10590.00 3.009804e-10
10595.00 2.996449e-10
10600.00 2.990489e-10
10605.00 2.994113e-10
10610.00 3.006073e-10
10615.00 3.023643e-10
10620.00 3.036464e-10
10625.00 3.008575e-10
10630.00 2.999120e-10
10635.00 2.994012e-10
10640.00 2.988914e-10
10645.00 2.983802e-10
10650.00 2.978708e-10
10655.00 2.973626e-10
10660.00 2.968568e-10
10665.00 2.963491e-10
10670.00 2.958436e-10
10675.00 2.953388e-10
10680.00 2.948344e-10
10685.00 2.943313e-10
10690.00 2.938273e-10
10695.00 2.933250e-10
10700.00 2.928236e-10
10705.00 2.923246e-10
10710.00 2.918240e-10
10715.00 2.913239e-10
10720.00 2.908241e-10
10725.00 2.903276e-10
10730.00 2.898300e-10
10735.00 2.893322e-10
10740.00 2.888368e-10
10745.00 2.883417e-10
10750.00 2.878470e-10
10755.00 2.873528e-10
10760.00 2.868608e-10
10765.00 2.863687e-10
10770.00 2.858750e-10
10775.00 2.853857e-10
10780.00 2.848951e-10
10785.00 2.844056e-10
10790.00 2.839154e-10
10795.00 2.834267e-10
10800.00 2.829393e-10
10805.00 2.824539e-10
10810.00 2.819665e-10
10815.00 2.814814e-10
10820.00 2.809970e-10
10825.00 2.805126e-10
10830.00 2.800306e-10
10835.00 2.795468e-10
10840.00 2.790652e-10
10845.00 2.785837e-10
10850.00 2.781030e-10
10855.00 2.776245e-10
10860.00 2.771436e-10
10865.00 2.766659e-10
10870.00 2.761881e-10
10875.00 2.757105e-10
10880.00 2.752353e-10
10885.00 2.747580e-10
10890.00 2.742835e-10
10895.00 2.738092e-10
10900.00 2.733374e-10
10905.00 2.728642e-10
10910.00 2.723931e-10
10915.00 2.719216e-10
10920.00 2.714512e-10
10925.00 2.709795e-10
10930.00 2.705089e-10
10935.00 2.700407e-10
10940.00 2.695733e-10
10945.00 2.691062e-10
10950.00 2.686384e-10
10955.00 2.681736e-10
10960.00 2.677068e-10
10965.00 2.672422e-10
10970.00 2.667785e-10
10975.00 2.663166e-10
10980.00 2.658536e-10
10985.00 2.653928e-10
10990.00 2.649314e-10
10995.00 2.644709e-10
11000.00 2.640101e-10
11005.00 2.635500e-10
11010.00 2.630920e-10
11015.00 2.626346e-10
11020.00 2.621772e-10
11025.00 2.617207e-10
11030.00 2.612655e-10
11035.00 2.608093e-10
11040.00 2.603547e-10
11045.00 2.599014e-10
11050.00 2.594499e-10
11055.00 2.589969e-10
11060.00 2.585459e-10
11065.00 2.580952e-10
11070.00 2.576449e-10
11075.00 2.571940e-10
11080.00 2.567441e-10
11085.00 2.562969e-10
11090.00 2.558493e-10
11095.00 2.554026e-10
11100.00 2.549561e-10
11105.00 2.545112e-10
11110.00 2.540647e-10
11115.00 2.536208e-10
11120.00 2.531774e-10
11125.00 2.527339e-10
11130.00 2.522930e-10
11135.00 2.518526e-10
11140.00 2.514097e-10
11145.00 2.509691e-10
11150.00 2.505315e-10
11155.00 2.500923e-10
11160.00 2.496548e-10
11165.00 2.492180e-10
11170.00 2.487810e-10
11175.00 2.483443e-10
11180.00 2.479077e-10
11185.00 2.474738e-10
11190.00 2.470407e-10
11195.00 2.466072e-10
11200.00 2.461736e-10
11205.00 2.457408e-10
11210.00 2.453094e-10
11215.00 2.448773e-10
11220.00 2.444469e-10
11225.00 2.440196e-10
11230.00 2.435903e-10
11235.00 2.431629e-10
11240.00 2.427334e-10
11245.00 2.423067e-10
11250.00 2.418805e-10
11255.00 2.414563e-10
11260.00 2.410307e-10
11265.00 2.406067e-10
11270.00 2.401835e-10
11275.00 2.397601e-10
11280.00 2.393380e-10
11285.00 2.389171e-10
11290.00 2.384949e-10
11295.00 2.380746e-10
11300.00 2.376553e-10
11305.00 2.372377e-10
11310.00 2.368189e-10
11315.00 2.364022e-10
11320.00 2.359856e-10
11325.00 2.355693e-10
11330.00 2.351527e-10
11335.00 2.347369e-10
11340.00 2.343234e-10
11345.00 2.339104e-10
11350.00 2.334975e-10
11355.00 2.330846e-10
11360.00 2.326717e-10
11365.00 2.322618e-10
11370.00 2.318491e-10
11375.00 2.314399e-10
11380.00 2.310328e-10
11385.00 2.306235e-10
11390.00 2.302144e-10
11395.00 2.298080e-10
11400.00 2.294017e-10
11405.00 2.289955e-10
11410.00 2.285900e-10
11415.00 2.281869e-10
11420.00 2.277833e-10
11425.00 2.273782e-10
11430.00 2.269756e-10
11435.00 2.265753e-10
11440.00 2.261733e-10
11445.00 2.257736e-10
11450.00 2.253714e-10
11455.00 2.249722e-10
11460.00 2.245755e-10
11465.00 2.241769e-10
11470.00 2.237800e-10
11475.00 2.233820e-10
11480.00 2.229850e-10
11485.00 2.225900e-10
11490.00 2.221960e-10
11495.00 2.218009e-10
11500.00 2.214085e-10
11505.00 2.210163e-10
11510.00 2.206234e-10
11515.00 2.202307e-10
11520.00 2.198389e-10
11525.00 2.194496e-10
11530.00 2.190602e-10
11535.00 2.186708e-10
11540.00 2.182818e-10
11545.00 2.178936e-10
11550.00 2.175076e-10
11555.00 2.171216e-10
11560.00 2.167361e-10
11565.00 2.163502e-10
11570.00 2.159649e-10
11575.00 2.155823e-10
11580.00 2.151970e-10
11585.00 2.148145e-10
11590.00 2.144320e-10
11595.00 2.140502e-10
11600.00 2.136709e-10
11605.00 2.132893e-10
11610.00 2.129098e-10
11615.00 2.125310e-10
11620.00 2.121525e-10
11625.00 2.117763e-10
11630.00 2.113985e-10
11635.00 2.110228e-10
11640.00 2.106469e-10
11645.00 2.102719e-10
11650.00 2.098966e-10
11655.00 2.095240e-10
11660.00 2.091492e-10
11665.00 2.087770e-10
11670.00 2.084050e-10
11675.00 2.080332e-10
11680.00 2.076636e-10
11685.00 2.072922e-10
11690.00 2.069234e-10
11695.00 2.065547e-10
11700.00 2.061864e-10
11705.00 2.058179e-10
11710.00 2.054518e-10
11715.00 2.050844e-10
11720.00 2.047185e-10
11725.00 2.043534e-10
11730.00 2.039882e-10
11735.00 2.036260e-10
11740.00 2.032615e-10
11745.00 2.028996e-10
11750.00 2.025378e-10
11755.00 2.021757e-10
11760.00 2.018144e-10
11765.00 2.014552e-10
11770.00 2.010943e-10
11775.00 2.007353e-10
11780.00 2.003771e-10
11785.00 2.000193e-10
11790.00 1.996634e-10
11795.00 1.993060e-10
11800.00 1.989505e-10
11805.00 1.985954e-10
11810.00 1.982408e-10
11815.00 1.978862e-10
11820.00 1.975338e-10
11825.00 1.971821e-10
11830.00 1.968281e-10
11835.00 1.964763e-10
11840.00 1.961276e-10
11845.00 1.957765e-10
11850.00 1.954251e-10
11855.00 1.950768e-10
11860.00 1.947287e-10
11865.00 1.943804e-10
11870.00 1.940326e-10
11875.00 1.936874e-10
11880.00 1.933402e-10
11885.00 1.929948e-10
11890.00 1.926497e-10
11895.00 1.923055e-10
11900.00 1.919637e-10
11905.00 1.916194e-10
11910.00 1.912778e-10
11915.00 1.909369e-10
11920.00 1.905954e-10
11925.00 1.902540e-10
11930.00 1.899132e-10
11935.00 1.895746e-10
11940.00 1.892340e-10
11945.00 1.888957e-10
11950.00 1.885580e-10
11955.00 1.882230e-10
11960.00 1.878859e-10
11965.00 1.875508e-10
11970.00 1.872161e-10
11975.00 1.868820e-10
11980.00 1.865475e-10
11985.00 1.862130e-10
11990.00 1.858815e-10
11995.00 1.855480e-10
12000.00 1.852164e-10
12005.00 1.848854e-10
12010.00 1.845544e-10
12015.00 1.842262e-10
12020.00 1.838961e-10
12025.00 1.835677e-10
12030.00 1.832404e-10
12035.00 1.829124e-10
12040.00 1.825853e-10
12045.00 1.822601e-10
12050.00 1.819336e-10
12055.00 1.816090e-10
12060.00 1.812846e-10
12065.00 1.809603e-10
12070.00 1.806366e-10
12075.00 1.803148e-10
12080.00 1.799913e-10
12085.00 1.796699e-10
12090.00 1.793492e-10
12095.00 1.790291e-10
12100.00 1.787105e-10
12105.00 1.783909e-10
12110.00 1.780728e-10
12115.00 1.777554e-10
12120.00 1.774379e-10
12125.00 1.771204e-10
12130.00 1.768033e-10
12135.00 1.764894e-10
12140.00 1.761753e-10
12145.00 1.758609e-10
12150.00 1.755472e-10
12155.00 1.752334e-10
12160.00 1.749195e-10
12165.00 1.746086e-10
12170.00 1.742976e-10
12175.00 1.739847e-10
12180.00 1.736763e-10
12185.00 1.733663e-10
12190.00 1.730559e-10
12195.00 1.727482e-10
12200.00 1.724410e-10
12205.00 1.721343e-10
12210.00 1.718270e-10
12215.00 1.715199e-10
12220.00 1.712128e-10
12225.00 1.709090e-10
12230.00 1.706054e-10
12235.00 1.703012e-10
12240.00 1.699975e-10
12245.00 1.696943e-10
12250.00 1.693931e-10
12255.00 1.690898e-10
12260.00 1.687891e-10
12265.00 1.684891e-10
12270.00 1.681890e-10
12275.00 1.678913e-10
12280.00 1.675918e-10
12285.00 1.672941e-10
12290.00 1.669945e-10
12295.00 1.666977e-10
12300.00 1.664033e-10
12305.00 1.661066e-10
12310.00 1.658102e-10
12315.00 1.655161e-10
12320.00 1.652224e-10
12325.00 1.649291e-10
12330.00 1.646355e-10
12335.00 1.643425e-10
12340.00 1.640516e-10
12345.00 1.637590e-10
12350.00 1.634686e-10
12355.00 1.631782e-10
12360.00 1.628887e-10
12365.00 1.626009e-10
12370.00 1.623117e-10
12375.00 1.620242e-10
12380.00 1.617351e-10
12385.00 1.614483e-10
12390.00 1.611639e-10
12395.00 1.608778e-10
12400.00 1.605916e-10
12405.00 1.603080e-10
12410.00 1.600247e-10
12415.00 1.597414e-10
12420.00 1.594579e-10
12425.00 1.591748e-10
12430.00 1.588918e-10
12435.00 1.586117e-10
12440.00 1.583317e-10
12445.00 1.580520e-10
12450.00 1.577721e-10
12455.00 1.574921e-10
12460.00 1.572129e-10
12465.00 1.569354e-10
12470.00 1.566562e-10
12475.00 1.563794e-10
12480.00 1.561034e-10
12485.00 1.558294e-10
12490.00 1.555534e-10
12495.00 1.552776e-10
12500.00 1.550039e-10
12505.00 1.547309e-10
12510.00 1.544580e-10
12515.00 1.541850e-10
12520.00 1.539123e-10
12525.00 1.536420e-10
12530.00 1.533699e-10
12535.00 1.530995e-10
12540.00 1.528298e-10
12545.00 1.525603e-10
12550.00 1.522912e-10
12555.00 1.520239e-10
12560.00 1.517554e-10
12565.00 1.514887e-10
12570.00 1.512226e-10
12575.00 1.509562e-10
12580.00 1.506899e-10
12585.00 1.504243e-10
12590.00 1.501607e-10
12595.00 1.498975e-10
12600.00 1.496323e-10
12605.00 1.493694e-10
12610.00 1.491093e-10
12615.00 1.488467e-10
12620.00 1.485844e-10
12625.00 1.483246e-10
12630.00 1.480650e-10
12635.00 1.478028e-10
12640.00 1.475435e-10
12645.00 1.472867e-10
12650.00 1.470281e-10
12655.00 1.467713e-10
12660.00 1.465126e-10
12665.00 1.462561e-10
12670.00 1.460004e-10
12675.00 1.457444e-10
12680.00 1.454887e-10
12685.00 1.452353e-10
12690.00 1.449801e-10
12695.00 1.447272e-10
12700.00 1.444746e-10
12705.00 1.442222e-10
12710.00 1.439695e-10
12715.00 1.437175e-10
12720.00 1.434677e-10
12725.00 1.432183e-10
12730.00 1.429665e-10
12735.00 1.427169e-10
12740.00 1.424683e-10
12745.00 1.422216e-10
12750.00 1.419732e-10
12755.00 1.417240e-10
12760.00 1.414779e-10
12765.00 1.412323e-10
12770.00 1.409866e-10
12775.00 1.407408e-10
12780.00 1.404954e-10
12785.00 1.402522e-10
12790.00 1.400075e-10
12795.00 1.397646e-10
12800.00 1.395226e-10
12805.00 1.392801e-10
12810.00 1.390377e-10
12815.00 1.387960e-10
12820.00 1.385562e-10
12825.00 1.383144e-10
12830.00 1.380752e-10
12835.00 1.378361e-10
12840.00 1.375974e-10
12845.00 1.373589e-10
12850.00 1.371225e-10
12855.00 1.368845e-10
12860.00 1.366484e-10
12865.00 1.364099e-10
12870.00 1.361742e-10
12875.00 1.359390e-10
12880.00 1.357062e-10
12885.00 1.354710e-10
12890.00 1.352359e-10
12895.00 1.350035e-10
12900.00 1.347714e-10
12905.00 1.345392e-10
12910.00 1.343073e-10
12915.00 1.340750e-10
12920.00 1.338435e-10
12925.00 1.336143e-10
12930.00 1.333853e-10
12935.00 1.331542e-10
12940.00 1.329249e-10
12945.00 1.326966e-10
12950.00 1.324706e-10
12955.00 1.322423e-10
12960.00 1.320140e-10
12965.00 1.317882e-10
12970.00 1.315631e-10
12975.00 1.313377e-10
12980.00 1.311125e-10
12985.00 1.308872e-10
12990.00 1.306625e-10
12995.00 1.304398e-10
13000.00 1.302154e-10
13005.00 1.299931e-10
13010.00 1.297714e-10
13015.00 1.295494e-10
13020.00 1.293275e-10
13025.00 1.291061e-10
13030.00 1.288871e-10
13035.00 1.286684e-10
13040.00 1.284476e-10
13045.00 1.282285e-10
13050.00 1.280101e-10
13055.00 1.277922e-10
13060.00 1.275763e-10
13065.00 1.273583e-10
13070.00 1.271402e-10
13075.00 1.269250e-10
13080.00 1.267097e-10
13085.00 1.264948e-10
13090.00 1.262798e-10
13095.00 1.260650e-10
13100.00 1.258525e-10
13105.00 1.256385e-10
13110.00 1.254262e-10
13115.00 1.252147e-10
13120.00 1.250032e-10
13125.00 1.247918e-10
13130.00 1.245800e-10
13135.00 1.243687e-10
13140.00 1.241600e-10
13145.00 1.239490e-10
13150.00 1.237403e-10
13155.00 1.235322e-10
13160.00 1.233239e-10
13165.00 1.231159e-10
13170.00 1.229075e-10
13175.00 1.226997e-10
13180.00 1.224946e-10
13185.00 1.222892e-10
13190.00 1.220821e-10
13195.00 1.218768e-10
13200.00 1.216726e-10
13205.00 1.214701e-10
13210.00 1.212661e-10
13215.00 1.210615e-10
13220.00 1.208596e-10
13225.00 1.206580e-10
13230.00 1.204541e-10
13235.00 1.202528e-10
13240.00 1.200538e-10
13245.00 1.198529e-10
13250.00 1.196519e-10
13255.00 1.194532e-10
13260.00 1.192528e-10
13265.00 1.190541e-10
13270.00 1.188564e-10
13275.00 1.186584e-10
13280.00 1.184602e-10
13285.00 1.182629e-10
13290.00 1.180675e-10
13295.00 1.178704e-10
13300.00 1.176753e-10
13305.00 1.174810e-10
13310.00 1.172863e-10
13315.00 1.170917e-10
13320.00 1.168971e-10
13325.00 1.167032e-10
13330.00 1.165111e-10
13335.00 1.163174e-10
13340.00 1.161258e-10
13345.00 1.159347e-10
13350.00 1.157436e-10
13355.00 1.155523e-10
13360.00 1.153613e-10
13365.00 1.151701e-10
13370.00 1.149796e-10
13375.00 1.147913e-10
13380.00 1.146036e-10
13385.00 1.144154e-10
13390.00 1.142257e-10
13395.00 1.140400e-10
13400.00 1.138526e-10
13405.00 1.136649e-10
13410.00 1.134778e-10
13415.00 1.132929e-10
13420.00 1.131085e-10
13425.00 1.129239e-10
13430.00 1.127375e-10
13435.00 1.125553e-10
13440.00 1.123714e-10
13445.00 1.121874e-10
13450.00 1.120032e-10
13455.00 1.118221e-10
13460.00 1.116407e-10
13465.00 1.114572e-10
13470.00 1.112759e-10
13475.00 1.110951e-10
13480.00 1.109144e-10
13485.00 1.107361e-10
13490.00 1.105562e-10
13495.00 1.103779e-10
13500.00 1.101979e-10
13505.00 1.100200e-10
13510.00 1.098423e-10
13515.00 1.096649e-10
13520.00 1.094876e-10
13525.00 1.093103e-10
13530.00 1.091355e-10
13535.00 1.089590e-10
13540.00 1.087840e-10
13545.00 1.086073e-10
13550.00 1.084330e-10
13555.00 1.082588e-10
13560.00 1.080847e-10
13565.00 1.079110e-10
13570.00 1.077396e-10
13575.00 1.075664e-10
13580.00 1.073948e-10
13585.00 1.072215e-10
13590.00 1.070506e-10
13595.00 1.068799e-10
13600.00 1.067091e-10
13605.00 1.065386e-10
13610.00 1.063682e-10
13615.00 1.062002e-10
13620.00 1.060305e-10
13625.00 1.058627e-10
13630.00 1.056952e-10
13635.00 1.055253e-10
13640.00 1.053577e-10
13645.00 1.051909e-10
13650.00 1.050262e-10
13655.00 1.048595e-10
13660.00 1.046925e-10
13665.00 1.045280e-10
13670.00 1.043614e-10
13675.00 1.041971e-10
13680.00 1.040333e-10
13685.00 1.038696e-10
13690.00 1.037057e-10
13695.00 1.035423e-10
13700.00 1.033811e-10
13705.00 1.032177e-10
13710.00 1.030542e-10
13715.00 1.028933e-10
13720.00 1.027330e-10
13725.00 1.025725e-10
13730.00 1.024123e-10
13735.00 1.022516e-10
13740.00 1.020914e-10
13745.00 1.019314e-10
13750.00 1.017734e-10
13755.00 1.016139e-10
13760.00 1.014564e-10
13765.00 1.012997e-10
13770.00 1.011424e-10
13775.00 1.009857e-10
13780.00 1.008284e-10
13785.00 1.006715e-10
13790.00 1.005149e-10
13795.00 1.003605e-10
13800.00 1.002044e-10
13805.00 1.000499e-10
13810.00 9.989377e-11
13815.00 9.973981e-11
13820.00 9.958627e-11
13825.00 9.943287e-11
13830.00 9.928203e-11
13835.00 9.912893e-11
13840.00 9.897581e-11
13845.00 9.882452e-11
13850.00 9.867185e-11
13855.00 9.852122e-11
13860.00 9.837117e-11
13865.00 9.822097e-11
13870.00 9.807075e-11
13875.00 9.792072e-11
13880.00 9.777067e-11
13885.00 9.762312e-11
13890.00 9.747383e-11
13895.00 9.732640e-11
13900.00 9.717698e-11
13905.00 9.702979e-11
13910.00 9.688298e-11
13915.00 9.673617e-11
13920.00 9.658961e-11
13925.00 9.644287e-11
13930.00 9.629626e-11
13935.00 9.615231e-11
13940.00 9.600631e-11
13945.00 9.586258e-11
13950.00 9.571918e-11
13955.00 9.557542e-11
13960.00 9.542955e-11
13965.00 9.528620e-11
13970.00 9.514541e-11
13975.00 9.500258e-11
13980.00 9.485950e-11
13985.00 9.471882e-11
13990.00 9.457631e-11
13995.00 9.443554e-11
14000.00 9.429289e-11
14005.00 9.415271e-11
14010.00 9.401258e-11
14015.00 9.387274e-11
14020.00 9.373306e-11
14025.00 9.359587e-11
14030.00 9.345619e-11
14035.00 9.331679e-11
14040.00 9.317975e-11
14045.00 9.304301e-11
14050.00 9.290387e-11
14055.00 9.276686e-11
14060.00 9.263028e-11
14065.00 9.249394e-11
14070.00 9.235792e-11
14075.00 9.222367e-11
14080.00 9.208772e-11
14085.00 9.195154e-11
14090.00 9.181759e-11
14095.00 9.168198e-11
14100.00 9.154848e-11
14105.00 9.141527e-11
14110.00 9.128223e-11
14115.00 9.114900e-11
14120.00 9.101603e-11
14125.00 9.088328e-11
14130.00 9.075275e-11
14135.00 9.062003e-11
14140.00 9.048755e-11
14145.00 9.035727e-11
14150.00 9.022751e-11
14155.00 9.009753e-11
14160.00 8.996513e-11
14165.00 8.983498e-11
14170.00 8.970569e-11
14175.00 8.957859e-11
14180.00 8.944931e-11
14185.00 8.932013e-11
14190.00 8.919317e-11
14195.00 8.906414e-11
14200.00 8.893746e-11
14205.00 8.881085e-11
14210.00 8.868185e-11
14215.00 8.855527e-11
14220.00 8.842878e-11
14225.00 8.830312e-11
14230.00 8.817930e-11
14235.00 8.805338e-11
14240.00 8.792758e-11
14245.00 8.780390e-11
14250.00 8.767854e-11
14255.00 8.755515e-11
14260.00 8.743223e-11
14265.00 8.730928e-11
14270.00 8.718647e-11
14275.00 8.706372e-11
14280.00 8.694084e-11
14285.00 8.681796e-11
14290.00 8.669550e-11
14295.00 8.657518e-11
14300.00 8.636571e-11
14305.00 8.562460e-11
14310.00 8.475254e-11
14315.00 8.397816e-11
14320.00 8.358065e-11
14325.00 8.377000e-11
14330.00 8.442045e-11
14335.00 8.530689e-11
14340.00 8.607065e-11
14345.00 8.639655e-11
14350.00 8.616941e-11
14355.00 8.552433e-11
14360.00 8.474099e-11
14365.00 8.409570e-11
14370.00 8.376822e-11
14375.00 8.379233e-11
14380.00 8.406412e-11
14385.00 8.439284e-11
14390.00 8.458310e-11
14395.00 8.452444e-11
14400.00 8.423633e-11
14405.00 8.386004e-11
14410.00 8.356960e-11
14415.00 8.349027e-11
14420.00 8.363863e-11
14425.00 8.390197e-11
14430.00 8.408706e-11
14435.00 8.395103e-11
14440.00 8.346931e-11
14445.00 8.273462e-11
14450.00 8.199054e-11
14455.00 8.149793e-11
14460.00 8.143218e-11
14465.00 8.183546e-11
14470.00 8.257555e-11
14475.00 8.335875e-11
14480.00 8.381279e-11
14485.00 8.366086e-11
14490.00 8.289020e-11
14495.00 8.160521e-11
14500.00 7.948357e-11
14505.00 7.804334e-11
14510.00 7.765731e-11
14515.00 7.832553e-11
14520.00 7.977229e-11
14525.00 8.146982e-11
14530.00 8.280725e-11
14535.00 8.334809e-11
14540.00 8.304310e-11
14545.00 8.217876e-11
14550.00 8.117051e-11
14555.00 8.041164e-11
14560.00 8.007123e-11
14565.00 8.015316e-11
14570.00 8.050709e-11
14575.00 8.091799e-11
14580.00 8.118566e-11
14585.00 8.118808e-11
14590.00 8.091464e-11
14595.00 8.044020e-11
14600.00 7.989534e-11
14605.00 7.942187e-11
14610.00 7.913162e-11
14615.00 7.907850e-11
14620.00 7.924484e-11
14625.00 7.954389e-11
14630.00 7.983571e-11
14635.00 7.997489e-11
14640.00 7.985358e-11
14645.00 7.946142e-11
14650.00 7.890469e-11
14655.00 7.836337e-11
14660.00 7.802462e-11
14665.00 7.797474e-11
14670.00 7.811000e-11
14675.00 7.825108e-11
14680.00 7.815312e-11
14685.00 7.761197e-11
14690.00 7.654033e-11
14695.00 7.502222e-11
14700.00 7.333253e-11
14705.00 7.188223e-11
14710.00 7.106496e-11
14715.00 7.110300e-11
14720.00 7.197391e-11
14725.00 7.342010e-11
14730.00 7.504908e-11
14735.00 7.649440e-11
14740.00 7.749993e-11
14745.00 7.795037e-11
14750.00 7.789237e-11
14755.00 7.748319e-11
14760.00 7.693488e-11
14765.00 7.644137e-11
14770.00 7.611537e-11
14775.00 7.595877e-11
14780.00 7.593796e-11
14785.00 7.595966e-11
14790.00 7.597429e-11
14795.00 7.596262e-11
14800.00 7.593964e-11
14805.00 7.593573e-11
14810.00 7.597289e-11
14815.00 7.604591e-11
14820.00 7.611156e-11
14825.00 7.609965e-11
14830.00 7.594145e-11
14835.00 7.557788e-11
14840.00 7.499409e-11
14845.00 7.422020e-11
14850.00 7.334317e-11
14855.00 7.249336e-11
14860.00 7.180426e-11
14865.00 7.138398e-11
14870.00 7.128178e-11
14875.00 7.147408e-11
14880.00 7.189017e-11
14885.00 7.242218e-11
14890.00 7.296305e-11
14895.00 7.344001e-11
14900.00 7.380268e-11
14905.00 7.407019e-11
14910.00 7.425741e-11
14915.00 7.438508e-11
14920.00 7.446264e-11
14925.00 7.448485e-11
14930.00 7.443925e-11
14935.00 7.431677e-11
14940.00 7.412130e-11
14945.00 7.387214e-11
14950.00 7.359664e-11
14955.00 7.332612e-11
14960.00 7.308206e-11
14965.00 7.287774e-11
14970.00 7.271950e-11
14975.00 7.262126e-11
14980.00 7.259143e-11
14985.00 7.263588e-11
14990.00 7.275185e-11
14995.00 7.291438e-11
15000.00 7.308291e-11
15005.00 7.319044e-11
15010.00 7.317428e-11
15015.00 7.300528e-11
15020.00 7.266310e-11
15025.00 7.222831e-11
15030.00 7.177958e-11
15035.00 7.140541e-11
15040.00 7.116987e-11
15045.00 7.109962e-11
15050.00 7.117669e-11
15055.00 7.134180e-11
15060.00 7.152442e-11
15065.00 7.165789e-11
15070.00 7.169518e-11
15075.00 7.162845e-11
15080.00 7.147246e-11
15085.00 7.125776e-11
15090.00 7.101544e-11
15095.00 7.077264e-11
15100.00 7.055306e-11
15105.00 7.037466e-11
15110.00 7.025912e-11
15115.00 7.023058e-11
15120.00 7.028256e-11
15125.00 7.039212e-11
15130.00 7.051257e-11
15135.00 7.059241e-11
15140.00 7.056359e-11
15145.00 7.037370e-11
15150.00 7.006876e-11
15155.00 6.970274e-11
15160.00 6.874226e-11
15165.00 6.762754e-11
15170.00 6.682840e-11
15175.00 6.648672e-11
15180.00 6.660114e-11
15185.00 6.707554e-11
15190.00 6.773004e-11
15195.00 6.837808e-11
15200.00 6.890755e-11
15205.00 6.928973e-11
15210.00 6.954063e-11
15215.00 6.964721e-11
15220.00 6.957514e-11
15225.00 6.933967e-11
15230.00 6.896762e-11
15235.00 6.849060e-11
15240.00 6.796969e-11
15245.00 6.749017e-11
15250.00 6.711946e-11
15255.00 6.689595e-11
15260.00 6.683491e-11
15265.00 6.693050e-11
15270.00 6.710671e-11
15275.00 6.726705e-11
15280.00 6.741936e-11
15285.00 6.758195e-11
15290.00 6.776885e-11
15295.00 6.796842e-11
15300.00 6.811395e-11
15305.00 6.810112e-11
15310.00 6.788911e-11
15315.00 6.754001e-11
15320.00 6.713605e-11
15325.00 6.679221e-11
15330.00 6.659637e-11
15335.00 6.659306e-11
15340.00 6.677683e-11
15345.00 6.706750e-11
15350.00 6.733076e-11
15355.00 6.740401e-11
15360.00 6.724611e-11
15365.00 6.695002e-11
15370.00 6.667454e-11
15375.00 6.655580e-11
15380.00 6.665233e-11
15385.00 6.691974e-11
15390.00 6.723464e-11
15395.00 6.743385e-11
15400.00 6.742196e-11
15405.00 6.708453e-11
15410.00 6.646452e-11
15415.00 6.570555e-11
15420.00 6.500425e-11
15425.00 6.453114e-11
15430.00 6.437669e-11
15435.00 6.453234e-11
15440.00 6.488902e-11
15445.00 6.530334e-11
15450.00 6.565105e-11
15455.00 6.584982e-11
15460.00 6.587808e-11
15465.00 6.576829e-11
15470.00 6.559160e-11
15475.00 6.541337e-11
15480.00 6.530122e-11
15485.00 6.528575e-11
15490.00 6.535668e-11
15495.00 6.548254e-11
15500.00 6.562718e-11
15505.00 6.571965e-11
15510.00 6.566801e-11
15515.00 6.543553e-11
15520.00 6.501952e-11
15525.00 6.446100e-11
15530.00 6.388638e-11
15535.00 6.340088e-11
15540.00 6.310054e-11
15545.00 6.304041e-11
15550.00 6.322554e-11
15555.00 6.358058e-11
15560.00 6.395436e-11
15565.00 6.420307e-11
15570.00 6.424398e-11
15575.00 6.408003e-11
15580.00 6.381435e-11
15585.00 6.360356e-11
15590.00 6.358313e-11
15595.00 6.380416e-11
15600.00 6.420683e-11
15605.00 6.463483e-11
15610.00 6.489329e-11
15615.00 6.484372e-11
15620.00 6.445078e-11
15625.00 6.381390e-11
15630.00 6.312586e-11
15635.00 6.260523e-11
15640.00 6.241888e-11
15645.00 6.260310e-11
15650.00 6.305789e-11
15655.00 6.360018e-11
15660.00 6.399824e-11
15665.00 6.408191e-11
15670.00 6.379335e-11
15675.00 6.323965e-11
15680.00 6.259459e-11
15685.00 6.201398e-11
15690.00 6.157242e-11
15695.00 6.123919e-11
15700.00 6.092301e-11
15705.00 6.053696e-11
15710.00 6.007789e-11
15715.00 5.963206e-11
15720.00 5.931342e-11
15725.00 5.922511e-11
15730.00 5.947478e-11
15735.00 6.012705e-11
15740.00 6.110577e-11
15745.00 6.228832e-11
15750.00 6.314804e-11
15755.00 6.300033e-11
15760.00 6.290128e-11
15765.00 6.239366e-11
15770.00 6.192304e-11
15775.00 6.149688e-11
15780.00 6.131639e-11
15785.00 6.108643e-11
15790.00 6.105318e-11
15795.00 6.146062e-11
15800.00 6.173376e-11
15805.00 6.195720e-11
15810.00 6.187958e-11
15815.00 6.158048e-11
15820.00 6.157837e-11
15825.00 6.138298e-11
15830.00 6.124987e-11
15835.00 6.140986e-11
15840.00 6.147768e-11
15845.00 6.129631e-11
15850.00 6.086115e-11
15855.00 6.037783e-11
15860.00 5.997462e-11
15865.00 5.964058e-11
15870.00 5.912350e-11
15875.00 5.905191e-11
15880.00 5.907026e-11
15885.00 5.898954e-11
15890.00 5.917591e-11
15895.00 5.918846e-11
15900.00 5.935353e-11
15905.00 5.954552e-11
15910.00 5.975918e-11
15915.00 5.968632e-11
15920.00 5.940163e-11
15925.00 5.925579e-11
15930.00 5.926870e-11
15935.00 5.930360e-11
15940.00 5.928390e-11
15945.00 5.910864e-11
15950.00 5.887561e-11
15955.00 5.859756e-11
15960.00 5.875748e-11
15965.00 5.893799e-11
15970.00 5.900324e-11
15975.00 5.932405e-11
15980.00 5.967255e-11
15985.00 5.973150e-11
15990.00 5.967291e-11
15995.00 5.920371e-11
16000.00 5.855220e-11
16005.00 5.783854e-11
16010.00 5.748099e-11
16015.00 5.700195e-11
16020.00 5.684114e-11
16025.00 5.722883e-11
16030.00 5.756600e-11
16035.00 5.804842e-11
16040.00 5.842726e-11
16045.00 5.861720e-11
16050.00 5.873490e-11
16055.00 5.859662e-11
16060.00 5.803854e-11
16065.00 5.749465e-11
16070.00 5.692976e-11
16075.00 5.612558e-11
16080.00 5.544549e-11
16085.00 5.492841e-11
16090.00 5.463402e-11
16095.00 5.444676e-11
16100.00 5.439350e-11
16105.00 5.424752e-11
16110.00 5.438409e-11
16115.00 5.470756e-11
16120.00 5.517974e-11
16125.00 5.585175e-11
16130.00 5.593230e-11
16135.00 5.583498e-11
16140.00 5.563069e-11
16145.00 5.572287e-11
16150.00 5.564901e-11
16155.00 5.541058e-11
16160.00 5.540122e-11
16165.00 5.564435e-11
16170.00 5.593493e-11
16175.00 5.596526e-11
16180.00 5.568538e-11
16185.00 5.560170e-11
16190.00 5.537513e-11
16195.00 5.497364e-11
16200.00 5.515453e-11
16205.00 5.535033e-11
16210.00 5.530818e-11
16215.00 5.548730e-11
16220.00 5.548767e-11
16225.00 5.543183e-11
16230.00 5.555942e-11
16235.00 5.510117e-11
16240.00 5.480475e-11
16245.00 5.447710e-11
16250.00 5.424671e-11
16255.00 5.418654e-11
16260.00 5.426924e-11
16265.00 5.449800e-11
16270.00 5.444931e-11
16275.00 5.469297e-11
16280.00 5.469249e-11
16285.00 5.485212e-11
16290.00 5.480133e-11
16295.00 5.454359e-11
16300.00 5.445229e-11
16305.00 5.463838e-11
16310.00 5.498184e-11
16315.00 5.521592e-11
16320.00 5.516479e-11
16325.00 5.478217e-11
16330.00 5.472072e-11
16335.00 5.437890e-11
16340.00 5.409316e-11
16345.00 5.382724e-11
16350.00 5.355769e-11
16355.00 5.388546e-11
16360.00 5.451724e-11
16365.00 5.492335e-11
16370.00 5.496857e-11
16375.00 5.460039e-11
16380.00 5.409305e-11
16385.00 5.338780e-11
16390.00 5.253029e-11
16395.00 5.176403e-11
16400.00 5.125133e-11
16405.00 5.108916e-11
16410.00 5.101229e-11
16415.00 4.991298e-11
16420.00 5.083326e-11
16425.00 5.199967e-11
16430.00 5.281417e-11
16435.00 5.316351e-11
16440.00 5.310539e-11
16445.00 5.282217e-11
16450.00 5.254620e-11
16455.00 5.246517e-11
16460.00 5.266224e-11
16465.00 5.307783e-11
16470.00 5.352833e-11
16475.00 5.380733e-11
16480.00 5.377990e-11
16485.00 5.342751e-11
16490.00 5.278073e-11
16495.00 5.207849e-11
16500.00 5.152431e-11
16505.00 5.126462e-11
16510.00 5.134736e-11
16515.00 5.170145e-11
16520.00 5.216428e-11
16525.00 5.254526e-11
16530.00 5.270403e-11
16535.00 5.259945e-11
16540.00 5.229360e-11
16545.00 5.192532e-11
16550.00 5.165403e-11
16555.00 5.159525e-11
16560.00 5.176936e-11
16565.00 5.209993e-11
16570.00 5.245066e-11
16575.00 5.265969e-11
16580.00 5.260409e-11
16585.00 5.225258e-11
16590.00 5.168433e-11
16595.00 5.106863e-11
16600.00 5.060491e-11
16605.00 5.045445e-11
16610.00 5.068730e-11
16615.00 5.123477e-11
16620.00 5.191903e-11
16625.00 5.250393e-11
16630.00 5.281546e-11
16635.00 5.266342e-11
16640.00 5.198675e-11
16645.00 5.101369e-11
16650.00 4.993801e-11
16655.00 4.903411e-11
16660.00 4.854139e-11
16665.00 4.858115e-11
16670.00 4.911737e-11
16675.00 4.997283e-11
16680.00 5.089983e-11
16685.00 5.165245e-11
16690.00 5.205729e-11
16695.00 5.205049e-11
16700.00 5.168086e-11
16705.00 5.107594e-11
16710.00 5.040653e-11
16715.00 4.981266e-11
16720.00 4.942318e-11
16725.00 4.931016e-11
16730.00 4.944587e-11
16735.00 4.972403e-11
16740.00 5.002439e-11
16745.00 5.024055e-11
16750.00 5.030340e-11
16755.00 5.019319e-11
16760.00 4.993249e-11
16765.00 4.957850e-11
16770.00 4.914586e-11
16775.00 4.864496e-11
16780.00 4.810528e-11
16785.00 4.755322e-11
16790.00 4.701995e-11
16795.00 4.652941e-11
16800.00 4.611379e-11
16805.00 4.580705e-11
16810.00 4.563944e-11
16815.00 4.563307e-11
16820.00 4.579219e-11
16825.00 4.610538e-11
16830.00 4.654049e-11
16835.00 4.705672e-11
16840.00 4.760703e-11
16845.00 4.814551e-11
16850.00 4.863313e-11
16855.00 4.901958e-11
16860.00 4.928329e-11
16865.00 4.942662e-11
16870.00 4.945010e-11
16875.00 4.935108e-11
16880.00 4.913316e-11
16885.00 4.882461e-11
16890.00 4.847053e-11
16895.00 4.813011e-11
16900.00 4.786519e-11
16905.00 4.773416e-11
16910.00 4.775213e-11
16915.00 4.787709e-11
16920.00 4.804643e-11
16925.00 4.819921e-11
16930.00 4.829134e-11
16935.00 4.825891e-11
16940.00 4.810958e-11
16945.00 4.789630e-11
16950.00 4.766755e-11
16955.00 4.749524e-11
16960.00 4.742358e-11
16965.00 4.747309e-11
16970.00 4.760913e-11
16975.00 4.777129e-11
16980.00 4.787152e-11
16985.00 4.783866e-11
16990.00 4.763255e-11
16995.00 4.727044e-11
17000.00 4.682763e-11
17005.00 4.641542e-11
17010.00 4.614709e-11
17015.00 4.610916e-11
17020.00 4.632368e-11
17025.00 4.673679e-11
17030.00 4.724058e-11
17035.00 4.769457e-11
17040.00 4.796632e-11
17045.00 4.796831e-11
17050.00 4.768888e-11
17055.00 4.718587e-11
17060.00 4.658050e-11
17065.00 4.602209e-11
17070.00 4.565091e-11
17075.00 4.555235e-11
17080.00 4.573203e-11
17085.00 4.612370e-11
17090.00 4.659303e-11
17095.00 4.699353e-11
17100.00 4.720347e-11
17105.00 4.715649e-11
17110.00 4.685869e-11
17115.00 4.638389e-11
17120.00 4.585866e-11
17125.00 4.541837e-11
17130.00 4.516927e-11
17135.00 4.516450e-11
17140.00 4.539244e-11
17145.00 4.577130e-11
17150.00 4.619277e-11
17155.00 4.654049e-11
17160.00 4.672994e-11
17165.00 4.672125e-11
17170.00 4.652673e-11
17175.00 4.619914e-11
17180.00 4.581694e-11
17185.00 4.545970e-11
17190.00 4.518937e-11
17195.00 4.502764e-11
17200.00 4.496658e-11
17205.00 4.498149e-11
17210.00 4.503144e-11
17215.00 4.508011e-11
17220.00 4.510783e-11
17225.00 4.511595e-11
17230.00 4.511423e-11
17235.00 4.511584e-11
17240.00 4.513217e-11
17245.00 4.515646e-11
17250.00 4.516718e-11
17255.00 4.513984e-11
17260.00 4.504982e-11
17265.00 4.488762e-11
17270.00 4.466713e-11
17275.00 4.442430e-11
17280.00 4.421021e-11
17285.00 4.408090e-11
17290.00 4.406855e-11
17295.00 4.417997e-11
17300.00 4.437614e-11
17305.00 4.456894e-11
17310.00 4.466535e-11
17315.00 4.459206e-11
17320.00 4.430654e-11
17325.00 4.379667e-11
17330.00 4.310085e-11
17335.00 4.227923e-11
17340.00 4.141401e-11
17345.00 4.057737e-11
17350.00 3.984438e-11
17355.00 3.927695e-11
17360.00 3.891866e-11
17365.00 3.877362e-11
17370.00 3.882950e-11
17375.00 3.906926e-11
17380.00 3.947293e-11
17385.00 4.001941e-11
17390.00 4.068499e-11
17395.00 4.143881e-11
17400.00 4.222515e-11
17405.00 4.297211e-11
17410.00 4.360054e-11
17415.00 4.406096e-11
17420.00 4.433732e-11
17425.00 4.438728e-11
17430.00 4.420123e-11
17435.00 4.381803e-11
17440.00 4.331293e-11
17445.00 4.279029e-11
17450.00 4.235521e-11
17455.00 4.209958e-11
17460.00 4.207487e-11
17465.00 4.224812e-11
17470.00 4.251815e-11
17475.00 4.280054e-11
17480.00 4.301214e-11
17485.00 4.309753e-11
17490.00 4.303269e-11
17495.00 4.284156e-11
17500.00 4.257788e-11
17505.00 4.231379e-11
17510.00 4.211840e-11
17515.00 4.203773e-11
17520.00 4.208134e-11
17525.00 4.221827e-11
17530.00 4.239569e-11
17535.00 4.253907e-11
17540.00 4.259200e-11
17545.00 4.251649e-11
17550.00 4.230956e-11
17555.00 4.200623e-11
17560.00 4.166487e-11
17565.00 4.135983e-11
17570.00 4.113975e-11
17575.00 4.104713e-11
17580.00 4.111459e-11
17585.00 4.127670e-11
17590.00 4.148575e-11
17595.00 4.169431e-11
17600.00 4.185519e-11
17605.00 4.194346e-11
17610.00 4.195594e-11
17615.00 4.190804e-11
17620.00 4.182624e-11
17625.00 4.173483e-11
17630.00 4.164354e-11
17635.00 4.155519e-11
17640.00 4.145155e-11
17645.00 4.131938e-11
17650.00 4.114226e-11
17655.00 4.092339e-11
17660.00 4.068619e-11
17665.00 4.047032e-11
17670.00 4.032227e-11
17675.00 4.028350e-11
17680.00 4.037091e-11
17685.00 4.057355e-11
17690.00 4.084877e-11
17695.00 4.113290e-11
17700.00 4.135392e-11
17705.00 4.145153e-11
17710.00 4.139059e-11
17715.00 4.117431e-11
17720.00 4.084441e-11
17725.00 4.046684e-11
17730.00 4.012856e-11
17735.00 3.990160e-11
17740.00 3.981156e-11
17745.00 3.988968e-11
17750.00 4.010306e-11
17755.00 4.034745e-11
17760.00 4.054974e-11
17765.00 4.063973e-11
17770.00 4.057529e-11
17775.00 4.036019e-11
17780.00 4.004625e-11
17785.00 3.971343e-11
17790.00 3.945321e-11
17795.00 3.933933e-11
17800.00 3.941221e-11
17805.00 3.965633e-11
17810.00 4.000573e-11
17815.00 4.036327e-11
17820.00 4.061802e-11
17825.00 4.067894e-11
17830.00 4.049127e-11
17835.00 4.005816e-11
17840.00 3.945451e-11
17845.00 3.877615e-11
17850.00 3.822061e-11
17855.00 3.812677e-11
17860.00 3.830000e-11
17865.00 3.847797e-11
17870.00 3.865628e-11
17875.00 3.889904e-11
17880.00 3.917126e-11
17885.00 3.941572e-11
17890.00 3.959107e-11
17895.00 3.965927e-11
17900.00 3.961535e-11
17905.00 3.946690e-11
17910.00 3.925063e-11
17915.00 3.901084e-11
17920.00 3.879110e-11
17925.00 3.861408e-11
17930.00 3.850485e-11
17935.00 3.846682e-11
17940.00 3.849583e-11
17945.00 3.857818e-11
17950.00 3.869090e-11
17955.00 3.880817e-11
17960.00 3.891100e-11
17965.00 3.897755e-11
17970.00 3.899382e-11
17975.00 3.895323e-11
17980.00 3.885856e-11
17985.00 3.871688e-11
17990.00 3.854107e-11
17995.00 3.834574e-11
18000.00 3.814985e-11
18005.00 3.797241e-11
18010.00 3.783675e-11
18015.00 3.775266e-11
18020.00 3.772791e-11
18025.00 3.775742e-11
18030.00 3.783076e-11
18035.00 3.793316e-11
18040.00 3.803943e-11
18045.00 3.812644e-11
18050.00 3.817974e-11
18055.00 3.819037e-11
18060.00 3.816136e-11
18065.00 3.810633e-11
18070.00 3.804698e-11
18075.00 3.800190e-11
18080.00 3.798774e-11
18085.00 3.800399e-11
18090.00 3.804109e-11
18095.00 3.807096e-11
18100.00 3.805944e-11
18105.00 3.797155e-11
18110.00 3.778766e-11
18115.00 3.751157e-11
18120.00 3.717376e-11
18125.00 3.682771e-11
18130.00 3.654313e-11
18135.00 3.638919e-11
18140.00 3.641603e-11
18145.00 3.664640e-11
18150.00 3.706628e-11
18155.00 3.762009e-11
18160.00 3.820621e-11
18165.00 3.868487e-11
18170.00 3.890246e-11
18175.00 3.872241e-11
18180.00 3.807638e-11
18185.00 3.701368e-11
18190.00 3.570561e-11
18195.00 3.438432e-11
18200.00 3.328238e-11
18205.00 3.256734e-11
18210.00 3.233657e-11
18215.00 3.262888e-11
18220.00 3.343099e-11
18225.00 3.465890e-11
18230.00 3.614052e-11
18235.00 3.761542e-11
18240.00 3.879715e-11
18245.00 3.945366e-11
18250.00 3.946425e-11
18255.00 3.885546e-11
18260.00 3.777176e-11
18265.00 3.642830e-11
18270.00 3.513603e-11
18275.00 3.413864e-11
18280.00 3.353583e-11
18285.00 3.340613e-11
18290.00 3.375048e-11
18295.00 3.448853e-11
18300.00 3.548694e-11
18305.00 3.654579e-11
18310.00 3.743191e-11
18315.00 3.792673e-11
18320.00 3.790072e-11
18325.00 3.736389e-11
18330.00 3.646722e-11
18335.00 3.545260e-11
18340.00 3.457593e-11
18345.00 3.402777e-11
18350.00 3.389890e-11
18355.00 3.416945e-11
18360.00 3.471125e-11
18365.00 3.530641e-11
18370.00 3.569802e-11
18375.00 3.565109e-11
18380.00 3.506825e-11
18385.00 3.403275e-11
18390.00 3.276699e-11
18395.00 3.153573e-11
18400.00 3.056430e-11
18405.00 3.002853e-11
18410.00 3.006522e-11
18415.00 3.076920e-11
18420.00 3.213791e-11
18425.00 3.400694e-11
18430.00 3.604547e-11
18435.00 3.781075e-11
18440.00 3.888627e-11
18445.00 3.910043e-11
18450.00 3.831958e-11
18455.00 3.643769e-11
18460.00 3.402248e-11
18465.00 3.163763e-11
18470.00 2.962391e-11
18475.00 2.825535e-11
18480.00 2.762910e-11
18485.00 2.773966e-11
18490.00 2.854558e-11
18495.00 2.998213e-11
18500.00 3.188020e-11
18505.00 3.394257e-11
18510.00 3.575958e-11
18515.00 3.695707e-11
18520.00 3.736872e-11
18525.00 3.705728e-11
18530.00 3.624661e-11
18535.00 3.521416e-11
18540.00 3.421333e-11
18545.00 3.342616e-11
18550.00 3.294664e-11
18555.00 3.279057e-11
18560.00 3.291169e-11
18565.00 3.321629e-11
18570.00 3.357894e-11
18575.00 3.387209e-11
18580.00 3.398809e-11
18585.00 3.387542e-11
18590.00 3.355845e-11
18595.00 3.311857e-11
18600.00 3.266678e-11
18605.00 3.232418e-11
18610.00 3.218941e-11
18615.00 3.232763e-11
18620.00 3.275305e-11
18625.00 3.342969e-11
18630.00 3.428206e-11
18635.00 3.518872e-11
18640.00 3.597117e-11
18645.00 3.651808e-11
18650.00 3.674841e-11
18655.00 3.657641e-11
18660.00 3.596124e-11
18665.00 3.489546e-11
18670.00 3.340348e-11
18675.00 3.156683e-11
18680.00 2.954844e-11
18685.00 2.760894e-11
18690.00 2.608337e-11
18695.00 2.527365e-11
18700.00 2.527070e-11
18705.00 2.586036e-11
18710.00 2.655538e-11
18715.00 2.687105e-11
18720.00 2.663422e-11
18725.00 2.602284e-11
18730.00 2.533892e-11
18735.00 2.468745e-11
18740.00 2.398091e-11
18745.00 2.309484e-11
18750.00 2.212551e-11
18755.00 2.143906e-11
18760.00 2.153047e-11
18765.00 2.268800e-11
18770.00 2.477043e-11
18775.00 2.732725e-11
18780.00 2.987169e-11
18785.00 3.208328e-11
18790.00 3.379402e-11
18795.00 3.494726e-11
18800.00 3.553677e-11
18805.00 3.558455e-11
18810.00 3.514762e-11
18815.00 3.433106e-11
18820.00 3.326866e-11
18825.00 3.214283e-11
18830.00 3.115517e-11
18835.00 3.041626e-11
18840.00 2.999910e-11
18845.00 2.996793e-11
18850.00 3.032501e-11
18855.00 3.102985e-11
18860.00 3.198765e-11
18865.00 3.304994e-11
18870.00 3.401335e-11
18875.00 3.466856e-11
18880.00 3.483373e-11
18885.00 3.441420e-11
18890.00 3.344099e-11
18895.00 3.207201e-11
18900.00 3.056297e-11
18905.00 2.917684e-11
18910.00 2.812311e-11
18915.00 2.752249e-11
18920.00 2.743158e-11
18925.00 2.786295e-11
18930.00 2.879346e-11
18935.00 3.013102e-11
18940.00 3.170397e-11
18945.00 3.324458e-11
18950.00 3.444598e-11
18955.00 3.504107e-11
18960.00 3.485750e-11
18965.00 3.387703e-11
18970.00 3.225412e-11
18975.00 3.029460e-11
18980.00 2.838759e-11
18985.00 2.688031e-11
18990.00 2.597589e-11
18995.00 2.573534e-11
19000.00 2.612144e-11
19005.00 2.703573e-11
19010.00 2.836389e-11
19015.00 2.994716e-11
19020.00 3.145102e-11
19025.00 3.251151e-11
19030.00 3.291767e-11
19035.00 3.257590e-11
19040.00 3.159505e-11
19045.00 3.028867e-11
19050.00 2.898405e-11
19055.00 2.794347e-11
19060.00 2.733862e-11
19065.00 2.727160e-11
19070.00 2.777891e-11
19075.00 2.882038e-11
19080.00 3.025726e-11
19085.00 3.182431e-11
19090.00 3.317714e-11
19095.00 3.396121e-11
19100.00 3.393210e-11
19105.00 3.302890e-11
19110.00 3.141833e-11
19115.00 2.944137e-11
19120.00 2.748521e-11
19125.00 2.586321e-11
19130.00 2.474252e-11
19135.00 2.419773e-11
19140.00 2.424726e-11
19145.00 2.489830e-11
19150.00 2.611470e-11
19155.00 2.778538e-11
19160.00 2.965833e-11
19165.00 3.138568e-11
19170.00 3.263269e-11
19175.00 3.319706e-11
19180.00 3.305718e-11
19185.00 3.234209e-11
19190.00 3.127205e-11
19195.00 3.007836e-11
19200.00 2.897935e-11
19205.00 2.812996e-11
19210.00 2.757785e-11
19215.00 2.737187e-11
19220.00 2.761466e-11
19225.00 2.820381e-11
19230.00 2.898545e-11
19235.00 2.987752e-11
19240.00 3.073590e-11
19245.00 3.139464e-11
19250.00 3.174275e-11
19255.00 3.172902e-11
19260.00 3.137876e-11
19265.00 3.077933e-11
19270.00 3.004678e-11
19275.00 2.929933e-11
19280.00 2.864278e-11
19285.00 2.814919e-11
19290.00 2.785865e-11
19295.00 2.779167e-11
19300.00 2.793461e-11
19305.00 2.825631e-11
19310.00 2.870854e-11
19315.00 2.922433e-11
19320.00 2.972819e-11
19325.00 3.015654e-11
19330.00 3.046834e-11
19335.00 3.064586e-11
19340.00 3.068977e-11
19345.00 3.062065e-11
19350.00 3.046113e-11
19355.00 3.024225e-11
19360.00 2.998879e-11
19365.00 2.972132e-11
19370.00 2.945726e-11
19375.00 2.921365e-11
19380.00 2.900584e-11
19385.00 2.884120e-11
19390.00 2.873455e-11
19395.00 2.868461e-11
19400.00 2.869698e-11
19405.00 2.876400e-11
19410.00 2.887489e-11
19415.00 2.901527e-11
19420.00 2.916201e-11
19425.00 2.928915e-11
19430.00 2.937576e-11
19435.00 2.940474e-11
19440.00 2.936425e-11
19445.00 2.925633e-11
19450.00 2.909250e-11
19455.00 2.889836e-11
19460.00 2.870468e-11
19465.00 2.854469e-11
19470.00 2.844871e-11
19475.00 2.843971e-11
19480.00 2.852764e-11
19485.00 2.870684e-11
19490.00 2.896197e-11
19495.00 2.925974e-11
19500.00 2.955327e-11
19505.00 2.978747e-11
19510.00 2.990053e-11
19515.00 2.984120e-11
19520.00 2.957366e-11
19525.00 2.908906e-11
19530.00 2.841533e-11
19535.00 2.762181e-11
19540.00 2.680140e-11
19545.00 2.605059e-11
19550.00 2.545028e-11
19555.00 2.505736e-11
19560.00 2.489828e-11
19565.00 2.498151e-11
19570.00 2.529294e-11
19575.00 2.580828e-11
19580.00 2.647425e-11
19585.00 2.721409e-11
19590.00 2.793934e-11
19595.00 2.855967e-11
19600.00 2.901270e-11
19605.00 2.926485e-11
19610.00 2.931388e-11
19615.00 2.919404e-11
19620.00 2.895250e-11
19625.00 2.862659e-11
19630.00 2.825843e-11
19635.00 2.790002e-11
19640.00 2.758133e-11
19645.00 2.731980e-11
19650.00 2.712613e-11
19655.00 2.700583e-11
19660.00 2.695422e-11
19665.00 2.696568e-11
19670.00 2.702542e-11
19675.00 2.711886e-11
19680.00 2.722978e-11
19685.00 2.734452e-11
19690.00 2.745254e-11
19695.00 2.754384e-11
19700.00 2.761164e-11
19705.00 2.765218e-11
19710.00 2.766368e-11
19715.00 2.765255e-11
19720.00 2.761673e-11
19725.00 2.756554e-11
19730.00 2.750202e-11
19735.00 2.743460e-11
19740.00 2.737059e-11
19745.00 2.731646e-11
19750.00 2.727585e-11
19755.00 2.725199e-11
19760.00 2.724517e-11
19765.00 2.725413e-11
19770.00 2.727036e-11
19775.00 2.728739e-11
19780.00 2.730275e-11
19785.00 2.730573e-11
19790.00 2.729254e-11
19795.00 2.726475e-11
19800.00 2.722086e-11
19805.00 2.716366e-11
19810.00 2.710010e-11
19815.00 2.703908e-11
19820.00 2.698535e-11
19825.00 2.694440e-11
19830.00 2.691796e-11
19835.00 2.691026e-11
19840.00 2.691626e-11
19845.00 2.692858e-11
19850.00 2.693751e-11
19855.00 2.693416e-11
19860.00 2.691580e-11
19865.00 2.687525e-11
19870.00 2.681384e-11
19875.00 2.673278e-11
19880.00 2.663889e-11
19885.00 2.654508e-11
19890.00 2.646396e-11
19895.00 2.640430e-11
19900.00 2.637738e-11
19905.00 2.638762e-11
19910.00 2.643546e-11
19915.00 2.651989e-11
19920.00 2.663422e-11
19925.00 2.676521e-11
19930.00 2.689745e-11
19935.00 2.702122e-11
19940.00 2.711887e-11
19945.00 2.717949e-11
19950.00 2.719607e-11
19955.00 2.716626e-11
19960.00 2.709412e-11
19965.00 2.697895e-11
19970.00 2.682665e-11
19975.00 2.664487e-11
19980.00 2.642985e-11
19985.00 2.617899e-11
19990.00 2.587953e-11
19995.00 2.551175e-11
20000.00 2.505566e-11
20005.00 2.449630e-11
20010.00 2.383848e-11
20015.00 2.311661e-11
20020.00 2.239643e-11
20025.00 2.175776e-11
20030.00 2.127652e-11
20035.00 2.100396e-11
20040.00 2.094592e-11
20045.00 2.109144e-11
20050.00 2.149247e-11
20055.00 2.215335e-11
20060.00 2.298099e-11
20065.00 2.392517e-11
20070.00 2.493756e-11
20075.00 2.590986e-11
20080.00 2.673115e-11
20085.00 2.731088e-11
20090.00 2.759333e-11
20095.00 2.756938e-11
20100.00 2.726647e-11
20105.00 2.674424e-11
20110.00 2.608339e-11
20115.00 2.537305e-11
20120.00 2.469260e-11
20125.00 2.411065e-11
20130.00 2.367000e-11
20135.00 2.339435e-11
20140.00 2.328942e-11
20145.00 2.333892e-11
20150.00 2.352491e-11
20155.00 2.380949e-11
20160.00 2.414693e-11
20165.00 2.448231e-11
20170.00 2.476815e-11
20175.00 2.497040e-11
20180.00 2.507063e-11
20185.00 2.507702e-11
20190.00 2.501260e-11
20195.00 2.490720e-11
20200.00 2.479203e-11
20205.00 2.469903e-11
20210.00 2.464825e-11
20215.00 2.464526e-11
20220.00 2.469218e-11
20225.00 2.478177e-11
20230.00 2.489529e-11
20235.00 2.501303e-11
20240.00 2.511968e-11
20245.00 2.519776e-11
20250.00 2.524039e-11
20255.00 2.523915e-11
20260.00 2.520501e-11
20265.00 2.514143e-11
20270.00 2.505827e-11
20275.00 2.497075e-11
20280.00 2.489059e-11
20285.00 2.482870e-11
20290.00 2.478566e-11
20295.00 2.476770e-11
20300.00 2.477028e-11
20305.00 2.478607e-11
20310.00 2.480610e-11
20315.00 2.482486e-11
20320.00 2.483170e-11
20325.00 2.482362e-11
20330.00 2.479373e-11
20335.00 2.474553e-11
20340.00 2.467896e-11
20345.00 2.460430e-11
20350.00 2.452662e-11
20355.00 2.445243e-11
20360.00 2.438799e-11
20365.00 2.433765e-11
20370.00 2.430610e-11
20375.00 2.428859e-11
20380.00 2.428179e-11
20385.00 2.428394e-11
20390.00 2.428642e-11
20395.00 2.428345e-11
20400.00 2.427540e-11
20405.00 2.425575e-11
20410.00 2.422802e-11
20415.00 2.419173e-11
20420.00 2.415465e-11
20425.00 2.412139e-11
20430.00 2.409836e-11
20435.00 2.409146e-11
20440.00 2.410173e-11
20445.00 2.412859e-11
20450.00 2.416957e-11
20455.00 2.422201e-11
20460.00 2.427326e-11
20465.00 2.431887e-11
20470.00 2.434578e-11
20475.00 2.434707e-11
20480.00 2.431077e-11
20485.00 2.424170e-11
20490.00 2.413500e-11
20495.00 2.398609e-11
20500.00 2.380480e-11
20505.00 2.361154e-11
20510.00 2.341741e-11
20515.00 2.322838e-11
20520.00 2.305901e-11
20525.00 2.291951e-11
20530.00 2.281453e-11
20535.00 2.274928e-11
20540.00 2.272244e-11
20545.00 2.273524e-11
20550.00 2.278216e-11
20555.00 2.285681e-11
20560.00 2.295450e-11
20565.00 2.306673e-11
20570.00 2.318833e-11
20575.00 2.331078e-11
20580.00 2.342937e-11
20585.00 2.353858e-11
20590.00 2.363671e-11
20595.00 2.371860e-11
20600.00 2.378220e-11
20605.00 2.381973e-11
20610.00 2.382954e-11
20615.00 2.380824e-11
20620.00 2.375059e-11
20625.00 2.365844e-11
20630.00 2.353300e-11
20635.00 2.338072e-11
20640.00 2.321135e-11
20645.00 2.303556e-11
20650.00 2.286619e-11
20655.00 2.271390e-11
20660.00 2.258888e-11
20665.00 2.250057e-11
20670.00 2.245280e-11
20675.00 2.244554e-11
20680.00 2.247540e-11
20685.00 2.253558e-11
20690.00 2.261580e-11
20695.00 2.270367e-11
20700.00 2.279026e-11
20705.00 2.286066e-11
20710.00 2.290586e-11
20715.00 2.292894e-11
20720.00 2.292467e-11
20725.00 2.288881e-11
20730.00 2.283291e-11
20735.00 2.277189e-11
20740.00 2.271219e-11
20745.00 2.266441e-11
20750.00 2.263153e-11
20755.00 2.262132e-11
20760.00 2.263409e-11
20765.00 2.266528e-11
20770.00 2.271475e-11
20775.00 2.277236e-11
20780.00 2.283211e-11
20785.00 2.288196e-11
20790.00 2.291272e-11
20795.00 2.292212e-11
20800.00 2.290543e-11
20805.00 2.286362e-11
20810.00 2.279368e-11
20815.00 2.270535e-11
20820.00 2.260424e-11
20825.00 2.249887e-11
20830.00 2.239476e-11
20835.00 2.230263e-11
20840.00 2.222499e-11
20845.00 2.216697e-11
20850.00 2.212944e-11
20855.00 2.211236e-11
20860.00 2.211493e-11
20865.00 2.213155e-11
20870.00 2.215800e-11
20875.00 2.218786e-11
20880.00 2.221519e-11
20885.00 2.223824e-11
20890.00 2.225184e-11
20895.00 2.225487e-11
20900.00 2.224549e-11
20905.00 2.222795e-11
20910.00 2.220108e-11
20915.00 2.216741e-11
20920.00 2.213027e-11
20925.00 2.209230e-11
20930.00 2.205222e-11
20935.00 2.201420e-11
20940.00 2.197711e-11
20945.00 2.194298e-11
20950.00 2.191227e-11
20955.00 2.188451e-11
20960.00 2.185808e-11
20965.00 2.183632e-11
20970.00 2.181372e-11
20975.00 2.179622e-11
20980.00 2.178215e-11
20985.00 2.176935e-11
20990.00 2.176254e-11
20995.00 2.176208e-11
21000.00 2.176550e-11
21005.00 2.177232e-11
21010.00 2.178256e-11
21015.00 2.179537e-11
21020.00 2.180602e-11
21025.00 2.181626e-11
21030.00 2.182562e-11
21035.00 2.182823e-11
21040.00 2.181968e-11
21045.00 2.181069e-11
21050.00 2.180859e-11
21055.00 2.180048e-11
21060.00 2.177363e-11
21065.00 2.171047e-11
21070.00 2.162169e-11
21075.00 2.152955e-11
21080.00 2.143740e-11
21085.00 2.134525e-11
21090.00 2.125397e-11
21095.00 2.116905e-11
21100.00 2.109351e-11
21105.00 2.102613e-11
21110.00 2.097195e-11
21115.00 2.093481e-11
21120.00 2.091734e-11
21125.00 2.091779e-11
21130.00 2.093826e-11
21135.00 2.097878e-11
21140.00 2.103554e-11
21145.00 2.109953e-11
21150.00 2.116350e-11
21155.00 2.122026e-11
21160.00 2.126040e-11
21165.00 2.127657e-11
21170.00 2.126250e-11
21175.00 2.121557e-11
21180.00 2.114004e-11
21185.00 2.103637e-11
21190.00 2.091775e-11
21195.00 2.079448e-11
21200.00 2.068609e-11
21205.00 2.060246e-11
21210.00 2.055556e-11
21215.00 2.055302e-11
21220.00 2.060035e-11
21225.00 2.069466e-11
21230.00 2.082439e-11
21235.00 2.096559e-11
21240.00 2.109995e-11
21245.00 2.120959e-11
21250.00 2.127274e-11
21255.00 2.127531e-11
21260.00 2.120961e-11
21265.00 2.107094e-11
21270.00 2.086744e-11
21275.00 2.061017e-11
21280.00 2.031665e-11
21285.00 2.001286e-11
21290.00 1.972535e-11
21295.00 1.947529e-11
21300.00 1.928245e-11
21305.00 1.916049e-11
21310.00 1.911698e-11
21315.00 1.915666e-11
21320.00 1.927184e-11
21325.00 1.945399e-11
21330.00 1.968655e-11
21335.00 1.994635e-11
21340.00 2.020832e-11
21345.00 2.044164e-11
21350.00 2.062637e-11
21355.00 2.074159e-11
21360.00 2.077867e-11
21365.00 2.073562e-11
21370.00 2.062086e-11
21375.00 2.044720e-11
21380.00 2.024198e-11
21385.00 2.002993e-11
21390.00 1.983499e-11
21395.00 1.968183e-11
21400.00 1.959732e-11
21405.00 1.958968e-11
21410.00 1.965454e-11
21415.00 1.978804e-11
21420.00 1.996935e-11
21425.00 2.017543e-11
21430.00 2.038875e-11
21435.00 2.059269e-11
21440.00 2.075611e-11
21445.00 2.085124e-11
21450.00 2.087470e-11
21455.00 2.084312e-11
21460.00 2.075479e-11
21465.00 2.061400e-11
21470.00 2.043865e-11
21475.00 2.024623e-11
21480.00 2.005297e-11
21485.00 1.987037e-11
21490.00 1.971127e-11
21495.00 1.958628e-11
21500.00 1.950433e-11
21505.00 1.946595e-11
21510.00 1.946552e-11
21515.00 1.949753e-11
21520.00 1.954872e-11
21525.00 1.961527e-11
21530.00 1.968649e-11
21535.00 1.975733e-11
21540.00 1.982218e-11
21545.00 1.988062e-11
21550.00 1.993484e-11
21555.00 1.998301e-11
21560.00 2.002739e-11
21565.00 2.006790e-11
21570.00 2.010204e-11
21575.00 2.012811e-11
21580.00 2.013875e-11
21585.00 2.013361e-11
21590.00 2.010204e-11
21595.00 2.003637e-11
21600.00 1.992929e-11
21605.00 1.977354e-11
21610.00 1.957599e-11
21615.00 1.934136e-11
21620.00 1.907682e-11
21625.00 1.879612e-11
21630.00 1.851755e-11
21635.00 1.825385e-11
21640.00 1.802304e-11
21645.00 1.783747e-11
21650.00 1.771122e-11
21655.00 1.764720e-11
21660.00 1.764976e-11
21665.00 1.771376e-11
21670.00 1.783068e-11
21675.00 1.798300e-11
21680.00 1.815833e-11
21685.00 1.833963e-11
21690.00 1.850604e-11
21695.00 1.864851e-11
21700.00 1.876074e-11
21705.00 1.883921e-11
21710.00 1.888272e-11
21715.00 1.888743e-11
21720.00 1.886141e-11
21725.00 1.881576e-11
21730.00 1.876583e-11
21735.00 1.872273e-11
21740.00 1.869717e-11
21745.00 1.870055e-11
21750.00 1.873427e-11
21755.00 1.879530e-11
21760.00 1.887974e-11
21765.00 1.898003e-11
21770.00 1.908155e-11
21775.00 1.917456e-11
21780.00 1.924241e-11
21785.00 1.927907e-11
21790.00 1.927864e-11
21795.00 1.923813e-11
21800.00 1.916004e-11
21805.00 1.904998e-11
21810.00 1.892499e-11
21815.00 1.879826e-11
21820.00 1.869034e-11
21825.00 1.861227e-11
21830.00 1.856914e-11
21835.00 1.856874e-11
21840.00 1.860843e-11
21845.00 1.867882e-11
21850.00 1.876968e-11
21855.00 1.886953e-11
21860.00 1.896039e-11
21865.00 1.903038e-11
21870.00 1.906663e-11
21875.00 1.905980e-11
21880.00 1.900859e-11
21885.00 1.891431e-11
21890.00 1.878587e-11
21895.00 1.863487e-11
21900.00 1.847915e-11
21905.00 1.833153e-11
21910.00 1.821035e-11
21915.00 1.812973e-11
21920.00 1.809945e-11
21925.00 1.812331e-11
21930.00 1.820012e-11
21935.00 1.831834e-11
21940.00 1.846764e-11
21945.00 1.863831e-11
21950.00 1.880551e-11
21955.00 1.894416e-11
21960.00 1.904146e-11
21965.00 1.908495e-11
21970.00 1.906704e-11
21975.00 1.898256e-11
21980.00 1.883793e-11
21985.00 1.864765e-11
21990.00 1.842242e-11
21995.00 1.818606e-11
22000.00 1.795950e-11
22005.00 1.776029e-11
22010.00 1.760497e-11
22015.00 1.750727e-11
22020.00 1.747572e-11
22025.00 1.750644e-11
22030.00 1.759600e-11
22035.00 1.772827e-11
22040.00 1.789213e-11
22045.00 1.806406e-11
22050.00 1.822573e-11
22055.00 1.836097e-11
22060.00 1.845822e-11
22065.00 1.850605e-11
22070.00 1.850263e-11
22075.00 1.844969e-11
22080.00 1.835844e-11
22085.00 1.823764e-11
22090.00 1.810288e-11
22095.00 1.796845e-11
22100.00 1.784985e-11
22105.00 1.775600e-11
22110.00 1.769799e-11
22115.00 1.767751e-11
22120.00 1.769370e-11
22125.00 1.774066e-11
22130.00 1.781105e-11
22135.00 1.789508e-11
22140.00 1.798172e-11
22145.00 1.805594e-11
22150.00 1.810970e-11
22155.00 1.813657e-11
22160.00 1.813317e-11
22165.00 1.809946e-11
22170.00 1.803885e-11
22175.00 1.795781e-11
22180.00 1.786349e-11
22185.00 1.776623e-11
22190.00 1.767707e-11
22195.00 1.759684e-11
22200.00 1.753629e-11
22205.00 1.750303e-11
22210.00 1.750046e-11
22215.00 1.751411e-11
22220.00 1.754059e-11
22225.00 1.757385e-11
22230.00 1.760712e-11
22235.00 1.763355e-11
22240.00 1.764637e-11
22245.00 1.763997e-11
22250.00 1.761523e-11
22255.00 1.756828e-11
22260.00 1.750430e-11
22265.00 1.743008e-11
22270.00 1.735241e-11
22275.00 1.727860e-11
22280.00 1.721761e-11
22285.00 1.717363e-11
22290.00 1.715020e-11
22295.00 1.714977e-11
22300.00 1.717022e-11
22305.00 1.721038e-11
22310.00 1.726412e-11
22315.00 1.732429e-11
22320.00 1.738185e-11
22325.00 1.743219e-11
22330.00 1.746889e-11
22335.00 1.748639e-11
22340.00 1.748552e-11
22345.00 1.746289e-11
22350.00 1.742535e-11
22355.00 1.737547e-11
22360.00 1.732128e-11
22365.00 1.726707e-11
22370.00 1.721761e-11
22375.00 1.718259e-11
22380.00 1.716001e-11
22385.00 1.715575e-11
22390.00 1.716555e-11
22395.00 1.718606e-11
22400.00 1.721505e-11
22405.00 1.724236e-11
22410.00 1.726497e-11
22415.00 1.727433e-11
22420.00 1.726369e-11
22425.00 1.722998e-11
22430.00 1.717492e-11
22435.00 1.709729e-11
22440.00 1.700256e-11
22445.00 1.689762e-11
22450.00 1.679008e-11
22455.00 1.669110e-11
22460.00 1.660325e-11
22465.00 1.653283e-11
22470.00 1.649021e-11
22475.00 1.648721e-11
22480.00 1.652559e-11
22485.00 1.658960e-11
22490.00 1.667149e-11
22495.00 1.676922e-11
22500.00 1.687374e-11
22505.00 1.697486e-11
22510.00 1.706228e-11
22515.00 1.712632e-11
22520.00 1.716000e-11
22525.00 1.715959e-11
22530.00 1.712287e-11
22535.00 1.705504e-11
22540.00 1.695989e-11
22545.00 1.684258e-11
22550.00 1.671672e-11
22555.00 1.658874e-11
22560.00 1.647053e-11
22565.00 1.637158e-11
22570.00 1.629436e-11
22575.00 1.624698e-11
22580.00 1.623210e-11
22585.00 1.624318e-11
22590.00 1.628243e-11
22595.00 1.634004e-11
22600.00 1.641000e-11
22605.00 1.648165e-11
22610.00 1.655204e-11
22615.00 1.661263e-11
22620.00 1.665657e-11
22625.00 1.668047e-11
22630.00 1.668390e-11
22635.00 1.666723e-11
22640.00 1.663354e-11
22645.00 1.658661e-11
22650.00 1.653244e-11
22655.00 1.647525e-11
22660.00 1.642066e-11
22665.00 1.637031e-11
22670.00 1.632977e-11
22675.00 1.630121e-11
22680.00 1.627817e-11
22685.00 1.626407e-11
22690.00 1.625639e-11
22695.00 1.624915e-11
22700.00 1.623890e-11
22705.00 1.622440e-11
22710.00 1.620136e-11
22715.00 1.617323e-11
22720.00 1.613695e-11
22725.00 1.610066e-11
22730.00 1.607336e-11
22735.00 1.605628e-11
22740.00 1.604903e-11
22745.00 1.604904e-11
22750.00 1.605674e-11
22755.00 1.607592e-11
22760.00 1.610024e-11
22765.00 1.613054e-11
22770.00 1.616422e-11
22775.00 1.619795e-11
22780.00 1.622823e-11
22785.00 1.625170e-11
22790.00 1.626534e-11
22795.00 1.626790e-11
22800.00 1.625468e-11
22805.00 1.622696e-11
22810.00 1.618301e-11
22815.00 1.612540e-11
22820.00 1.605673e-11
22825.00 1.597607e-11
22830.00 1.589076e-11
22835.00 1.580329e-11
22840.00 1.572138e-11
22845.00 1.564717e-11
22850.00 1.558617e-11
22855.00 1.554177e-11
22860.00 1.551491e-11
22865.00 1.550767e-11
22870.00 1.551831e-11
22875.00 1.554818e-11
22880.00 1.559210e-11
22885.00 1.564632e-11
22890.00 1.570689e-11
22895.00 1.576831e-11
22900.00 1.582889e-11
22905.00 1.588269e-11
22910.00 1.592404e-11
22915.00 1.595391e-11
22920.00 1.596758e-11
22925.00 1.596458e-11
22930.00 1.594749e-11
22935.00 1.591721e-11
22940.00 1.587667e-11
22945.00 1.582891e-11
22950.00 1.577517e-11
22955.00 1.572055e-11
22960.00 1.566636e-11
22965.00 1.561517e-11
22970.00 1.556781e-11
22975.00 1.552643e-11
22980.00 1.548888e-11
22985.00 1.545431e-11
22990.00 1.542063e-11
22995.00 1.538904e-11
23000.00 1.535535e-11
23005.00 1.532076e-11
23010.00 1.528325e-11
23015.00 1.524272e-11
23020.00 1.520133e-11
23025.00 1.515780e-11
23030.00 1.511727e-11
23035.00 1.508314e-11
23040.00 1.505671e-11
23045.00 1.504305e-11
23050.00 1.504305e-11
23055.00 1.505755e-11
23060.00 1.509170e-11
23065.00 1.514544e-11
23070.00 1.521412e-11
23075.00 1.529861e-11
23080.00 1.539372e-11
23085.00 1.549530e-11
23090.00 1.559683e-11
23095.00 1.569109e-11
23100.00 1.576963e-11
23105.00 1.582975e-11
23110.00 1.586301e-11
23115.00 1.586348e-11
23120.00 1.583231e-11
23125.00 1.576747e-11
23130.00 1.566935e-11
23135.00 1.554304e-11
23140.00 1.539074e-11
23145.00 1.522096e-11
23150.00 1.504134e-11
23155.00 1.486217e-11
23160.00 1.469491e-11
23165.00 1.454302e-11
23170.00 1.441717e-11
23175.00 1.432247e-11
23180.00 1.426487e-11
23185.00 1.424737e-11
23190.00 1.426742e-11
23195.00 1.432162e-11
23200.00 1.440651e-11
23205.00 1.451786e-11
23210.00 1.464630e-11
23215.00 1.478196e-11
23220.00 1.491719e-11
23225.00 1.504306e-11
23230.00 1.515440e-11
23235.00 1.524270e-11
23240.00 1.530414e-11
23245.00 1.533828e-11
23250.00 1.534470e-11
23255.00 1.532165e-11
23260.00 1.527469e-11
23265.00 1.521028e-11
23270.00 1.513220e-11
23275.00 1.504516e-11
23280.00 1.496027e-11
23285.00 1.488178e-11
23290.00 1.481139e-11
23295.00 1.475636e-11
23300.00 1.471624e-11
23305.00 1.469494e-11
23310.00 1.468767e-11
23315.00 1.469152e-11
23320.00 1.470729e-11
23325.00 1.472817e-11
23330.00 1.475423e-11
23335.00 1.477726e-11
23340.00 1.479136e-11
23345.00 1.479730e-11
23350.00 1.479047e-11
23355.00 1.477003e-11
23360.00 1.473631e-11
23365.00 1.469194e-11
23370.00 1.463774e-11
23375.00 1.457716e-11
23380.00 1.451574e-11
23385.00 1.445473e-11
23390.00 1.439753e-11
23395.00 1.434935e-11
23400.00 1.430964e-11
23405.00 1.428491e-11
23410.00 1.427171e-11
23415.00 1.427171e-11
23420.00 1.428406e-11
23425.00 1.430156e-11
23430.00 1.432502e-11
23435.00 1.435189e-11
23440.00 1.437878e-11
23445.00 1.440225e-11
23450.00 1.441891e-11
23455.00 1.442615e-11
23460.00 1.442571e-11
23465.00 1.441590e-11
23470.00 1.439883e-11
23475.00 1.437539e-11
23480.00 1.434805e-11
23485.00 1.431819e-11
23490.00 1.429047e-11
23495.00 1.426402e-11
23500.00 1.424310e-11
23505.00 1.422649e-11
23510.00 1.421624e-11
23515.00 1.421241e-11
23520.00 1.421196e-11
23525.00 1.421241e-11
23530.00 1.421495e-11
23535.00 1.421496e-11
23540.00 1.421156e-11
23545.00 1.420386e-11
23550.00 1.418768e-11
23555.00 1.416676e-11
23560.00 1.413943e-11
23565.00 1.410575e-11
23570.00 1.406862e-11
23575.00 1.403194e-11
23580.00 1.400080e-11
23585.00 1.397433e-11
23590.00 1.395770e-11
23595.00 1.395426e-11
23600.00 1.396495e-11
23605.00 1.399142e-11
23610.00 1.402937e-11
23615.00 1.408057e-11
23620.00 1.414458e-11
23625.00 1.421539e-11
23630.00 1.428620e-11
23635.00 1.435064e-11
23640.00 1.440395e-11
23645.00 1.443851e-11
23650.00 1.445430e-11
23655.00 1.444408e-11
23660.00 1.440608e-11
23665.00 1.433868e-11
23670.00 1.424654e-11
23675.00 1.413088e-11
23680.00 1.399567e-11
23685.00 1.384932e-11
23690.00 1.369702e-11
23695.00 1.354769e-11
23700.00 1.340861e-11
23705.00 1.328702e-11
23710.00 1.319145e-11
23715.00 1.312406e-11
23720.00 1.308949e-11
23725.00 1.308650e-11
23730.00 1.311640e-11
23735.00 1.317399e-11
23740.00 1.325544e-11
23745.00 1.335658e-11
23750.00 1.346793e-11
23755.00 1.358055e-11
23760.00 1.369146e-11
23765.00 1.378960e-11
23770.00 1.386855e-11
23775.00 1.392869e-11
23780.00 1.396325e-11
23785.00 1.397305e-11
23790.00 1.395686e-11
23795.00 1.391928e-11
23800.00 1.386256e-11
23805.00 1.379472e-11
23810.00 1.372005e-11
23815.00 1.364285e-11
23820.00 1.357119e-11
23825.00 1.350718e-11
23830.00 1.345641e-11
23835.00 1.342184e-11
23840.00 1.340138e-11
23845.00 1.339498e-11
23850.00 1.340434e-11
23855.00 1.342399e-11
23860.00 1.344789e-11
23865.00 1.347475e-11
23870.00 1.350119e-11
23875.00 1.352124e-11
23880.00 1.353150e-11
23885.00 1.353108e-11
23890.00 1.351783e-11
23895.00 1.349353e-11
23900.00 1.345640e-11
23905.00 1.340947e-11
23910.00 1.335829e-11
23915.00 1.330365e-11
23920.00 1.324734e-11
23925.00 1.319956e-11
23930.00 1.316244e-11
23935.00 1.313814e-11
23940.00 1.312494e-11
23945.00 1.312493e-11
23950.00 1.313858e-11
23955.00 1.316546e-11
23960.00 1.320255e-11
23965.00 1.324606e-11
23970.00 1.329086e-11
23975.00 1.333737e-11
23980.00 1.337791e-11
23985.00 1.340861e-11
23990.00 1.342823e-11
23995.00 1.343209e-11
24000.00 1.342185e-11
24005.00 1.339755e-11
24010.00 1.335743e-11
24015.00 1.330625e-11
24020.00 1.324566e-11
24025.00 1.318037e-11
24030.00 1.310998e-11
24035.00 1.304214e-11
24040.00 1.298115e-11
24045.00 1.292994e-11
24050.00 1.288940e-11
24055.00 1.286212e-11
24060.00 1.284844e-11
24065.00 1.284889e-11
24070.00 1.286467e-11
24075.00 1.288898e-11
24080.00 1.292268e-11
24085.00 1.296279e-11
24090.00 1.300374e-11
24095.00 1.304428e-11
24100.00 1.308141e-11
24105.00 1.311169e-11
24110.00 1.313259e-11
24115.00 1.314541e-11
24120.00 1.314541e-11
24125.00 1.313259e-11
24130.00 1.311127e-11
24135.00 1.307800e-11
24140.00 1.303702e-11
24145.00 1.298966e-11
24150.00 1.293846e-11
24155.00 1.288386e-11
24160.00 1.282668e-11
24165.00 1.277209e-11
24170.00 1.272090e-11
24175.00 1.267309e-11
24180.00 1.262915e-11
24185.00 1.259162e-11
24190.00 1.256133e-11
24195.00 1.254001e-11
24200.00 1.252378e-11
24205.00 1.251611e-11
24210.00 1.251398e-11
24215.00 1.252295e-11
24220.00 1.253744e-11
24225.00 1.256091e-11
24230.00 1.259121e-11
24235.00 1.262618e-11
24240.00 1.266970e-11
24245.00 1.271748e-11
24250.00 1.276827e-11
24255.00 1.281901e-11
24260.00 1.286679e-11
24265.00 1.291075e-11
24270.00 1.294786e-11
24275.00 1.297516e-11
24280.00 1.299138e-11
24285.00 1.299095e-11
24290.00 1.297134e-11
24295.00 1.293633e-11
24300.00 1.288260e-11
24305.00 1.281346e-11
24310.00 1.272601e-11
24315.00 1.262746e-11
24320.00 1.252165e-11
24325.00 1.240946e-11
24330.00 1.229511e-11
24335.00 1.218931e-11
24340.00 1.209417e-11
24345.00 1.201310e-11
24350.00 1.195208e-11
24355.00 1.191499e-11
24360.00 1.190473e-11
24365.00 1.192139e-11
24370.00 1.196277e-11
24375.00 1.203017e-11
24380.00 1.211807e-11
24385.00 1.222045e-11
24390.00 1.233566e-11
24395.00 1.245682e-11
24400.00 1.257284e-11
24405.00 1.268122e-11
24410.00 1.277551e-11
24415.00 1.284676e-11
24420.00 1.289155e-11
24425.00 1.291076e-11
24430.00 1.289753e-11
24435.00 1.285358e-11
24440.00 1.278189e-11
24445.00 1.268379e-11
24450.00 1.256516e-11
24455.00 1.243249e-11
24460.00 1.229084e-11
24465.00 1.215048e-11
24470.00 1.201224e-11
24475.00 1.188639e-11
24480.00 1.177803e-11
24485.00 1.169271e-11
24490.00 1.163169e-11
24495.00 1.159715e-11
24500.00 1.158734e-11
24505.00 1.160398e-11
24510.00 1.164449e-11
24515.00 1.170464e-11
24520.00 1.177676e-11
24525.00 1.186123e-11
24530.00 1.195168e-11
24535.00 1.203786e-11
24540.00 1.212190e-11
24545.00 1.219699e-11
24550.00 1.226141e-11
24555.00 1.231218e-11
24560.00 1.234545e-11
24565.00 1.235657e-11
24570.00 1.235058e-11
24575.00 1.233393e-11
24580.00 1.231004e-11
24585.00 1.227890e-11
24590.00 1.223922e-11
24595.00 1.219871e-11
24600.00 1.216072e-11
24605.00 1.212361e-11
24610.00 1.208991e-11
24615.00 1.206261e-11
24620.00 1.204213e-11
24625.00 1.202762e-11
24630.00 1.201481e-11
24635.00 1.200713e-11
24640.00 1.200032e-11
24645.00 1.199307e-11
24650.00 1.198282e-11
24655.00 1.196916e-11
24660.00 1.195211e-11
24665.00 1.193079e-11
24670.00 1.190135e-11
24675.00 1.186976e-11
24680.00 1.183264e-11
24685.00 1.179211e-11
24690.00 1.175116e-11
24695.00 1.171019e-11
24700.00 1.167010e-11
24705.00 1.163596e-11
24710.00 1.160909e-11
24715.00 1.159118e-11
24720.00 1.157880e-11
24725.00 1.157795e-11
24730.00 1.158479e-11
24735.00 1.159886e-11
24740.00 1.162189e-11
24745.00 1.164963e-11
24750.00 1.168288e-11
24755.00 1.171660e-11
24760.00 1.174775e-11
24765.00 1.177803e-11
24770.00 1.180491e-11
24775.00 1.182539e-11
24780.00 1.183904e-11
24785.00 1.184587e-11
24790.00 1.184587e-11
24795.00 1.183863e-11
24800.00 1.182241e-11
24805.00 1.180149e-11
24810.00 1.177463e-11
24815.00 1.174434e-11
24820.00 1.171320e-11
24825.00 1.167948e-11
24830.00 1.164535e-11
24835.00 1.161120e-11
24840.00 1.157752e-11
24845.00 1.154636e-11
24850.00 1.151609e-11
24855.00 1.148836e-11
24860.00 1.146061e-11
24865.00 1.143076e-11
24870.00 1.140304e-11
24875.00 1.137572e-11
24880.00 1.134799e-11
24885.00 1.131812e-11
24890.00 1.129040e-11
24895.00 1.126310e-11
24900.00 1.123621e-11
24905.00 1.121232e-11
24910.00 1.119185e-11
24915.00 1.117477e-11
24920.00 1.116155e-11
24925.00 1.115474e-11
24930.00 1.115473e-11
24935.00 1.116112e-11
24940.00 1.117222e-11
24945.00 1.119186e-11
24950.00 1.121574e-11
24955.00 1.124262e-11
24960.00 1.126905e-11
24965.00 1.129040e-11
24970.00 1.131172e-11
24975.00 1.133948e-11
24980.00 1.137531e-11
24985.00 9.979084e-12
24990.00 1.425946e-12
24995.00 0.000000e+00
25000.00 0.000000e+00
