# QSO (SDSS, Vanden Berk 2001): Vanden Berk et al. (2001) SDSS median composite quasar spectrum (AJ 122, 549, electronic Table 1). Rest-frame 800-8555 A, relative f_lambda; set z. Extended beyond 8554 A with constant f_nu.
# wavelength[A] f_lambda[relative]
800.50 1.490000e-01
801.50 0.000000e+00
802.50 6.760000e-01
803.50 0.000000e+00
804.50 4.130000e-01
805.50 3.380000e-01
806.50 2.240000e-01
807.50 1.220000e-01
808.50 6.120000e-01
809.50 7.520000e-01
810.50 1.970000e-01
811.50 1.870000e-01
812.50 0.000000e+00
813.50 0.000000e+00
814.50 5.020000e-01
815.50 0.000000e+00
816.50 0.000000e+00
817.50 0.000000e+00
818.50 0.000000e+00
819.50 7.590000e-01
820.50 5.360000e-01
821.50 4.450000e-01
822.50 1.238000e+00
823.50 7.970000e-01
824.50 7.820000e-01
825.50 1.970000e-01
826.50 3.840000e-01
827.50 2.460000e-01
828.50 8.870000e-01
829.50 5.620000e-01
830.50 3.440000e-01
831.50 1.261000e+00
832.50 1.009000e+00
833.50 1.036000e+00
834.50 9.400000e-02
835.50 3.380000e-01
836.50 3.320000e-01
837.50 1.059000e+00
838.50 2.790000e-01
839.50 6.710000e-01
840.50 8.800000e-02
841.50 7.950000e-01
842.50 3.980000e-01
843.50 4.840000e-01
844.50 7.710000e-01
845.50 3.440000e-01
846.50 5.390000e-01
847.50 7.510000e-01
848.50 1.108000e+00
849.50 1.261000e+00
850.50 6.070000e-01
851.50 4.490000e-01
852.50 7.440000e-01
853.50 1.033000e+00
854.50 1.059000e+00
855.50 2.050000e-01
856.50 2.400000e-01
857.50 7.150000e-01
858.50 4.580000e-01
859.50 1.182000e+00
860.50 8.550000e-01
861.50 6.190000e-01
862.50 9.690000e-01
863.50 9.260000e-01
864.50 6.980000e-01
865.50 7.450000e-01
866.50 1.071000e+00
867.50 5.910000e-01
868.50 1.028000e+00
869.50 1.077000e+00
870.50 5.160000e-01
871.50 5.410000e-01
872.50 1.510000e+00
873.50 5.590000e-01
874.50 9.860000e-01
875.50 1.224000e+00
876.50 1.277000e+00
877.50 1.125000e+00
878.50 8.710000e-01
879.50 6.560000e-01
880.50 7.820000e-01
881.50 1.514000e+00
882.50 1.347000e+00
883.50 1.036000e+00
884.50 1.464000e+00
885.50 1.404000e+00
886.50 1.365000e+00
887.50 2.028000e+00
888.50 1.081000e+00
889.50 1.063000e+00
890.50 1.666000e+00
891.50 1.651000e+00
892.50 1.783000e+00
893.50 1.897000e+00
894.50 2.214000e+00
895.50 2.049000e+00
896.50 2.193000e+00
897.50 1.717000e+00
898.50 1.652000e+00
899.50 1.901000e+00
900.50 1.892000e+00
901.50 1.941000e+00
902.50 2.818000e+00
903.50 2.302000e+00
904.50 2.338000e+00
905.50 1.735000e+00
906.50 2.224000e+00
907.50 2.612000e+00
908.50 2.188000e+00
909.50 1.752000e+00
910.50 2.145000e+00
911.50 2.160000e+00
912.50 2.648000e+00
913.50 2.779000e+00
914.50 3.006000e+00
915.50 3.610000e+00
916.50 2.825000e+00
917.50 2.700000e+00
918.50 3.338000e+00
919.50 3.957000e+00
920.50 3.584000e+00
921.50 3.015000e+00
922.50 3.549000e+00
923.50 3.799000e+00
924.50 3.973000e+00
925.50 3.794000e+00
926.50 3.357000e+00
927.50 3.527000e+00
928.50 4.086000e+00
929.50 4.078000e+00
930.50 3.268000e+00
931.50 3.710000e+00
932.50 3.962000e+00
933.50 3.076000e+00
934.50 3.845000e+00
935.50 3.503000e+00
936.50 3.338000e+00
937.50 4.016000e+00
938.50 4.644000e+00
939.50 4.288000e+00
940.50 4.578000e+00
941.50 4.628000e+00
942.50 4.728000e+00
943.50 4.808000e+00
944.50 4.032000e+00
945.50 4.551000e+00
946.50 3.910000e+00
947.50 4.622000e+00
948.50 4.173000e+00
949.50 3.942000e+00
950.50 4.346000e+00
951.50 4.930000e+00
952.50 4.447000e+00
953.50 3.877000e+00
954.50 3.892000e+00
955.50 3.513000e+00
956.50 3.282000e+00
957.50 3.390000e+00
958.50 3.638000e+00
959.50 4.169000e+00
960.50 4.308000e+00
961.50 3.946000e+00
962.50 3.381000e+00
963.50 4.265000e+00
964.50 3.666000e+00
965.50 4.098000e+00
966.50 4.209000e+00
967.50 5.273000e+00
968.50 4.767000e+00
969.50 3.833000e+00
970.50 4.686000e+00
971.50 5.311000e+00
972.50 4.827000e+00
973.50 4.961000e+00
974.50 5.207000e+00
975.50 4.758000e+00
976.50 4.892000e+00
977.50 5.112000e+00
978.50 3.843000e+00
979.50 4.854000e+00
980.50 4.546000e+00
981.50 5.349000e+00
982.50 5.094000e+00
983.50 4.398000e+00
984.50 5.099000e+00
985.50 4.765000e+00
986.50 5.375000e+00
987.50 5.459000e+00
988.50 6.180000e+00
989.50 5.486000e+00
990.50 5.139000e+00
991.50 5.411000e+00
992.50 4.741000e+00
993.50 5.187000e+00
994.50 4.996000e+00
995.50 4.957000e+00
996.50 4.713000e+00
997.50 4.629000e+00
998.50 4.660000e+00
999.50 4.134000e+00
1000.50 4.742000e+00
1001.50 3.958000e+00
1002.50 4.303000e+00
1003.50 4.117000e+00
1004.50 4.677000e+00
1005.50 4.919000e+00
1006.50 4.785000e+00
1007.50 4.548000e+00
1008.50 4.620000e+00
1009.50 4.641000e+00
1010.50 4.979000e+00
1011.50 4.164000e+00
1012.50 4.872000e+00
1013.50 4.824000e+00
1014.50 4.892000e+00
1015.50 5.320000e+00
1016.50 5.717000e+00
1017.50 5.499000e+00
1018.50 4.750000e+00
1019.50 5.945000e+00
1020.50 6.101000e+00
1021.50 6.595000e+00
1022.50 5.659000e+00
1023.50 5.195000e+00
1024.50 6.278000e+00
1025.50 7.073000e+00
1026.50 6.984000e+00
1027.50 7.354000e+00
1028.50 7.839000e+00
1029.50 8.141000e+00
1030.50 7.159000e+00
1031.50 6.832000e+00
1032.50 7.363000e+00
1033.50 7.352000e+00
1034.50 8.084000e+00
1035.50 7.527000e+00
1036.50 8.154000e+00
1037.50 7.217000e+00
1038.50 6.886000e+00
1039.50 7.060000e+00
1040.50 6.762000e+00
1041.50 5.929000e+00
1042.50 6.227000e+00
1043.50 6.005000e+00
1044.50 5.753000e+00
1045.50 5.689000e+00
1046.50 5.723000e+00
1047.50 6.121000e+00
1048.50 5.720000e+00
1049.50 5.827000e+00
1050.50 5.394000e+00
1051.50 6.079000e+00
1052.50 5.334000e+00
1053.50 5.667000e+00
1054.50 5.132000e+00
1055.50 5.224000e+00
1056.50 5.582000e+00
1057.50 5.419000e+00
1058.50 5.897000e+00
1059.50 6.076000e+00
1060.50 5.483000e+00
1061.50 5.522000e+00
1062.50 5.410000e+00
1063.50 5.955000e+00
1064.50 5.786000e+00
1065.50 4.603000e+00
1066.50 6.043000e+00
1067.50 5.571000e+00
1068.50 5.740000e+00
1069.50 5.289000e+00
1070.50 5.215000e+00
1071.50 5.336000e+00
1072.50 4.976000e+00
1073.50 5.295000e+00
1074.50 5.306000e+00
1075.50 5.418000e+00
1076.50 4.818000e+00
1077.50 5.209000e+00
1078.50 5.702000e+00
1079.50 5.263000e+00
1080.50 4.895000e+00
1081.50 4.737000e+00
1082.50 5.080000e+00
1083.50 4.752000e+00
1084.50 4.927000e+00
1085.50 4.840000e+00
1086.50 4.676000e+00
1087.50 4.168000e+00
1088.50 4.795000e+00
1089.50 4.800000e+00
1090.50 4.485000e+00
1091.50 4.479000e+00
1092.50 4.606000e+00
1093.50 4.618000e+00
1094.50 4.663000e+00
1095.50 4.761000e+00
1096.50 4.493000e+00
1097.50 4.453000e+00
1098.50 4.377000e+00
1099.50 4.115000e+00
1100.50 4.170000e+00
1101.50 4.562000e+00
1102.50 4.375000e+00
1103.50 4.829000e+00
1104.50 5.173000e+00
1105.50 4.995000e+00
1106.50 4.894000e+00
1107.50 4.935000e+00
1108.50 5.016000e+00
1109.50 4.487000e+00
1110.50 5.429000e+00
1111.50 5.199000e+00
1112.50 5.009000e+00
1113.50 4.846000e+00
1114.50 4.589000e+00
1115.50 5.173000e+00
1116.50 5.198000e+00
1117.50 5.142000e+00
1118.50 5.210000e+00
1119.50 5.033000e+00
1120.50 5.045000e+00
1121.50 5.329000e+00
1122.50 4.911000e+00
1123.50 5.260000e+00
1124.50 4.767000e+00
1125.50 5.185000e+00
1126.50 4.493000e+00
1127.50 5.176000e+00
1128.50 5.108000e+00
1129.50 5.125000e+00
1130.50 4.791000e+00
1131.50 4.825000e+00
1132.50 4.483000e+00
1133.50 4.883000e+00
1134.50 4.764000e+00
1135.50 4.703000e+00
1136.50 4.647000e+00
1137.50 4.816000e+00
1138.50 4.451000e+00
1139.50 4.504000e+00
1140.50 4.616000e+00
1141.50 4.381000e+00
1142.50 4.450000e+00
1143.50 4.673000e+00
1144.50 4.580000e+00
1145.50 4.649000e+00
1146.50 5.141000e+00
1147.50 4.658000e+00
1148.50 4.748000e+00
1149.50 4.833000e+00
1150.50 4.499000e+00
1151.50 4.683000e+00
1152.50 4.812000e+00
1153.50 4.962000e+00
1154.50 4.242000e+00
1155.50 4.946000e+00
1156.50 4.863000e+00
1157.50 4.756000e+00
1158.50 4.809000e+00
1159.50 4.409000e+00
1160.50 4.708000e+00
1161.50 4.918000e+00
1162.50 4.830000e+00
1163.50 4.930000e+00
1164.50 4.979000e+00
1165.50 4.993000e+00
1166.50 5.002000e+00
1167.50 5.220000e+00
1168.50 5.131000e+00
1169.50 5.384000e+00
1170.50 5.254000e+00
1171.50 5.689000e+00
1172.50 5.621000e+00
1173.50 5.918000e+00
1174.50 6.005000e+00
1175.50 6.323000e+00
1176.50 6.237000e+00
1177.50 5.809000e+00
1178.50 5.861000e+00
1179.50 6.002000e+00
1180.50 5.647000e+00
1181.50 5.666000e+00
1182.50 5.592000e+00
1183.50 6.138000e+00
1184.50 6.529000e+00
1185.50 6.031000e+00
1186.50 6.146000e+00
1187.50 6.339000e+00
1188.50 7.218000e+00
1189.50 6.843000e+00
1190.50 7.202000e+00
1191.50 7.215000e+00
1192.50 8.246000e+00
1193.50 7.553000e+00
1194.50 7.488000e+00
1195.50 7.805000e+00
1196.50 8.783000e+00
1197.50 8.650000e+00
1198.50 8.587000e+00
1199.50 9.044000e+00
1200.50 9.616000e+00
1201.50 1.039200e+01
1202.50 1.055900e+01
1203.50 1.046400e+01
1204.50 1.119700e+01
1205.50 1.179600e+01
1206.50 1.273600e+01
1207.50 1.342600e+01
1208.50 1.343100e+01
1209.50 1.484900e+01
1210.50 1.553100e+01
1211.50 1.656800e+01
1212.50 1.832400e+01
1213.50 1.995600e+01
1214.50 2.073700e+01
1215.50 2.160100e+01
1216.50 2.144500e+01
1217.50 1.956700e+01
1218.50 1.852600e+01
1219.50 1.845800e+01
1220.50 1.727000e+01
1221.50 1.680000e+01
1222.50 1.586600e+01
1223.50 1.551300e+01
1224.50 1.475900e+01
1225.50 1.439100e+01
1226.50 1.416800e+01
1227.50 1.398000e+01
1228.50 1.390500e+01
1229.50 1.332200e+01
1230.50 1.322200e+01
1231.50 1.310000e+01
1232.50 1.289100e+01
1233.50 1.302000e+01
1234.50 1.303600e+01
1235.50 1.308300e+01
1236.50 1.317400e+01
1237.50 1.289200e+01
1238.50 1.315900e+01
1239.50 1.320900e+01
1240.50 1.279300e+01
1241.50 1.252500e+01
1242.50 1.230600e+01
1243.50 1.167700e+01
1244.50 1.123100e+01
1245.50 1.062000e+01
1246.50 1.021900e+01
1247.50 1.001500e+01
1248.50 9.726000e+00
1249.50 9.388000e+00
1250.50 9.352000e+00
1251.50 9.259000e+00
1252.50 8.898000e+00
1253.50 8.728000e+00
1254.50 8.845000e+00
1255.50 8.426000e+00
1256.50 8.516000e+00
1257.50 8.353000e+00
1258.50 8.249000e+00
1259.50 8.229000e+00
1260.50 8.217000e+00
1261.50 7.958000e+00
1262.50 8.044000e+00
1263.50 8.032000e+00
1264.50 7.920000e+00
1265.50 7.694000e+00
1266.50 7.677000e+00
1267.50 7.611000e+00
1268.50 7.557000e+00
1269.50 7.263000e+00
1270.50 7.246000e+00
1271.50 7.008000e+00
1272.50 6.929000e+00
1273.50 6.853000e+00
1274.50 6.650000e+00
1275.50 6.670000e+00
1276.50 6.576000e+00
1277.50 6.569000e+00
1278.50 6.544000e+00
1279.50 6.543000e+00
1280.50 6.395000e+00
1281.50 6.401000e+00
1282.50 6.360000e+00
1283.50 6.365000e+00
1284.50 6.313000e+00
1285.50 6.358000e+00
1286.50 6.235000e+00
1287.50 6.281000e+00
1288.50 6.330000e+00
1289.50 6.271000e+00
1290.50 6.312000e+00
1291.50 6.250000e+00
1292.50 6.476000e+00
1293.50 6.447000e+00
1294.50 6.454000e+00
1295.50 6.503000e+00
1296.50 6.532000e+00
1297.50 6.632000e+00
1298.50 6.638000e+00
1299.50 6.716000e+00
1300.50 6.683000e+00
1301.50 6.819000e+00
1302.50 6.925000e+00
1303.50 6.858000e+00
1304.50 6.891000e+00
1305.50 6.938000e+00
1306.50 6.949000e+00
1307.50 6.846000e+00
1308.50 6.818000e+00
1309.50 6.797000e+00
1310.50 6.803000e+00
1311.50 6.719000e+00
1312.50 6.525000e+00
1313.50 6.401000e+00
1314.50 6.486000e+00
1315.50 6.176000e+00
1316.50 6.258000e+00
1317.50 6.130000e+00
1318.50 6.041000e+00
1319.50 6.089000e+00
1320.50 6.094000e+00
1321.50 6.033000e+00
1322.50 6.109000e+00
1323.50 6.137000e+00
1324.50 6.061000e+00
1325.50 6.060000e+00
1326.50 6.028000e+00
1327.50 5.969000e+00
1328.50 6.143000e+00
1329.50 6.168000e+00
1330.50 6.174000e+00
1331.50 6.294000e+00
1332.50 6.262000e+00
1333.50 6.275000e+00
1334.50 6.389000e+00
1335.50 6.335000e+00
1336.50 6.320000e+00
1337.50 6.445000e+00
1338.50 6.364000e+00
1339.50 6.276000e+00
1340.50 6.305000e+00
1341.50 6.088000e+00
1342.50 6.138000e+00
1343.50 6.125000e+00
1344.50 6.107000e+00
1345.50 6.063000e+00
1346.50 5.962000e+00
1347.50 6.091000e+00
1348.50 5.974000e+00
1349.50 5.996000e+00
1350.50 6.011000e+00
1351.50 5.928000e+00
1352.50 5.894000e+00
1353.50 5.831000e+00
1354.50 5.852000e+00
1355.50 5.825000e+00
1356.50 5.883000e+00
1357.50 5.914000e+00
1358.50 5.930000e+00
1359.50 5.869000e+00
1360.50 5.884000e+00
1361.50 5.879000e+00
1362.50 5.955000e+00
1363.50 5.939000e+00
1364.50 6.007000e+00
1365.50 5.934000e+00
1366.50 5.902000e+00
1367.50 6.098000e+00
1368.50 6.020000e+00
1369.50 6.079000e+00
1370.50 5.934000e+00
1371.50 6.007000e+00
1372.50 6.102000e+00
1373.50 6.009000e+00
1374.50 6.103000e+00
1375.50 6.146000e+00
1376.50 6.037000e+00
1377.50 6.118000e+00
1378.50 6.238000e+00
1379.50 6.274000e+00
1380.50 6.246000e+00
1381.50 6.330000e+00
1382.50 6.347000e+00
1383.50 6.489000e+00
1384.50 6.532000e+00
1385.50 6.533000e+00
1386.50 6.702000e+00
1387.50 6.742000e+00
1388.50 6.744000e+00
1389.50 6.978000e+00
1390.50 7.007000e+00
1391.50 7.104000e+00
1392.50 7.146000e+00
1393.50 7.179000e+00
1394.50 7.223000e+00
1395.50 7.236000e+00
1396.50 7.221000e+00
1397.50 7.236000e+00
1398.50 7.211000e+00
1399.50 7.260000e+00
1400.50 7.370000e+00
1401.50 7.302000e+00
1402.50 7.239000e+00
1403.50 7.095000e+00
1404.50 7.073000e+00
1405.50 6.913000e+00
1406.50 6.745000e+00
1407.50 6.650000e+00
1408.50 6.571000e+00
1409.50 6.458000e+00
1410.50 6.394000e+00
1411.50 6.293000e+00
1412.50 6.221000e+00
1413.50 6.228000e+00
1414.50 6.126000e+00
1415.50 6.083000e+00
1416.50 5.961000e+00
1417.50 5.862000e+00
1418.50 5.945000e+00
1419.50 5.885000e+00
1420.50 5.869000e+00
1421.50 5.784000e+00
1422.50 5.771000e+00
1423.50 5.724000e+00
1424.50 5.694000e+00
1425.50 5.723000e+00
1426.50 5.649000e+00
1427.50 5.660000e+00
1428.50 5.651000e+00
1429.50 5.578000e+00
1430.50 5.560000e+00
1431.50 5.560000e+00
1432.50 5.518000e+00
1433.50 5.536000e+00
1434.50 5.499000e+00
1435.50 5.515000e+00
1436.50 5.467000e+00
1437.50 5.447000e+00
1438.50 5.488000e+00
1439.50 5.406000e+00
1440.50 5.447000e+00
1441.50 5.405000e+00
1442.50 5.430000e+00
1443.50 5.422000e+00
1444.50 5.333000e+00
1445.50 5.349000e+00
1446.50 5.397000e+00
1447.50 5.371000e+00
1448.50 5.332000e+00
1449.50 5.198000e+00
1450.50 5.276000e+00
1451.50 5.324000e+00
1452.50 5.326000e+00
1453.50 5.318000e+00
1454.50 5.290000e+00
1455.50 5.349000e+00
1456.50 5.368000e+00
1457.50 5.302000e+00
1458.50 5.306000e+00
1459.50 5.286000e+00
1460.50 5.384000e+00
1461.50 5.390000e+00
1462.50 5.380000e+00
1463.50 5.377000e+00
1464.50 5.372000e+00
1465.50 5.292000e+00
1466.50 5.290000e+00
1467.50 5.310000e+00
1468.50 5.317000e+00
1469.50 5.338000e+00
1470.50 5.385000e+00
1471.50 5.394000e+00
1472.50 5.441000e+00
1473.50 5.312000e+00
1474.50 5.349000e+00
1475.50 5.410000e+00
1476.50 5.339000e+00
1477.50 5.366000e+00
1478.50 5.428000e+00
1479.50 5.369000e+00
1480.50 5.443000e+00
1481.50 5.448000e+00
1482.50 5.404000e+00
1483.50 5.469000e+00
1484.50 5.522000e+00
1485.50 5.437000e+00
1486.50 5.507000e+00
1487.50 5.538000e+00
1488.50 5.568000e+00
1489.50 5.559000e+00
1490.50 5.517000e+00
1491.50 5.542000e+00
1492.50 5.546000e+00
1493.50 5.533000e+00
1494.50 5.542000e+00
1495.50 5.553000e+00
1496.50 5.622000e+00
1497.50 5.681000e+00
1498.50 5.619000e+00
1499.50 5.649000e+00
1500.50 5.596000e+00
1501.50 5.636000e+00
1502.50 5.616000e+00
1503.50 5.695000e+00
1504.50 5.683000e+00
1505.50 5.644000e+00
1506.50 5.689000e+00
1507.50 5.780000e+00
1508.50 5.756000e+00
1509.50 5.837000e+00
1510.50 5.790000e+00
1511.50 5.884000e+00
1512.50 5.910000e+00
1513.50 5.925000e+00
1514.50 5.942000e+00
1515.50 6.041000e+00
1516.50 6.061000e+00
1517.50 6.161000e+00
1518.50 6.180000e+00
1519.50 6.297000e+00
1520.50 6.367000e+00
1521.50 6.411000e+00
1522.50 6.494000e+00
1523.50 6.599000e+00
1524.50 6.766000e+00
1525.50 6.838000e+00
1526.50 6.977000e+00
1527.50 7.064000e+00
1528.50 7.188000e+00
1529.50 7.309000e+00
1530.50 7.413000e+00
1531.50 7.522000e+00
1532.50 7.654000e+00
1533.50 7.799000e+00
1534.50 8.003000e+00
1535.50 8.075000e+00
1536.50 8.312000e+00
1537.50 8.453000e+00
1538.50 8.623000e+00
1539.50 8.735000e+00
1540.50 9.104000e+00
1541.50 9.202000e+00
1542.50 9.378000e+00
1543.50 9.666000e+00
1544.50 9.797000e+00
1545.50 1.000800e+01
1546.50 9.969000e+00
1547.50 9.889000e+00
1548.50 9.890000e+00
1549.50 9.857000e+00
1550.50 9.577000e+00
1551.50 9.286000e+00
1552.50 8.997000e+00
1553.50 8.677000e+00
1554.50 8.351000e+00
1555.50 8.165000e+00
1556.50 7.953000e+00
1557.50 7.664000e+00
1558.50 7.409000e+00
1559.50 7.251000e+00
1560.50 7.153000e+00
1561.50 6.987000e+00
1562.50 6.883000e+00
1563.50 6.773000e+00
1564.50 6.678000e+00
1565.50 6.529000e+00
1566.50 6.485000e+00
1567.50 6.384000e+00
1568.50 6.232000e+00
1569.50 6.177000e+00
1570.50 6.163000e+00
1571.50 6.077000e+00
1572.50 6.069000e+00
1573.50 5.962000e+00
1574.50 5.899000e+00
1575.50 5.917000e+00
1576.50 5.812000e+00
1577.50 5.823000e+00
1578.50 5.781000e+00
1579.50 5.720000e+00
1580.50 5.699000e+00
1581.50 5.659000e+00
1582.50 5.658000e+00
1583.50 5.618000e+00
1584.50 5.586000e+00
1585.50 5.584000e+00
1586.50 5.580000e+00
1587.50 5.563000e+00
1588.50 5.508000e+00
1589.50 5.488000e+00
1590.50 5.505000e+00
1591.50 5.491000e+00
1592.50 5.486000e+00
1593.50 5.480000e+00
1594.50 5.424000e+00
1595.50 5.449000e+00
1596.50 5.446000e+00
1597.50 5.474000e+00
1598.50 5.403000e+00
1599.50 5.424000e+00
1600.50 5.439000e+00
1601.50 5.404000e+00
1602.50 5.388000e+00
1603.50 5.403000e+00
1604.50 5.439000e+00
1605.50 5.399000e+00
1606.50 5.405000e+00
1607.50 5.403000e+00
1608.50 5.366000e+00
1609.50 5.353000e+00
1610.50 5.395000e+00
1611.50 5.384000e+00
1612.50 5.401000e+00
1613.50 5.388000e+00
1614.50 5.414000e+00
1615.50 5.371000e+00
1616.50 5.406000e+00
1617.50 5.349000e+00
1618.50 5.346000e+00
1619.50 5.371000e+00
1620.50 5.330000e+00
1621.50 5.394000e+00
1622.50 5.385000e+00
1623.50 5.353000e+00
1624.50 5.365000e+00
1625.50 5.336000e+00
1626.50 5.347000e+00
1627.50 5.372000e+00
1628.50 5.418000e+00
1629.50 5.384000e+00
1630.50 5.426000e+00
1631.50 5.417000e+00
1632.50 5.451000e+00
1633.50 5.422000e+00
1634.50 5.448000e+00
1635.50 5.467000e+00
1636.50 5.459000e+00
1637.50 5.455000e+00
1638.50 5.472000e+00
1639.50 5.447000e+00
1640.50 5.413000e+00
1641.50 5.414000e+00
1642.50 5.359000e+00
1643.50 5.313000e+00
1644.50 5.256000e+00
1645.50 5.210000e+00
1646.50 5.170000e+00
1647.50 5.174000e+00
1648.50 5.191000e+00
1649.50 5.158000e+00
1650.50 5.158000e+00
1651.50 5.113000e+00
1652.50 5.115000e+00
1653.50 5.119000e+00
1654.50 5.138000e+00
1655.50 5.163000e+00
1656.50 5.153000e+00
1657.50 5.138000e+00
1658.50 5.146000e+00
1659.50 5.118000e+00
1660.50 5.128000e+00
1661.50 5.133000e+00
1662.50 5.138000e+00
1663.50 5.142000e+00
1664.50 5.117000e+00
1665.50 5.093000e+00
1666.50 5.084000e+00
1667.50 5.064000e+00
1668.50 5.012000e+00
1669.50 5.009000e+00
1670.50 5.006000e+00
1671.50 4.941000e+00
1672.50 4.921000e+00
1673.50 4.891000e+00
1674.50 4.865000e+00
1675.50 4.823000e+00
1676.50 4.813000e+00
1677.50 4.776000e+00
1678.50 4.751000e+00
1679.50 4.761000e+00
1680.50 4.713000e+00
1681.50 4.717000e+00
1682.50 4.664000e+00
1683.50 4.653000e+00
1684.50 4.592000e+00
1685.50 4.570000e+00
1686.50 4.606000e+00
1687.50 4.609000e+00
1688.50 4.561000e+00
1689.50 4.603000e+00
1690.50 4.578000e+00
1691.50 4.595000e+00
1692.50 4.552000e+00
1693.50 4.530000e+00
1694.50 4.567000e+00
1695.50 4.526000e+00
1696.50 4.537000e+00
1697.50 4.555000e+00
1698.50 4.547000e+00
1699.50 4.577000e+00
1700.50 4.571000e+00
1701.50 4.493000e+00
1702.50 4.552000e+00
1703.50 4.498000e+00
1704.50 4.573000e+00
1705.50 4.555000e+00
1706.50 4.565000e+00
1707.50 4.588000e+00
1708.50 4.603000e+00
1709.50 4.570000e+00
1710.50 4.596000e+00
1711.50 4.588000e+00
1712.50 4.617000e+00
1713.50 4.585000e+00
1714.50 4.619000e+00
1715.50 4.604000e+00
1716.50 4.594000e+00
1717.50 4.595000e+00
1718.50 4.620000e+00
1719.50 4.583000e+00
1720.50 4.590000e+00
1721.50 4.605000e+00
1722.50 4.605000e+00
1723.50 4.556000e+00
1724.50 4.557000e+00
1725.50 4.567000e+00
1726.50 4.612000e+00
1727.50 4.553000e+00
1728.50 4.602000e+00
1729.50 4.563000e+00
1730.50 4.538000e+00
1731.50 4.588000e+00
1732.50 4.561000e+00
1733.50 4.527000e+00
1734.50 4.518000e+00
1735.50 4.546000e+00
1736.50 4.508000e+00
1737.50 4.522000e+00
1738.50 4.551000e+00
1739.50 4.573000e+00
1740.50 4.564000e+00
1741.50 4.553000e+00
1742.50 4.597000e+00
1743.50 4.585000e+00
1744.50 4.613000e+00
1745.50 4.606000e+00
1746.50 4.601000e+00
1747.50 4.611000e+00
1748.50 4.630000e+00
1749.50 4.611000e+00
1750.50 4.574000e+00
1751.50 4.578000e+00
1752.50 4.560000e+00
1753.50 4.524000e+00
1754.50 4.506000e+00
1755.50 4.516000e+00
1756.50 4.460000e+00
1757.50 4.479000e+00
1758.50 4.458000e+00
1759.50 4.426000e+00
1760.50 4.424000e+00
1761.50 4.411000e+00
1762.50 4.395000e+00
1763.50 4.405000e+00
1764.50 4.379000e+00
1765.50 4.364000e+00
1766.50 4.344000e+00
1767.50 4.353000e+00
1768.50 4.363000e+00
1769.50 4.339000e+00
1770.50 4.383000e+00
1771.50 4.338000e+00
1772.50 4.313000e+00
1773.50 4.344000e+00
1774.50 4.348000e+00
1775.50 4.323000e+00
1776.50 4.327000e+00
1777.50 4.339000e+00
1778.50 4.312000e+00
1779.50 4.314000e+00
1780.50 4.353000e+00
1781.50 4.331000e+00
1782.50 4.316000e+00
1783.50 4.321000e+00
1784.50 4.321000e+00
1785.50 4.353000e+00
1786.50 4.347000e+00
1787.50 4.348000e+00
1788.50 4.379000e+00
1789.50 4.316000e+00
1790.50 4.322000e+00
1791.50 4.304000e+00
1792.50 4.288000e+00
1793.50 4.273000e+00
1794.50 4.249000e+00
1795.50 4.230000e+00
1796.50 4.237000e+00
1797.50 4.235000e+00
1798.50 4.231000e+00
1799.50 4.236000e+00
1800.50 4.198000e+00
1801.50 4.204000e+00
1802.50 4.201000e+00
1803.50 4.194000e+00
1804.50 4.216000e+00
1805.50 4.225000e+00
1806.50 4.217000e+00
1807.50 4.210000e+00
1808.50 4.208000e+00
1809.50 4.211000e+00
1810.50 4.201000e+00
1811.50 4.191000e+00
1812.50 4.211000e+00
1813.50 4.222000e+00
1814.50 4.201000e+00
1815.50 4.207000e+00
1816.50 4.235000e+00
1817.50 4.220000e+00
1818.50 4.197000e+00
1819.50 4.198000e+00
1820.50 4.212000e+00
1821.50 4.207000e+00
1822.50 4.190000e+00
1823.50 4.177000e+00
1824.50 4.175000e+00
1825.50 4.168000e+00
1826.50 4.153000e+00
1827.50 4.142000e+00
1828.50 4.148000e+00
1829.50 4.139000e+00
1830.50 4.149000e+00
1831.50 4.161000e+00
1832.50 4.138000e+00
1833.50 4.175000e+00
1834.50 4.161000e+00
1835.50 4.189000e+00
1836.50 4.175000e+00
1837.50 4.201000e+00
1838.50 4.206000e+00
1839.50 4.200000e+00
1840.50 4.233000e+00
1841.50 4.243000e+00
1842.50 4.253000e+00
1843.50 4.252000e+00
1844.50 4.270000e+00
1845.50 4.293000e+00
1846.50 4.293000e+00
1847.50 4.330000e+00
1848.50 4.345000e+00
1849.50 4.354000e+00
1850.50 4.375000e+00
1851.50 4.383000e+00
1852.50 4.423000e+00
1853.50 4.441000e+00
1854.50 4.456000e+00
1855.50 4.458000e+00
1856.50 4.499000e+00
1857.50 4.466000e+00
1858.50 4.500000e+00
1859.50 4.486000e+00
1860.50 4.466000e+00
1861.50 4.463000e+00
1862.50 4.476000e+00
1863.50 4.512000e+00
1864.50 4.477000e+00
1865.50 4.469000e+00
1866.50 4.505000e+00
1867.50 4.486000e+00
1868.50 4.466000e+00
1869.50 4.464000e+00
1870.50 4.445000e+00
1871.50 4.435000e+00
1872.50 4.468000e+00
1873.50 4.483000e+00
1874.50 4.497000e+00
1875.50 4.518000e+00
1876.50 4.528000e+00
1877.50 4.507000e+00
1878.50 4.573000e+00
1879.50 4.590000e+00
1880.50 4.605000e+00
1881.50 4.638000e+00
1882.50 4.712000e+00
1883.50 4.715000e+00
1884.50 4.783000e+00
1885.50 4.835000e+00
1886.50 4.891000e+00
1887.50 4.931000e+00
1888.50 4.970000e+00
1889.50 5.051000e+00
1890.50 5.093000e+00
1891.50 5.140000e+00
1892.50 5.198000e+00
1893.50 5.227000e+00
1894.50 5.254000e+00
1895.50 5.276000e+00
1896.50 5.291000e+00
1897.50 5.307000e+00
1898.50 5.355000e+00
1899.50 5.360000e+00
1900.50 5.373000e+00
1901.50 5.418000e+00
1902.50 5.464000e+00
1903.50 5.479000e+00
1904.50 5.555000e+00
1905.50 5.624000e+00
1906.50 5.639000e+00
1907.50 5.669000e+00
1908.50 5.658000e+00
1909.50 5.624000e+00
1910.50 5.611000e+00
1911.50 5.488000e+00
1912.50 5.447000e+00
1913.50 5.402000e+00
1914.50 5.273000e+00
1915.50 5.223000e+00
1916.50 5.149000e+00
1917.50 5.068000e+00
1918.50 4.986000e+00
1919.50 4.881000e+00
1920.50 4.849000e+00
1921.50 4.802000e+00
1922.50 4.702000e+00
1923.50 4.626000e+00
1924.50 4.561000e+00
1925.50 4.559000e+00
1926.50 4.516000e+00
1927.50 4.455000e+00
1928.50 4.415000e+00
1929.50 4.358000e+00
1930.50 4.338000e+00
1931.50 4.314000e+00
1932.50 4.247000e+00
1933.50 4.213000e+00
1934.50 4.201000e+00
1935.50 4.145000e+00
1936.50 4.118000e+00
1937.50 4.119000e+00
1938.50 4.052000e+00
1939.50 4.052000e+00
1940.50 3.986000e+00
1941.50 4.016000e+00
1942.50 3.972000e+00
1943.50 3.963000e+00
1944.50 3.957000e+00
1945.50 3.932000e+00
1946.50 3.920000e+00
1947.50 3.916000e+00
1948.50 3.937000e+00
1949.50 3.885000e+00
1950.50 3.896000e+00
1951.50 3.871000e+00
1952.50 3.856000e+00
1953.50 3.853000e+00
1954.50 3.840000e+00
1955.50 3.807000e+00
1956.50 3.780000e+00
1957.50 3.822000e+00
1958.50 3.791000e+00
1959.50 3.753000e+00
1960.50 3.744000e+00
1961.50 3.743000e+00
1962.50 3.722000e+00
1963.50 3.720000e+00
1964.50 3.687000e+00
1965.50 3.705000e+00
1966.50 3.678000e+00
1967.50 3.663000e+00
1968.50 3.662000e+00
1969.50 3.668000e+00
1970.50 3.642000e+00
1971.50 3.617000e+00
1972.50 3.624000e+00
1973.50 3.606000e+00
1974.50 3.597000e+00
1975.50 3.588000e+00
1976.50 3.572000e+00
1977.50 3.589000e+00
1978.50 3.608000e+00
1979.50 3.575000e+00
1980.50 3.594000e+00
1981.50 3.596000e+00
1982.50 3.588000e+00
1983.50 3.592000e+00
1984.50 3.605000e+00
1985.50 3.608000e+00
1986.50 3.603000e+00
1987.50 3.602000e+00
1988.50 3.603000e+00
1989.50 3.586000e+00
1990.50 3.578000e+00
1991.50 3.617000e+00
1992.50 3.601000e+00
1993.50 3.578000e+00
1994.50 3.582000e+00
1995.50 3.585000e+00
1996.50 3.570000e+00
1997.50 3.585000e+00
1998.50 3.568000e+00
1999.50 3.565000e+00
2000.50 3.565000e+00
2001.50 3.573000e+00
2002.50 3.574000e+00
2003.50 3.535000e+00
2004.50 3.551000e+00
2005.50 3.543000e+00
2006.50 3.552000e+00
2007.50 3.517000e+00
2008.50 3.521000e+00
2009.50 3.520000e+00
2010.50 3.512000e+00
2011.50 3.497000e+00
2012.50 3.500000e+00
2013.50 3.508000e+00
2014.50 3.487000e+00
2015.50 3.527000e+00
2016.50 3.487000e+00
2017.50 3.456000e+00
2018.50 3.466000e+00
2019.50 3.468000e+00
2020.50 3.496000e+00
2021.50 3.463000e+00
2022.50 3.478000e+00
2023.50 3.455000e+00
2024.50 3.435000e+00
2025.50 3.439000e+00
2026.50 3.443000e+00
2027.50 3.464000e+00
2028.50 3.432000e+00
2029.50 3.450000e+00
2030.50 3.418000e+00
2031.50 3.437000e+00
2032.50 3.463000e+00
2033.50 3.436000e+00
2034.50 3.445000e+00
2035.50 3.444000e+00
2036.50 3.421000e+00
2037.50 3.426000e+00
2038.50 3.450000e+00
2039.50 3.426000e+00
2040.50 3.415000e+00
2041.50 3.447000e+00
2042.50 3.430000e+00
2043.50 3.435000e+00
2044.50 3.451000e+00
2045.50 3.450000e+00
2046.50 3.441000e+00
2047.50 3.446000e+00
2048.50 3.445000e+00
2049.50 3.433000e+00
2050.50 3.447000e+00
2051.50 3.455000e+00
2052.50 3.483000e+00
2053.50 3.484000e+00
2054.50 3.452000e+00
2055.50 3.474000e+00
2056.50 3.471000e+00
2057.50 3.472000e+00
2058.50 3.501000e+00
2059.50 3.503000e+00
2060.50 3.502000e+00
2061.50 3.513000e+00
2062.50 3.497000e+00
2063.50 3.520000e+00
2064.50 3.525000e+00
2065.50 3.528000e+00
2066.50 3.540000e+00
2067.50 3.527000e+00
2068.50 3.534000e+00
2069.50 3.537000e+00
2070.50 3.545000e+00
2071.50 3.549000e+00
2072.50 3.545000e+00
2073.50 3.513000e+00
2074.50 3.504000e+00
2075.50 3.520000e+00
2076.50 3.503000e+00
2077.50 3.499000e+00
2078.50 3.513000e+00
2079.50 3.503000e+00
2080.50 3.540000e+00
2081.50 3.484000e+00
2082.50 3.492000e+00
2083.50 3.477000e+00
2084.50 3.468000e+00
2085.50 3.453000e+00
2086.50 3.444000e+00
2087.50 3.478000e+00
2088.50 3.443000e+00
2089.50 3.436000e+00
2090.50 3.427000e+00
2091.50 3.431000e+00
2092.50 3.420000e+00
2093.50 3.410000e+00
2094.50 3.396000e+00
2095.50 3.413000e+00
2096.50 3.399000e+00
2097.50 3.420000e+00
2098.50 3.403000e+00
2099.50 3.377000e+00
2100.50 3.366000e+00
2101.50 3.374000e+00
2102.50 3.377000e+00
2103.50 3.381000e+00
2104.50 3.372000e+00
2105.50 3.345000e+00
2106.50 3.366000e+00
2107.50 3.346000e+00
2108.50 3.326000e+00
2109.50 3.307000e+00
2110.50 3.299000e+00
2111.50 3.302000e+00
2112.50 3.301000e+00
2113.50 3.276000e+00
2114.50 3.286000e+00
2115.50 3.276000e+00
2116.50 3.279000e+00
2117.50 3.271000e+00
2118.50 3.268000e+00
2119.50 3.255000e+00
2120.50 3.249000e+00
2121.50 3.231000e+00
2122.50 3.228000e+00
2123.50 3.216000e+00
2124.50 3.212000e+00
2125.50 3.211000e+00
2126.50 3.205000e+00
2127.50 3.200000e+00
2128.50 3.201000e+00
2129.50 3.185000e+00
2130.50 3.191000e+00
2131.50 3.182000e+00
2132.50 3.178000e+00
2133.50 3.187000e+00
2134.50 3.180000e+00
2135.50 3.182000e+00
2136.50 3.167000e+00
2137.50 3.176000e+00
2138.50 3.167000e+00
2139.50 3.151000e+00
2140.50 3.148000e+00
2141.50 3.172000e+00
2142.50 3.156000e+00
2143.50 3.142000e+00
2144.50 3.138000e+00
2145.50 3.149000e+00
2146.50 3.133000e+00
2147.50 3.138000e+00
2148.50 3.114000e+00
2149.50 3.123000e+00
2150.50 3.125000e+00
2151.50 3.104000e+00
2152.50 3.100000e+00
2153.50 3.092000e+00
2154.50 3.102000e+00
2155.50 3.087000e+00
2156.50 3.088000e+00
2157.50 3.065000e+00
2158.50 3.079000e+00
2159.50 3.084000e+00
2160.50 3.063000e+00
2161.50 3.063000e+00
2162.50 3.070000e+00
2163.50 3.064000e+00
2164.50 3.061000e+00
2165.50 3.097000e+00
2166.50 3.060000e+00
2167.50 3.080000e+00
2168.50 3.084000e+00
2169.50 3.091000e+00
2170.50 3.066000e+00
2171.50 3.061000e+00
2172.50 3.087000e+00
2173.50 3.062000e+00
2174.50 3.069000e+00
2175.50 3.064000e+00
2176.50 3.074000e+00
2177.50 3.051000e+00
2178.50 3.052000e+00
2179.50 3.056000e+00
2180.50 3.040000e+00
2181.50 3.026000e+00
2182.50 3.051000e+00
2183.50 3.033000e+00
2184.50 3.033000e+00
2185.50 3.025000e+00
2186.50 3.016000e+00
2187.50 2.997000e+00
2188.50 2.994000e+00
2189.50 2.998000e+00
2190.50 3.002000e+00
2191.50 2.993000e+00
2192.50 2.986000e+00
2193.50 2.982000e+00
2194.50 2.970000e+00
2195.50 2.958000e+00
2196.50 2.980000e+00
2197.50 2.954000e+00
2198.50 2.943000e+00
2199.50 2.943000e+00
2200.50 2.942000e+00
2201.50 2.961000e+00
2202.50 2.944000e+00
2203.50 2.949000e+00
2204.50 2.939000e+00
2205.50 2.953000e+00
2206.50 2.941000e+00
2207.50 2.940000e+00
2208.50 2.956000e+00
2209.50 2.943000e+00
2210.50 2.965000e+00
2211.50 2.966000e+00
2212.50 2.970000e+00
2213.50 2.963000e+00
2214.50 2.971000e+00
2215.50 2.968000e+00
2216.50 2.946000e+00
2217.50 2.962000e+00
2218.50 2.964000e+00
2219.50 2.961000e+00
2220.50 2.962000e+00
2221.50 2.966000e+00
2222.50 2.964000e+00
2223.50 2.960000e+00
2224.50 2.961000e+00
2225.50 2.952000e+00
2226.50 2.969000e+00
2227.50 2.963000e+00
2228.50 2.936000e+00
2229.50 2.921000e+00
2230.50 2.920000e+00
2231.50 2.922000e+00
2232.50 2.934000e+00
2233.50 2.918000e+00
2234.50 2.918000e+00
2235.50 2.907000e+00
2236.50 2.895000e+00
2237.50 2.890000e+00
2238.50 2.907000e+00
2239.50 2.910000e+00
2240.50 2.910000e+00
2241.50 2.902000e+00
2242.50 2.896000e+00
2243.50 2.895000e+00
2244.50 2.885000e+00
2245.50 2.901000e+00
2246.50 2.911000e+00
2247.50 2.916000e+00
2248.50 2.900000e+00
2249.50 2.907000e+00
2250.50 2.899000e+00
2251.50 2.913000e+00
2252.50 2.918000e+00
2253.50 2.924000e+00
2254.50 2.909000e+00
2255.50 2.931000e+00
2256.50 2.916000e+00
2257.50 2.915000e+00
2258.50 2.913000e+00
2259.50 2.921000e+00
2260.50 2.919000e+00
2261.50 2.931000e+00
2262.50 2.916000e+00
2263.50 2.930000e+00
2264.50 2.956000e+00
2265.50 2.939000e+00
2266.50 2.932000e+00
2267.50 2.941000e+00
2268.50 2.930000e+00
2269.50 2.946000e+00
2270.50 2.939000e+00
2271.50 2.947000e+00
2272.50 2.944000e+00
2273.50 2.953000e+00
2274.50 2.961000e+00
2275.50 2.980000e+00
2276.50 2.982000e+00
2277.50 2.969000e+00
2278.50 2.967000e+00
2279.50 2.986000e+00
2280.50 2.967000e+00
2281.50 2.976000e+00
2282.50 2.990000e+00
2283.50 2.982000e+00
2284.50 2.994000e+00
2285.50 2.998000e+00
2286.50 2.992000e+00
2287.50 2.998000e+00
2288.50 3.020000e+00
2289.50 3.022000e+00
2290.50 3.031000e+00
2291.50 3.007000e+00
2292.50 3.019000e+00
2293.50 3.023000e+00
2294.50 3.031000e+00
2295.50 3.033000e+00
2296.50 3.036000e+00
2297.50 3.045000e+00
2298.50 3.069000e+00
2299.50 3.039000e+00
2300.50 3.046000e+00
2301.50 3.052000e+00
2302.50 3.045000e+00
2303.50 3.051000e+00
2304.50 3.058000e+00
2305.50 3.051000e+00
2306.50 3.076000e+00
2307.50 3.064000e+00
2308.50 3.064000e+00
2309.50 3.067000e+00
2310.50 3.049000e+00
2311.50 3.056000e+00
2312.50 3.049000e+00
2313.50 3.070000e+00
2314.50 3.084000e+00
2315.50 3.071000e+00
2316.50 3.088000e+00
2317.50 3.084000e+00
2318.50 3.090000e+00
2319.50 3.083000e+00
2320.50 3.111000e+00
2321.50 3.115000e+00
2322.50 3.124000e+00
2323.50 3.117000e+00
2324.50 3.125000e+00
2325.50 3.120000e+00
2326.50 3.149000e+00
2327.50 3.153000e+00
2328.50 3.157000e+00
2329.50 3.145000e+00
2330.50 3.124000e+00
2331.50 3.108000e+00
2332.50 3.117000e+00
2333.50 3.108000e+00
2334.50 3.099000e+00
2335.50 3.083000e+00
2336.50 3.077000e+00
2337.50 3.078000e+00
2338.50 3.055000e+00
2339.50 3.039000e+00
2340.50 3.064000e+00
2341.50 3.050000e+00
2342.50 3.049000e+00
2343.50 3.030000e+00
2344.50 3.038000e+00
2345.50 3.027000e+00
2346.50 3.016000e+00
2347.50 3.018000e+00
2348.50 3.003000e+00
2349.50 2.990000e+00
2350.50 3.010000e+00
2351.50 2.987000e+00
2352.50 3.003000e+00
2353.50 2.981000e+00
2354.50 2.974000e+00
2355.50 2.988000e+00
2356.50 2.983000e+00
2357.50 2.983000e+00
2358.50 2.977000e+00
2359.50 2.977000e+00
2360.50 2.966000e+00
2361.50 2.966000e+00
2362.50 2.964000e+00
2363.50 2.957000e+00
2364.50 2.967000e+00
2365.50 2.969000e+00
2366.50 2.950000e+00
2367.50 2.965000e+00
2368.50 2.971000e+00
2369.50 2.954000e+00
2370.50 2.951000e+00
2371.50 2.944000e+00
2372.50 2.935000e+00
2373.50 2.931000e+00
2374.50 2.940000e+00
2375.50 2.935000e+00
2376.50 2.938000e+00
2377.50 2.932000e+00
2378.50 2.937000e+00
2379.50 2.935000e+00
2380.50 2.940000e+00
2381.50 2.934000e+00
2382.50 2.939000e+00
2383.50 2.951000e+00
2384.50 2.933000e+00
2385.50 2.950000e+00
2386.50 2.934000e+00
2387.50 2.950000e+00
2388.50 2.935000e+00
2389.50 2.939000e+00
2390.50 2.948000e+00
2391.50 2.957000e+00
2392.50 2.938000e+00
2393.50 2.935000e+00
2394.50 2.929000e+00
2395.50 2.944000e+00
2396.50 2.926000e+00
2397.50 2.942000e+00
2398.50 2.943000e+00
2399.50 2.946000e+00
2400.50 2.941000e+00
2401.50 2.940000e+00
2402.50 2.939000e+00
2403.50 2.942000e+00
2404.50 2.951000e+00
2405.50 2.948000e+00
2406.50 2.952000e+00
2407.50 2.963000e+00
2408.50 2.962000e+00
2409.50 2.986000e+00
2410.50 2.982000e+00
2411.50 2.975000e+00
2412.50 2.976000e+00
2413.50 2.972000e+00
2414.50 2.985000e+00
2415.50 3.006000e+00
2416.50 3.028000e+00
2417.50 3.007000e+00
2418.50 3.041000e+00
2419.50 3.037000e+00
2420.50 3.057000e+00
2421.50 3.054000e+00
2422.50 3.067000e+00
2423.50 3.074000e+00
2424.50 3.067000e+00
2425.50 3.057000e+00
2426.50 3.058000e+00
2427.50 3.052000e+00
2428.50 3.020000e+00
2429.50 3.001000e+00
2430.50 3.005000e+00
2431.50 3.005000e+00
2432.50 2.978000e+00
2433.50 3.004000e+00
2434.50 3.000000e+00
2435.50 3.006000e+00
2436.50 3.003000e+00
2437.50 2.989000e+00
2438.50 2.988000e+00
2439.50 2.987000e+00
2440.50 2.991000e+00
2441.50 2.988000e+00
2442.50 2.975000e+00
2443.50 2.961000e+00
2444.50 2.958000e+00
2445.50 2.959000e+00
2446.50 2.943000e+00
2447.50 2.951000e+00
2448.50 2.945000e+00
2449.50 2.925000e+00
2450.50 2.951000e+00
2451.50 2.936000e+00
2452.50 2.931000e+00
2453.50 2.924000e+00
2454.50 2.905000e+00
2455.50 2.913000e+00
2456.50 2.903000e+00
2457.50 2.907000e+00
2458.50 2.911000e+00
2459.50 2.910000e+00
2460.50 2.917000e+00
2461.50 2.927000e+00
2462.50 2.925000e+00
2463.50 2.943000e+00
2464.50 2.940000e+00
2465.50 2.942000e+00
2466.50 2.962000e+00
2467.50 2.946000e+00
2468.50 2.952000e+00
2469.50 2.933000e+00
2470.50 2.960000e+00
2471.50 2.936000e+00
2472.50 2.942000e+00
2473.50 2.937000e+00
2474.50 2.935000e+00
2475.50 2.941000e+00
2476.50 2.931000e+00
2477.50 2.926000e+00
2478.50 2.915000e+00
2479.50 2.923000e+00
2480.50 2.915000e+00
2481.50 2.915000e+00
2482.50 2.923000e+00
2483.50 2.913000e+00
2484.50 2.925000e+00
2485.50 2.921000e+00
2486.50 2.908000e+00
2487.50 2.916000e+00
2488.50 2.915000e+00
2489.50 2.912000e+00
2490.50 2.906000e+00
2491.50 2.914000e+00
2492.50 2.906000e+00
2493.50 2.912000e+00
2494.50 2.920000e+00
2495.50 2.914000e+00
2496.50 2.900000e+00
2497.50 2.904000e+00
2498.50 2.908000e+00
2499.50 2.897000e+00
2500.50 2.888000e+00
2501.50 2.886000e+00
2502.50 2.905000e+00
2503.50 2.894000e+00
2504.50 2.892000e+00
2505.50 2.878000e+00
2506.50 2.882000e+00
2507.50 2.876000e+00
2508.50 2.887000e+00
2509.50 2.871000e+00
2510.50 2.872000e+00
2511.50 2.877000e+00
2512.50 2.870000e+00
2513.50 2.866000e+00
2514.50 2.863000e+00
2515.50 2.861000e+00
2516.50 2.867000e+00
2517.50 2.854000e+00
2518.50 2.863000e+00
2519.50 2.848000e+00
2520.50 2.847000e+00
2521.50 2.849000e+00
2522.50 2.848000e+00
2523.50 2.838000e+00
2524.50 2.835000e+00
2525.50 2.849000e+00
2526.50 2.855000e+00
2527.50 2.833000e+00
2528.50 2.830000e+00
2529.50 2.843000e+00
2530.50 2.831000e+00
2531.50 2.824000e+00
2532.50 2.819000e+00
2533.50 2.831000e+00
2534.50 2.823000e+00
2535.50 2.818000e+00
2536.50 2.833000e+00
2537.50 2.803000e+00
2538.50 2.826000e+00
2539.50 2.820000e+00
2540.50 2.807000e+00
2541.50 2.813000e+00
2542.50 2.811000e+00
2543.50 2.809000e+00
2544.50 2.807000e+00
2545.50 2.796000e+00
2546.50 2.804000e+00
2547.50 2.775000e+00
2548.50 2.795000e+00
2549.50 2.801000e+00
2550.50 2.764000e+00
2551.50 2.768000e+00
2552.50 2.784000e+00
2553.50 2.783000e+00
2554.50 2.763000e+00
2555.50 2.762000e+00
2556.50 2.766000e+00
2557.50 2.756000e+00
2558.50 2.762000e+00
2559.50 2.758000e+00
2560.50 2.754000e+00
2561.50 2.740000e+00
2562.50 2.743000e+00
2563.50 2.746000e+00
2564.50 2.747000e+00
2565.50 2.732000e+00
2566.50 2.719000e+00
2567.50 2.728000e+00
2568.50 2.725000e+00
2569.50 2.727000e+00
2570.50 2.712000e+00
2571.50 2.711000e+00
2572.50 2.722000e+00
2573.50 2.714000e+00
2574.50 2.706000e+00
2575.50 2.707000e+00
2576.50 2.712000e+00
2577.50 2.688000e+00
2578.50 2.700000e+00
2579.50 2.708000e+00
2580.50 2.694000e+00
2581.50 2.699000e+00
2582.50 2.681000e+00
2583.50 2.666000e+00
2584.50 2.676000e+00
2585.50 2.683000e+00
2586.50 2.676000e+00
2587.50 2.676000e+00
2588.50 2.672000e+00
2589.50 2.676000e+00
2590.50 2.673000e+00
2591.50 2.669000e+00
2592.50 2.674000e+00
2593.50 2.656000e+00
2594.50 2.653000e+00
2595.50 2.655000e+00
2596.50 2.665000e+00
2597.50 2.661000e+00
2598.50 2.655000e+00
2599.50 2.636000e+00
2600.50 2.637000e+00
2601.50 2.642000e+00
2602.50 2.646000e+00
2603.50 2.645000e+00
2604.50 2.633000e+00
2605.50 2.657000e+00
2606.50 2.634000e+00
2607.50 2.632000e+00
2608.50 2.642000e+00
2609.50 2.650000e+00
2610.50 2.648000e+00
2611.50 2.647000e+00
2612.50 2.654000e+00
2613.50 2.646000e+00
2614.50 2.656000e+00
2615.50 2.649000e+00
2616.50 2.640000e+00
2617.50 2.652000e+00
2618.50 2.632000e+00
2619.50 2.648000e+00
2620.50 2.633000e+00
2621.50 2.649000e+00
2622.50 2.639000e+00
2623.50 2.628000e+00
2624.50 2.633000e+00
2625.50 2.633000e+00
2626.50 2.642000e+00
2627.50 2.625000e+00
2628.50 2.633000e+00
2629.50 2.608000e+00
2630.50 2.624000e+00
2631.50 2.620000e+00
2632.50 2.609000e+00
2633.50 2.597000e+00
2634.50 2.588000e+00
2635.50 2.593000e+00
2636.50 2.575000e+00
2637.50 2.564000e+00
2638.50 2.565000e+00
2639.50 2.548000e+00
2640.50 2.549000e+00
2641.50 2.538000e+00
2642.50 2.536000e+00
2643.50 2.522000e+00
2644.50 2.512000e+00
2645.50 2.510000e+00
2646.50 2.527000e+00
2647.50 2.498000e+00
2648.50 2.488000e+00
2649.50 2.485000e+00
2650.50 2.492000e+00
2651.50 2.496000e+00
2652.50 2.456000e+00
2653.50 2.461000e+00
2654.50 2.473000e+00
2655.50 2.472000e+00
2656.50 2.463000e+00
2657.50 2.461000e+00
2658.50 2.454000e+00
2659.50 2.456000e+00
2660.50 2.457000e+00
2661.50 2.463000e+00
2662.50 2.483000e+00
2663.50 2.479000e+00
2664.50 2.467000e+00
2665.50 2.470000e+00
2666.50 2.473000e+00
2667.50 2.481000e+00
2668.50 2.494000e+00
2669.50 2.483000e+00
2670.50 2.487000e+00
2671.50 2.503000e+00
2672.50 2.487000e+00
2673.50 2.491000e+00
2674.50 2.485000e+00
2675.50 2.491000e+00
2676.50 2.494000e+00
2677.50 2.483000e+00
2678.50 2.485000e+00
2679.50 2.493000e+00
2680.50 2.479000e+00
2681.50 2.480000e+00
2682.50 2.469000e+00
2683.50 2.480000e+00
2684.50 2.457000e+00
2685.50 2.473000e+00
2686.50 2.482000e+00
2687.50 2.480000e+00
2688.50 2.470000e+00
2689.50 2.469000e+00
2690.50 2.484000e+00
2691.50 2.476000e+00
2692.50 2.492000e+00
2693.50 2.482000e+00
2694.50 2.478000e+00
2695.50 2.461000e+00
2696.50 2.497000e+00
2697.50 2.494000e+00
2698.50 2.500000e+00
2699.50 2.496000e+00
2700.50 2.480000e+00
2701.50 2.490000e+00
2702.50 2.503000e+00
2703.50 2.509000e+00
2704.50 2.505000e+00
2705.50 2.506000e+00
2706.50 2.520000e+00
2707.50 2.513000e+00
2708.50 2.511000e+00
2709.50 2.533000e+00
2710.50 2.524000e+00
2711.50 2.532000e+00
2712.50 2.550000e+00
2713.50 2.541000e+00
2714.50 2.554000e+00
2715.50 2.549000e+00
2716.50 2.564000e+00
2717.50 2.565000e+00
2718.50 2.567000e+00
2719.50 2.571000e+00
2720.50 2.570000e+00
2721.50 2.568000e+00
2722.50 2.588000e+00
2723.50 2.571000e+00
2724.50 2.586000e+00
2725.50 2.588000e+00
2726.50 2.591000e+00
2727.50 2.590000e+00
2728.50 2.599000e+00
2729.50 2.612000e+00
2730.50 2.615000e+00
2731.50 2.618000e+00
2732.50 2.626000e+00
2733.50 2.626000e+00
2734.50 2.624000e+00
2735.50 2.626000e+00
2736.50 2.641000e+00
2737.50 2.638000e+00
2738.50 2.636000e+00
2739.50 2.637000e+00
2740.50 2.641000e+00
2741.50 2.649000e+00
2742.50 2.654000e+00
2743.50 2.657000e+00
2744.50 2.674000e+00
2745.50 2.682000e+00
2746.50 2.687000e+00
2747.50 2.694000e+00
2748.50 2.681000e+00
2749.50 2.693000e+00
2750.50 2.707000e+00
2751.50 2.709000e+00
2752.50 2.709000e+00
2753.50 2.708000e+00
2754.50 2.698000e+00
2755.50 2.713000e+00
2756.50 2.698000e+00
2757.50 2.715000e+00
2758.50 2.719000e+00
2759.50 2.716000e+00
2760.50 2.731000e+00
2761.50 2.719000e+00
2762.50 2.724000e+00
2763.50 2.733000e+00
2764.50 2.729000e+00
2765.50 2.734000e+00
2766.50 2.735000e+00
2767.50 2.758000e+00
2768.50 2.750000e+00
2769.50 2.768000e+00
2770.50 2.789000e+00
2771.50 2.803000e+00
2772.50 2.810000e+00
2773.50 2.825000e+00
2774.50 2.845000e+00
2775.50 2.871000e+00
2776.50 2.899000e+00
2777.50 2.911000e+00
2778.50 2.916000e+00
2779.50 2.924000e+00
2780.50 2.976000e+00
2781.50 3.010000e+00
2782.50 3.056000e+00
2783.50 3.084000e+00
2784.50 3.122000e+00
2785.50 3.153000e+00
2786.50 3.208000e+00
2787.50 3.243000e+00
2788.50 3.288000e+00
2789.50 3.359000e+00
2790.50 3.399000e+00
2791.50 3.474000e+00
2792.50 3.506000e+00
2793.50 3.568000e+00
2794.50 3.605000e+00
2795.50 3.645000e+00
2796.50 3.699000e+00
2797.50 3.734000e+00
2798.50 3.754000e+00
2799.50 3.741000e+00
2800.50 3.746000e+00
2801.50 3.727000e+00
2802.50 3.737000e+00
2803.50 3.691000e+00
2804.50 3.672000e+00
2805.50 3.653000e+00
2806.50 3.592000e+00
2807.50 3.536000e+00
2808.50 3.486000e+00
2809.50 3.426000e+00
2810.50 3.385000e+00
2811.50 3.324000e+00
2812.50 3.255000e+00
2813.50 3.201000e+00
2814.50 3.141000e+00
2815.50 3.107000e+00
2816.50 3.059000e+00
2817.50 3.034000e+00
2818.50 2.980000e+00
2819.50 2.940000e+00
2820.50 2.899000e+00
2821.50 2.887000e+00
2822.50 2.866000e+00
2823.50 2.834000e+00
2824.50 2.817000e+00
2825.50 2.814000e+00
2826.50 2.791000e+00
2827.50 2.754000e+00
2828.50 2.743000e+00
2829.50 2.750000e+00
2830.50 2.720000e+00
2831.50 2.716000e+00
2832.50 2.725000e+00
2833.50 2.720000e+00
2834.50 2.703000e+00
2835.50 2.697000e+00
2836.50 2.695000e+00
2837.50 2.677000e+00
2838.50 2.684000e+00
2839.50 2.651000e+00
2840.50 2.651000e+00
2841.50 2.622000e+00
2842.50 2.623000e+00
2843.50 2.604000e+00
2844.50 2.606000e+00
2845.50 2.599000e+00
2846.50 2.595000e+00
2847.50 2.580000e+00
2848.50 2.578000e+00
2849.50 2.566000e+00
2850.50 2.566000e+00
2851.50 2.571000e+00
2852.50 2.567000e+00
2853.50 2.540000e+00
2854.50 2.522000e+00
2855.50 2.514000e+00
2856.50 2.510000e+00
2857.50 2.509000e+00
2858.50 2.510000e+00
2859.50 2.495000e+00
2860.50 2.483000e+00
2861.50 2.486000e+00
2862.50 2.473000e+00
2863.50 2.462000e+00
2864.50 2.452000e+00
2865.50 2.447000e+00
2866.50 2.436000e+00
2867.50 2.438000e+00
2868.50 2.442000e+00
2869.50 2.443000e+00
2870.50 2.430000e+00
2871.50 2.433000e+00
2872.50 2.420000e+00
2873.50 2.405000e+00
2874.50 2.404000e+00
2875.50 2.391000e+00
2876.50 2.396000e+00
2877.50 2.378000e+00
2878.50 2.387000e+00
2879.50 2.391000e+00
2880.50 2.373000e+00
2881.50 2.372000e+00
2882.50 2.353000e+00
2883.50 2.345000e+00
2884.50 2.369000e+00
2885.50 2.347000e+00
2886.50 2.350000e+00
2887.50 2.334000e+00
2888.50 2.333000e+00
2889.50 2.334000e+00
2890.50 2.319000e+00
2891.50 2.320000e+00
2892.50 2.326000e+00
2893.50 2.309000e+00
2894.50 2.296000e+00
2895.50 2.301000e+00
2896.50 2.287000e+00
2897.50 2.287000e+00
2898.50 2.283000e+00
2899.50 2.260000e+00
2900.50 2.283000e+00
2901.50 2.283000e+00
2902.50 2.279000e+00
2903.50 2.251000e+00
2904.50 2.263000e+00
2905.50 2.279000e+00
2906.50 2.258000e+00
2907.50 2.239000e+00
2908.50 2.231000e+00
2909.50 2.246000e+00
2910.50 2.234000e+00
2911.50 2.230000e+00
2912.50 2.227000e+00
2913.50 2.230000e+00
2914.50 2.247000e+00
2915.50 2.236000e+00
2916.50 2.263000e+00
2917.50 2.237000e+00
2918.50 2.254000e+00
2919.50 2.255000e+00
2920.50 2.262000e+00
2921.50 2.268000e+00
2922.50 2.252000e+00
2923.50 2.281000e+00
2924.50 2.285000e+00
2925.50 2.278000e+00
2926.50 2.260000e+00
2927.50 2.273000e+00
2928.50 2.295000e+00
2929.50 2.296000e+00
2930.50 2.306000e+00
2931.50 2.288000e+00
2932.50 2.299000e+00
2933.50 2.306000e+00
2934.50 2.306000e+00
2935.50 2.297000e+00
2936.50 2.294000e+00
2937.50 2.285000e+00
2938.50 2.296000e+00
2939.50 2.284000e+00
2940.50 2.297000e+00
2941.50 2.287000e+00
2942.50 2.290000e+00
2943.50 2.301000e+00
2944.50 2.297000e+00
2945.50 2.295000e+00
2946.50 2.306000e+00
2947.50 2.307000e+00
2948.50 2.285000e+00
2949.50 2.289000e+00
2950.50 2.293000e+00
2951.50 2.280000e+00
2952.50 2.284000e+00
2953.50 2.272000e+00
2954.50 2.280000e+00
2955.50 2.290000e+00
2956.50 2.297000e+00
2957.50 2.286000e+00
2958.50 2.284000e+00
2959.50 2.267000e+00
2960.50 2.278000e+00
2961.50 2.258000e+00
2962.50 2.272000e+00
2963.50 2.271000e+00
2964.50 2.269000e+00
2965.50 2.268000e+00
2966.50 2.261000e+00
2967.50 2.271000e+00
2968.50 2.263000e+00
2969.50 2.253000e+00
2970.50 2.248000e+00
2971.50 2.247000e+00
2972.50 2.250000e+00
2973.50 2.250000e+00
2974.50 2.242000e+00
2975.50 2.252000e+00
2976.50 2.255000e+00
2977.50 2.231000e+00
2978.50 2.226000e+00
2979.50 2.233000e+00
2980.50 2.237000e+00
2981.50 2.210000e+00
2982.50 2.215000e+00
2983.50 2.219000e+00
2984.50 2.208000e+00
2985.50 2.210000e+00
2986.50 2.199000e+00
2987.50 2.185000e+00
2988.50 2.191000e+00
2989.50 2.193000e+00
2990.50 2.179000e+00
2991.50 2.175000e+00
2992.50 2.168000e+00
2993.50 2.157000e+00
2994.50 2.139000e+00
2995.50 2.138000e+00
2996.50 2.127000e+00
2997.50 2.134000e+00
2998.50 2.133000e+00
2999.50 2.116000e+00
3000.50 2.112000e+00
3001.50 2.098000e+00
3002.50 2.098000e+00
3003.50 2.081000e+00
3004.50 2.087000e+00
3005.50 2.085000e+00
3006.50 2.069000e+00
3007.50 2.069000e+00
3008.50 2.063000e+00
3009.50 2.048000e+00
3010.50 2.042000e+00
3011.50 2.037000e+00
3012.50 2.019000e+00
3013.50 2.036000e+00
3014.50 2.019000e+00
3015.50 2.009000e+00
3016.50 2.005000e+00
3017.50 2.008000e+00
3018.50 2.010000e+00
3019.50 1.993000e+00
3020.50 1.982000e+00
3021.50 1.981000e+00
3022.50 1.982000e+00
3023.50 1.986000e+00
3024.50 1.976000e+00
3025.50 1.978000e+00
3026.50 1.975000e+00
3027.50 1.972000e+00
3028.50 1.979000e+00
3029.50 1.985000e+00
3030.50 1.973000e+00
3031.50 1.979000e+00
3032.50 1.974000e+00
3033.50 1.967000e+00
3034.50 1.968000e+00
3035.50 1.979000e+00
3036.50 1.966000e+00
3037.50 1.957000e+00
3038.50 1.978000e+00
3039.50 1.979000e+00
3040.50 1.981000e+00
3041.50 1.973000e+00
3042.50 1.975000e+00
3043.50 1.967000e+00
3044.50 1.980000e+00
3045.50 1.966000e+00
3046.50 1.981000e+00
3047.50 1.965000e+00
3048.50 1.980000e+00
3049.50 1.965000e+00
3050.50 1.977000e+00
3051.50 1.977000e+00
3052.50 1.973000e+00
3053.50 1.971000e+00
3054.50 1.964000e+00
3055.50 1.959000e+00
3056.50 1.964000e+00
3057.50 1.966000e+00
3058.50 1.961000e+00
3059.50 1.964000e+00
3060.50 1.971000e+00
3061.50 1.951000e+00
3062.50 1.968000e+00
3063.50 1.971000e+00
3064.50 1.966000e+00
3065.50 1.971000e+00
3066.50 1.958000e+00
3067.50 1.964000e+00
3068.50 1.979000e+00
3069.50 1.971000e+00
3070.50 1.960000e+00
3071.50 1.967000e+00
3072.50 1.971000e+00
3073.50 1.965000e+00
3074.50 1.971000e+00
3075.50 1.958000e+00
3076.50 1.967000e+00
3077.50 1.957000e+00
3078.50 1.966000e+00
3079.50 1.963000e+00
3080.50 1.964000e+00
3081.50 1.967000e+00
3082.50 1.966000e+00
3083.50 1.971000e+00
3084.50 1.950000e+00
3085.50 1.961000e+00
3086.50 1.955000e+00
3087.50 1.965000e+00
3088.50 1.952000e+00
3089.50 1.955000e+00
3090.50 1.956000e+00
3091.50 1.935000e+00
3092.50 1.958000e+00
3093.50 1.948000e+00
3094.50 1.946000e+00
3095.50 1.940000e+00
3096.50 1.939000e+00
3097.50 1.941000e+00
3098.50 1.946000e+00
3099.50 1.943000e+00
3100.50 1.944000e+00
3101.50 1.951000e+00
3102.50 1.957000e+00
3103.50 1.953000e+00
3104.50 1.957000e+00
3105.50 1.961000e+00
3106.50 1.962000e+00
3107.50 1.975000e+00
3108.50 1.980000e+00
3109.50 1.961000e+00
3110.50 1.977000e+00
3111.50 1.977000e+00
3112.50 1.989000e+00
3113.50 1.991000e+00
3114.50 1.999000e+00
3115.50 2.002000e+00
3116.50 1.999000e+00
3117.50 2.001000e+00
3118.50 1.989000e+00
3119.50 2.006000e+00
3120.50 2.018000e+00
3121.50 2.028000e+00
3122.50 2.035000e+00
3123.50 2.022000e+00
3124.50 2.027000e+00
3125.50 2.038000e+00
3126.50 2.035000e+00
3127.50 2.027000e+00
3128.50 2.022000e+00
3129.50 2.040000e+00
3130.50 2.040000e+00
3131.50 2.046000e+00
3132.50 2.044000e+00
3133.50 2.039000e+00
3134.50 2.052000e+00
3135.50 2.039000e+00
3136.50 2.028000e+00
3137.50 2.010000e+00
3138.50 2.010000e+00
3139.50 2.005000e+00
3140.50 2.010000e+00
3141.50 2.012000e+00
3142.50 2.007000e+00
3143.50 1.997000e+00
3144.50 1.993000e+00
3145.50 1.992000e+00
3146.50 1.997000e+00
3147.50 1.994000e+00
3148.50 1.996000e+00
3149.50 1.989000e+00
3150.50 1.996000e+00
3151.50 1.988000e+00
3152.50 1.983000e+00
3153.50 1.991000e+00
3154.50 1.992000e+00
3155.50 2.005000e+00
3156.50 1.997000e+00
3157.50 1.976000e+00
3158.50 1.993000e+00
3159.50 1.977000e+00
3160.50 1.993000e+00
3161.50 1.994000e+00
3162.50 1.983000e+00
3163.50 2.001000e+00
3164.50 2.000000e+00
3165.50 1.997000e+00
3166.50 1.999000e+00
3167.50 2.013000e+00
3168.50 2.011000e+00
3169.50 2.010000e+00
3170.50 2.002000e+00
3171.50 2.017000e+00
3172.50 2.017000e+00
3173.50 2.002000e+00
3174.50 2.010000e+00
3175.50 2.010000e+00
3176.50 2.024000e+00
3177.50 2.024000e+00
3178.50 2.016000e+00
3179.50 2.025000e+00
3180.50 2.018000e+00
3181.50 2.021000e+00
3182.50 2.019000e+00
3183.50 2.034000e+00
3184.50 2.038000e+00
3185.50 2.035000e+00
3186.50 2.046000e+00
3187.50 2.042000e+00
3188.50 2.036000e+00
3189.50 2.064000e+00
3190.50 2.051000e+00
3191.50 2.053000e+00
3192.50 2.063000e+00
3193.50 2.047000e+00
3194.50 2.035000e+00
3195.50 2.032000e+00
3196.50 2.039000e+00
3197.50 2.035000e+00
3198.50 2.031000e+00
3199.50 2.026000e+00
3200.50 2.033000e+00
3201.50 2.033000e+00
3202.50 2.034000e+00
3203.50 2.024000e+00
3204.50 2.022000e+00
3205.50 2.002000e+00
3206.50 2.007000e+00
3207.50 2.005000e+00
3208.50 2.016000e+00
3209.50 1.996000e+00
3210.50 1.999000e+00
3211.50 2.000000e+00
3212.50 2.004000e+00
3213.50 1.986000e+00
3214.50 1.972000e+00
3215.50 1.984000e+00
3216.50 1.989000e+00
3217.50 1.986000e+00
3218.50 1.978000e+00
3219.50 1.982000e+00
3220.50 1.962000e+00
3221.50 1.962000e+00
3222.50 1.972000e+00
3223.50 1.973000e+00
3224.50 1.977000e+00
3225.50 1.969000e+00
3226.50 1.973000e+00
3227.50 1.967000e+00
3228.50 1.970000e+00
3229.50 1.976000e+00
3230.50 1.964000e+00
3231.50 1.960000e+00
3232.50 1.947000e+00
3233.50 1.951000e+00
3234.50 1.944000e+00
3235.50 1.949000e+00
3236.50 1.947000e+00
3237.50 1.943000e+00
3238.50 1.937000e+00
3239.50 1.943000e+00
3240.50 1.935000e+00
3241.50 1.937000e+00
3242.50 1.939000e+00
3243.50 1.931000e+00
3244.50 1.929000e+00
3245.50 1.918000e+00
3246.50 1.928000e+00
3247.50 1.925000e+00
3248.50 1.925000e+00
3249.50 1.920000e+00
3250.50 1.921000e+00
3251.50 1.915000e+00
3252.50 1.921000e+00
3253.50 1.919000e+00
3254.50 1.924000e+00
3255.50 1.921000e+00
3256.50 1.916000e+00
3257.50 1.933000e+00
3258.50 1.932000e+00
3259.50 1.923000e+00
3260.50 1.924000e+00
3261.50 1.933000e+00
3262.50 1.932000e+00
3263.50 1.907000e+00
3264.50 1.921000e+00
3265.50 1.931000e+00
3266.50 1.916000e+00
3267.50 1.901000e+00
3268.50 1.914000e+00
3269.50 1.900000e+00
3270.50 1.900000e+00
3271.50 1.903000e+00
3272.50 1.912000e+00
3273.50 1.899000e+00
3274.50 1.901000e+00
3275.50 1.901000e+00
3276.50 1.907000e+00
3277.50 1.892000e+00
3278.50 1.896000e+00
3279.50 1.915000e+00
3280.50 1.906000e+00
3281.50 1.907000e+00
3282.50 1.906000e+00
3283.50 1.899000e+00
3284.50 1.895000e+00
3285.50 1.888000e+00
3286.50 1.898000e+00
3287.50 1.881000e+00
3288.50 1.882000e+00
3289.50 1.883000e+00
3290.50 1.871000e+00
3291.50 1.878000e+00
3292.50 1.875000e+00
3293.50 1.867000e+00
3294.50 1.863000e+00
3295.50 1.859000e+00
3296.50 1.858000e+00
3297.50 1.859000e+00
3298.50 1.857000e+00
3299.50 1.868000e+00
3300.50 1.871000e+00
3301.50 1.859000e+00
3302.50 1.861000e+00
3303.50 1.838000e+00
3304.50 1.840000e+00
3305.50 1.835000e+00
3306.50 1.842000e+00
3307.50 1.834000e+00
3308.50 1.824000e+00
3309.50 1.830000e+00
3310.50 1.824000e+00
3311.50 1.817000e+00
3312.50 1.830000e+00
3313.50 1.812000e+00
3314.50 1.808000e+00
3315.50 1.806000e+00
3316.50 1.807000e+00
3317.50 1.799000e+00
3318.50 1.809000e+00
3319.50 1.808000e+00
3320.50 1.786000e+00
3321.50 1.792000e+00
3322.50 1.788000e+00
3323.50 1.792000e+00
3324.50 1.784000e+00
3325.50 1.787000e+00
3326.50 1.797000e+00
3327.50 1.779000e+00
3328.50 1.790000e+00
3329.50 1.784000e+00
3330.50 1.772000e+00
3331.50 1.787000e+00
3332.50 1.797000e+00
3333.50 1.790000e+00
3334.50 1.792000e+00
3335.50 1.790000e+00
3336.50 1.785000e+00
3337.50 1.784000e+00
3338.50 1.790000e+00
3339.50 1.783000e+00
3340.50 1.792000e+00
3341.50 1.802000e+00
3342.50 1.806000e+00
3343.50 1.820000e+00
3344.50 1.809000e+00
3345.50 1.816000e+00
3346.50 1.825000e+00
3347.50 1.803000e+00
3348.50 1.796000e+00
3349.50 1.784000e+00
3350.50 1.781000e+00
3351.50 1.783000e+00
3352.50 1.781000e+00
3353.50 1.768000e+00
3354.50 1.759000e+00
3355.50 1.755000e+00
3356.50 1.751000e+00
3357.50 1.760000e+00
3358.50 1.760000e+00
3359.50 1.759000e+00
3360.50 1.747000e+00
3361.50 1.753000e+00
3362.50 1.751000e+00
3363.50 1.747000e+00
3364.50 1.738000e+00
3365.50 1.752000e+00
3366.50 1.755000e+00
3367.50 1.751000e+00
3368.50 1.748000e+00
3369.50 1.733000e+00
3370.50 1.749000e+00
3371.50 1.746000e+00
3372.50 1.733000e+00
3373.50 1.753000e+00
3374.50 1.743000e+00
3375.50 1.738000e+00
3376.50 1.746000e+00
3377.50 1.743000e+00
3378.50 1.752000e+00
3379.50 1.761000e+00
3380.50 1.737000e+00
3381.50 1.742000e+00
3382.50 1.740000e+00
3383.50 1.742000e+00
3384.50 1.741000e+00
3385.50 1.736000e+00
3386.50 1.735000e+00
3387.50 1.751000e+00
3388.50 1.734000e+00
3389.50 1.733000e+00
3390.50 1.727000e+00
3391.50 1.734000e+00
3392.50 1.738000e+00
3393.50 1.743000e+00
3394.50 1.739000e+00
3395.50 1.738000e+00
3396.50 1.733000e+00
3397.50 1.741000e+00
3398.50 1.741000e+00
3399.50 1.745000e+00
3400.50 1.747000e+00
3401.50 1.757000e+00
3402.50 1.756000e+00
3403.50 1.767000e+00
3404.50 1.751000e+00
3405.50 1.757000e+00
3406.50 1.759000e+00
3407.50 1.760000e+00
3408.50 1.757000e+00
3409.50 1.759000e+00
3410.50 1.755000e+00
3411.50 1.754000e+00
3412.50 1.757000e+00
3413.50 1.773000e+00
3414.50 1.779000e+00
3415.50 1.763000e+00
3416.50 1.770000e+00
3417.50 1.784000e+00
3418.50 1.776000e+00
3419.50 1.790000e+00
3420.50 1.794000e+00
3421.50 1.807000e+00
3422.50 1.817000e+00
3423.50 1.820000e+00
3424.50 1.854000e+00
3425.50 1.841000e+00
3426.50 1.850000e+00
3427.50 1.845000e+00
3428.50 1.822000e+00
3429.50 1.792000e+00
3430.50 1.778000e+00
3431.50 1.777000e+00
3432.50 1.753000e+00
3433.50 1.735000e+00
3434.50 1.730000e+00
3435.50 1.729000e+00
3436.50 1.723000e+00
3437.50 1.727000e+00
3438.50 1.724000e+00
3439.50 1.728000e+00
3440.50 1.724000e+00
3441.50 1.719000e+00
3442.50 1.708000e+00
3443.50 1.711000e+00
3444.50 1.700000e+00
3445.50 1.709000e+00
3446.50 1.697000e+00
3447.50 1.720000e+00
3448.50 1.698000e+00
3449.50 1.702000e+00
3450.50 1.699000e+00
3451.50 1.692000e+00
3452.50 1.704000e+00
3453.50 1.696000e+00
3454.50 1.698000e+00
3455.50 1.696000e+00
3456.50 1.691000e+00
3457.50 1.706000e+00
3458.50 1.690000e+00
3459.50 1.700000e+00
3460.50 1.697000e+00
3461.50 1.693000e+00
3462.50 1.680000e+00
3463.50 1.691000e+00
3464.50 1.692000e+00
3465.50 1.698000e+00
3466.50 1.705000e+00
3467.50 1.689000e+00
3468.50 1.699000e+00
3469.50 1.700000e+00
3470.50 1.700000e+00
3471.50 1.690000e+00
3472.50 1.694000e+00
3473.50 1.697000e+00
3474.50 1.698000e+00
3475.50 1.685000e+00
3476.50 1.688000e+00
3477.50 1.683000e+00
3478.50 1.675000e+00
3479.50 1.679000e+00
3480.50 1.676000e+00
3481.50 1.683000e+00
3482.50 1.684000e+00
3483.50 1.684000e+00
3484.50 1.676000e+00
3485.50 1.673000e+00
3486.50 1.680000e+00
3487.50 1.669000e+00
3488.50 1.681000e+00
3489.50 1.674000e+00
3490.50 1.671000e+00
3491.50 1.676000e+00
3492.50 1.662000e+00
3493.50 1.665000e+00
3494.50 1.670000e+00
3495.50 1.679000e+00
3496.50 1.682000e+00
3497.50 1.670000e+00
3498.50 1.665000e+00
3499.50 1.673000e+00
3500.50 1.669000e+00
3501.50 1.666000e+00
3502.50 1.649000e+00
3503.50 1.652000e+00
3504.50 1.655000e+00
3505.50 1.655000e+00
3506.50 1.638000e+00
3507.50 1.652000e+00
3508.50 1.647000e+00
3509.50 1.642000e+00
3510.50 1.628000e+00
3511.50 1.626000e+00
3512.50 1.612000e+00
3513.50 1.624000e+00
3514.50 1.614000e+00
3515.50 1.618000e+00
3516.50 1.621000e+00
3517.50 1.612000e+00
3518.50 1.611000e+00
3519.50 1.611000e+00
3520.50 1.607000e+00
3521.50 1.601000e+00
3522.50 1.593000e+00
3523.50 1.590000e+00
3524.50 1.575000e+00
3525.50 1.580000e+00
3526.50 1.576000e+00
3527.50 1.574000e+00
3528.50 1.573000e+00
3529.50 1.575000e+00
3530.50 1.560000e+00
3531.50 1.559000e+00
3532.50 1.567000e+00
3533.50 1.560000e+00
3534.50 1.543000e+00
3535.50 1.548000e+00
3536.50 1.551000e+00
3537.50 1.559000e+00
3538.50 1.542000e+00
3539.50 1.546000e+00
3540.50 1.540000e+00
3541.50 1.546000e+00
3542.50 1.541000e+00
3543.50 1.539000e+00
3544.50 1.539000e+00
3545.50 1.539000e+00
3546.50 1.530000e+00
3547.50 1.534000e+00
3548.50 1.525000e+00
3549.50 1.527000e+00
3550.50 1.535000e+00
3551.50 1.527000e+00
3552.50 1.520000e+00
3553.50 1.514000e+00
3554.50 1.539000e+00
3555.50 1.521000e+00
3556.50 1.530000e+00
3557.50 1.517000e+00
3558.50 1.518000e+00
3559.50 1.532000e+00
3560.50 1.521000e+00
3561.50 1.514000e+00
3562.50 1.532000e+00
3563.50 1.528000e+00
3564.50 1.529000e+00
3565.50 1.526000e+00
3566.50 1.528000e+00
3567.50 1.538000e+00
3568.50 1.519000e+00
3569.50 1.526000e+00
3570.50 1.536000e+00
3571.50 1.534000e+00
3572.50 1.534000e+00
3573.50 1.537000e+00
3574.50 1.540000e+00
3575.50 1.530000e+00
3576.50 1.539000e+00
3577.50 1.542000e+00
3578.50 1.549000e+00
3579.50 1.534000e+00
3580.50 1.545000e+00
3581.50 1.543000e+00
3582.50 1.544000e+00
3583.50 1.539000e+00
3584.50 1.524000e+00
3585.50 1.541000e+00
3586.50 1.543000e+00
3587.50 1.535000e+00
3588.50 1.531000e+00
3589.50 1.527000e+00
3590.50 1.525000e+00
3591.50 1.542000e+00
3592.50 1.526000e+00
3593.50 1.518000e+00
3594.50 1.527000e+00
3595.50 1.519000e+00
3596.50 1.529000e+00
3597.50 1.523000e+00
3598.50 1.526000e+00
3599.50 1.521000e+00
3600.50 1.526000e+00
3601.50 1.531000e+00
3602.50 1.521000e+00
3603.50 1.516000e+00
3604.50 1.513000e+00
3605.50 1.515000e+00
3606.50 1.520000e+00
3607.50 1.508000e+00
3608.50 1.516000e+00
3609.50 1.512000e+00
3610.50 1.506000e+00
3611.50 1.505000e+00
3612.50 1.511000e+00
3613.50 1.507000e+00
3614.50 1.516000e+00
3615.50 1.504000e+00
3616.50 1.502000e+00
3617.50 1.495000e+00
3618.50 1.508000e+00
3619.50 1.506000e+00
3620.50 1.506000e+00
3621.50 1.501000e+00
3622.50 1.509000e+00
3623.50 1.493000e+00
3624.50 1.505000e+00
3625.50 1.504000e+00
3626.50 1.501000e+00
3627.50 1.504000e+00
3628.50 1.510000e+00
3629.50 1.510000e+00
3630.50 1.502000e+00
3631.50 1.496000e+00
3632.50 1.491000e+00
3633.50 1.483000e+00
3634.50 1.495000e+00
3635.50 1.491000e+00
3636.50 1.489000e+00
3637.50 1.491000e+00
3638.50 1.489000e+00
3639.50 1.481000e+00
3640.50 1.477000e+00
3641.50 1.487000e+00
3642.50 1.484000e+00
3643.50 1.484000e+00
3644.50 1.461000e+00
3645.50 1.470000e+00
3646.50 1.475000e+00
3647.50 1.475000e+00
3648.50 1.469000e+00
3649.50 1.470000e+00
3650.50 1.473000e+00
3651.50 1.474000e+00
3652.50 1.466000e+00
3653.50 1.466000e+00
3654.50 1.465000e+00
3655.50 1.463000e+00
3656.50 1.471000e+00
3657.50 1.458000e+00
3658.50 1.449000e+00
3659.50 1.473000e+00
3660.50 1.463000e+00
3661.50 1.464000e+00
3662.50 1.457000e+00
3663.50 1.462000e+00
3664.50 1.453000e+00
3665.50 1.456000e+00
3666.50 1.460000e+00
3667.50 1.443000e+00
3668.50 1.460000e+00
3669.50 1.458000e+00
3670.50 1.462000e+00
3671.50 1.446000e+00
3672.50 1.440000e+00
3673.50 1.456000e+00
3674.50 1.461000e+00
3675.50 1.444000e+00
3676.50 1.444000e+00
3677.50 1.455000e+00
3678.50 1.454000e+00
3679.50 1.431000e+00
3680.50 1.433000e+00
3681.50 1.435000e+00
3682.50 1.440000e+00
3683.50 1.437000e+00
3684.50 1.436000e+00
3685.50 1.435000e+00
3686.50 1.429000e+00
3687.50 1.438000e+00
3688.50 1.435000e+00
3689.50 1.429000e+00
3690.50 1.430000e+00
3691.50 1.431000e+00
3692.50 1.430000e+00
3693.50 1.433000e+00
3694.50 1.445000e+00
3695.50 1.427000e+00
3696.50 1.425000e+00
3697.50 1.438000e+00
3698.50 1.417000e+00
3699.50 1.421000e+00
3700.50 1.431000e+00
3701.50 1.426000e+00
3702.50 1.423000e+00
3703.50 1.414000e+00
3704.50 1.421000e+00
3705.50 1.424000e+00
3706.50 1.417000e+00
3707.50 1.402000e+00
3708.50 1.400000e+00
3709.50 1.407000e+00
3710.50 1.413000e+00
3711.50 1.414000e+00
3712.50 1.414000e+00
3713.50 1.414000e+00
3714.50 1.421000e+00
3715.50 1.427000e+00
3716.50 1.424000e+00
3717.50 1.424000e+00
3718.50 1.432000e+00
3719.50 1.438000e+00
3720.50 1.443000e+00
3721.50 1.442000e+00
3722.50 1.452000e+00
3723.50 1.455000e+00
3724.50 1.486000e+00
3725.50 1.533000e+00
3726.50 1.584000e+00
3727.50 1.632000e+00
3728.50 1.674000e+00
3729.50 1.699000e+00
3730.50 1.694000e+00
3731.50 1.644000e+00
3732.50 1.598000e+00
3733.50 1.518000e+00
3734.50 1.476000e+00
3735.50 1.432000e+00
3736.50 1.428000e+00
3737.50 1.414000e+00
3738.50 1.411000e+00
3739.50 1.400000e+00
3740.50 1.399000e+00
3741.50 1.413000e+00
3742.50 1.420000e+00
3743.50 1.418000e+00
3744.50 1.408000e+00
3745.50 1.408000e+00
3746.50 1.406000e+00
3747.50 1.394000e+00
3748.50 1.386000e+00
3749.50 1.397000e+00
3750.50 1.400000e+00
3751.50 1.399000e+00
3752.50 1.399000e+00
3753.50 1.401000e+00
3754.50 1.405000e+00
3755.50 1.418000e+00
3756.50 1.424000e+00
3757.50 1.431000e+00
3758.50 1.440000e+00
3759.50 1.431000e+00
3760.50 1.427000e+00
3761.50 1.407000e+00
3762.50 1.404000e+00
3763.50 1.407000e+00
3764.50 1.403000e+00
3765.50 1.393000e+00
3766.50 1.388000e+00
3767.50 1.385000e+00
3768.50 1.389000e+00
3769.50 1.383000e+00
3770.50 1.381000e+00
3771.50 1.363000e+00
3772.50 1.369000e+00
3773.50 1.369000e+00
3774.50 1.356000e+00
3775.50 1.356000e+00
3776.50 1.350000e+00
3777.50 1.348000e+00
3778.50 1.367000e+00
3779.50 1.366000e+00
3780.50 1.354000e+00
3781.50 1.351000e+00
3782.50 1.353000e+00
3783.50 1.358000e+00
3784.50 1.360000e+00
3785.50 1.352000e+00
3786.50 1.350000e+00
3787.50 1.346000e+00
3788.50 1.337000e+00
3789.50 1.327000e+00
3790.50 1.328000e+00
3791.50 1.319000e+00
3792.50 1.315000e+00
3793.50 1.303000e+00
3794.50 1.304000e+00
3795.50 1.300000e+00
3796.50 1.304000e+00
3797.50 1.301000e+00
3798.50 1.283000e+00
3799.50 1.284000e+00
3800.50 1.272000e+00
3801.50 1.274000e+00
3802.50 1.282000e+00
3803.50 1.287000e+00
3804.50 1.281000e+00
3805.50 1.291000e+00
3806.50 1.303000e+00
3807.50 1.291000e+00
3808.50 1.290000e+00
3809.50 1.301000e+00
3810.50 1.295000e+00
3811.50 1.307000e+00
3812.50 1.301000e+00
3813.50 1.290000e+00
3814.50 1.294000e+00
3815.50 1.286000e+00
3816.50 1.291000e+00
3817.50 1.288000e+00
3818.50 1.299000e+00
3819.50 1.296000e+00
3820.50 1.295000e+00
3821.50 1.297000e+00
3822.50 1.296000e+00
3823.50 1.294000e+00
3824.50 1.291000e+00
3825.50 1.293000e+00
3826.50 1.297000e+00
3827.50 1.286000e+00
3828.50 1.276000e+00
3829.50 1.277000e+00
3830.50 1.265000e+00
3831.50 1.265000e+00
3832.50 1.275000e+00
3833.50 1.274000e+00
3834.50 1.269000e+00
3835.50 1.271000e+00
3836.50 1.272000e+00
3837.50 1.270000e+00
3838.50 1.269000e+00
3839.50 1.266000e+00
3840.50 1.263000e+00
3841.50 1.273000e+00
3842.50 1.266000e+00
3843.50 1.282000e+00
3844.50 1.290000e+00
3845.50 1.290000e+00
3846.50 1.297000e+00
3847.50 1.300000e+00
3848.50 1.293000e+00
3849.50 1.293000e+00
3850.50 1.304000e+00
3851.50 1.302000e+00
3852.50 1.313000e+00
3853.50 1.324000e+00
3854.50 1.327000e+00
3855.50 1.313000e+00
3856.50 1.323000e+00
3857.50 1.323000e+00
3858.50 1.335000e+00
3859.50 1.325000e+00
3860.50 1.331000e+00
3861.50 1.330000e+00
3862.50 1.344000e+00
3863.50 1.354000e+00
3864.50 1.379000e+00
3865.50 1.393000e+00
3866.50 1.410000e+00
3867.50 1.433000e+00
3868.50 1.453000e+00
3869.50 1.471000e+00
3870.50 1.468000e+00
3871.50 1.459000e+00
3872.50 1.418000e+00
3873.50 1.382000e+00
3874.50 1.357000e+00
3875.50 1.348000e+00
3876.50 1.324000e+00
3877.50 1.314000e+00
3878.50 1.308000e+00
3879.50 1.306000e+00
3880.50 1.297000e+00
3881.50 1.291000e+00
3882.50 1.296000e+00
3883.50 1.293000e+00
3884.50 1.294000e+00
3885.50 1.293000e+00
3886.50 1.299000e+00
3887.50 1.286000e+00
3888.50 1.298000e+00
3889.50 1.297000e+00
3890.50 1.308000e+00
3891.50 1.301000e+00
3892.50 1.289000e+00
3893.50 1.283000e+00
3894.50 1.280000e+00
3895.50 1.275000e+00
3896.50 1.270000e+00
3897.50 1.270000e+00
3898.50 1.274000e+00
3899.50 1.259000e+00
3900.50 1.259000e+00
3901.50 1.260000e+00
3902.50 1.269000e+00
3903.50 1.251000e+00
3904.50 1.254000e+00
3905.50 1.244000e+00
3906.50 1.249000e+00
3907.50 1.241000e+00
3908.50 1.229000e+00
3909.50 1.238000e+00
3910.50 1.242000e+00
3911.50 1.244000e+00
3912.50 1.253000e+00
3913.50 1.233000e+00
3914.50 1.238000e+00
3915.50 1.235000e+00
3916.50 1.228000e+00
3917.50 1.230000e+00
3918.50 1.213000e+00
3919.50 1.221000e+00
3920.50 1.213000e+00
3921.50 1.215000e+00
3922.50 1.204000e+00
3923.50 1.206000e+00
3924.50 1.216000e+00
3925.50 1.218000e+00
3926.50 1.202000e+00
3927.50 1.201000e+00
3928.50 1.195000e+00
3929.50 1.189000e+00
3930.50 1.184000e+00
3931.50 1.172000e+00
3932.50 1.160000e+00
3933.50 1.147000e+00
3934.50 1.152000e+00
3935.50 1.152000e+00
3936.50 1.157000e+00
3937.50 1.158000e+00
3938.50 1.162000e+00
3939.50 1.175000e+00
3940.50 1.183000e+00
3941.50 1.198000e+00
3942.50 1.196000e+00
3943.50 1.193000e+00
3944.50 1.207000e+00
3945.50 1.202000e+00
3946.50 1.204000e+00
3947.50 1.213000e+00
3948.50 1.208000e+00
3949.50 1.208000e+00
3950.50 1.211000e+00
3951.50 1.214000e+00
3952.50 1.211000e+00
3953.50 1.211000e+00
3954.50 1.226000e+00
3955.50 1.220000e+00
3956.50 1.220000e+00
3957.50 1.221000e+00
3958.50 1.217000e+00
3959.50 1.231000e+00
3960.50 1.224000e+00
3961.50 1.228000e+00
3962.50 1.216000e+00
3963.50 1.209000e+00
3964.50 1.220000e+00
3965.50 1.223000e+00
3966.50 1.240000e+00
3967.50 1.238000e+00
3968.50 1.230000e+00
3969.50 1.232000e+00
3970.50 1.219000e+00
3971.50 1.207000e+00
3972.50 1.204000e+00
3973.50 1.199000e+00
3974.50 1.185000e+00
3975.50 1.186000e+00
3976.50 1.181000e+00
3977.50 1.174000e+00
3978.50 1.191000e+00
3979.50 1.191000e+00
3980.50 1.189000e+00
3981.50 1.187000e+00
3982.50 1.175000e+00
3983.50 1.183000e+00
3984.50 1.179000e+00
3985.50 1.174000e+00
3986.50 1.169000e+00
3987.50 1.178000e+00
3988.50 1.176000e+00
3989.50 1.169000e+00
3990.50 1.174000e+00
3991.50 1.171000e+00
3992.50 1.168000e+00
3993.50 1.170000e+00
3994.50 1.155000e+00
3995.50 1.150000e+00
3996.50 1.158000e+00
3997.50 1.148000e+00
3998.50 1.138000e+00
3999.50 1.145000e+00
4000.50 1.155000e+00
4001.50 1.149000e+00
4002.50 1.149000e+00
4003.50 1.143000e+00
4004.50 1.140000e+00
4005.50 1.144000e+00
4006.50 1.138000e+00
4007.50 1.136000e+00
4008.50 1.138000e+00
4009.50 1.139000e+00
4010.50 1.136000e+00
4011.50 1.128000e+00
4012.50 1.136000e+00
4013.50 1.129000e+00
4014.50 1.131000e+00
4015.50 1.141000e+00
4016.50 1.138000e+00
4017.50 1.144000e+00
4018.50 1.130000e+00
4019.50 1.138000e+00
4020.50 1.146000e+00
4021.50 1.142000e+00
4022.50 1.134000e+00
4023.50 1.132000e+00
4024.50 1.129000e+00
4025.50 1.132000e+00
4026.50 1.135000e+00
4027.50 1.129000e+00
4028.50 1.129000e+00
4029.50 1.138000e+00
4030.50 1.129000e+00
4031.50 1.119000e+00
4032.50 1.117000e+00
4033.50 1.111000e+00
4034.50 1.106000e+00
4035.50 1.115000e+00
4036.50 1.112000e+00
4037.50 1.111000e+00
4038.50 1.133000e+00
4039.50 1.114000e+00
4040.50 1.130000e+00
4041.50 1.126000e+00
4042.50 1.111000e+00
4043.50 1.121000e+00
4044.50 1.120000e+00
4045.50 1.116000e+00
4046.50 1.112000e+00
4047.50 1.101000e+00
4048.50 1.119000e+00
4049.50 1.114000e+00
4050.50 1.117000e+00
4051.50 1.115000e+00
4052.50 1.111000e+00
4053.50 1.119000e+00
4054.50 1.111000e+00
4055.50 1.124000e+00
4056.50 1.123000e+00
4057.50 1.106000e+00
4058.50 1.115000e+00
4059.50 1.112000e+00
4060.50 1.111000e+00
4061.50 1.118000e+00
4062.50 1.134000e+00
4063.50 1.122000e+00
4064.50 1.117000e+00
4065.50 1.126000e+00
4066.50 1.140000e+00
4067.50 1.148000e+00
4068.50 1.146000e+00
4069.50 1.164000e+00
4070.50 1.166000e+00
4071.50 1.157000e+00
4072.50 1.159000e+00
4073.50 1.152000e+00
4074.50 1.156000e+00
4075.50 1.150000e+00
4076.50 1.158000e+00
4077.50 1.144000e+00
4078.50 1.149000e+00
4079.50 1.150000e+00
4080.50 1.146000e+00
4081.50 1.155000e+00
4082.50 1.161000e+00
4083.50 1.164000e+00
4084.50 1.174000e+00
4085.50 1.183000e+00
4086.50 1.171000e+00
4087.50 1.173000e+00
4088.50 1.178000e+00
4089.50 1.186000e+00
4090.50 1.200000e+00
4091.50 1.199000e+00
4092.50 1.207000e+00
4093.50 1.208000e+00
4094.50 1.203000e+00
4095.50 1.206000e+00
4096.50 1.204000e+00
4097.50 1.207000e+00
4098.50 1.202000e+00
4099.50 1.198000e+00
4100.50 1.214000e+00
4101.50 1.211000e+00
4102.50 1.221000e+00
4103.50 1.217000e+00
4104.50 1.214000e+00
4105.50 1.206000e+00
4106.50 1.202000e+00
4107.50 1.186000e+00
4108.50 1.186000e+00
4109.50 1.187000e+00
4110.50 1.186000e+00
4111.50 1.191000e+00
4112.50 1.185000e+00
4113.50 1.175000e+00
4114.50 1.179000e+00
4115.50 1.184000e+00
4116.50 1.183000e+00
4117.50 1.178000e+00
4118.50 1.165000e+00
4119.50 1.166000e+00
4120.50 1.164000e+00
4121.50 1.156000e+00
4122.50 1.155000e+00
4123.50 1.153000e+00
4124.50 1.158000e+00
4125.50 1.151000e+00
4126.50 1.153000e+00
4127.50 1.139000e+00
4128.50 1.146000e+00
4129.50 1.142000e+00
4130.50 1.123000e+00
4131.50 1.122000e+00
4132.50 1.114000e+00
4133.50 1.111000e+00
4134.50 1.114000e+00
4135.50 1.096000e+00
4136.50 1.104000e+00
4137.50 1.114000e+00
4138.50 1.108000e+00
4139.50 1.113000e+00
4140.50 1.123000e+00
4141.50 1.110000e+00
4142.50 1.101000e+00
4143.50 1.091000e+00
4144.50 1.086000e+00
4145.50 1.076000e+00
4146.50 1.083000e+00
4147.50 1.081000e+00
4148.50 1.071000e+00
4149.50 1.079000e+00
4150.50 1.065000e+00
4151.50 1.068000e+00
4152.50 1.075000e+00
4153.50 1.071000e+00
4154.50 1.068000e+00
4155.50 1.065000e+00
4156.50 1.063000e+00
4157.50 1.068000e+00
4158.50 1.068000e+00
4159.50 1.073000e+00
4160.50 1.069000e+00
4161.50 1.079000e+00
4162.50 1.082000e+00
4163.50 1.070000e+00
4164.50 1.069000e+00
4165.50 1.082000e+00
4166.50 1.082000e+00
4167.50 1.073000e+00
4168.50 1.079000e+00
4169.50 1.072000e+00
4170.50 1.081000e+00
4171.50 1.074000e+00
4172.50 1.066000e+00
4173.50 1.063000e+00
4174.50 1.063000e+00
4175.50 1.059000e+00
4176.50 1.072000e+00
4177.50 1.079000e+00
4178.50 1.075000e+00
4179.50 1.074000e+00
4180.50 1.085000e+00
4181.50 1.075000e+00
4182.50 1.075000e+00
4183.50 1.071000e+00
4184.50 1.071000e+00
4185.50 1.076000e+00
4186.50 1.082000e+00
4187.50 1.078000e+00
4188.50 1.073000e+00
4189.50 1.077000e+00
4190.50 1.062000e+00
4191.50 1.062000e+00
4192.50 1.056000e+00
4193.50 1.057000e+00
4194.50 1.056000e+00
4195.50 1.055000e+00
4196.50 1.058000e+00
4197.50 1.045000e+00
4198.50 1.044000e+00
4199.50 1.027000e+00
4200.50 1.029000e+00
4201.50 1.031000e+00
4202.50 1.031000e+00
4203.50 1.021000e+00
4204.50 1.034000e+00
4205.50 1.030000e+00
4206.50 1.033000e+00
4207.50 1.037000e+00
4208.50 1.032000e+00
4209.50 1.045000e+00
4210.50 1.043000e+00
4211.50 1.032000e+00
4212.50 1.036000e+00
4213.50 1.033000e+00
4214.50 1.033000e+00
4215.50 1.047000e+00
4216.50 1.041000e+00
4217.50 1.034000e+00
4218.50 1.033000e+00
4219.50 1.044000e+00
4220.50 1.045000e+00
4221.50 1.052000e+00
4222.50 1.059000e+00
4223.50 1.042000e+00
4224.50 1.042000e+00
4225.50 1.046000e+00
4226.50 1.029000e+00
4227.50 1.029000e+00
4228.50 1.036000e+00
4229.50 1.044000e+00
4230.50 1.049000e+00
4231.50 1.074000e+00
4232.50 1.074000e+00
4233.50 1.073000e+00
4234.50 1.071000e+00
4235.50 1.067000e+00
4236.50 1.067000e+00
4237.50 1.071000e+00
4238.50 1.066000e+00
4239.50 1.067000e+00
4240.50 1.074000e+00
4241.50 1.064000e+00
4242.50 1.079000e+00
4243.50 1.085000e+00
4244.50 1.082000e+00
4245.50 1.087000e+00
4246.50 1.083000e+00
4247.50 1.074000e+00
4248.50 1.081000e+00
4249.50 1.069000e+00
4250.50 1.067000e+00
4251.50 1.064000e+00
4252.50 1.061000e+00
4253.50 1.066000e+00
4254.50 1.062000e+00
4255.50 1.061000e+00
4256.50 1.062000e+00
4257.50 1.063000e+00
4258.50 1.069000e+00
4259.50 1.066000e+00
4260.50 1.053000e+00
4261.50 1.059000e+00
4262.50 1.058000e+00
4263.50 1.057000e+00
4264.50 1.060000e+00
4265.50 1.063000e+00
4266.50 1.080000e+00
4267.50 1.073000e+00
4268.50 1.071000e+00
4269.50 1.062000e+00
4270.50 1.058000e+00
4271.50 1.049000e+00
4272.50 1.047000e+00
4273.50 1.044000e+00
4274.50 1.054000e+00
4275.50 1.067000e+00
4276.50 1.051000e+00
4277.50 1.065000e+00
4278.50 1.076000e+00
4279.50 1.081000e+00
4280.50 1.086000e+00
4281.50 1.074000e+00
4282.50 1.089000e+00
4283.50 1.086000e+00
4284.50 1.074000e+00
4285.50 1.082000e+00
4286.50 1.087000e+00
4287.50 1.085000e+00
4288.50 1.087000e+00
4289.50 1.080000e+00
4290.50 1.088000e+00
4291.50 1.087000e+00
4292.50 1.081000e+00
4293.50 1.098000e+00
4294.50 1.102000e+00
4295.50 1.106000e+00
4296.50 1.102000e+00
4297.50 1.110000e+00
4298.50 1.111000e+00
4299.50 1.093000e+00
4300.50 1.099000e+00
4301.50 1.101000e+00
4302.50 1.104000e+00
4303.50 1.099000e+00
4304.50 1.103000e+00
4305.50 1.100000e+00
4306.50 1.095000e+00
4307.50 1.106000e+00
4308.50 1.112000e+00
4309.50 1.113000e+00
4310.50 1.128000e+00
4311.50 1.124000e+00
4312.50 1.132000e+00
4313.50 1.150000e+00
4314.50 1.151000e+00
4315.50 1.155000e+00
4316.50 1.179000e+00
4317.50 1.203000e+00
4318.50 1.215000e+00
4319.50 1.203000e+00
4320.50 1.215000e+00
4321.50 1.218000e+00
4322.50 1.213000e+00
4323.50 1.220000e+00
4324.50 1.225000e+00
4325.50 1.223000e+00
4326.50 1.229000e+00
4327.50 1.235000e+00
4328.50 1.222000e+00
4329.50 1.247000e+00
4330.50 1.268000e+00
4331.50 1.279000e+00
4332.50 1.272000e+00
4333.50 1.287000e+00
4334.50 1.302000e+00
4335.50 1.302000e+00
4336.50 1.314000e+00
4337.50 1.315000e+00
4338.50 1.331000e+00
4339.50 1.339000e+00
4340.50 1.356000e+00
4341.50 1.381000e+00
4342.50 1.378000e+00
4343.50 1.373000e+00
4344.50 1.348000e+00
4345.50 1.323000e+00
4346.50 1.307000e+00
4347.50 1.308000e+00
4348.50 1.304000e+00
4349.50 1.311000e+00
4350.50 1.309000e+00
4351.50 1.290000e+00
4352.50 1.296000e+00
4353.50 1.286000e+00
4354.50 1.289000e+00
4355.50 1.273000e+00
4356.50 1.280000e+00
4357.50 1.293000e+00
4358.50 1.303000e+00
4359.50 1.295000e+00
4360.50 1.300000e+00
4361.50 1.311000e+00
4362.50 1.304000e+00
4363.50 1.306000e+00
4364.50 1.302000e+00
4365.50 1.300000e+00
4366.50 1.288000e+00
4367.50 1.268000e+00
4368.50 1.245000e+00
4369.50 1.228000e+00
4370.50 1.217000e+00
4371.50 1.204000e+00
4372.50 1.192000e+00
4373.50 1.178000e+00
4374.50 1.162000e+00
4375.50 1.167000e+00
4376.50 1.153000e+00
4377.50 1.143000e+00
4378.50 1.149000e+00
4379.50 1.154000e+00
4380.50 1.140000e+00
4381.50 1.129000e+00
4382.50 1.122000e+00
4383.50 1.119000e+00
4384.50 1.105000e+00
4385.50 1.100000e+00
4386.50 1.096000e+00
4387.50 1.093000e+00
4388.50 1.103000e+00
4389.50 1.103000e+00
4390.50 1.104000e+00
4391.50 1.117000e+00
4392.50 1.103000e+00
4393.50 1.095000e+00
4394.50 1.088000e+00
4395.50 1.089000e+00
4396.50 1.087000e+00
4397.50 1.094000e+00
4398.50 1.093000e+00
4399.50 1.094000e+00
4400.50 1.088000e+00
4401.50 1.080000e+00
4402.50 1.079000e+00
4403.50 1.079000e+00
4404.50 1.077000e+00
4405.50 1.061000e+00
4406.50 1.052000e+00
4407.50 1.066000e+00
4408.50 1.066000e+00
4409.50 1.068000e+00
4410.50 1.070000e+00
4411.50 1.076000e+00
4412.50 1.083000e+00
4413.50 1.081000e+00
4414.50 1.076000e+00
4415.50 1.075000e+00
4416.50 1.073000e+00
4417.50 1.063000e+00
4418.50 1.061000e+00
4419.50 1.077000e+00
4420.50 1.063000e+00
4421.50 1.060000e+00
4422.50 1.060000e+00
4423.50 1.053000e+00
4424.50 1.046000e+00
4425.50 1.049000e+00
4426.50 1.045000e+00
4427.50 1.036000e+00
4428.50 1.045000e+00
4429.50 1.047000e+00
4430.50 1.039000e+00
4431.50 1.038000e+00
4432.50 1.034000e+00
4433.50 1.017000e+00
4434.50 1.025000e+00
4435.50 1.022000e+00
4436.50 1.025000e+00
4437.50 1.019000e+00
4438.50 1.018000e+00
4439.50 1.030000e+00
4440.50 1.031000e+00
4441.50 1.039000e+00
4442.50 1.036000e+00
4443.50 1.031000e+00
4444.50 1.019000e+00
4445.50 1.010000e+00
4446.50 1.024000e+00
4447.50 1.036000e+00
4448.50 1.039000e+00
4449.50 1.034000e+00
4450.50 1.042000e+00
4451.50 1.038000e+00
4452.50 1.032000e+00
4453.50 1.035000e+00
4454.50 1.037000e+00
4455.50 1.036000e+00
4456.50 1.032000e+00
4457.50 1.029000e+00
4458.50 1.022000e+00
4459.50 1.027000e+00
4460.50 1.026000e+00
4461.50 1.030000e+00
4462.50 1.036000e+00
4463.50 1.036000e+00
4464.50 1.034000e+00
4465.50 1.045000e+00
4466.50 1.039000e+00
4467.50 1.048000e+00
4468.50 1.055000e+00
4469.50 1.055000e+00
4470.50 1.053000e+00
4471.50 1.059000e+00
4472.50 1.068000e+00
4473.50 1.079000e+00
4474.50 1.073000e+00
4475.50 1.069000e+00
4476.50 1.078000e+00
4477.50 1.093000e+00
4478.50 1.081000e+00
4479.50 1.082000e+00
4480.50 1.069000e+00
4481.50 1.066000e+00
4482.50 1.061000e+00
4483.50 1.065000e+00
4484.50 1.060000e+00
4485.50 1.070000e+00
4486.50 1.074000e+00
4487.50 1.076000e+00
4488.50 1.078000e+00
4489.50 1.071000e+00
4490.50 1.082000e+00
4491.50 1.073000e+00
4492.50 1.083000e+00
4493.50 1.080000e+00
4494.50 1.089000e+00
4495.50 1.081000e+00
4496.50 1.083000e+00
4497.50 1.078000e+00
4498.50 1.088000e+00
4499.50 1.089000e+00
4500.50 1.088000e+00
4501.50 1.099000e+00
4502.50 1.099000e+00
4503.50 1.100000e+00
4504.50 1.108000e+00
4505.50 1.122000e+00
4506.50 1.122000e+00
4507.50 1.108000e+00
4508.50 1.105000e+00
4509.50 1.102000e+00
4510.50 1.121000e+00
4511.50 1.125000e+00
4512.50 1.124000e+00
4513.50 1.131000e+00
4514.50 1.125000e+00
4515.50 1.113000e+00
4516.50 1.116000e+00
4517.50 1.120000e+00
4518.50 1.120000e+00
4519.50 1.127000e+00
4520.50 1.129000e+00
4521.50 1.128000e+00
4522.50 1.140000e+00
4523.50 1.128000e+00
4524.50 1.130000e+00
4525.50 1.122000e+00
4526.50 1.117000e+00
4527.50 1.116000e+00
4528.50 1.094000e+00
4529.50 1.098000e+00
4530.50 1.095000e+00
4531.50 1.087000e+00
4532.50 1.095000e+00
4533.50 1.086000e+00
4534.50 1.084000e+00
4535.50 1.089000e+00
4536.50 1.092000e+00
4537.50 1.076000e+00
4538.50 1.104000e+00
4539.50 1.120000e+00
4540.50 1.107000e+00
4541.50 1.121000e+00
4542.50 1.118000e+00
4543.50 1.108000e+00
4544.50 1.118000e+00
4545.50 1.117000e+00
4546.50 1.106000e+00
4547.50 1.105000e+00
4548.50 1.116000e+00
4549.50 1.112000e+00
4550.50 1.107000e+00
4551.50 1.108000e+00
4552.50 1.115000e+00
4553.50 1.116000e+00
4554.50 1.112000e+00
4555.50 1.111000e+00
4556.50 1.094000e+00
4557.50 1.119000e+00
4558.50 1.127000e+00
4559.50 1.128000e+00
4560.50 1.113000e+00
4561.50 1.121000e+00
4562.50 1.119000e+00
4563.50 1.120000e+00
4564.50 1.119000e+00
4565.50 1.122000e+00
4566.50 1.124000e+00
4567.50 1.100000e+00
4568.50 1.117000e+00
4569.50 1.125000e+00
4570.50 1.128000e+00
4571.50 1.125000e+00
4572.50 1.111000e+00
4573.50 1.111000e+00
4574.50 1.122000e+00
4575.50 1.116000e+00
4576.50 1.111000e+00
4577.50 1.113000e+00
4578.50 1.118000e+00
4579.50 1.116000e+00
4580.50 1.122000e+00
4581.50 1.104000e+00
4582.50 1.103000e+00
4583.50 1.110000e+00
4584.50 1.109000e+00
4585.50 1.095000e+00
4586.50 1.103000e+00
4587.50 1.104000e+00
4588.50 1.103000e+00
4589.50 1.114000e+00
4590.50 1.104000e+00
4591.50 1.105000e+00
4592.50 1.110000e+00
4593.50 1.090000e+00
4594.50 1.092000e+00
4595.50 1.094000e+00
4596.50 1.082000e+00
4597.50 1.081000e+00
4598.50 1.077000e+00
4599.50 1.065000e+00
4600.50 1.056000e+00
4601.50 1.063000e+00
4602.50 1.072000e+00
4603.50 1.068000e+00
4604.50 1.074000e+00
4605.50 1.061000e+00
4606.50 1.063000e+00
4607.50 1.066000e+00
4608.50 1.063000e+00
4609.50 1.062000e+00
4610.50 1.063000e+00
4611.50 1.075000e+00
4612.50 1.064000e+00
4613.50 1.064000e+00
4614.50 1.064000e+00
4615.50 1.080000e+00
4616.50 1.077000e+00
4617.50 1.075000e+00
4618.50 1.064000e+00
4619.50 1.071000e+00
4620.50 1.064000e+00
4621.50 1.086000e+00
4622.50 1.087000e+00
4623.50 1.081000e+00
4624.50 1.099000e+00
4625.50 1.102000e+00
4626.50 1.088000e+00
4627.50 1.071000e+00
4628.50 1.088000e+00
4629.50 1.083000e+00
4630.50 1.098000e+00
4631.50 1.085000e+00
4632.50 1.093000e+00
4633.50 1.100000e+00
4634.50 1.079000e+00
4635.50 1.084000e+00
4636.50 1.076000e+00
4637.50 1.077000e+00
4638.50 1.081000e+00
4639.50 1.076000e+00
4640.50 1.067000e+00
4641.50 1.075000e+00
4642.50 1.071000e+00
4643.50 1.068000e+00
4644.50 1.063000e+00
4645.50 1.052000e+00
4646.50 1.062000e+00
4647.50 1.056000e+00
4648.50 1.048000e+00
4649.50 1.041000e+00
4650.50 1.033000e+00
4651.50 1.038000e+00
4652.50 1.039000e+00
4653.50 1.039000e+00
4654.50 1.038000e+00
4655.50 1.038000e+00
4656.50 1.043000e+00
4657.50 1.042000e+00
4658.50 1.033000e+00
4659.50 1.034000e+00
4660.50 1.032000e+00
4661.50 1.042000e+00
4662.50 1.053000e+00
4663.50 1.039000e+00
4664.50 1.032000e+00
4665.50 1.036000e+00
4666.50 1.028000e+00
4667.50 1.022000e+00
4668.50 1.014000e+00
4669.50 1.017000e+00
4670.50 1.035000e+00
4671.50 1.030000e+00
4672.50 1.028000e+00
4673.50 1.034000e+00
4674.50 1.031000e+00
4675.50 1.027000e+00
4676.50 1.046000e+00
4677.50 1.031000e+00
4678.50 1.030000e+00
4679.50 1.040000e+00
4680.50 1.034000e+00
4681.50 1.030000e+00
4682.50 1.038000e+00
4683.50 1.048000e+00
4684.50 1.042000e+00
4685.50 1.055000e+00
4686.50 1.051000e+00
4687.50 1.053000e+00
4688.50 1.050000e+00
4689.50 1.045000e+00
4690.50 1.041000e+00
4691.50 1.020000e+00
4692.50 1.002000e+00
4693.50 1.000000e+00
4694.50 9.960000e-01
4695.50 9.930000e-01
4696.50 1.000000e+00
4697.50 9.930000e-01
4698.50 9.850000e-01
4699.50 9.800000e-01
4700.50 9.820000e-01
4701.50 9.840000e-01
4702.50 9.680000e-01
4703.50 9.750000e-01
4704.50 9.710000e-01
4705.50 9.680000e-01
4706.50 9.730000e-01
4707.50 9.770000e-01
4708.50 9.580000e-01
4709.50 9.760000e-01
4710.50 9.750000e-01
4711.50 9.670000e-01
4712.50 9.880000e-01
4713.50 9.970000e-01
4714.50 9.800000e-01
4715.50 9.870000e-01
4716.50 9.700000e-01
4717.50 9.620000e-01
4718.50 9.740000e-01
4719.50 9.820000e-01
4720.50 9.910000e-01
4721.50 9.840000e-01
4722.50 9.780000e-01
4723.50 9.850000e-01
4724.50 9.770000e-01
4725.50 9.770000e-01
4726.50 9.780000e-01
4727.50 9.700000e-01
4728.50 9.590000e-01
4729.50 9.640000e-01
4730.50 9.560000e-01
4731.50 9.580000e-01
4732.50 9.660000e-01
4733.50 9.740000e-01
4734.50 9.680000e-01
4735.50 9.620000e-01
4736.50 9.740000e-01
4737.50 9.740000e-01
4738.50 9.730000e-01
4739.50 9.760000e-01
4740.50 9.740000e-01
4741.50 9.760000e-01
4742.50 9.800000e-01
4743.50 9.700000e-01
4744.50 9.720000e-01
4745.50 9.790000e-01
4746.50 9.560000e-01
4747.50 9.660000e-01
4748.50 9.630000e-01
4749.50 9.780000e-01
4750.50 9.650000e-01
4751.50 9.660000e-01
4752.50 9.550000e-01
4753.50 9.550000e-01
4754.50 9.580000e-01
4755.50 9.590000e-01
4756.50 9.500000e-01
4757.50 9.550000e-01
4758.50 9.450000e-01
4759.50 9.540000e-01
4760.50 9.590000e-01
4761.50 9.540000e-01
4762.50 9.590000e-01
4763.50 9.500000e-01
4764.50 9.550000e-01
4765.50 9.490000e-01
4766.50 9.390000e-01
4767.50 9.560000e-01
4768.50 9.420000e-01
4769.50 9.560000e-01
4770.50 9.650000e-01
4771.50 9.580000e-01
4772.50 9.570000e-01
4773.50 9.630000e-01
4774.50 9.680000e-01
4775.50 9.670000e-01
4776.50 9.690000e-01
4777.50 9.700000e-01
4778.50 9.680000e-01
4779.50 9.700000e-01
4780.50 9.790000e-01
4781.50 9.800000e-01
4782.50 9.760000e-01
4783.50 9.740000e-01
4784.50 9.710000e-01
4785.50 9.710000e-01
4786.50 9.680000e-01
4787.50 9.670000e-01
4788.50 9.790000e-01
4789.50 9.760000e-01
4790.50 9.690000e-01
4791.50 9.730000e-01
4792.50 9.840000e-01
4793.50 1.002000e+00
4794.50 1.008000e+00
4795.50 1.017000e+00
4796.50 1.008000e+00
4797.50 1.006000e+00
4798.50 1.015000e+00
4799.50 1.016000e+00
4800.50 1.025000e+00
4801.50 1.018000e+00
4802.50 1.026000e+00
4803.50 1.032000e+00
4804.50 1.028000e+00
4805.50 1.042000e+00
4806.50 1.039000e+00
4807.50 1.036000e+00
4808.50 1.045000e+00
4809.50 1.052000e+00
4810.50 1.052000e+00
4811.50 1.058000e+00
4812.50 1.061000e+00
4813.50 1.065000e+00
4814.50 1.081000e+00
4815.50 1.083000e+00
4816.50 1.093000e+00
4817.50 1.100000e+00
4818.50 1.095000e+00
4819.50 1.118000e+00
4820.50 1.131000e+00
4821.50 1.131000e+00
4822.50 1.134000e+00
4823.50 1.142000e+00
4824.50 1.142000e+00
4825.50 1.147000e+00
4826.50 1.155000e+00
4827.50 1.172000e+00
4828.50 1.168000e+00
4829.50 1.174000e+00
4830.50 1.191000e+00
4831.50 1.196000e+00
4832.50 1.203000e+00
4833.50 1.216000e+00
4834.50 1.231000e+00
4835.50 1.232000e+00
4836.50 1.257000e+00
4837.50 1.266000e+00
4838.50 1.287000e+00
4839.50 1.291000e+00
4840.50 1.306000e+00
4841.50 1.315000e+00
4842.50 1.323000e+00
4843.50 1.331000e+00
4844.50 1.360000e+00
4845.50 1.360000e+00
4846.50 1.384000e+00
4847.50 1.402000e+00
4848.50 1.415000e+00
4849.50 1.429000e+00
4850.50 1.449000e+00
4851.50 1.467000e+00
4852.50 1.481000e+00
4853.50 1.496000e+00
4854.50 1.508000e+00
4855.50 1.527000e+00
4856.50 1.562000e+00
4857.50 1.573000e+00
4858.50 1.619000e+00
4859.50 1.658000e+00
4860.50 1.695000e+00
4861.50 1.745000e+00
4862.50 1.766000e+00
4863.50 1.762000e+00
4864.50 1.748000e+00
4865.50 1.692000e+00
4866.50 1.629000e+00
4867.50 1.585000e+00
4868.50 1.544000e+00
4869.50 1.520000e+00
4870.50 1.508000e+00
4871.50 1.493000e+00
4872.50 1.467000e+00
4873.50 1.456000e+00
4874.50 1.449000e+00
4875.50 1.437000e+00
4876.50 1.435000e+00
4877.50 1.425000e+00
4878.50 1.410000e+00
4879.50 1.385000e+00
4880.50 1.379000e+00
4881.50 1.359000e+00
4882.50 1.346000e+00
4883.50 1.338000e+00
4884.50 1.324000e+00
4885.50 1.313000e+00
4886.50 1.288000e+00
4887.50 1.286000e+00
4888.50 1.274000e+00
4889.50 1.249000e+00
4890.50 1.241000e+00
4891.50 1.242000e+00
4892.50 1.233000e+00
4893.50 1.232000e+00
4894.50 1.217000e+00
4895.50 1.215000e+00
4896.50 1.212000e+00
4897.50 1.219000e+00
4898.50 1.202000e+00
4899.50 1.204000e+00
4900.50 1.199000e+00
4901.50 1.177000e+00
4902.50 1.171000e+00
4903.50 1.163000e+00
4904.50 1.139000e+00
4905.50 1.148000e+00
4906.50 1.163000e+00
4907.50 1.169000e+00
4908.50 1.152000e+00
4909.50 1.136000e+00
4910.50 1.129000e+00
4911.50 1.134000e+00
4912.50 1.109000e+00
4913.50 1.111000e+00
4914.50 1.117000e+00
4915.50 1.125000e+00
4916.50 1.126000e+00
4917.50 1.120000e+00
4918.50 1.108000e+00
4919.50 1.100000e+00
4920.50 1.085000e+00
4921.50 1.084000e+00
4922.50 1.092000e+00
4923.50 1.093000e+00
4924.50 1.090000e+00
4925.50 1.091000e+00
4926.50 1.097000e+00
4927.50 1.096000e+00
4928.50 1.106000e+00
4929.50 1.103000e+00
4930.50 1.103000e+00
4931.50 1.102000e+00
4932.50 1.095000e+00
4933.50 1.084000e+00
4934.50 1.076000e+00
4935.50 1.083000e+00
4936.50 1.067000e+00
4937.50 1.067000e+00
4938.50 1.053000e+00
4939.50 1.043000e+00
4940.50 1.040000e+00
4941.50 1.058000e+00
4942.50 1.058000e+00
4943.50 1.058000e+00
4944.50 1.073000e+00
4945.50 1.070000e+00
4946.50 1.067000e+00
4947.50 1.068000e+00
4948.50 1.078000e+00
4949.50 1.068000e+00
4950.50 1.086000e+00
4951.50 1.103000e+00
4952.50 1.128000e+00
4953.50 1.130000e+00
4954.50 1.155000e+00
4955.50 1.179000e+00
4956.50 1.233000e+00
4957.50 1.299000e+00
4958.50 1.358000e+00
4959.50 1.406000e+00
4960.50 1.434000e+00
4961.50 1.405000e+00
4962.50 1.338000e+00
4963.50 1.232000e+00
4964.50 1.170000e+00
4965.50 1.115000e+00
4966.50 1.057000e+00
4967.50 1.033000e+00
4968.50 1.025000e+00
4969.50 9.940000e-01
4970.50 9.840000e-01
4971.50 9.720000e-01
4972.50 9.810000e-01
4973.50 9.870000e-01
4974.50 9.890000e-01
4975.50 9.900000e-01
4976.50 9.800000e-01
4977.50 9.850000e-01
4978.50 9.740000e-01
4979.50 9.770000e-01
4980.50 9.690000e-01
4981.50 9.700000e-01
4982.50 9.750000e-01
4983.50 9.760000e-01
4984.50 9.800000e-01
4985.50 9.830000e-01
4986.50 9.880000e-01
4987.50 9.860000e-01
4988.50 1.007000e+00
4989.50 1.021000e+00
4990.50 1.031000e+00
4991.50 1.035000e+00
4992.50 1.051000e+00
4993.50 1.069000e+00
4994.50 1.087000e+00
4995.50 1.096000e+00
4996.50 1.115000e+00
4997.50 1.152000e+00
4998.50 1.173000e+00
4999.50 1.209000e+00
5000.50 1.259000e+00
5001.50 1.325000e+00
5002.50 1.377000e+00
5003.50 1.496000e+00
5004.50 1.640000e+00
5005.50 1.832000e+00
5006.50 2.080000e+00
5007.50 2.249000e+00
5008.50 2.315000e+00
5009.50 2.204000e+00
5010.50 1.945000e+00
5011.50 1.661000e+00
5012.50 1.432000e+00
5013.50 1.299000e+00
5014.50 1.195000e+00
5015.50 1.130000e+00
5016.50 1.099000e+00
5017.50 1.076000e+00
5018.50 1.051000e+00
5019.50 1.044000e+00
5020.50 1.039000e+00
5021.50 1.036000e+00
5022.50 1.029000e+00
5023.50 1.009000e+00
5024.50 1.015000e+00
5025.50 1.003000e+00
5026.50 9.970000e-01
5027.50 9.900000e-01
5028.50 9.830000e-01
5029.50 9.760000e-01
5030.50 9.930000e-01
5031.50 9.960000e-01
5032.50 9.790000e-01
5033.50 9.670000e-01
5034.50 9.780000e-01
5035.50 9.710000e-01
5036.50 9.690000e-01
5037.50 9.700000e-01
5038.50 9.520000e-01
5039.50 9.480000e-01
5040.50 9.440000e-01
5041.50 9.360000e-01
5042.50 9.260000e-01
5043.50 9.190000e-01
5044.50 9.200000e-01
5045.50 9.210000e-01
5046.50 9.250000e-01
5047.50 9.400000e-01
5048.50 9.390000e-01
5049.50 9.330000e-01
5050.50 9.140000e-01
5051.50 9.160000e-01
5052.50 9.090000e-01
5053.50 9.130000e-01
5054.50 9.080000e-01
5055.50 9.160000e-01
5056.50 9.200000e-01
5057.50 9.270000e-01
5058.50 9.200000e-01
5059.50 9.250000e-01
5060.50 9.360000e-01
5061.50 9.250000e-01
5062.50 9.220000e-01
5063.50 9.140000e-01
5064.50 9.150000e-01
5065.50 9.060000e-01
5066.50 9.000000e-01
5067.50 9.080000e-01
5068.50 8.880000e-01
5069.50 8.900000e-01
5070.50 8.820000e-01
5071.50 8.770000e-01
5072.50 8.810000e-01
5073.50 8.930000e-01
5074.50 8.800000e-01
5075.50 8.670000e-01
5076.50 8.770000e-01
5077.50 8.900000e-01
5078.50 8.810000e-01
5079.50 8.690000e-01
5080.50 8.780000e-01
5081.50 8.660000e-01
5082.50 8.700000e-01
5083.50 8.690000e-01
5084.50 8.730000e-01
5085.50 8.590000e-01
5086.50 8.590000e-01
5087.50 8.570000e-01
5088.50 8.620000e-01
5089.50 8.680000e-01
5090.50 8.770000e-01
5091.50 8.910000e-01
5092.50 8.870000e-01
5093.50 8.820000e-01
5094.50 8.630000e-01
5095.50 8.710000e-01
5096.50 8.630000e-01
5097.50 8.670000e-01
5098.50 8.770000e-01
5099.50 8.650000e-01
5100.50 8.720000e-01
5101.50 8.680000e-01
5102.50 8.640000e-01
5103.50 8.670000e-01
5104.50 8.740000e-01
5105.50 8.770000e-01
5106.50 8.670000e-01
5107.50 8.740000e-01
5108.50 8.660000e-01
5109.50 8.730000e-01
5110.50 8.720000e-01
5111.50 8.770000e-01
5112.50 8.690000e-01
5113.50 8.650000e-01
5114.50 8.770000e-01
5115.50 8.740000e-01
5116.50 8.710000e-01
5117.50 8.870000e-01
5118.50 8.860000e-01
5119.50 8.800000e-01
5120.50 8.760000e-01
5121.50 8.890000e-01
5122.50 8.880000e-01
5123.50 9.010000e-01
5124.50 8.680000e-01
5125.50 8.800000e-01
5126.50 8.800000e-01
5127.50 8.750000e-01
5128.50 8.670000e-01
5129.50 8.770000e-01
5130.50 8.780000e-01
5131.50 8.920000e-01
5132.50 8.960000e-01
5133.50 8.850000e-01
5134.50 8.920000e-01
5135.50 8.990000e-01
5136.50 9.010000e-01
5137.50 9.060000e-01
5138.50 8.990000e-01
5139.50 9.090000e-01
5140.50 8.850000e-01
5141.50 8.940000e-01
5142.50 8.900000e-01
5143.50 9.020000e-01
5144.50 9.030000e-01
5145.50 8.940000e-01
5146.50 8.960000e-01
5147.50 9.180000e-01
5148.50 9.090000e-01
5149.50 8.980000e-01
5150.50 9.140000e-01
5151.50 9.170000e-01
5152.50 9.100000e-01
5153.50 9.250000e-01
5154.50 9.230000e-01
5155.50 9.260000e-01
5156.50 9.400000e-01
5157.50 9.320000e-01
5158.50 9.500000e-01
5159.50 9.600000e-01
5160.50 9.600000e-01
5161.50 9.610000e-01
5162.50 9.550000e-01
5163.50 9.610000e-01
5164.50 9.550000e-01
5165.50 9.330000e-01
5166.50 9.230000e-01
5167.50 9.220000e-01
5168.50 9.210000e-01
5169.50 9.020000e-01
5170.50 8.980000e-01
5171.50 9.020000e-01
5172.50 9.170000e-01
5173.50 9.120000e-01
5174.50 9.100000e-01
5175.50 9.100000e-01
5176.50 9.260000e-01
5177.50 9.390000e-01
5178.50 9.410000e-01
5179.50 9.320000e-01
5180.50 9.330000e-01
5181.50 9.380000e-01
5182.50 9.170000e-01
5183.50 9.150000e-01
5184.50 9.040000e-01
5185.50 9.000000e-01
5186.50 9.030000e-01
5187.50 9.010000e-01
5188.50 9.080000e-01
5189.50 9.120000e-01
5190.50 9.140000e-01
5191.50 9.290000e-01
5192.50 9.370000e-01
5193.50 9.330000e-01
5194.50 9.180000e-01
5195.50 9.180000e-01
5196.50 9.280000e-01
5197.50 9.440000e-01
5198.50 9.510000e-01
5199.50 9.560000e-01
5200.50 9.690000e-01
5201.50 9.440000e-01
5202.50 9.460000e-01
5203.50 9.340000e-01
5204.50 9.440000e-01
5205.50 9.250000e-01
5206.50 9.310000e-01
5207.50 9.130000e-01
5208.50 9.110000e-01
5209.50 9.090000e-01
5210.50 9.120000e-01
5211.50 8.960000e-01
5212.50 9.040000e-01
5213.50 9.150000e-01
5214.50 9.150000e-01
5215.50 9.300000e-01
5216.50 9.200000e-01
5217.50 9.070000e-01
5218.50 9.180000e-01
5219.50 9.220000e-01
5220.50 9.190000e-01
5221.50 9.140000e-01
5222.50 9.300000e-01
5223.50 9.290000e-01
5224.50 9.120000e-01
5225.50 9.150000e-01
5226.50 9.060000e-01
5227.50 9.080000e-01
5228.50 8.980000e-01
5229.50 8.930000e-01
5230.50 9.160000e-01
5231.50 9.110000e-01
5232.50 9.160000e-01
5233.50 9.070000e-01
5234.50 9.170000e-01
5235.50 9.300000e-01
5236.50 9.250000e-01
5237.50 9.230000e-01
5238.50 9.350000e-01
5239.50 9.280000e-01
5240.50 9.490000e-01
5241.50 9.270000e-01
5242.50 9.540000e-01
5243.50 9.410000e-01
5244.50 9.380000e-01
5245.50 9.410000e-01
5246.50 9.380000e-01
5247.50 9.380000e-01
5248.50 9.280000e-01
5249.50 9.160000e-01
5250.50 9.220000e-01
5251.50 9.270000e-01
5252.50 9.260000e-01
5253.50 9.270000e-01
5254.50 9.300000e-01
5255.50 9.320000e-01
5256.50 9.280000e-01
5257.50 9.280000e-01
5258.50 9.250000e-01
5259.50 9.220000e-01
5260.50 9.310000e-01
5261.50 9.380000e-01
5262.50 9.240000e-01
5263.50 9.370000e-01
5264.50 9.120000e-01
5265.50 9.040000e-01
5266.50 9.160000e-01
5267.50 9.140000e-01
5268.50 8.990000e-01
5269.50 8.980000e-01
5270.50 8.990000e-01
5271.50 8.980000e-01
5272.50 9.160000e-01
5273.50 9.170000e-01
5274.50 9.160000e-01
5275.50 9.320000e-01
5276.50 9.420000e-01
5277.50 9.330000e-01
5278.50 9.530000e-01
5279.50 9.370000e-01
5280.50 9.550000e-01
5281.50 9.500000e-01
5282.50 9.370000e-01
5283.50 9.350000e-01
5284.50 9.430000e-01
5285.50 9.560000e-01
5286.50 9.430000e-01
5287.50 9.540000e-01
5288.50 9.670000e-01
5289.50 9.580000e-01
5290.50 9.740000e-01
5291.50 9.670000e-01
5292.50 9.470000e-01
5293.50 9.410000e-01
5294.50 9.620000e-01
5295.50 9.510000e-01
5296.50 9.500000e-01
5297.50 9.420000e-01
5298.50 9.360000e-01
5299.50 9.340000e-01
5300.50 9.240000e-01
5301.50 9.170000e-01
5302.50 9.190000e-01
5303.50 9.390000e-01
5304.50 9.390000e-01
5305.50 9.520000e-01
5306.50 9.470000e-01
5307.50 9.500000e-01
5308.50 9.450000e-01
5309.50 9.570000e-01
5310.50 9.620000e-01
5311.50 9.540000e-01
5312.50 9.700000e-01
5313.50 9.730000e-01
5314.50 9.620000e-01
5315.50 9.580000e-01
5316.50 9.530000e-01
5317.50 9.580000e-01
5318.50 9.550000e-01
5319.50 9.550000e-01
5320.50 9.440000e-01
5321.50 9.410000e-01
5322.50 9.310000e-01
5323.50 9.430000e-01
5324.50 9.480000e-01
5325.50 9.190000e-01
5326.50 9.130000e-01
5327.50 9.210000e-01
5328.50 9.150000e-01
5329.50 9.020000e-01
5330.50 9.010000e-01
5331.50 9.150000e-01
5332.50 9.090000e-01
5333.50 9.000000e-01
5334.50 9.140000e-01
5335.50 9.110000e-01
5336.50 9.190000e-01
5337.50 8.900000e-01
5338.50 9.040000e-01
5339.50 9.130000e-01
5340.50 9.010000e-01
5341.50 8.900000e-01
5342.50 8.930000e-01
5343.50 8.930000e-01
5344.50 8.870000e-01
5345.50 9.040000e-01
5346.50 8.940000e-01
5347.50 8.920000e-01
5348.50 8.930000e-01
5349.50 8.780000e-01
5350.50 8.850000e-01
5351.50 9.000000e-01
5352.50 8.930000e-01
5353.50 8.980000e-01
5354.50 8.950000e-01
5355.50 8.940000e-01
5356.50 8.950000e-01
5357.50 8.990000e-01
5358.50 9.070000e-01
5359.50 9.060000e-01
5360.50 9.090000e-01
5361.50 9.050000e-01
5362.50 9.090000e-01
5363.50 9.030000e-01
5364.50 9.040000e-01
5365.50 9.010000e-01
5366.50 8.910000e-01
5367.50 8.870000e-01
5368.50 8.950000e-01
5369.50 8.970000e-01
5370.50 8.600000e-01
5371.50 8.660000e-01
5372.50 8.730000e-01
5373.50 8.820000e-01
5374.50 8.790000e-01
5375.50 8.760000e-01
5376.50 8.890000e-01
5377.50 8.800000e-01
5378.50 8.790000e-01
5379.50 8.690000e-01
5380.50 8.680000e-01
5381.50 8.750000e-01
5382.50 8.660000e-01
5383.50 8.610000e-01
5384.50 8.530000e-01
5385.50 8.540000e-01
5386.50 8.670000e-01
5387.50 8.690000e-01
5388.50 8.610000e-01
5389.50 8.550000e-01
5390.50 8.620000e-01
5391.50 8.570000e-01
5392.50 8.570000e-01
5393.50 8.570000e-01
5394.50 8.490000e-01
5395.50 8.590000e-01
5396.50 8.480000e-01
5397.50 8.360000e-01
5398.50 8.370000e-01
5399.50 8.380000e-01
5400.50 8.580000e-01
5401.50 8.520000e-01
5402.50 8.390000e-01
5403.50 8.320000e-01
5404.50 8.350000e-01
5405.50 8.360000e-01
5406.50 8.330000e-01
5407.50 8.250000e-01
5408.50 8.280000e-01
5409.50 8.320000e-01
5410.50 8.390000e-01
5411.50 8.440000e-01
5412.50 8.420000e-01
5413.50 8.410000e-01
5414.50 8.590000e-01
5415.50 8.700000e-01
5416.50 8.550000e-01
5417.50 8.510000e-01
5418.50 8.640000e-01
5419.50 8.560000e-01
5420.50 8.510000e-01
5421.50 8.700000e-01
5422.50 8.680000e-01
5423.50 8.660000e-01
5424.50 8.680000e-01
5425.50 8.630000e-01
5426.50 8.620000e-01
5427.50 8.490000e-01
5428.50 8.480000e-01
5429.50 8.680000e-01
5430.50 8.440000e-01
5431.50 8.400000e-01
5432.50 8.410000e-01
5433.50 8.410000e-01
5434.50 8.440000e-01
5435.50 8.550000e-01
5436.50 8.400000e-01
5437.50 8.400000e-01
5438.50 8.430000e-01
5439.50 8.500000e-01
5440.50 8.470000e-01
5441.50 8.600000e-01
5442.50 8.560000e-01
5443.50 8.490000e-01
5444.50 8.530000e-01
5445.50 8.540000e-01
5446.50 8.360000e-01
5447.50 8.290000e-01
5448.50 8.220000e-01
5449.50 8.270000e-01
5450.50 8.320000e-01
5451.50 8.210000e-01
5452.50 8.320000e-01
5453.50 8.250000e-01
5454.50 8.220000e-01
5455.50 8.260000e-01
5456.50 8.330000e-01
5457.50 8.300000e-01
5458.50 8.160000e-01
5459.50 8.190000e-01
5460.50 8.240000e-01
5461.50 8.390000e-01
5462.50 8.420000e-01
5463.50 8.280000e-01
5464.50 8.220000e-01
5465.50 8.330000e-01
5466.50 8.300000e-01
5467.50 8.290000e-01
5468.50 8.330000e-01
5469.50 8.280000e-01
5470.50 8.210000e-01
5471.50 8.170000e-01
5472.50 8.240000e-01
5473.50 8.200000e-01
5474.50 8.310000e-01
5475.50 8.080000e-01
5476.50 8.020000e-01
5477.50 8.040000e-01
5478.50 8.140000e-01
5479.50 8.190000e-01
5480.50 8.130000e-01
5481.50 8.070000e-01
5482.50 8.050000e-01
5483.50 8.090000e-01
5484.50 8.250000e-01
5485.50 8.230000e-01
5486.50 8.230000e-01
5487.50 8.210000e-01
5488.50 8.240000e-01
5489.50 8.210000e-01
5490.50 8.170000e-01
5491.50 8.040000e-01
5492.50 8.130000e-01
5493.50 8.220000e-01
5494.50 8.340000e-01
5495.50 8.180000e-01
5496.50 8.210000e-01
5497.50 8.210000e-01
5498.50 8.200000e-01
5499.50 8.430000e-01
5500.50 8.290000e-01
5501.50 8.200000e-01
5502.50 8.260000e-01
5503.50 8.320000e-01
5504.50 8.280000e-01
5505.50 8.230000e-01
5506.50 8.320000e-01
5507.50 8.420000e-01
5508.50 8.340000e-01
5509.50 8.260000e-01
5510.50 8.320000e-01
5511.50 8.250000e-01
5512.50 8.100000e-01
5513.50 8.270000e-01
5514.50 8.240000e-01
5515.50 8.250000e-01
5516.50 8.180000e-01
5517.50 8.270000e-01
5518.50 8.340000e-01
5519.50 8.280000e-01
5520.50 8.170000e-01
5521.50 8.330000e-01
5522.50 8.490000e-01
5523.50 8.490000e-01
5524.50 8.330000e-01
5525.50 8.380000e-01
5526.50 8.500000e-01
5527.50 8.260000e-01
5528.50 8.290000e-01
5529.50 8.290000e-01
5530.50 8.480000e-01
5531.50 8.620000e-01
5532.50 8.440000e-01
5533.50 8.470000e-01
5534.50 8.450000e-01
5535.50 8.330000e-01
5536.50 8.300000e-01
5537.50 8.510000e-01
5538.50 8.540000e-01
5539.50 8.330000e-01
5540.50 8.400000e-01
5541.50 8.480000e-01
5542.50 8.530000e-01
5543.50 8.340000e-01
5544.50 8.440000e-01
5545.50 8.560000e-01
5546.50 8.510000e-01
5547.50 8.410000e-01
5548.50 8.520000e-01
5549.50 8.330000e-01
5550.50 8.230000e-01
5551.50 8.470000e-01
5552.50 8.560000e-01
5553.50 8.550000e-01
5554.50 8.450000e-01
5555.50 8.570000e-01
5556.50 8.370000e-01
5557.50 8.440000e-01
5558.50 8.270000e-01
5559.50 8.230000e-01
5560.50 8.180000e-01
5561.50 8.360000e-01
5562.50 8.250000e-01
5563.50 8.200000e-01
5564.50 8.310000e-01
5565.50 8.310000e-01
5566.50 8.270000e-01
5567.50 8.140000e-01
5568.50 8.240000e-01
5569.50 8.210000e-01
5570.50 8.190000e-01
5571.50 8.140000e-01
5572.50 8.270000e-01
5573.50 8.440000e-01
5574.50 8.210000e-01
5575.50 8.100000e-01
5576.50 8.120000e-01
5577.50 8.130000e-01
5578.50 8.210000e-01
5579.50 8.280000e-01
5580.50 8.330000e-01
5581.50 8.290000e-01
5582.50 8.220000e-01
5583.50 8.140000e-01
5584.50 8.260000e-01
5585.50 8.250000e-01
5586.50 8.120000e-01
5587.50 8.100000e-01
5588.50 8.140000e-01
5589.50 8.120000e-01
5590.50 8.040000e-01
5591.50 7.990000e-01
5592.50 8.090000e-01
5593.50 8.170000e-01
5594.50 8.010000e-01
5595.50 7.990000e-01
5596.50 7.880000e-01
5597.50 7.970000e-01
5598.50 8.120000e-01
5599.50 8.050000e-01
5600.50 8.020000e-01
5601.50 8.100000e-01
5602.50 8.130000e-01
5603.50 8.060000e-01
5604.50 8.040000e-01
5605.50 8.040000e-01
5606.50 8.000000e-01
5607.50 7.990000e-01
5608.50 8.150000e-01
5609.50 8.150000e-01
5610.50 8.380000e-01
5611.50 8.250000e-01
5612.50 8.120000e-01
5613.50 8.140000e-01
5614.50 8.030000e-01
5615.50 8.050000e-01
5616.50 7.950000e-01
5617.50 8.010000e-01
5618.50 8.040000e-01
5619.50 8.080000e-01
5620.50 8.000000e-01
5621.50 8.130000e-01
5622.50 8.060000e-01
5623.50 8.040000e-01
5624.50 8.200000e-01
5625.50 7.940000e-01
5626.50 7.930000e-01
5627.50 7.980000e-01
5628.50 8.180000e-01
5629.50 8.130000e-01
5630.50 8.260000e-01
5631.50 8.280000e-01
5632.50 8.330000e-01
5633.50 8.200000e-01
5634.50 8.280000e-01
5635.50 8.310000e-01
5636.50 8.120000e-01
5637.50 7.940000e-01
5638.50 8.110000e-01
5639.50 8.020000e-01
5640.50 7.880000e-01
5641.50 7.970000e-01
5642.50 7.910000e-01
5643.50 7.930000e-01
5644.50 8.020000e-01
5645.50 7.960000e-01
5646.50 8.030000e-01
5647.50 7.980000e-01
5648.50 8.000000e-01
5649.50 8.080000e-01
5650.50 8.020000e-01
5651.50 8.170000e-01
5652.50 8.200000e-01
5653.50 8.210000e-01
5654.50 8.080000e-01
5655.50 8.180000e-01
5656.50 8.040000e-01
5657.50 8.000000e-01
5658.50 8.040000e-01
5659.50 8.120000e-01
5660.50 8.020000e-01
5661.50 8.020000e-01
5662.50 8.060000e-01
5663.50 7.990000e-01
5664.50 7.990000e-01
5665.50 8.020000e-01
5666.50 8.090000e-01
5667.50 7.980000e-01
5668.50 7.910000e-01
5669.50 7.930000e-01
5670.50 8.070000e-01
5671.50 8.220000e-01
5672.50 8.310000e-01
5673.50 8.230000e-01
5674.50 8.140000e-01
5675.50 8.190000e-01
5676.50 8.250000e-01
5677.50 8.160000e-01
5678.50 8.030000e-01
5679.50 8.090000e-01
5680.50 8.230000e-01
5681.50 8.250000e-01
5682.50 7.990000e-01
5683.50 8.020000e-01
5684.50 8.100000e-01
5685.50 8.170000e-01
5686.50 8.240000e-01
5687.50 8.300000e-01
5688.50 8.110000e-01
5689.50 8.130000e-01
5690.50 8.140000e-01
5691.50 7.940000e-01
5692.50 8.020000e-01
5693.50 8.020000e-01
5694.50 8.180000e-01
5695.50 8.110000e-01
5696.50 7.980000e-01
5697.50 8.020000e-01
5698.50 8.240000e-01
5699.50 8.270000e-01
5700.50 8.270000e-01
5701.50 8.100000e-01
5702.50 8.120000e-01
5703.50 8.170000e-01
5704.50 8.200000e-01
5705.50 8.050000e-01
5706.50 8.030000e-01
5707.50 7.980000e-01
5708.50 8.170000e-01
5709.50 8.050000e-01
5710.50 7.960000e-01
5711.50 8.170000e-01
5712.50 8.160000e-01
5713.50 7.940000e-01
5714.50 7.960000e-01
5715.50 8.150000e-01
5716.50 8.210000e-01
5717.50 8.430000e-01
5718.50 8.520000e-01
5719.50 8.460000e-01
5720.50 8.460000e-01
5721.50 8.390000e-01
5722.50 8.360000e-01
5723.50 8.470000e-01
5724.50 8.550000e-01
5725.50 8.490000e-01
5726.50 8.410000e-01
5727.50 8.400000e-01
5728.50 8.360000e-01
5729.50 8.340000e-01
5730.50 8.210000e-01
5731.50 8.160000e-01
5732.50 8.290000e-01
5733.50 8.320000e-01
5734.50 8.210000e-01
5735.50 8.240000e-01
5736.50 8.280000e-01
5737.50 8.230000e-01
5738.50 8.260000e-01
5739.50 8.060000e-01
5740.50 8.140000e-01
5741.50 8.060000e-01
5742.50 8.090000e-01
5743.50 8.140000e-01
5744.50 8.040000e-01
5745.50 8.020000e-01
5746.50 8.280000e-01
5747.50 8.100000e-01
5748.50 8.430000e-01
5749.50 8.340000e-01
5750.50 8.290000e-01
5751.50 8.150000e-01
5752.50 8.220000e-01
5753.50 8.540000e-01
5754.50 8.380000e-01
5755.50 8.230000e-01
5756.50 8.310000e-01
5757.50 8.310000e-01
5758.50 8.270000e-01
5759.50 8.250000e-01
5760.50 8.320000e-01
5761.50 8.210000e-01
5762.50 8.370000e-01
5763.50 8.290000e-01
5764.50 8.170000e-01
5765.50 8.130000e-01
5766.50 8.060000e-01
5767.50 7.960000e-01
5768.50 8.260000e-01
5769.50 8.310000e-01
5770.50 8.300000e-01
5771.50 8.140000e-01
5772.50 8.190000e-01
5773.50 8.160000e-01
5774.50 8.270000e-01
5775.50 8.250000e-01
5776.50 8.230000e-01
5777.50 8.150000e-01
5778.50 8.160000e-01
5779.50 8.170000e-01
5780.50 8.150000e-01
5781.50 8.110000e-01
5782.50 8.040000e-01
5783.50 7.920000e-01
5784.50 7.930000e-01
5785.50 8.120000e-01
5786.50 8.100000e-01
5787.50 7.970000e-01
5788.50 8.090000e-01
5789.50 8.050000e-01
5790.50 8.230000e-01
5791.50 8.130000e-01
5792.50 8.060000e-01
5793.50 8.180000e-01
5794.50 8.310000e-01
5795.50 8.320000e-01
5796.50 8.150000e-01
5797.50 8.140000e-01
5798.50 8.230000e-01
5799.50 8.290000e-01
5800.50 8.150000e-01
5801.50 8.340000e-01
5802.50 8.460000e-01
5803.50 8.540000e-01
5804.50 8.460000e-01
5805.50 8.480000e-01
5806.50 8.380000e-01
5807.50 8.420000e-01
5808.50 8.440000e-01
5809.50 8.590000e-01
5810.50 8.400000e-01
5811.50 8.440000e-01
5812.50 8.340000e-01
5813.50 8.410000e-01
5814.50 8.420000e-01
5815.50 8.280000e-01
5816.50 8.310000e-01
5817.50 8.440000e-01
5818.50 8.350000e-01
5819.50 8.490000e-01
5820.50 8.370000e-01
5821.50 8.590000e-01
5822.50 8.500000e-01
5823.50 8.460000e-01
5824.50 8.320000e-01
5825.50 8.460000e-01
5826.50 8.530000e-01
5827.50 8.420000e-01
5828.50 8.430000e-01
5829.50 8.540000e-01
5830.50 8.640000e-01
5831.50 8.530000e-01
5832.50 8.510000e-01
5833.50 8.550000e-01
5834.50 8.620000e-01
5835.50 8.500000e-01
5836.50 8.560000e-01
5837.50 8.700000e-01
5838.50 8.470000e-01
5839.50 8.650000e-01
5840.50 8.620000e-01
5841.50 8.620000e-01
5842.50 8.660000e-01
5843.50 8.860000e-01
5844.50 8.700000e-01
5845.50 8.660000e-01
5846.50 8.580000e-01
5847.50 8.660000e-01
5848.50 8.690000e-01
5849.50 8.760000e-01
5850.50 8.890000e-01
5851.50 8.860000e-01
5852.50 8.870000e-01
5853.50 8.910000e-01
5854.50 8.880000e-01
5855.50 8.770000e-01
5856.50 8.930000e-01
5857.50 8.700000e-01
5858.50 8.620000e-01
5859.50 8.510000e-01
5860.50 8.770000e-01
5861.50 8.750000e-01
5862.50 8.790000e-01
5863.50 8.840000e-01
5864.50 8.840000e-01
5865.50 8.910000e-01
5866.50 8.980000e-01
5867.50 8.970000e-01
5868.50 9.060000e-01
5869.50 9.210000e-01
5870.50 9.360000e-01
5871.50 9.240000e-01
5872.50 9.260000e-01
5873.50 9.410000e-01
5874.50 9.520000e-01
5875.50 9.600000e-01
5876.50 9.530000e-01
5877.50 9.490000e-01
5878.50 9.680000e-01
5879.50 9.620000e-01
5880.50 9.420000e-01
5881.50 9.230000e-01
5882.50 9.140000e-01
5883.50 9.230000e-01
5884.50 9.120000e-01
5885.50 9.190000e-01
5886.50 9.030000e-01
5887.50 9.010000e-01
5888.50 8.730000e-01
5889.50 8.780000e-01
5890.50 8.540000e-01
5891.50 8.500000e-01
5892.50 8.460000e-01
5893.50 8.410000e-01
5894.50 8.440000e-01
5895.50 8.600000e-01
5896.50 8.440000e-01
5897.50 8.490000e-01
5898.50 8.560000e-01
5899.50 8.540000e-01
5900.50 8.560000e-01
5901.50 8.450000e-01
5902.50 8.490000e-01
5903.50 8.570000e-01
5904.50 8.700000e-01
5905.50 8.510000e-01
5906.50 8.610000e-01
5907.50 8.850000e-01
5908.50 8.940000e-01
5909.50 8.760000e-01
5910.50 8.600000e-01
5911.50 8.580000e-01
5912.50 8.650000e-01
5913.50 8.690000e-01
5914.50 8.720000e-01
5915.50 8.500000e-01
5916.50 8.480000e-01
5917.50 8.450000e-01
5918.50 8.530000e-01
5919.50 8.490000e-01
5920.50 8.490000e-01
5921.50 8.440000e-01
5922.50 8.510000e-01
5923.50 8.470000e-01
5924.50 8.570000e-01
5925.50 8.560000e-01
5926.50 8.470000e-01
5927.50 8.390000e-01
5928.50 8.490000e-01
5929.50 8.490000e-01
5930.50 8.510000e-01
5931.50 8.600000e-01
5932.50 8.530000e-01
5933.50 8.490000e-01
5934.50 8.420000e-01
5935.50 8.630000e-01
5936.50 8.390000e-01
5937.50 8.280000e-01
5938.50 8.240000e-01
5939.50 8.160000e-01
5940.50 8.100000e-01
5941.50 8.480000e-01
5942.50 8.360000e-01
5943.50 8.380000e-01
5944.50 8.260000e-01
5945.50 8.380000e-01
5946.50 8.410000e-01
5947.50 8.310000e-01
5948.50 8.230000e-01
5949.50 8.430000e-01
5950.50 8.330000e-01
5951.50 8.130000e-01
5952.50 8.440000e-01
5953.50 8.290000e-01
5954.50 8.340000e-01
5955.50 8.250000e-01
5956.50 8.180000e-01
5957.50 8.220000e-01
5958.50 8.210000e-01
5959.50 8.340000e-01
5960.50 8.320000e-01
5961.50 8.490000e-01
5962.50 8.210000e-01
5963.50 8.190000e-01
5964.50 8.120000e-01
5965.50 8.360000e-01
5966.50 8.430000e-01
5967.50 8.540000e-01
5968.50 8.190000e-01
5969.50 8.240000e-01
5970.50 8.240000e-01
5971.50 8.620000e-01
5972.50 8.520000e-01
5973.50 8.260000e-01
5974.50 8.220000e-01
5975.50 8.160000e-01
5976.50 8.280000e-01
5977.50 8.350000e-01
5978.50 8.180000e-01
5979.50 8.430000e-01
5980.50 8.250000e-01
5981.50 8.170000e-01
5982.50 8.280000e-01
5983.50 8.210000e-01
5984.50 8.090000e-01
5985.50 8.120000e-01
5986.50 8.190000e-01
5987.50 8.240000e-01
5988.50 8.200000e-01
5989.50 8.300000e-01
5990.50 8.310000e-01
5991.50 8.250000e-01
5992.50 8.290000e-01
5993.50 8.330000e-01
5994.50 8.440000e-01
5995.50 8.280000e-01
5996.50 8.180000e-01
5997.50 8.270000e-01
5998.50 8.200000e-01
5999.50 8.350000e-01
6000.50 8.080000e-01
6001.50 8.080000e-01
6002.50 8.200000e-01
6003.50 8.190000e-01
6004.50 8.210000e-01
6005.50 8.130000e-01
6006.50 8.080000e-01
6007.50 8.060000e-01
6008.50 8.020000e-01
6009.50 7.670000e-01
6010.50 7.840000e-01
6011.50 8.110000e-01
6012.50 8.040000e-01
6013.50 7.980000e-01
6014.50 7.840000e-01
6015.50 7.900000e-01
6016.50 7.980000e-01
6017.50 7.980000e-01
6018.50 7.860000e-01
6019.50 8.050000e-01
6020.50 7.790000e-01
6021.50 7.880000e-01
6022.50 8.050000e-01
6023.50 8.120000e-01
6024.50 8.010000e-01
6025.50 8.020000e-01
6026.50 7.820000e-01
6027.50 7.820000e-01
6028.50 7.900000e-01
6029.50 8.080000e-01
6030.50 8.090000e-01
6031.50 8.090000e-01
6032.50 8.000000e-01
6033.50 8.120000e-01
6034.50 8.150000e-01
6035.50 8.110000e-01
6036.50 8.230000e-01
6037.50 8.350000e-01
6038.50 8.110000e-01
6039.50 8.010000e-01
6040.50 8.160000e-01
6041.50 8.100000e-01
6042.50 7.970000e-01
6043.50 8.180000e-01
6044.50 8.230000e-01
6045.50 8.110000e-01
6046.50 8.250000e-01
6047.50 8.190000e-01
6048.50 8.220000e-01
6049.50 8.300000e-01
6050.50 8.370000e-01
6051.50 8.330000e-01
6052.50 8.330000e-01
6053.50 8.200000e-01
6054.50 8.090000e-01
6055.50 8.120000e-01
6056.50 8.060000e-01
6057.50 8.180000e-01
6058.50 8.230000e-01
6059.50 8.220000e-01
6060.50 8.220000e-01
6061.50 8.090000e-01
6062.50 8.170000e-01
6063.50 8.260000e-01
6064.50 8.240000e-01
6065.50 8.260000e-01
6066.50 8.230000e-01
6067.50 8.320000e-01
6068.50 8.230000e-01
6069.50 8.230000e-01
6070.50 8.250000e-01
6071.50 8.280000e-01
6072.50 8.310000e-01
6073.50 8.350000e-01
6074.50 8.290000e-01
6075.50 8.440000e-01
6076.50 8.540000e-01
6077.50 8.490000e-01
6078.50 8.440000e-01
6079.50 8.370000e-01
6080.50 8.400000e-01
6081.50 8.520000e-01
6082.50 8.740000e-01
6083.50 8.590000e-01
6084.50 8.600000e-01
6085.50 8.600000e-01
6086.50 8.650000e-01
6087.50 8.660000e-01
6088.50 8.690000e-01
6089.50 8.640000e-01
6090.50 8.320000e-01
6091.50 8.320000e-01
6092.50 8.410000e-01
6093.50 8.370000e-01
6094.50 8.170000e-01
6095.50 7.960000e-01
6096.50 8.000000e-01
6097.50 8.010000e-01
6098.50 8.210000e-01
6099.50 8.370000e-01
6100.50 8.150000e-01
6101.50 8.130000e-01
6102.50 8.070000e-01
6103.50 8.080000e-01
6104.50 8.240000e-01
6105.50 8.100000e-01
6106.50 8.120000e-01
6107.50 7.950000e-01
6108.50 8.040000e-01
6109.50 8.060000e-01
6110.50 8.220000e-01
6111.50 8.220000e-01
6112.50 8.130000e-01
6113.50 8.020000e-01
6114.50 8.020000e-01
6115.50 8.110000e-01
6116.50 8.170000e-01
6117.50 8.170000e-01
6118.50 8.120000e-01
6119.50 8.240000e-01
6120.50 8.140000e-01
6121.50 8.070000e-01
6122.50 8.180000e-01
6123.50 8.100000e-01
6124.50 8.170000e-01
6125.50 7.910000e-01
6126.50 7.880000e-01
6127.50 8.090000e-01
6128.50 8.050000e-01
6129.50 8.210000e-01
6130.50 8.170000e-01
6131.50 8.170000e-01
6132.50 7.930000e-01
6133.50 7.900000e-01
6134.50 8.050000e-01
6135.50 7.990000e-01
6136.50 8.090000e-01
6137.50 7.890000e-01
6138.50 7.970000e-01
6139.50 8.070000e-01
6140.50 7.890000e-01
6141.50 7.940000e-01
6142.50 8.020000e-01
6143.50 8.110000e-01
6144.50 8.160000e-01
6145.50 8.270000e-01
6146.50 8.110000e-01
6147.50 8.120000e-01
6148.50 8.010000e-01
6149.50 8.090000e-01
6150.50 8.170000e-01
6151.50 8.240000e-01
6152.50 8.210000e-01
6153.50 8.120000e-01
6154.50 8.050000e-01
6155.50 8.000000e-01
6156.50 8.060000e-01
6157.50 8.200000e-01
6158.50 7.990000e-01
6159.50 7.870000e-01
6160.50 7.960000e-01
6161.50 7.880000e-01
6162.50 7.850000e-01
6163.50 7.910000e-01
6164.50 7.950000e-01
6165.50 7.810000e-01
6166.50 7.770000e-01
6167.50 7.970000e-01
6168.50 7.880000e-01
6169.50 7.970000e-01
6170.50 7.910000e-01
6171.50 7.930000e-01
6172.50 7.770000e-01
6173.50 7.790000e-01
6174.50 8.000000e-01
6175.50 7.960000e-01
6176.50 7.920000e-01
6177.50 7.830000e-01
6178.50 8.050000e-01
6179.50 8.160000e-01
6180.50 8.140000e-01
6181.50 8.110000e-01
6182.50 7.980000e-01
6183.50 8.110000e-01
6184.50 8.020000e-01
6185.50 8.000000e-01
6186.50 7.970000e-01
6187.50 8.090000e-01
6188.50 7.690000e-01
6189.50 7.740000e-01
6190.50 7.830000e-01
6191.50 8.030000e-01
6192.50 7.920000e-01
6193.50 7.940000e-01
6194.50 7.760000e-01
6195.50 7.970000e-01
6196.50 7.770000e-01
6197.50 7.920000e-01
6198.50 7.870000e-01
6199.50 7.820000e-01
6200.50 7.990000e-01
6201.50 7.950000e-01
6202.50 7.920000e-01
6203.50 7.930000e-01
6204.50 7.950000e-01
6205.50 7.770000e-01
6206.50 7.820000e-01
6207.50 7.980000e-01
6208.50 7.910000e-01
6209.50 7.970000e-01
6210.50 8.170000e-01
6211.50 8.010000e-01
6212.50 7.890000e-01
6213.50 7.770000e-01
6214.50 7.780000e-01
6215.50 7.880000e-01
6216.50 7.770000e-01
6217.50 7.890000e-01
6218.50 7.670000e-01
6219.50 7.850000e-01
6220.50 7.700000e-01
6221.50 7.620000e-01
6222.50 7.600000e-01
6223.50 7.880000e-01
6224.50 7.750000e-01
6225.50 7.920000e-01
6226.50 7.990000e-01
6227.50 7.930000e-01
6228.50 7.820000e-01
6229.50 7.970000e-01
6230.50 8.020000e-01
6231.50 8.170000e-01
6232.50 7.890000e-01
6233.50 7.900000e-01
6234.50 7.970000e-01
6235.50 7.990000e-01
6236.50 8.000000e-01
6237.50 7.960000e-01
6238.50 7.920000e-01
6239.50 7.930000e-01
6240.50 8.110000e-01
6241.50 8.070000e-01
6242.50 8.070000e-01
6243.50 7.980000e-01
6244.50 7.960000e-01
6245.50 7.920000e-01
6246.50 8.000000e-01
6247.50 8.030000e-01
6248.50 7.980000e-01
6249.50 8.140000e-01
6250.50 8.030000e-01
6251.50 7.920000e-01
6252.50 7.840000e-01
6253.50 7.820000e-01
6254.50 7.880000e-01
6255.50 7.850000e-01
6256.50 7.810000e-01
6257.50 7.870000e-01
6258.50 7.760000e-01
6259.50 7.690000e-01
6260.50 7.720000e-01
6261.50 8.040000e-01
6262.50 7.840000e-01
6263.50 7.920000e-01
6264.50 7.850000e-01
6265.50 8.000000e-01
6266.50 7.960000e-01
6267.50 7.880000e-01
6268.50 7.940000e-01
6269.50 8.020000e-01
6270.50 8.160000e-01
6271.50 8.080000e-01
6272.50 7.900000e-01
6273.50 7.950000e-01
6274.50 7.890000e-01
6275.50 8.080000e-01
6276.50 7.990000e-01
6277.50 8.140000e-01
6278.50 8.110000e-01
6279.50 7.950000e-01
6280.50 8.060000e-01
6281.50 8.020000e-01
6282.50 7.980000e-01
6283.50 7.990000e-01
6284.50 8.010000e-01
6285.50 8.090000e-01
6286.50 8.150000e-01
6287.50 8.020000e-01
6288.50 7.990000e-01
6289.50 8.090000e-01
6290.50 8.080000e-01
6291.50 8.180000e-01
6292.50 8.130000e-01
6293.50 8.100000e-01
6294.50 8.200000e-01
6295.50 8.310000e-01
6296.50 8.440000e-01
6297.50 8.340000e-01
6298.50 8.510000e-01
6299.50 8.500000e-01
6300.50 8.910000e-01
6301.50 9.070000e-01
6302.50 9.100000e-01
6303.50 9.240000e-01
6304.50 9.060000e-01
6305.50 8.730000e-01
6306.50 8.430000e-01
6307.50 8.280000e-01
6308.50 8.350000e-01
6309.50 8.350000e-01
6310.50 8.260000e-01
6311.50 8.340000e-01
6312.50 8.220000e-01
6313.50 8.270000e-01
6314.50 8.160000e-01
6315.50 8.090000e-01
6316.50 8.000000e-01
6317.50 8.060000e-01
6318.50 8.180000e-01
6319.50 8.170000e-01
6320.50 8.050000e-01
6321.50 8.010000e-01
6322.50 8.040000e-01
6323.50 8.120000e-01
6324.50 8.170000e-01
6325.50 8.130000e-01
6326.50 8.100000e-01
6327.50 8.140000e-01
6328.50 8.190000e-01
6329.50 8.270000e-01
6330.50 8.230000e-01
6331.50 8.350000e-01
6332.50 8.280000e-01
6333.50 8.360000e-01
6334.50 8.270000e-01
6335.50 8.370000e-01
6336.50 8.330000e-01
6337.50 8.160000e-01
6338.50 8.190000e-01
6339.50 8.230000e-01
6340.50 8.290000e-01
6341.50 8.390000e-01
6342.50 8.240000e-01
6343.50 8.230000e-01
6344.50 8.290000e-01
6345.50 8.250000e-01
6346.50 8.370000e-01
6347.50 8.160000e-01
6348.50 8.140000e-01
6349.50 8.180000e-01
6350.50 8.370000e-01
6351.50 8.570000e-01
6352.50 8.530000e-01
6353.50 8.500000e-01
6354.50 8.520000e-01
6355.50 8.480000e-01
6356.50 8.410000e-01
6357.50 8.230000e-01
6358.50 8.300000e-01
6359.50 8.510000e-01
6360.50 8.520000e-01
6361.50 8.350000e-01
6362.50 8.430000e-01
6363.50 8.470000e-01
6364.50 8.610000e-01
6365.50 8.610000e-01
6366.50 8.810000e-01
6367.50 8.760000e-01
6368.50 8.680000e-01
6369.50 8.630000e-01
6370.50 8.560000e-01
6371.50 8.660000e-01
6372.50 8.810000e-01
6373.50 8.870000e-01
6374.50 8.740000e-01
6375.50 8.780000e-01
6376.50 8.640000e-01
6377.50 8.650000e-01
6378.50 8.540000e-01
6379.50 8.470000e-01
6380.50 8.390000e-01
6381.50 8.370000e-01
6382.50 8.510000e-01
6383.50 8.640000e-01
6384.50 8.480000e-01
6385.50 8.390000e-01
6386.50 8.410000e-01
6387.50 8.480000e-01
6388.50 8.460000e-01
6389.50 8.370000e-01
6390.50 8.560000e-01
6391.50 8.710000e-01
6392.50 8.540000e-01
6393.50 8.430000e-01
6394.50 8.340000e-01
6395.50 8.370000e-01
6396.50 8.170000e-01
6397.50 8.360000e-01
6398.50 8.400000e-01
6399.50 8.470000e-01
6400.50 8.410000e-01
6401.50 8.330000e-01
6402.50 8.420000e-01
6403.50 8.510000e-01
6404.50 8.420000e-01
6405.50 8.360000e-01
6406.50 8.390000e-01
6407.50 8.510000e-01
6408.50 8.550000e-01
6409.50 8.520000e-01
6410.50 8.550000e-01
6411.50 8.460000e-01
6412.50 8.410000e-01
6413.50 8.500000e-01
6414.50 8.530000e-01
6415.50 8.540000e-01
6416.50 8.590000e-01
6417.50 8.540000e-01
6418.50 8.460000e-01
6419.50 8.400000e-01
6420.50 8.520000e-01
6421.50 8.540000e-01
6422.50 8.490000e-01
6423.50 8.560000e-01
6424.50 8.630000e-01
6425.50 8.820000e-01
6426.50 8.540000e-01
6427.50 8.630000e-01
6428.50 8.710000e-01
6429.50 8.770000e-01
6430.50 8.760000e-01
6431.50 8.620000e-01
6432.50 8.610000e-01
6433.50 8.690000e-01
6434.50 8.760000e-01
6435.50 8.790000e-01
6436.50 8.860000e-01
6437.50 8.770000e-01
6438.50 8.950000e-01
6439.50 9.090000e-01
6440.50 8.960000e-01
6441.50 8.820000e-01
6442.50 8.860000e-01
6443.50 8.990000e-01
6444.50 8.880000e-01
6445.50 8.920000e-01
6446.50 8.800000e-01
6447.50 8.930000e-01
6448.50 8.940000e-01
6449.50 9.180000e-01
6450.50 8.950000e-01
6451.50 8.650000e-01
6452.50 9.020000e-01
6453.50 9.080000e-01
6454.50 9.060000e-01
6455.50 9.050000e-01
6456.50 9.030000e-01
6457.50 9.160000e-01
6458.50 9.230000e-01
6459.50 9.060000e-01
6460.50 9.140000e-01
6461.50 9.010000e-01
6462.50 9.130000e-01
6463.50 9.200000e-01
6464.50 9.160000e-01
6465.50 9.400000e-01
6466.50 9.400000e-01
6467.50 9.410000e-01
6468.50 9.290000e-01
6469.50 9.420000e-01
6470.50 9.620000e-01
6471.50 9.510000e-01
6472.50 9.600000e-01
6473.50 9.470000e-01
6474.50 9.580000e-01
6475.50 9.730000e-01
6476.50 9.730000e-01
6477.50 9.760000e-01
6478.50 9.760000e-01
6479.50 9.640000e-01
6480.50 9.750000e-01
6481.50 9.940000e-01
6482.50 9.760000e-01
6483.50 9.950000e-01
6484.50 1.004000e+00
6485.50 9.890000e-01
6486.50 9.920000e-01
6487.50 9.900000e-01
6488.50 9.870000e-01
6489.50 1.010000e+00
6490.50 1.017000e+00
6491.50 1.031000e+00
6492.50 1.023000e+00
6493.50 1.014000e+00
6494.50 1.010000e+00
6495.50 1.017000e+00
6496.50 1.032000e+00
6497.50 9.930000e-01
6498.50 9.930000e-01
6499.50 1.021000e+00
6500.50 1.032000e+00
6501.50 1.063000e+00
6502.50 1.041000e+00
6503.50 1.084000e+00
6504.50 1.113000e+00
6505.50 1.130000e+00
6506.50 1.137000e+00
6507.50 1.136000e+00
6508.50 1.129000e+00
6509.50 1.142000e+00
6510.50 1.158000e+00
6511.50 1.171000e+00
6512.50 1.193000e+00
6513.50 1.192000e+00
6514.50 1.224000e+00
6515.50 1.249000e+00
6516.50 1.281000e+00
6517.50 1.280000e+00
6518.50 1.284000e+00
6519.50 1.286000e+00
6520.50 1.286000e+00
6521.50 1.342000e+00
6522.50 1.368000e+00
6523.50 1.382000e+00
6524.50 1.369000e+00
6525.50 1.382000e+00
6526.50 1.441000e+00
6527.50 1.456000e+00
6528.50 1.491000e+00
6529.50 1.514000e+00
6530.50 1.529000e+00
6531.50 1.561000e+00
6532.50 1.579000e+00
6533.50 1.586000e+00
6534.50 1.643000e+00
6535.50 1.657000e+00
6536.50 1.694000e+00
6537.50 1.720000e+00
6538.50 1.766000e+00
6539.50 1.809000e+00
6540.50 1.871000e+00
6541.50 1.914000e+00
6542.50 1.915000e+00
6543.50 1.941000e+00
6544.50 2.015000e+00
6545.50 2.077000e+00
6546.50 2.178000e+00
6547.50 2.266000e+00
6548.50 2.318000e+00
6549.50 2.425000e+00
6550.50 2.492000e+00
6551.50 2.542000e+00
6552.50 2.602000e+00
6553.50 2.628000e+00
6554.50 2.593000e+00
6555.50 2.607000e+00
6556.50 2.683000e+00
6557.50 2.798000e+00
6558.50 2.906000e+00
6559.50 2.965000e+00
6560.50 3.174000e+00
6561.50 3.405000e+00
6562.50 3.515000e+00
6563.50 3.695000e+00
6564.50 3.861000e+00
6565.50 3.931000e+00
6566.50 3.776000e+00
6567.50 3.577000e+00
6568.50 3.379000e+00
6569.50 3.154000e+00
6570.50 3.038000e+00
6571.50 2.740000e+00
6572.50 2.635000e+00
6573.50 2.563000e+00
6574.50 2.545000e+00
6575.50 2.466000e+00
6576.50 2.449000e+00
6577.50 2.451000e+00
6578.50 2.434000e+00
6579.50 2.432000e+00
6580.50 2.444000e+00
6581.50 2.462000e+00
6582.50 2.600000e+00
6583.50 2.691000e+00
6584.50 2.754000e+00
6585.50 2.758000e+00
6586.50 2.693000e+00
6587.50 2.604000e+00
6588.50 2.412000e+00
6589.50 2.270000e+00
6590.50 2.120000e+00
6591.50 1.983000e+00
6592.50 1.884000e+00
6593.50 1.815000e+00
6594.50 1.761000e+00
6595.50 1.708000e+00
6596.50 1.680000e+00
6597.50 1.649000e+00
6598.50 1.596000e+00
6599.50 1.595000e+00
6600.50 1.572000e+00
6601.50 1.527000e+00
6602.50 1.491000e+00
6603.50 1.453000e+00
6604.50 1.447000e+00
6605.50 1.430000e+00
6606.50 1.389000e+00
6607.50 1.372000e+00
6608.50 1.379000e+00
6609.50 1.343000e+00
6610.50 1.348000e+00
6611.50 1.298000e+00
6612.50 1.299000e+00
6613.50 1.296000e+00
6614.50 1.281000e+00
6615.50 1.263000e+00
6616.50 1.265000e+00
6617.50 1.255000e+00
6618.50 1.245000e+00
6619.50 1.213000e+00
6620.50 1.180000e+00
6621.50 1.182000e+00
6622.50 1.160000e+00
6623.50 1.161000e+00
6624.50 1.155000e+00
6625.50 1.126000e+00
6626.50 1.132000e+00
6627.50 1.107000e+00
6628.50 1.118000e+00
6629.50 1.095000e+00
6630.50 1.079000e+00
6631.50 1.071000e+00
6632.50 1.080000e+00
6633.50 1.071000e+00
6634.50 1.060000e+00
6635.50 1.047000e+00
6636.50 1.039000e+00
6637.50 1.042000e+00
6638.50 1.027000e+00
6639.50 1.032000e+00
6640.50 1.024000e+00
6641.50 1.011000e+00
6642.50 1.009000e+00
6643.50 1.017000e+00
6644.50 9.840000e-01
6645.50 1.005000e+00
6646.50 1.006000e+00
6647.50 9.870000e-01
6648.50 9.980000e-01
6649.50 9.870000e-01
6650.50 9.960000e-01
6651.50 9.690000e-01
6652.50 9.880000e-01
6653.50 9.700000e-01
6654.50 9.590000e-01
6655.50 9.400000e-01
6656.50 9.450000e-01
6657.50 9.390000e-01
6658.50 9.300000e-01
6659.50 9.560000e-01
6660.50 9.430000e-01
6661.50 9.520000e-01
6662.50 9.480000e-01
6663.50 9.350000e-01
6664.50 9.410000e-01
6665.50 9.400000e-01
6666.50 9.330000e-01
6667.50 9.200000e-01
6668.50 9.230000e-01
6669.50 9.280000e-01
6670.50 9.290000e-01
6671.50 9.210000e-01
6672.50 9.180000e-01
6673.50 9.190000e-01
6674.50 9.170000e-01
6675.50 9.230000e-01
6676.50 9.200000e-01
6677.50 9.170000e-01
6678.50 9.200000e-01
6679.50 8.940000e-01
6680.50 8.880000e-01
6681.50 8.850000e-01
6682.50 9.040000e-01
6683.50 9.210000e-01
6684.50 9.010000e-01
6685.50 8.890000e-01
6686.50 8.680000e-01
6687.50 8.800000e-01
6688.50 8.920000e-01
6689.50 8.870000e-01
6690.50 8.900000e-01
6691.50 8.760000e-01
6692.50 8.730000e-01
6693.50 8.750000e-01
6694.50 8.690000e-01
6695.50 8.750000e-01
6696.50 8.750000e-01
6697.50 8.710000e-01
6698.50 8.600000e-01
6699.50 8.690000e-01
6700.50 8.720000e-01
6701.50 8.480000e-01
6702.50 8.440000e-01
6703.50 8.360000e-01
6704.50 8.680000e-01
6705.50 8.630000e-01
6706.50 8.480000e-01
6707.50 8.350000e-01
6708.50 8.340000e-01
6709.50 8.590000e-01
6710.50 8.740000e-01
6711.50 8.580000e-01
6712.50 8.580000e-01
6713.50 8.800000e-01
6714.50 9.310000e-01
6715.50 9.590000e-01
6716.50 1.016000e+00
6717.50 1.032000e+00
6718.50 1.051000e+00
6719.50 1.067000e+00
6720.50 1.056000e+00
6721.50 9.970000e-01
6722.50 9.670000e-01
6723.50 9.420000e-01
6724.50 9.030000e-01
6725.50 8.930000e-01
6726.50 8.800000e-01
6727.50 8.930000e-01
6728.50 9.100000e-01
6729.50 9.350000e-01
6730.50 9.530000e-01
6731.50 1.001000e+00
6732.50 1.015000e+00
6733.50 1.037000e+00
6734.50 1.026000e+00
6735.50 1.002000e+00
6736.50 9.390000e-01
6737.50 9.080000e-01
6738.50 8.630000e-01
6739.50 8.290000e-01
6740.50 8.150000e-01
6741.50 8.140000e-01
6742.50 8.060000e-01
6743.50 7.990000e-01
6744.50 8.120000e-01
6745.50 7.970000e-01
6746.50 8.010000e-01
6747.50 7.970000e-01
6748.50 8.040000e-01
6749.50 7.980000e-01
6750.50 7.750000e-01
6751.50 7.820000e-01
6752.50 7.820000e-01
6753.50 7.910000e-01
6754.50 8.030000e-01
6755.50 8.000000e-01
6756.50 7.960000e-01
6757.50 7.910000e-01
6758.50 7.820000e-01
6759.50 7.870000e-01
6760.50 8.040000e-01
6761.50 7.980000e-01
6762.50 7.900000e-01
6763.50 8.020000e-01
6764.50 8.020000e-01
6765.50 8.070000e-01
6766.50 8.030000e-01
6767.50 7.920000e-01
6768.50 8.040000e-01
6769.50 7.950000e-01
6770.50 7.850000e-01
6771.50 7.970000e-01
6772.50 7.940000e-01
6773.50 7.880000e-01
6774.50 7.960000e-01
6775.50 7.950000e-01
6776.50 7.950000e-01
6777.50 7.960000e-01
6778.50 7.890000e-01
6779.50 7.860000e-01
6780.50 8.260000e-01
6781.50 8.030000e-01
6782.50 7.840000e-01
6783.50 7.970000e-01
6784.50 8.100000e-01
6785.50 8.140000e-01
6786.50 7.930000e-01
6787.50 7.890000e-01
6788.50 7.850000e-01
6789.50 7.750000e-01
6790.50 7.750000e-01
6791.50 7.730000e-01
6792.50 7.920000e-01
6793.50 7.880000e-01
6794.50 7.820000e-01
6795.50 7.770000e-01
6796.50 7.880000e-01
6797.50 7.910000e-01
6798.50 7.880000e-01
6799.50 7.920000e-01
6800.50 7.900000e-01
6801.50 7.810000e-01
6802.50 7.630000e-01
6803.50 7.920000e-01
6804.50 7.880000e-01
6805.50 7.850000e-01
6806.50 7.830000e-01
6807.50 7.770000e-01
6808.50 7.790000e-01
6809.50 7.820000e-01
6810.50 7.950000e-01
6811.50 7.780000e-01
6812.50 7.670000e-01
6813.50 7.770000e-01
6814.50 7.740000e-01
6815.50 7.730000e-01
6816.50 7.640000e-01
6817.50 7.770000e-01
6818.50 7.800000e-01
6819.50 7.650000e-01
6820.50 7.790000e-01
6821.50 7.840000e-01
6822.50 7.880000e-01
6823.50 7.860000e-01
6824.50 7.720000e-01
6825.50 7.950000e-01
6826.50 7.810000e-01
6827.50 7.770000e-01
6828.50 7.860000e-01
6829.50 7.780000e-01
6830.50 7.780000e-01
6831.50 7.910000e-01
6832.50 7.870000e-01
6833.50 7.780000e-01
6834.50 7.690000e-01
6835.50 7.700000e-01
6836.50 8.070000e-01
6837.50 8.000000e-01
6838.50 7.800000e-01
6839.50 7.800000e-01
6840.50 7.910000e-01
6841.50 7.760000e-01
6842.50 7.650000e-01
6843.50 7.640000e-01
6844.50 7.530000e-01
6845.50 7.560000e-01
6846.50 7.290000e-01
6847.50 7.730000e-01
6848.50 7.910000e-01
6849.50 7.770000e-01
6850.50 7.720000e-01
6851.50 7.890000e-01
6852.50 7.890000e-01
6853.50 7.860000e-01
6854.50 7.850000e-01
6855.50 7.590000e-01
6856.50 7.540000e-01
6857.50 7.520000e-01
6858.50 7.750000e-01
6859.50 7.680000e-01
6860.50 7.660000e-01
6861.50 7.630000e-01
6862.50 7.620000e-01
6863.50 7.800000e-01
6864.50 7.650000e-01
6865.50 7.610000e-01
6866.50 7.520000e-01
6867.50 7.580000e-01
6868.50 7.640000e-01
6869.50 7.570000e-01
6870.50 7.560000e-01
6871.50 7.680000e-01
6872.50 7.520000e-01
6873.50 7.800000e-01
6874.50 7.760000e-01
6875.50 7.780000e-01
6876.50 7.840000e-01
6877.50 7.960000e-01
6878.50 7.700000e-01
6879.50 7.670000e-01
6880.50 7.680000e-01
6881.50 7.840000e-01
6882.50 7.730000e-01
6883.50 7.720000e-01
6884.50 7.630000e-01
6885.50 7.630000e-01
6886.50 7.760000e-01
6887.50 7.880000e-01
6888.50 7.790000e-01
6889.50 7.530000e-01
6890.50 7.570000e-01
6891.50 7.720000e-01
6892.50 7.700000e-01
6893.50 7.870000e-01
6894.50 7.810000e-01
6895.50 7.830000e-01
6896.50 7.750000e-01
6897.50 7.820000e-01
6898.50 7.670000e-01
6899.50 7.670000e-01
6900.50 7.650000e-01
6901.50 7.830000e-01
6902.50 7.940000e-01
6903.50 7.910000e-01
6904.50 7.800000e-01
6905.50 7.640000e-01
6906.50 7.520000e-01
6907.50 7.700000e-01
6908.50 7.830000e-01
6909.50 7.740000e-01
6910.50 7.710000e-01
6911.50 7.880000e-01
6912.50 7.560000e-01
6913.50 7.830000e-01
6914.50 7.690000e-01
6915.50 7.750000e-01
6916.50 7.750000e-01
6917.50 7.640000e-01
6918.50 7.630000e-01
6919.50 7.800000e-01
6920.50 7.820000e-01
6921.50 7.870000e-01
6922.50 7.790000e-01
6923.50 7.810000e-01
6924.50 7.740000e-01
6925.50 7.750000e-01
6926.50 7.770000e-01
6927.50 7.590000e-01
6928.50 7.820000e-01
6929.50 7.660000e-01
6930.50 7.620000e-01
6931.50 7.670000e-01
6932.50 7.640000e-01
6933.50 7.740000e-01
6934.50 7.680000e-01
6935.50 7.550000e-01
6936.50 7.660000e-01
6937.50 7.740000e-01
6938.50 7.750000e-01
6939.50 7.770000e-01
6940.50 7.800000e-01
6941.50 7.900000e-01
6942.50 7.680000e-01
6943.50 7.680000e-01
6944.50 7.710000e-01
6945.50 7.810000e-01
6946.50 7.690000e-01
6947.50 7.560000e-01
6948.50 7.630000e-01
6949.50 7.570000e-01
6950.50 7.330000e-01
6951.50 7.580000e-01
6952.50 7.820000e-01
6953.50 7.670000e-01
6954.50 7.730000e-01
6955.50 7.770000e-01
6956.50 7.610000e-01
6957.50 7.640000e-01
6958.50 7.730000e-01
6959.50 7.680000e-01
6960.50 7.740000e-01
6961.50 7.800000e-01
6962.50 7.660000e-01
6963.50 7.740000e-01
6964.50 7.940000e-01
6965.50 7.830000e-01
6966.50 7.650000e-01
6967.50 7.780000e-01
6968.50 7.870000e-01
6969.50 8.090000e-01
6970.50 7.920000e-01
6971.50 7.720000e-01
6972.50 8.070000e-01
6973.50 8.070000e-01
6974.50 8.130000e-01
6975.50 7.860000e-01
6976.50 7.780000e-01
6977.50 7.880000e-01
6978.50 7.440000e-01
6979.50 7.500000e-01
6980.50 7.640000e-01
6981.50 7.830000e-01
6982.50 7.930000e-01
6983.50 7.760000e-01
6984.50 7.890000e-01
6985.50 7.750000e-01
6986.50 7.850000e-01
6987.50 8.040000e-01
6988.50 7.820000e-01
6989.50 7.760000e-01
6990.50 7.800000e-01
6991.50 7.980000e-01
6992.50 7.880000e-01
6993.50 7.880000e-01
6994.50 7.870000e-01
6995.50 7.880000e-01
6996.50 7.880000e-01
6997.50 7.930000e-01
6998.50 8.020000e-01
6999.50 8.010000e-01
7000.50 7.950000e-01
7001.50 7.810000e-01
7002.50 7.640000e-01
7003.50 7.700000e-01
7004.50 7.730000e-01
7005.50 7.700000e-01
7006.50 7.850000e-01
7007.50 7.950000e-01
7008.50 7.880000e-01
7009.50 7.690000e-01
7010.50 7.800000e-01
7011.50 7.770000e-01
7012.50 7.630000e-01
7013.50 7.810000e-01
7014.50 7.900000e-01
7015.50 8.160000e-01
7016.50 7.950000e-01
7017.50 7.760000e-01
7018.50 7.890000e-01
7019.50 7.810000e-01
7020.50 7.810000e-01
7021.50 7.810000e-01
7022.50 7.850000e-01
7023.50 7.840000e-01
7024.50 7.840000e-01
7025.50 7.980000e-01
7026.50 7.910000e-01
7027.50 7.900000e-01
7028.50 7.860000e-01
7029.50 7.840000e-01
7030.50 8.010000e-01
7031.50 7.870000e-01
7032.50 7.690000e-01
7033.50 7.800000e-01
7034.50 7.620000e-01
7035.50 7.690000e-01
7036.50 7.950000e-01
7037.50 7.790000e-01
7038.50 7.840000e-01
7039.50 8.070000e-01
7040.50 8.080000e-01
7041.50 8.150000e-01
7042.50 7.970000e-01
7043.50 8.020000e-01
7044.50 8.010000e-01
7045.50 8.170000e-01
7046.50 8.120000e-01
7047.50 8.340000e-01
7048.50 8.320000e-01
7049.50 8.170000e-01
7050.50 8.230000e-01
7051.50 8.270000e-01
7052.50 8.190000e-01
7053.50 8.140000e-01
7054.50 8.270000e-01
7055.50 8.110000e-01
7056.50 8.080000e-01
7057.50 8.010000e-01
7058.50 8.110000e-01
7059.50 8.020000e-01
7060.50 7.920000e-01
7061.50 8.030000e-01
7062.50 8.070000e-01
7063.50 8.300000e-01
7064.50 8.260000e-01
7065.50 8.300000e-01
7066.50 8.140000e-01
7067.50 8.130000e-01
7068.50 8.120000e-01
7069.50 8.060000e-01
7070.50 8.010000e-01
7071.50 7.960000e-01
7072.50 8.090000e-01
7073.50 8.250000e-01
7074.50 8.230000e-01
7075.50 8.180000e-01
7076.50 8.140000e-01
7077.50 8.040000e-01
7078.50 7.900000e-01
7079.50 7.990000e-01
7080.50 7.990000e-01
7081.50 8.000000e-01
7082.50 7.860000e-01
7083.50 7.920000e-01
7084.50 8.010000e-01
7085.50 7.920000e-01
7086.50 7.710000e-01
7087.50 7.800000e-01
7088.50 7.900000e-01
7089.50 7.700000e-01
7090.50 7.590000e-01
7091.50 7.730000e-01
7092.50 7.850000e-01
7093.50 7.980000e-01
7094.50 7.660000e-01
7095.50 7.590000e-01
7096.50 7.600000e-01
7097.50 7.600000e-01
7098.50 7.540000e-01
7099.50 7.610000e-01
7100.50 7.560000e-01
7101.50 7.540000e-01
7102.50 7.370000e-01
7103.50 7.460000e-01
7104.50 7.600000e-01
7105.50 7.640000e-01
7106.50 7.840000e-01
7107.50 7.910000e-01
7108.50 7.910000e-01
7109.50 7.630000e-01
7110.50 7.570000e-01
7111.50 7.420000e-01
7112.50 7.600000e-01
7113.50 7.450000e-01
7114.50 7.410000e-01
7115.50 7.210000e-01
7116.50 7.270000e-01
7117.50 7.330000e-01
7118.50 7.500000e-01
7119.50 7.710000e-01
7120.50 7.550000e-01
7121.50 7.600000e-01
7122.50 7.500000e-01
7123.50 7.430000e-01
7124.50 7.500000e-01
7125.50 7.460000e-01
7126.50 7.470000e-01
7127.50 7.500000e-01
7128.50 7.200000e-01
7129.50 7.520000e-01
7130.50 7.550000e-01
7131.50 7.420000e-01
7132.50 7.610000e-01
7133.50 7.610000e-01
7134.50 7.540000e-01
7135.50 7.780000e-01
7136.50 7.800000e-01
7137.50 7.970000e-01
7138.50 8.040000e-01
7139.50 8.050000e-01
7140.50 8.050000e-01
7141.50 7.670000e-01
7142.50 7.470000e-01
7143.50 7.640000e-01
7144.50 7.630000e-01
7145.50 7.440000e-01
7146.50 7.600000e-01
7147.50 7.470000e-01
7148.50 7.530000e-01
7149.50 7.410000e-01
7150.50 7.140000e-01
7151.50 7.060000e-01
7152.50 7.360000e-01
7153.50 7.430000e-01
7154.50 7.660000e-01
7155.50 7.560000e-01
7156.50 7.470000e-01
7157.50 7.430000e-01
7158.50 7.320000e-01
7159.50 7.510000e-01
7160.50 7.420000e-01
7161.50 7.290000e-01
7162.50 7.420000e-01
7163.50 7.410000e-01
7164.50 7.330000e-01
7165.50 7.350000e-01
7166.50 7.260000e-01
7167.50 7.550000e-01
7168.50 7.400000e-01
7169.50 7.420000e-01
7170.50 7.400000e-01
7171.50 7.500000e-01
7172.50 7.380000e-01
7173.50 7.450000e-01
7174.50 7.590000e-01
7175.50 7.490000e-01
7176.50 7.450000e-01
7177.50 7.420000e-01
7178.50 7.410000e-01
7179.50 7.400000e-01
7180.50 7.400000e-01
7181.50 7.380000e-01
7182.50 7.310000e-01
7183.50 7.140000e-01
7184.50 7.220000e-01
7185.50 7.310000e-01
7186.50 7.110000e-01
7187.50 7.420000e-01
7188.50 7.350000e-01
7189.50 7.210000e-01
7190.50 7.220000e-01
7191.50 7.260000e-01
7192.50 7.290000e-01
7193.50 7.220000e-01
7194.50 7.120000e-01
7195.50 7.330000e-01
7196.50 7.170000e-01
7197.50 7.330000e-01
7198.50 7.340000e-01
7199.50 7.300000e-01
7200.50 7.420000e-01
7201.50 7.330000e-01
7202.50 7.440000e-01
7203.50 7.510000e-01
7204.50 7.380000e-01
7205.50 7.240000e-01
7206.50 7.270000e-01
7207.50 7.460000e-01
7208.50 7.580000e-01
7209.50 7.430000e-01
7210.50 7.390000e-01
7211.50 7.280000e-01
7212.50 7.240000e-01
7213.50 7.290000e-01
7214.50 7.290000e-01
7215.50 7.260000e-01
7216.50 7.350000e-01
7217.50 7.530000e-01
7218.50 7.590000e-01
7219.50 7.490000e-01
7220.50 7.370000e-01
7221.50 7.230000e-01
7222.50 7.310000e-01
7223.50 7.390000e-01
7224.50 7.470000e-01
7225.50 7.400000e-01
7226.50 7.290000e-01
7227.50 7.240000e-01
7228.50 7.260000e-01
7229.50 7.290000e-01
7230.50 7.540000e-01
7231.50 7.360000e-01
7232.50 7.420000e-01
7233.50 7.790000e-01
7234.50 7.840000e-01
7235.50 7.690000e-01
7236.50 7.660000e-01
7237.50 7.650000e-01
7238.50 7.660000e-01
7239.50 7.400000e-01
7240.50 7.290000e-01
7241.50 7.430000e-01
7242.50 7.600000e-01
7243.50 7.690000e-01
7244.50 7.510000e-01
7245.50 7.560000e-01
7246.50 7.570000e-01
7247.50 7.590000e-01
7248.50 7.560000e-01
7249.50 7.620000e-01
7250.50 7.680000e-01
7251.50 7.310000e-01
7252.50 7.450000e-01
7253.50 7.660000e-01
7254.50 7.480000e-01
7255.50 7.480000e-01
7256.50 7.320000e-01
7257.50 7.410000e-01
7258.50 7.480000e-01
7259.50 7.450000e-01
7260.50 7.550000e-01
7261.50 7.390000e-01
7262.50 7.470000e-01
7263.50 7.180000e-01
7264.50 7.350000e-01
7265.50 7.440000e-01
7266.50 7.390000e-01
7267.50 7.460000e-01
7268.50 7.590000e-01
7269.50 7.680000e-01
7270.50 7.590000e-01
7271.50 7.450000e-01
7272.50 7.580000e-01
7273.50 7.640000e-01
7274.50 7.580000e-01
7275.50 7.460000e-01
7276.50 7.490000e-01
7277.50 7.290000e-01
7278.50 7.280000e-01
7279.50 7.490000e-01
7280.50 7.680000e-01
7281.50 7.540000e-01
7282.50 7.540000e-01
7283.50 7.500000e-01
7284.50 7.520000e-01
7285.50 7.290000e-01
7286.50 7.320000e-01
7287.50 7.440000e-01
7288.50 7.350000e-01
7289.50 7.170000e-01
7290.50 7.300000e-01
7291.50 7.310000e-01
7292.50 7.480000e-01
7293.50 7.410000e-01
7294.50 7.230000e-01
7295.50 7.300000e-01
7296.50 7.500000e-01
7297.50 7.490000e-01
7298.50 7.400000e-01
7299.50 7.600000e-01
7300.50 7.790000e-01
7301.50 7.800000e-01
7302.50 7.840000e-01
7303.50 7.780000e-01
7304.50 7.810000e-01
7305.50 7.640000e-01
7306.50 7.610000e-01
7307.50 7.580000e-01
7308.50 7.970000e-01
7309.50 7.790000e-01
7310.50 7.680000e-01
7311.50 7.710000e-01
7312.50 7.560000e-01
7313.50 7.680000e-01
7314.50 7.740000e-01
7315.50 8.040000e-01
7316.50 8.070000e-01
7317.50 7.790000e-01
7318.50 7.870000e-01
7319.50 7.790000e-01
7320.50 7.910000e-01
7321.50 8.020000e-01
7322.50 8.160000e-01
7323.50 8.130000e-01
7324.50 7.890000e-01
7325.50 7.570000e-01
7326.50 7.610000e-01
7327.50 7.820000e-01
7328.50 7.840000e-01
7329.50 7.420000e-01
7330.50 7.730000e-01
7331.50 7.770000e-01
7332.50 7.810000e-01
7333.50 7.830000e-01
7334.50 7.510000e-01
7335.50 7.690000e-01
7336.50 7.750000e-01
7337.50 7.590000e-01
7338.50 7.660000e-01
7339.50 7.570000e-01
7340.50 7.620000e-01
7341.50 7.910000e-01
7342.50 7.600000e-01
7343.50 7.770000e-01
7344.50 7.700000e-01
7345.50 7.640000e-01
7346.50 7.740000e-01
7347.50 7.690000e-01
7348.50 7.630000e-01
7349.50 7.640000e-01
7350.50 7.630000e-01
7351.50 7.450000e-01
7352.50 7.460000e-01
7353.50 7.530000e-01
7354.50 7.470000e-01
7355.50 7.670000e-01
7356.50 7.550000e-01
7357.50 7.520000e-01
7358.50 7.390000e-01
7359.50 7.310000e-01
7360.50 7.460000e-01
7361.50 7.480000e-01
7362.50 7.550000e-01
7363.50 7.510000e-01
7364.50 7.300000e-01
7365.50 7.630000e-01
7366.50 7.880000e-01
7367.50 7.580000e-01
7368.50 7.630000e-01
7369.50 7.510000e-01
7370.50 7.560000e-01
7371.50 7.710000e-01
7372.50 7.480000e-01
7373.50 7.520000e-01
7374.50 7.550000e-01
7375.50 7.380000e-01
7376.50 7.530000e-01
7377.50 7.610000e-01
7378.50 7.590000e-01
7379.50 7.840000e-01
7380.50 7.600000e-01
7381.50 7.300000e-01
7382.50 7.280000e-01
7383.50 7.380000e-01
7384.50 7.380000e-01
7385.50 7.440000e-01
7386.50 7.430000e-01
7387.50 7.570000e-01
7388.50 7.510000e-01
7389.50 7.180000e-01
7390.50 7.440000e-01
7391.50 7.500000e-01
7392.50 8.000000e-01
7393.50 7.770000e-01
7394.50 7.530000e-01
7395.50 7.560000e-01
7396.50 7.410000e-01
7397.50 7.680000e-01
7398.50 7.670000e-01
7399.50 7.610000e-01
7400.50 7.580000e-01
7401.50 7.660000e-01
7402.50 7.790000e-01
7403.50 7.930000e-01
7404.50 7.840000e-01
7405.50 7.650000e-01
7406.50 7.680000e-01
7407.50 8.010000e-01
7408.50 7.780000e-01
7409.50 7.610000e-01
7410.50 7.620000e-01
7411.50 7.510000e-01
7412.50 7.350000e-01
7413.50 7.410000e-01
7414.50 7.530000e-01
7415.50 7.630000e-01
7416.50 7.460000e-01
7417.50 7.580000e-01
7418.50 7.290000e-01
7419.50 7.320000e-01
7420.50 7.440000e-01
7421.50 7.400000e-01
7422.50 7.730000e-01
7423.50 7.620000e-01
7424.50 7.390000e-01
7425.50 7.460000e-01
7426.50 7.330000e-01
7427.50 7.430000e-01
7428.50 7.510000e-01
7429.50 7.590000e-01
7430.50 7.650000e-01
7431.50 7.600000e-01
7432.50 7.600000e-01
7433.50 7.690000e-01
7434.50 7.690000e-01
7435.50 7.660000e-01
7436.50 7.540000e-01
7437.50 7.430000e-01
7438.50 7.330000e-01
7439.50 7.840000e-01
7440.50 7.490000e-01
7441.50 7.500000e-01
7442.50 7.540000e-01
7443.50 7.420000e-01
7444.50 7.220000e-01
7445.50 7.250000e-01
7446.50 7.430000e-01
7447.50 7.820000e-01
7448.50 7.970000e-01
7449.50 7.710000e-01
7450.50 7.640000e-01
7451.50 7.310000e-01
7452.50 7.670000e-01
7453.50 7.800000e-01
7454.50 7.880000e-01
7455.50 8.030000e-01
7456.50 8.010000e-01
7457.50 7.840000e-01
7458.50 7.790000e-01
7459.50 7.590000e-01
7460.50 7.710000e-01
7461.50 8.000000e-01
7462.50 7.770000e-01
7463.50 7.430000e-01
7464.50 7.400000e-01
7465.50 7.380000e-01
7466.50 7.550000e-01
7467.50 7.860000e-01
7468.50 7.790000e-01
7469.50 7.680000e-01
7470.50 7.640000e-01
7471.50 7.630000e-01
7472.50 7.450000e-01
7473.50 7.540000e-01
7474.50 7.560000e-01
7475.50 7.420000e-01
7476.50 7.390000e-01
7477.50 7.430000e-01
7478.50 7.410000e-01
7479.50 7.500000e-01
7480.50 7.560000e-01
7481.50 7.500000e-01
7482.50 7.440000e-01
7483.50 7.720000e-01
7484.50 7.710000e-01
7485.50 7.570000e-01
7486.50 7.550000e-01
7487.50 7.460000e-01
7488.50 7.620000e-01
7489.50 7.330000e-01
7490.50 7.530000e-01
7491.50 7.330000e-01
7492.50 7.470000e-01
7493.50 7.460000e-01
7494.50 7.560000e-01
7495.50 7.720000e-01
7496.50 7.550000e-01
7497.50 7.400000e-01
7498.50 7.670000e-01
7499.50 7.580000e-01
7500.50 7.660000e-01
7501.50 7.530000e-01
7502.50 7.410000e-01
7503.50 7.730000e-01
7504.50 7.550000e-01
7505.50 7.530000e-01
7506.50 7.470000e-01
7507.50 7.580000e-01
7508.50 7.730000e-01
7509.50 7.500000e-01
7510.50 7.430000e-01
7511.50 7.270000e-01
7512.50 7.160000e-01
7513.50 7.240000e-01
7514.50 7.150000e-01
7515.50 7.080000e-01
7516.50 7.190000e-01
7517.50 7.290000e-01
7518.50 7.830000e-01
7519.50 7.530000e-01
7520.50 7.550000e-01
7521.50 7.600000e-01
7522.50 7.680000e-01
7523.50 7.740000e-01
7524.50 7.600000e-01
7525.50 7.360000e-01
7526.50 7.560000e-01
7527.50 7.590000e-01
7528.50 7.650000e-01
7529.50 7.740000e-01
7530.50 7.580000e-01
7531.50 7.390000e-01
7532.50 7.320000e-01
7533.50 7.420000e-01
7534.50 7.640000e-01
7535.50 7.720000e-01
7536.50 7.560000e-01
7537.50 7.720000e-01
7538.50 7.660000e-01
7539.50 7.210000e-01
7540.50 7.150000e-01
7541.50 7.250000e-01
7542.50 7.250000e-01
7543.50 7.620000e-01
7544.50 7.810000e-01
7545.50 7.930000e-01
7546.50 7.540000e-01
7547.50 7.770000e-01
7548.50 7.580000e-01
7549.50 7.620000e-01
7550.50 7.450000e-01
7551.50 7.760000e-01
7552.50 7.680000e-01
7553.50 7.540000e-01
7554.50 7.530000e-01
7555.50 7.530000e-01
7556.50 7.580000e-01
7557.50 7.620000e-01
7558.50 7.630000e-01
7559.50 7.530000e-01
7560.50 7.360000e-01
7561.50 7.560000e-01
7562.50 7.520000e-01
7563.50 7.700000e-01
7564.50 7.550000e-01
7565.50 7.390000e-01
7566.50 7.820000e-01
7567.50 7.510000e-01
7568.50 7.690000e-01
7569.50 7.700000e-01
7570.50 7.390000e-01
7571.50 7.480000e-01
7572.50 7.340000e-01
7573.50 7.450000e-01
7574.50 7.870000e-01
7575.50 7.850000e-01
7576.50 7.600000e-01
7577.50 7.490000e-01
7578.50 7.480000e-01
7579.50 7.460000e-01
7580.50 7.620000e-01
7581.50 7.520000e-01
7582.50 7.310000e-01
7583.50 7.630000e-01
7584.50 7.530000e-01
7585.50 7.460000e-01
7586.50 7.390000e-01
7587.50 7.540000e-01
7588.50 7.390000e-01
7589.50 7.360000e-01
7590.50 7.440000e-01
7591.50 7.590000e-01
7592.50 7.370000e-01
7593.50 7.320000e-01
7594.50 7.580000e-01
7595.50 7.370000e-01
7596.50 7.330000e-01
7597.50 7.520000e-01
7598.50 7.440000e-01
7599.50 7.880000e-01
7600.50 7.960000e-01
7601.50 7.540000e-01
7602.50 7.140000e-01
7603.50 6.950000e-01
7604.50 7.030000e-01
7605.50 7.480000e-01
7606.50 7.870000e-01
7607.50 7.390000e-01
7608.50 7.360000e-01
7609.50 7.190000e-01
7610.50 7.110000e-01
7611.50 7.420000e-01
7612.50 7.130000e-01
7613.50 7.340000e-01
7614.50 7.420000e-01
7615.50 7.340000e-01
7616.50 7.290000e-01
7617.50 7.280000e-01
7618.50 7.390000e-01
7619.50 7.530000e-01
7620.50 7.250000e-01
7621.50 7.270000e-01
7622.50 7.490000e-01
7623.50 7.220000e-01
7624.50 7.180000e-01
7625.50 7.280000e-01
7626.50 7.270000e-01
7627.50 7.780000e-01
7628.50 7.340000e-01
7629.50 7.520000e-01
7630.50 7.430000e-01
7631.50 7.500000e-01
7632.50 7.430000e-01
7633.50 7.420000e-01
7634.50 7.530000e-01
7635.50 7.570000e-01
7636.50 7.410000e-01
7637.50 7.600000e-01
7638.50 7.330000e-01
7639.50 7.280000e-01
7640.50 7.380000e-01
7641.50 7.620000e-01
7642.50 7.470000e-01
7643.50 7.600000e-01
7644.50 7.530000e-01
7645.50 7.420000e-01
7646.50 7.550000e-01
7647.50 7.320000e-01
7648.50 7.580000e-01
7649.50 7.670000e-01
7650.50 7.360000e-01
7651.50 7.390000e-01
7652.50 7.170000e-01
7653.50 7.250000e-01
7654.50 7.130000e-01
7655.50 7.090000e-01
7656.50 7.220000e-01
7657.50 7.380000e-01
7658.50 7.120000e-01
7659.50 7.200000e-01
7660.50 7.420000e-01
7661.50 7.230000e-01
7662.50 7.100000e-01
7663.50 6.730000e-01
7664.50 6.910000e-01
7665.50 7.330000e-01
7666.50 6.890000e-01
7667.50 7.010000e-01
7668.50 6.780000e-01
7669.50 6.930000e-01
7670.50 7.430000e-01
7671.50 7.450000e-01
7672.50 7.520000e-01
7673.50 7.200000e-01
7674.50 7.250000e-01
7675.50 7.420000e-01
7676.50 7.350000e-01
7677.50 7.230000e-01
7678.50 7.180000e-01
7679.50 7.450000e-01
7680.50 7.540000e-01
7681.50 7.090000e-01
7682.50 7.340000e-01
7683.50 7.370000e-01
7684.50 7.200000e-01
7685.50 7.300000e-01
7686.50 7.900000e-01
7687.50 7.870000e-01
7688.50 7.780000e-01
7689.50 7.570000e-01
7690.50 7.220000e-01
7691.50 7.490000e-01
7692.50 7.190000e-01
7693.50 7.030000e-01
7694.50 7.090000e-01
7695.50 6.910000e-01
7696.50 7.140000e-01
7697.50 7.200000e-01
7698.50 7.050000e-01
7699.50 7.190000e-01
7700.50 7.130000e-01
7701.50 7.000000e-01
7702.50 6.960000e-01
7703.50 7.500000e-01
7704.50 7.250000e-01
7705.50 7.250000e-01
7706.50 7.200000e-01
7707.50 7.150000e-01
7708.50 7.550000e-01
7709.50 7.280000e-01
7710.50 7.250000e-01
7711.50 7.160000e-01
7712.50 7.410000e-01
7713.50 7.230000e-01
7714.50 7.310000e-01
7715.50 7.220000e-01
7716.50 7.100000e-01
7717.50 7.020000e-01
7718.50 6.980000e-01
7719.50 7.480000e-01
7720.50 7.450000e-01
7721.50 7.170000e-01
7722.50 7.190000e-01
7723.50 7.180000e-01
7724.50 7.310000e-01
7725.50 7.060000e-01
7726.50 7.030000e-01
7727.50 7.120000e-01
7728.50 7.250000e-01
7729.50 7.330000e-01
7730.50 7.250000e-01
7731.50 7.280000e-01
7732.50 7.120000e-01
7733.50 7.620000e-01
7734.50 7.580000e-01
7735.50 7.730000e-01
7736.50 7.340000e-01
7737.50 7.620000e-01
7738.50 7.310000e-01
7739.50 7.440000e-01
7740.50 7.480000e-01
7741.50 7.680000e-01
7742.50 7.240000e-01
7743.50 7.120000e-01
7744.50 7.130000e-01
7745.50 7.040000e-01
7746.50 7.320000e-01
7747.50 7.490000e-01
7748.50 7.170000e-01
7749.50 7.080000e-01
7750.50 7.090000e-01
7751.50 7.150000e-01
7752.50 7.480000e-01
7753.50 7.250000e-01
7754.50 7.240000e-01
7755.50 7.440000e-01
7756.50 7.380000e-01
7757.50 7.270000e-01
7758.50 7.190000e-01
7759.50 6.920000e-01
7760.50 6.960000e-01
7761.50 6.900000e-01
7762.50 6.940000e-01
7763.50 7.090000e-01
7764.50 7.050000e-01
7765.50 7.190000e-01
7766.50 7.240000e-01
7767.50 7.260000e-01
7768.50 7.270000e-01
7769.50 7.330000e-01
7770.50 7.190000e-01
7771.50 7.260000e-01
7772.50 7.300000e-01
7773.50 7.170000e-01
7774.50 7.430000e-01
7775.50 7.370000e-01
7776.50 7.320000e-01
7777.50 7.200000e-01
7778.50 7.180000e-01
7779.50 7.160000e-01
7780.50 7.700000e-01
7781.50 7.900000e-01
7782.50 7.660000e-01
7783.50 7.410000e-01
7784.50 7.380000e-01
7785.50 7.180000e-01
7786.50 7.340000e-01
7787.50 7.510000e-01
7788.50 7.450000e-01
7789.50 7.320000e-01
7790.50 7.390000e-01
7791.50 7.460000e-01
7792.50 7.350000e-01
7793.50 7.480000e-01
7794.50 7.270000e-01
7795.50 7.130000e-01
7796.50 7.170000e-01
7797.50 7.220000e-01
7798.50 7.350000e-01
7799.50 7.210000e-01
7800.50 6.840000e-01
7801.50 6.900000e-01
7802.50 7.150000e-01
7803.50 6.990000e-01
7804.50 6.920000e-01
7805.50 6.850000e-01
7806.50 6.960000e-01
7807.50 7.150000e-01
7808.50 7.330000e-01
7809.50 7.550000e-01
7810.50 7.320000e-01
7811.50 7.100000e-01
7812.50 7.280000e-01
7813.50 7.130000e-01
7814.50 7.210000e-01
7815.50 7.490000e-01
7816.50 7.000000e-01
7817.50 7.130000e-01
7818.50 7.770000e-01
7819.50 7.520000e-01
7820.50 7.480000e-01
7821.50 7.420000e-01
7822.50 7.190000e-01
7823.50 7.410000e-01
7824.50 7.540000e-01
7825.50 7.430000e-01
7826.50 7.470000e-01
7827.50 7.680000e-01
7828.50 7.360000e-01
7829.50 7.690000e-01
7830.50 7.620000e-01
7831.50 7.160000e-01
7832.50 6.860000e-01
7833.50 7.050000e-01
7834.50 7.180000e-01
7835.50 7.450000e-01
7836.50 7.050000e-01
7837.50 7.060000e-01
7838.50 6.920000e-01
7839.50 7.170000e-01
7840.50 7.270000e-01
7841.50 7.620000e-01
7842.50 7.760000e-01
7843.50 6.910000e-01
7844.50 6.910000e-01
7845.50 7.180000e-01
7846.50 7.190000e-01
7847.50 7.140000e-01
7848.50 7.430000e-01
7849.50 6.950000e-01
7850.50 7.000000e-01
7851.50 7.100000e-01
7852.50 7.080000e-01
7853.50 7.170000e-01
7854.50 7.120000e-01
7855.50 7.190000e-01
7856.50 7.030000e-01
7857.50 6.950000e-01
7858.50 7.110000e-01
7859.50 7.110000e-01
7860.50 6.900000e-01
7861.50 7.730000e-01
7862.50 7.560000e-01
7863.50 7.020000e-01
7864.50 6.920000e-01
7865.50 7.310000e-01
7866.50 7.520000e-01
7867.50 7.690000e-01
7868.50 7.430000e-01
7869.50 7.190000e-01
7870.50 7.120000e-01
7871.50 7.140000e-01
7872.50 7.100000e-01
7873.50 7.320000e-01
7874.50 7.280000e-01
7875.50 7.160000e-01
7876.50 7.290000e-01
7877.50 7.260000e-01
7878.50 7.290000e-01
7879.50 7.030000e-01
7880.50 7.290000e-01
7881.50 7.580000e-01
7882.50 7.370000e-01
7883.50 7.230000e-01
7884.50 7.040000e-01
7885.50 7.420000e-01
7886.50 7.850000e-01
7887.50 8.010000e-01
7888.50 7.720000e-01
7889.50 7.580000e-01
7890.50 7.640000e-01
7891.50 7.360000e-01
7892.50 7.690000e-01
7893.50 7.660000e-01
7894.50 7.610000e-01
7895.50 7.600000e-01
7896.50 7.140000e-01
7897.50 7.060000e-01
7898.50 6.890000e-01
7899.50 7.260000e-01
7900.50 7.280000e-01
7901.50 7.280000e-01
7902.50 7.240000e-01
7903.50 7.440000e-01
7904.50 7.390000e-01
7905.50 6.790000e-01
7906.50 7.240000e-01
7907.50 7.130000e-01
7908.50 7.160000e-01
7909.50 7.130000e-01
7910.50 7.050000e-01
7911.50 6.890000e-01
7912.50 6.730000e-01
7913.50 6.920000e-01
7914.50 7.060000e-01
7915.50 7.090000e-01
7916.50 7.010000e-01
7917.50 7.220000e-01
7918.50 7.070000e-01
7919.50 7.540000e-01
7920.50 7.390000e-01
7921.50 6.990000e-01
7922.50 7.430000e-01
7923.50 7.110000e-01
7924.50 6.870000e-01
7925.50 6.670000e-01
7926.50 7.220000e-01
7927.50 7.320000e-01
7928.50 7.210000e-01
7929.50 6.990000e-01
7930.50 7.220000e-01
7931.50 7.060000e-01
7932.50 6.960000e-01
7933.50 7.020000e-01
7934.50 6.800000e-01
7935.50 6.590000e-01
7936.50 7.170000e-01
7937.50 7.260000e-01
7938.50 6.880000e-01
7939.50 6.970000e-01
7940.50 7.500000e-01
7941.50 7.390000e-01
7942.50 7.300000e-01
7943.50 6.990000e-01
7944.50 6.920000e-01
7945.50 7.010000e-01
7946.50 6.970000e-01
7947.50 6.930000e-01
7948.50 6.760000e-01
7949.50 6.760000e-01
7950.50 6.880000e-01
7951.50 7.330000e-01
7952.50 7.240000e-01
7953.50 6.770000e-01
7954.50 7.010000e-01
7955.50 7.080000e-01
7956.50 7.200000e-01
7957.50 6.880000e-01
7958.50 7.310000e-01
7959.50 7.310000e-01
7960.50 7.280000e-01
7961.50 7.360000e-01
7962.50 7.140000e-01
7963.50 7.180000e-01
7964.50 6.790000e-01
7965.50 6.930000e-01
7966.50 6.660000e-01
7967.50 6.970000e-01
7968.50 7.140000e-01
7969.50 7.110000e-01
7970.50 7.200000e-01
7971.50 7.410000e-01
7972.50 7.450000e-01
7973.50 7.410000e-01
7974.50 7.540000e-01
7975.50 7.370000e-01
7976.50 7.080000e-01
7977.50 6.830000e-01
7978.50 7.270000e-01
7979.50 7.060000e-01
7980.50 7.410000e-01
7981.50 6.970000e-01
7982.50 6.930000e-01
7983.50 7.070000e-01
7984.50 7.250000e-01
7985.50 7.180000e-01
7986.50 6.970000e-01
7987.50 6.880000e-01
7988.50 7.120000e-01
7989.50 6.920000e-01
7990.50 7.060000e-01
7991.50 7.010000e-01
7992.50 7.040000e-01
7993.50 7.140000e-01
7994.50 6.610000e-01
7995.50 6.610000e-01
7996.50 7.070000e-01
7997.50 7.670000e-01
7998.50 7.350000e-01
7999.50 7.010000e-01
8000.50 6.690000e-01
8001.50 6.630000e-01
8002.50 7.480000e-01
8003.50 7.690000e-01
8004.50 6.910000e-01
8005.50 7.360000e-01
8006.50 7.140000e-01
8007.50 6.840000e-01
8008.50 6.930000e-01
8009.50 7.160000e-01
8010.50 7.130000e-01
8011.50 7.190000e-01
8012.50 7.090000e-01
8013.50 7.100000e-01
8014.50 7.250000e-01
8015.50 7.100000e-01
8016.50 7.220000e-01
8017.50 7.210000e-01
8018.50 7.130000e-01
8019.50 7.020000e-01
8020.50 7.100000e-01
8021.50 7.150000e-01
8022.50 7.120000e-01
8023.50 7.050000e-01
8024.50 7.070000e-01
8025.50 7.240000e-01
8026.50 7.690000e-01
8027.50 7.190000e-01
8028.50 6.900000e-01
8029.50 6.940000e-01
8030.50 6.860000e-01
8031.50 7.250000e-01
8032.50 7.200000e-01
8033.50 7.030000e-01
8034.50 7.370000e-01
8035.50 6.960000e-01
8036.50 7.030000e-01
8037.50 6.910000e-01
8038.50 7.230000e-01
8039.50 7.590000e-01
8040.50 7.390000e-01
8041.50 7.310000e-01
8042.50 7.180000e-01
8043.50 7.180000e-01
8044.50 6.900000e-01
8045.50 6.790000e-01
8046.50 6.970000e-01
8047.50 7.110000e-01
8048.50 7.170000e-01
8049.50 7.250000e-01
8050.50 6.700000e-01
8051.50 6.870000e-01
8052.50 7.070000e-01
8053.50 7.130000e-01
8054.50 7.250000e-01
8055.50 7.140000e-01
8056.50 7.100000e-01
8057.50 7.360000e-01
8058.50 7.810000e-01
8059.50 7.140000e-01
8060.50 6.890000e-01
8061.50 6.700000e-01
8062.50 6.720000e-01
8063.50 6.700000e-01
8064.50 6.570000e-01
8065.50 6.770000e-01
8066.50 6.810000e-01
8067.50 6.860000e-01
8068.50 6.870000e-01
8069.50 6.820000e-01
8070.50 6.840000e-01
8071.50 6.880000e-01
8072.50 6.870000e-01
8073.50 6.710000e-01
8074.50 6.830000e-01
8075.50 6.980000e-01
8076.50 6.980000e-01
8077.50 7.140000e-01
8078.50 7.040000e-01
8079.50 7.320000e-01
8080.50 7.000000e-01
8081.50 6.720000e-01
8082.50 6.800000e-01
8083.50 6.820000e-01
8084.50 6.900000e-01
8085.50 6.780000e-01
8086.50 6.940000e-01
8087.50 6.640000e-01
8088.50 6.720000e-01
8089.50 6.910000e-01
8090.50 7.320000e-01
8091.50 7.490000e-01
8092.50 7.150000e-01
8093.50 6.760000e-01
8094.50 6.810000e-01
8095.50 6.920000e-01
8096.50 7.130000e-01
8097.50 7.100000e-01
8098.50 7.050000e-01
8099.50 7.050000e-01
8100.50 6.990000e-01
8101.50 7.220000e-01
8102.50 6.880000e-01
8103.50 6.880000e-01
8104.50 6.890000e-01
8105.50 7.160000e-01
8106.50 6.960000e-01
8107.50 7.190000e-01
8108.50 7.160000e-01
8109.50 7.010000e-01
8110.50 7.060000e-01
8111.50 7.410000e-01
8112.50 7.450000e-01
8113.50 7.000000e-01
8114.50 7.050000e-01
8115.50 7.270000e-01
8116.50 7.070000e-01
8117.50 7.260000e-01
8118.50 6.930000e-01
8119.50 6.940000e-01
8120.50 6.980000e-01
8121.50 7.030000e-01
8122.50 6.850000e-01
8123.50 7.040000e-01
8124.50 7.280000e-01
8125.50 6.960000e-01
8126.50 7.050000e-01
8127.50 7.000000e-01
8128.50 7.470000e-01
8129.50 7.200000e-01
8130.50 7.450000e-01
8131.50 7.490000e-01
8132.50 7.190000e-01
8133.50 7.180000e-01
8134.50 7.280000e-01
8135.50 7.330000e-01
8136.50 7.410000e-01
8137.50 7.110000e-01
8138.50 7.170000e-01
8139.50 7.010000e-01
8140.50 6.820000e-01
8141.50 7.250000e-01
8142.50 7.300000e-01
8143.50 7.130000e-01
8144.50 7.540000e-01
8145.50 7.500000e-01
8146.50 7.090000e-01
8147.50 7.540000e-01
8148.50 7.780000e-01
8149.50 7.500000e-01
8150.50 7.470000e-01
8151.50 7.410000e-01
8152.50 7.450000e-01
8153.50 7.460000e-01
8154.50 7.880000e-01
8155.50 7.600000e-01
8156.50 7.730000e-01
8157.50 7.150000e-01
8158.50 7.420000e-01
8159.50 7.560000e-01
8160.50 7.100000e-01
8161.50 8.220000e-01
8162.50 7.860000e-01
8163.50 7.530000e-01
8164.50 7.120000e-01
8165.50 7.250000e-01
8166.50 7.300000e-01
8167.50 7.590000e-01
8168.50 7.730000e-01
8169.50 7.940000e-01
8170.50 7.280000e-01
8171.50 7.660000e-01
8172.50 7.700000e-01
8173.50 8.020000e-01
8174.50 7.690000e-01
8175.50 7.410000e-01
8176.50 7.440000e-01
8177.50 7.390000e-01
8178.50 7.450000e-01
8179.50 7.200000e-01
8180.50 7.350000e-01
8181.50 7.100000e-01
8182.50 7.040000e-01
8183.50 7.230000e-01
8184.50 7.210000e-01
8185.50 7.190000e-01
8186.50 6.980000e-01
8187.50 7.270000e-01
8188.50 7.160000e-01
8189.50 6.940000e-01
8190.50 7.060000e-01
8191.50 7.120000e-01
8192.50 7.310000e-01
8193.50 7.170000e-01
8194.50 7.080000e-01
8195.50 7.000000e-01
8196.50 6.910000e-01
8197.50 6.890000e-01
8198.50 6.850000e-01
8199.50 6.900000e-01
8200.50 7.310000e-01
8201.50 7.310000e-01
8202.50 7.330000e-01
8203.50 7.110000e-01
8204.50 6.940000e-01
8205.50 7.050000e-01
8206.50 6.720000e-01
8207.50 6.640000e-01
8208.50 7.110000e-01
8209.50 7.480000e-01
8210.50 6.950000e-01
8211.50 7.070000e-01
8212.50 7.580000e-01
8213.50 7.860000e-01
8214.50 7.580000e-01
8215.50 7.120000e-01
8216.50 7.650000e-01
8217.50 7.880000e-01
8218.50 7.650000e-01
8219.50 7.480000e-01
8220.50 7.550000e-01
8221.50 7.700000e-01
8222.50 7.490000e-01
8223.50 7.440000e-01
8224.50 7.360000e-01
8225.50 7.200000e-01
8226.50 7.810000e-01
8227.50 7.880000e-01
8228.50 7.540000e-01
8229.50 7.290000e-01
8230.50 7.470000e-01
8231.50 7.490000e-01
8232.50 7.580000e-01
8233.50 7.830000e-01
8234.50 8.000000e-01
8235.50 7.580000e-01
8236.50 7.440000e-01
8237.50 7.650000e-01
8238.50 7.750000e-01
8239.50 7.800000e-01
8240.50 8.000000e-01
8241.50 7.410000e-01
8242.50 7.480000e-01
8243.50 7.750000e-01
8244.50 7.550000e-01
8245.50 7.430000e-01
8246.50 7.690000e-01
8247.50 7.630000e-01
8248.50 7.870000e-01
8249.50 8.180000e-01
8250.50 7.900000e-01
8251.50 7.840000e-01
8252.50 7.680000e-01
8253.50 7.520000e-01
8254.50 7.610000e-01
8255.50 8.380000e-01
8256.50 8.220000e-01
8257.50 8.150000e-01
8258.50 7.710000e-01
8259.50 7.620000e-01
8260.50 7.970000e-01
8261.50 8.390000e-01
8262.50 8.240000e-01
8263.50 8.000000e-01
8264.50 7.610000e-01
8265.50 7.590000e-01
8266.50 7.910000e-01
8267.50 7.830000e-01
8268.50 7.650000e-01
8269.50 7.990000e-01
8270.50 7.660000e-01
8271.50 7.750000e-01
8272.50 8.240000e-01
8273.50 8.080000e-01
8274.50 7.500000e-01
8275.50 7.980000e-01
8276.50 7.910000e-01
8277.50 7.700000e-01
8278.50 7.970000e-01
8279.50 8.220000e-01
8280.50 8.360000e-01
8281.50 8.240000e-01
8282.50 7.630000e-01
8283.50 7.850000e-01
8284.50 7.810000e-01
8285.50 7.860000e-01
8286.50 7.410000e-01
8287.50 7.540000e-01
8288.50 7.620000e-01
8289.50 8.070000e-01
8290.50 7.760000e-01
8291.50 7.070000e-01
8292.50 7.390000e-01
8293.50 7.100000e-01
8294.50 7.310000e-01
8295.50 7.770000e-01
8296.50 7.750000e-01
8297.50 7.620000e-01
8298.50 7.710000e-01
8299.50 7.650000e-01
8300.50 7.790000e-01
8301.50 7.890000e-01
8302.50 8.210000e-01
8303.50 7.960000e-01
8304.50 7.860000e-01
8305.50 7.900000e-01
8306.50 7.850000e-01
8307.50 7.780000e-01
8308.50 7.970000e-01
8309.50 7.850000e-01
8310.50 7.910000e-01
8311.50 7.790000e-01
8312.50 7.580000e-01
8313.50 7.710000e-01
8314.50 7.610000e-01
8315.50 7.930000e-01
8316.50 8.570000e-01
8317.50 8.470000e-01
8318.50 8.090000e-01
8319.50 7.860000e-01
8320.50 7.270000e-01
8321.50 7.700000e-01
8322.50 8.060000e-01
8323.50 8.100000e-01
8324.50 8.120000e-01
8325.50 8.120000e-01
8326.50 8.140000e-01
8327.50 7.730000e-01
8328.50 7.720000e-01
8329.50 7.850000e-01
8330.50 7.770000e-01
8331.50 8.150000e-01
8332.50 8.220000e-01
8333.50 8.150000e-01
8334.50 8.150000e-01
8335.50 7.860000e-01
8336.50 7.670000e-01
8337.50 7.750000e-01
8338.50 8.080000e-01
8339.50 8.120000e-01
8340.50 8.170000e-01
8341.50 8.200000e-01
8342.50 8.140000e-01
8343.50 8.100000e-01
8344.50 8.230000e-01
8345.50 8.140000e-01
8346.50 7.760000e-01
8347.50 7.470000e-01
8348.50 7.520000e-01
8349.50 7.920000e-01
8350.50 8.020000e-01
8351.50 8.370000e-01
8352.50 8.320000e-01
8353.50 8.160000e-01
8354.50 7.980000e-01
8355.50 8.060000e-01
8356.50 8.140000e-01
8357.50 8.040000e-01
8358.50 7.870000e-01
8359.50 7.880000e-01
8360.50 7.790000e-01
8361.50 7.890000e-01
8362.50 7.810000e-01
8363.50 7.800000e-01
8364.50 8.490000e-01
8365.50 8.480000e-01
8366.50 8.190000e-01
8367.50 8.470000e-01
8368.50 8.420000e-01
8369.50 8.400000e-01
8370.50 8.710000e-01
8371.50 8.530000e-01
8372.50 8.320000e-01
8373.50 8.310000e-01
8374.50 8.800000e-01
8375.50 8.610000e-01
8376.50 8.590000e-01
8377.50 8.570000e-01
8378.50 8.490000e-01
8379.50 8.190000e-01
8380.50 8.070000e-01
8381.50 8.140000e-01
8382.50 7.950000e-01
8383.50 7.730000e-01
8384.50 7.560000e-01
8385.50 7.760000e-01
8386.50 8.030000e-01
8387.50 8.200000e-01
8388.50 8.180000e-01
8389.50 7.970000e-01
8390.50 8.000000e-01
8391.50 7.890000e-01
8392.50 7.860000e-01
8393.50 8.000000e-01
8394.50 7.890000e-01
8395.50 7.590000e-01
8396.50 7.560000e-01
8397.50 7.940000e-01
8398.50 7.960000e-01
8399.50 8.070000e-01
8400.50 7.940000e-01
8401.50 7.800000e-01
8402.50 8.100000e-01
8403.50 8.390000e-01
8404.50 8.570000e-01
8405.50 8.100000e-01
8406.50 7.700000e-01
8407.50 7.980000e-01
8408.50 8.260000e-01
8409.50 8.450000e-01
8410.50 8.130000e-01
8411.50 8.320000e-01
8412.50 8.340000e-01
8413.50 7.930000e-01
8414.50 7.880000e-01
8415.50 8.070000e-01
8416.50 8.170000e-01
8417.50 8.220000e-01
8418.50 8.190000e-01
8419.50 8.400000e-01
8420.50 8.710000e-01
8421.50 8.720000e-01
8422.50 8.220000e-01
8423.50 8.110000e-01
8424.50 8.080000e-01
8425.50 8.230000e-01
8426.50 8.170000e-01
8427.50 8.070000e-01
8428.50 7.850000e-01
8429.50 8.100000e-01
8430.50 8.570000e-01
8431.50 8.590000e-01
8432.50 8.520000e-01
8433.50 8.160000e-01
8434.50 8.150000e-01
8435.50 8.130000e-01
8436.50 8.140000e-01
8437.50 8.110000e-01
8438.50 8.130000e-01
8439.50 8.200000e-01
8440.50 8.190000e-01
8441.50 8.070000e-01
8442.50 8.430000e-01
8443.50 8.470000e-01
8444.50 8.520000e-01
8445.50 8.140000e-01
8446.50 8.110000e-01
8447.50 8.260000e-01
8448.50 8.290000e-01
8449.50 8.230000e-01
8450.50 8.610000e-01
8451.50 8.600000e-01
8452.50 8.570000e-01
8453.50 8.240000e-01
8454.50 8.030000e-01
8455.50 8.050000e-01
8456.50 8.050000e-01
8457.50 8.530000e-01
8458.50 8.690000e-01
8459.50 8.580000e-01
8460.50 8.530000e-01
8461.50 8.210000e-01
8462.50 8.130000e-01
8463.50 8.180000e-01
8464.50 8.230000e-01
8465.50 8.090000e-01
8466.50 8.290000e-01
8467.50 8.290000e-01
8468.50 8.070000e-01
8469.50 8.120000e-01
8470.50 8.110000e-01
8471.50 8.070000e-01
8472.50 8.010000e-01
8473.50 8.390000e-01
8474.50 8.350000e-01
8475.50 8.140000e-01
8476.50 8.110000e-01
8477.50 8.110000e-01
8478.50 8.210000e-01
8479.50 8.340000e-01
8480.50 8.320000e-01
8481.50 8.370000e-01
8482.50 8.580000e-01
8483.50 8.720000e-01
8484.50 8.470000e-01
8485.50 8.440000e-01
8486.50 7.950000e-01
8487.50 7.780000e-01
8488.50 7.950000e-01
8489.50 8.070000e-01
8490.50 8.070000e-01
8491.50 8.100000e-01
8492.50 7.880000e-01
8493.50 7.750000e-01
8494.50 7.960000e-01
8495.50 8.090000e-01
8496.50 8.050000e-01
8497.50 8.010000e-01
8498.50 7.510000e-01
8499.50 7.400000e-01
8500.50 7.210000e-01
8501.50 7.130000e-01
8502.50 7.160000e-01
8503.50 7.260000e-01
8504.50 7.360000e-01
8505.50 7.300000e-01
8506.50 7.330000e-01
8507.50 7.330000e-01
8508.50 7.380000e-01
8509.50 7.580000e-01
8510.50 7.970000e-01
8511.50 7.980000e-01
8512.50 8.210000e-01
8513.50 7.880000e-01
8514.50 8.090000e-01
8515.50 8.010000e-01
8516.50 7.660000e-01
8517.50 7.820000e-01
8518.50 7.880000e-01
8519.50 7.800000e-01
8520.50 8.490000e-01
8521.50 8.330000e-01
8522.50 7.950000e-01
8523.50 8.290000e-01
8524.50 8.380000e-01
8525.50 8.180000e-01
8526.50 8.130000e-01
8527.50 8.220000e-01
8528.50 8.230000e-01
8529.50 7.890000e-01
8530.50 7.880000e-01
8531.50 8.400000e-01
8532.50 8.400000e-01
8533.50 8.040000e-01
8534.50 8.070000e-01
8535.50 7.670000e-01
8536.50 7.920000e-01
8537.50 7.880000e-01
8538.50 8.190000e-01
8539.50 7.600000e-01
8540.50 7.470000e-01
8541.50 6.800000e-01
8542.50 6.800000e-01
8543.50 6.340000e-01
8544.50 6.130000e-01
8545.50 6.070000e-01
8546.50 6.600000e-01
8547.50 6.940000e-01
8548.50 7.310000e-01
8549.50 7.310000e-01
8550.50 7.330000e-01
8551.50 7.230000e-01
8552.50 7.180000e-01
8553.50 7.760000e-01
8554.50 7.920000e-01
8564.50 8.081096e-01
8574.50 8.062258e-01
8584.50 8.043485e-01
8594.50 8.024778e-01
8604.50 8.006137e-01
8614.50 7.987560e-01
8624.50 7.969048e-01
8634.50 7.950600e-01
8644.50 7.932216e-01
8654.50 7.913896e-01
8664.50 7.895639e-01
8674.50 7.877445e-01
8684.50 7.859314e-01
8694.50 7.841246e-01
8704.50 7.823239e-01
8714.50 7.805295e-01
8724.50 7.787413e-01
8734.50 7.769591e-01
8744.50 7.751831e-01
8754.50 7.734132e-01
8764.50 7.716493e-01
8774.50 7.698915e-01
8784.50 7.681397e-01
8794.50 7.663938e-01
8804.50 7.646539e-01
8814.50 7.629199e-01
8824.50 7.611917e-01
8834.50 7.594695e-01
8844.50 7.577531e-01
8854.50 7.560425e-01
8864.50 7.543377e-01
8874.50 7.526386e-01
8884.50 7.509453e-01
8894.50 7.492577e-01
8904.50 7.475757e-01
8914.50 7.458995e-01
8924.50 7.442288e-01
8934.50 7.425638e-01
8944.50 7.409043e-01
8954.50 7.392505e-01
8964.50 7.376021e-01
8974.50 7.359592e-01
8984.50 7.343219e-01
8994.50 7.326899e-01
9004.50 7.310635e-01
9014.50 7.294424e-01
9024.50 7.278267e-01
9034.50 7.262164e-01
9044.50 7.246114e-01
9054.50 7.230117e-01
9064.50 7.214173e-01
9074.50 7.198282e-01
9084.50 7.182444e-01
9094.50 7.166657e-01
9104.50 7.150923e-01
9114.50 7.135240e-01
9124.50 7.119609e-01
9134.50 7.104029e-01
9144.50 7.088500e-01
9154.50 7.073022e-01
9164.50 7.057595e-01
9174.50 7.042218e-01
9184.50 7.026891e-01
9194.50 7.011615e-01
9204.50 6.996388e-01
9214.50 6.981210e-01
9224.50 6.966082e-01
9234.50 6.951004e-01
9244.50 6.935974e-01
9254.50 6.920992e-01
9264.50 6.906059e-01
9274.50 6.891175e-01
9284.50 6.876338e-01
9294.50 6.861550e-01
9304.50 6.846809e-01
9314.50 6.832115e-01
9324.50 6.817469e-01
9334.50 6.802870e-01
9344.50 6.788317e-01
9354.50 6.773812e-01
9364.50 6.759352e-01
9374.50 6.744939e-01
9384.50 6.730572e-01
9394.50 6.716251e-01
9404.50 6.701976e-01
9414.50 6.687746e-01
9424.50 6.673561e-01
9434.50 6.659421e-01
9444.50 6.645327e-01
9454.50 6.631277e-01
9464.50 6.617271e-01
9474.50 6.603310e-01
9484.50 6.589393e-01
9494.50 6.575520e-01
9504.50 6.561690e-01
9514.50 6.547905e-01
9524.50 6.534162e-01
9534.50 6.520463e-01
9544.50 6.506807e-01
9554.50 6.493194e-01
9564.50 6.479623e-01
9574.50 6.466095e-01
9584.50 6.452609e-01
9594.50 6.439165e-01
9604.50 6.425764e-01
9614.50 6.412404e-01
9624.50 6.399086e-01
9634.50 6.385809e-01
9644.50 6.372573e-01
9654.50 6.359379e-01
9664.50 6.346225e-01
9674.50 6.333113e-01
9684.50 6.320041e-01
9694.50 6.307009e-01
9704.50 6.294018e-01
9714.50 6.281066e-01
9724.50 6.268155e-01
9734.50 6.255283e-01
9744.50 6.242451e-01
9754.50 6.229659e-01
9764.50 6.216905e-01
9774.50 6.204191e-01
9784.50 6.191516e-01
9794.50 6.178880e-01
9804.50 6.166282e-01
9814.50 6.153723e-01
9824.50 6.141202e-01
9834.50 6.128719e-01
9844.50 6.116274e-01
9854.50 6.103867e-01
9864.50 6.091498e-01
9874.50 6.079167e-01
9884.50 6.066873e-01
9894.50 6.054616e-01
9904.50 6.042396e-01
9914.50 6.030213e-01
9924.50 6.018067e-01
9934.50 6.005957e-01
9944.50 5.993885e-01
9954.50 5.981848e-01
9964.50 5.969848e-01
9974.50 5.957884e-01
9984.50 5.945955e-01
9994.50 5.934063e-01
10004.50 5.922206e-01
10014.50 5.910385e-01
10024.50 5.898599e-01
10034.50 5.886848e-01
10044.50 5.875132e-01
10054.50 5.863451e-01
10064.50 5.851805e-01
10074.50 5.840194e-01
10084.50 5.828617e-01
10094.50 5.817075e-01
10104.50 5.805567e-01
10114.50 5.794093e-01
10124.50 5.782653e-01
10134.50 5.771247e-01
10144.50 5.759874e-01
10154.50 5.748535e-01
10164.50 5.737230e-01
10174.50 5.725958e-01
10184.50 5.714719e-01
10194.50 5.703513e-01
10204.50 5.692340e-01
10214.50 5.681200e-01
10224.50 5.670092e-01
10234.50 5.659017e-01
10244.50 5.647975e-01
10254.50 5.636965e-01
10264.50 5.625986e-01
10274.50 5.615040e-01
10284.50 5.604126e-01
10294.50 5.593244e-01
10304.50 5.582393e-01
10314.50 5.571574e-01
10324.50 5.560787e-01
10334.50 5.550030e-01
10344.50 5.539305e-01
10354.50 5.528611e-01
10364.50 5.517948e-01
10374.50 5.507315e-01
10384.50 5.496713e-01
10394.50 5.486142e-01
10404.50 5.475602e-01
10414.50 5.465091e-01
10424.50 5.454611e-01
10434.50 5.444161e-01
10444.50 5.433741e-01
10454.50 5.423351e-01
10464.50 5.412991e-01
10474.50 5.402661e-01
10484.50 5.392359e-01
10494.50 5.382088e-01
10504.50 5.371845e-01
10514.50 5.361632e-01
10524.50 5.351448e-01
10534.50 5.341293e-01
10544.50 5.331167e-01
10554.50 5.321070e-01
10564.50 5.311001e-01
10574.50 5.300961e-01
10584.50 5.290949e-01
10594.50 5.280966e-01
10604.50 5.271011e-01
10614.50 5.261084e-01
10624.50 5.251185e-01
10634.50 5.241313e-01
10644.50 5.231470e-01
10654.50 5.221655e-01
10664.50 5.211867e-01
10674.50 5.202106e-01
10684.50 5.192373e-01
10694.50 5.182667e-01
10704.50 5.172988e-01
10714.50 5.163337e-01
10724.50 5.153712e-01
10734.50 5.144115e-01
10744.50 5.134544e-01
10754.50 5.125000e-01
10764.50 5.115482e-01
10774.50 5.105991e-01
10784.50 5.096526e-01
10794.50 5.087088e-01
10804.50 5.077675e-01
10814.50 5.068289e-01
10824.50 5.058929e-01
10834.50 5.049595e-01
10844.50 5.040286e-01
10854.50 5.031004e-01
10864.50 5.021747e-01
10874.50 5.012515e-01
10884.50 5.003309e-01
10894.50 4.994128e-01
10904.50 4.984972e-01
10914.50 4.975842e-01
10924.50 4.966737e-01
10934.50 4.957656e-01
10944.50 4.948601e-01
10954.50 4.939570e-01
10964.50 4.930564e-01
10974.50 4.921583e-01
10984.50 4.912626e-01
10994.50 4.903693e-01
11004.50 4.894785e-01
