# QSO (X-shooter, Selsing 2016): Selsing et al. (2016) X-shooter composite of luminous 1<z<2.1 SDSS quasars, VizieR J/A+A/585/A87. Rest-frame 1000-11350 A, f_lambda normalised at 6800 A; set z.
# wavelength[A] f_lambda[relative]
1000.10 1.422390e+01
1000.50 1.442270e+01
1000.90 1.456440e+01
1001.30 1.465990e+01
1001.70 1.472000e+01
1002.10 1.475550e+01
1002.50 1.477710e+01
1002.90 1.479590e+01
1003.30 1.482260e+01
1003.70 1.486810e+01
1004.10 1.494320e+01
1004.50 1.505880e+01
1004.90 1.522580e+01
1005.30 1.545490e+01
1005.70 1.575690e+01
1006.10 1.614050e+01
1006.50 1.658130e+01
1006.90 1.702720e+01
1007.30 1.742570e+01
1007.70 1.772450e+01
1008.10 1.787140e+01
1008.50 1.781270e+01
1008.90 1.753700e+01
1009.30 1.712180e+01
1009.70 1.665720e+01
1010.10 1.623300e+01
1010.50 1.590780e+01
1010.90 1.567800e+01
1011.30 1.553330e+01
1011.70 1.546370e+01
1012.10 1.545900e+01
1012.50 1.550930e+01
1012.90 1.560410e+01
1013.30 1.573320e+01
1013.70 1.588650e+01
1014.10 1.605390e+01
1014.50 1.622520e+01
1014.90 1.639020e+01
1015.30 1.653970e+01
1015.70 1.667340e+01
1016.10 1.679590e+01
1016.50 1.691210e+01
1016.90 1.702680e+01
1017.30 1.714480e+01
1017.70 1.727080e+01
1018.10 1.740960e+01
1018.50 1.756610e+01
1018.90 1.774510e+01
1019.30 1.794840e+01
1019.70 1.817060e+01
1020.10 1.840480e+01
1020.50 1.864420e+01
1020.90 1.888200e+01
1021.30 1.911130e+01
1021.70 1.932550e+01
1022.10 1.952420e+01
1022.50 1.971320e+01
1022.90 1.989850e+01
1023.30 2.008640e+01
1023.70 2.028280e+01
1024.10 2.049390e+01
1024.50 2.072580e+01
1024.90 2.098470e+01
1025.30 2.127650e+01
1025.70 2.160740e+01
1026.10 2.198340e+01
1026.50 2.241090e+01
1026.90 2.289180e+01
1027.30 2.338820e+01
1027.70 2.383970e+01
1028.10 2.418500e+01
1028.50 2.436220e+01
1028.90 2.431480e+01
1029.30 2.406200e+01
1029.70 2.369040e+01
1030.10 2.328930e+01
1030.50 2.294850e+01
1030.90 2.275750e+01
1031.30 2.278660e+01
1031.70 2.300350e+01
1032.10 2.333940e+01
1032.50 2.372550e+01
1032.90 2.409230e+01
1033.30 2.437250e+01
1033.70 2.453200e+01
1034.10 2.457250e+01
1034.50 2.449680e+01
1034.90 2.430890e+01
1035.30 2.401220e+01
1035.70 2.361020e+01
1036.10 2.310620e+01
1036.50 2.250330e+01
1036.90 2.180950e+01
1037.30 2.105750e+01
1037.70 2.028900e+01
1038.10 1.954560e+01
1038.50 1.886940e+01
1038.90 1.830120e+01
1039.30 1.785650e+01
1039.70 1.752400e+01
1040.10 1.729070e+01
1040.50 1.720560e+01
1040.90 1.712620e+01
1041.30 1.708910e+01
1041.70 1.709910e+01
1042.10 1.713810e+01
1042.50 1.719390e+01
1042.90 1.725200e+01
1043.30 1.732000e+01
1043.70 1.736510e+01
1044.10 1.740530e+01
1044.50 1.741720e+01
1044.90 1.742180e+01
1045.30 1.741140e+01
1045.70 1.739600e+01
1046.10 1.735350e+01
1046.50 1.732410e+01
1046.90 1.727910e+01
1047.30 1.720840e+01
1047.70 1.716460e+01
1048.10 1.709460e+01
1048.50 1.704340e+01
1048.90 1.696630e+01
1049.30 1.688350e+01
1049.70 1.682640e+01
1050.10 1.674250e+01
1050.50 1.669810e+01
1050.90 1.663540e+01
1051.30 1.658260e+01
1051.70 1.653310e+01
1052.10 1.649070e+01
1052.50 1.645640e+01
1052.90 1.643310e+01
1053.30 1.641630e+01
1053.70 1.642520e+01
1054.10 1.643140e+01
1054.50 1.641920e+01
1054.90 1.642660e+01
1055.30 1.644500e+01
1055.70 1.645430e+01
1056.10 1.647710e+01
1056.50 1.651040e+01
1056.90 1.651240e+01
1057.30 1.655260e+01
1057.70 1.655780e+01
1058.10 1.659300e+01
1058.50 1.662950e+01
1058.90 1.661750e+01
1059.30 1.663060e+01
1059.70 1.662950e+01
1060.10 1.663680e+01
1060.50 1.662090e+01
1060.90 1.662040e+01
1061.30 1.660130e+01
1061.70 1.657970e+01
1062.10 1.655100e+01
1062.50 1.651530e+01
1062.90 1.649820e+01
1063.30 1.646270e+01
1063.70 1.640620e+01
1064.10 1.636450e+01
1064.50 1.630530e+01
1064.90 1.625710e+01
1065.30 1.619510e+01
1065.70 1.613600e+01
1066.10 1.607230e+01
1066.50 1.600820e+01
1066.90 1.594300e+01
1067.30 1.587380e+01
1067.70 1.581870e+01
1068.10 1.575680e+01
1068.50 1.569380e+01
1068.90 1.565220e+01
1069.30 1.561250e+01
1069.70 1.557090e+01
1070.10 1.553660e+01
1070.50 1.550630e+01
1070.90 1.548270e+01
1071.30 1.543810e+01
1071.70 1.543540e+01
1072.10 1.543380e+01
1072.50 1.542660e+01
1072.90 1.540630e+01
1073.30 1.541290e+01
1073.70 1.539610e+01
1074.10 1.537330e+01
1074.50 1.535900e+01
1074.90 1.535150e+01
1075.30 1.532160e+01
1075.70 1.532030e+01
1076.10 1.530350e+01
1076.50 1.527780e+01
1076.90 1.526210e+01
1077.30 1.523890e+01
1077.70 1.522460e+01
1078.10 1.523350e+01
1078.50 1.519210e+01
1078.90 1.516140e+01
1079.30 1.513650e+01
1079.70 1.512540e+01
1080.10 1.511070e+01
1080.50 1.507700e+01
1080.90 1.507690e+01
1081.30 1.506810e+01
1081.70 1.504560e+01
1082.10 1.503550e+01
1082.50 1.502760e+01
1082.90 1.502540e+01
1083.30 1.501660e+01
1083.70 1.500810e+01
1084.10 1.498700e+01
1084.50 1.496710e+01
1084.90 1.497970e+01
1085.30 1.495630e+01
1085.70 1.491950e+01
1086.10 1.488370e+01
1086.50 1.484700e+01
1086.90 1.479040e+01
1087.30 1.472270e+01
1087.70 1.463530e+01
1088.10 1.453190e+01
1088.50 1.445290e+01
1088.90 1.432480e+01
1089.30 1.423880e+01
1089.70 1.418950e+01
1090.10 1.405980e+01
1090.50 1.400050e+01
1090.90 1.383750e+01
1091.30 1.373700e+01
1091.70 1.378350e+01
1092.10 1.374690e+01
1092.50 1.368440e+01
1092.90 1.357860e+01
1093.30 1.360370e+01
1093.70 1.358960e+01
1094.10 1.350960e+01
1094.50 1.362980e+01
1094.90 1.364130e+01
1095.30 1.366480e+01
1095.70 1.361290e+01
1096.10 1.371840e+01
1096.50 1.375250e+01
1096.90 1.377030e+01
1097.30 1.372570e+01
1097.70 1.370590e+01
1098.10 1.383530e+01
1098.50 1.387760e+01
1098.90 1.390100e+01
1099.30 1.379840e+01
1099.70 1.381240e+01
1100.10 1.379860e+01
1100.50 1.380530e+01
1100.90 1.380950e+01
1101.30 1.378630e+01
1101.70 1.382270e+01
1102.10 1.379160e+01
1102.50 1.381780e+01
1102.90 1.364380e+01
1103.30 1.381320e+01
1103.70 1.380980e+01
1104.10 1.383680e+01
1104.50 1.386960e+01
1104.90 1.395940e+01
1105.30 1.392320e+01
1105.70 1.405720e+01
1106.10 1.410490e+01
1106.50 1.412220e+01
1106.90 1.421590e+01
1107.30 1.426920e+01
1107.70 1.434310e+01
1108.10 1.433780e+01
1108.50 1.440590e+01
1108.90 1.448050e+01
1109.30 1.460300e+01
1109.70 1.473340e+01
1110.10 1.481490e+01
1110.50 1.480010e+01
1110.90 1.487400e+01
1111.30 1.492450e+01
1111.70 1.491150e+01
1112.10 1.492320e+01
1112.50 1.496310e+01
1112.90 1.495630e+01
1113.30 1.499080e+01
1113.70 1.492920e+01
1114.10 1.500260e+01
1114.50 1.498350e+01
1114.90 1.500150e+01
1115.30 1.501280e+01
1115.70 1.496810e+01
1116.10 1.497790e+01
1116.50 1.496870e+01
1116.90 1.499440e+01
1117.30 1.497740e+01
1117.70 1.492900e+01
1118.10 1.495160e+01
1118.50 1.489930e+01
1118.90 1.485010e+01
1119.30 1.489340e+01
1119.70 1.492690e+01
1120.10 1.485020e+01
1120.50 1.490050e+01
1120.90 1.476410e+01
1121.30 1.473210e+01
1121.70 1.469840e+01
1122.10 1.470020e+01
1122.50 1.467330e+01
1122.90 1.468400e+01
1123.30 1.467630e+01
1123.70 1.467220e+01
1124.10 1.464300e+01
1124.50 1.460960e+01
1124.90 1.463840e+01
1125.30 1.466820e+01
1125.70 1.456960e+01
1126.10 1.469350e+01
1126.50 1.467320e+01
1126.90 1.472570e+01
1127.30 1.476870e+01
1127.70 1.477560e+01
1128.10 1.480450e+01
1128.50 1.475340e+01
1128.90 1.490790e+01
1129.30 1.489100e+01
1129.70 1.492760e+01
1130.10 1.482660e+01
1130.50 1.501110e+01
1130.90 1.500600e+01
1131.30 1.506230e+01
1131.70 1.507380e+01
1132.10 1.510810e+01
1132.50 1.511650e+01
1132.90 1.513920e+01
1133.30 1.506680e+01
1133.70 1.512030e+01
1134.10 1.513360e+01
1134.50 1.517160e+01
1134.90 1.515590e+01
1135.30 1.516150e+01
1135.70 1.511950e+01
1136.10 1.513250e+01
1136.50 1.506220e+01
1136.90 1.510990e+01
1137.30 1.507220e+01
1137.70 1.504830e+01
1138.10 1.496630e+01
1138.50 1.501050e+01
1138.90 1.498990e+01
1139.30 1.495360e+01
1139.70 1.494980e+01
1140.10 1.493350e+01
1140.50 1.490960e+01
1140.90 1.484700e+01
1141.30 1.483950e+01
1141.70 1.487030e+01
1142.10 1.490970e+01
1142.50 1.485580e+01
1142.90 1.480630e+01
1143.30 1.485830e+01
1143.70 1.486570e+01
1144.10 1.486520e+01
1144.50 1.491300e+01
1144.90 1.488720e+01
1145.30 1.491150e+01
1145.70 1.510160e+01
1146.10 1.495320e+01
1146.50 1.499410e+01
1146.90 1.501050e+01
1147.30 1.501030e+01
1147.70 1.499720e+01
1148.10 1.506890e+01
1148.50 1.515940e+01
1148.90 1.511220e+01
1149.30 1.512600e+01
1149.70 1.523890e+01
1150.10 1.529330e+01
1150.50 1.542690e+01
1150.90 1.550000e+01
1151.30 1.554140e+01
1151.70 1.538000e+01
1152.10 1.544410e+01
1152.50 1.543600e+01
1152.90 1.552430e+01
1153.30 1.546660e+01
1153.70 1.551890e+01
1154.10 1.557040e+01
1154.50 1.562540e+01
1154.90 1.563390e+01
1155.30 1.565810e+01
1155.70 1.570330e+01
1156.10 1.565430e+01
1156.50 1.591190e+01
1156.90 1.577800e+01
1157.30 1.583340e+01
1157.70 1.570140e+01
1158.10 1.590700e+01
1158.50 1.591680e+01
1158.90 1.597700e+01
1159.30 1.600870e+01
1159.70 1.614240e+01
1160.10 1.621340e+01
1160.50 1.630850e+01
1160.90 1.636420e+01
1161.30 1.632330e+01
1161.70 1.659720e+01
1162.10 1.665330e+01
1162.50 1.681030e+01
1162.90 1.681630e+01
1163.30 1.699240e+01
1163.70 1.723800e+01
1164.10 1.719870e+01
1164.50 1.730560e+01
1164.90 1.736160e+01
1165.30 1.749260e+01
1165.70 1.760510e+01
1166.10 1.749360e+01
1166.50 1.770090e+01
1166.90 1.779320e+01
1167.30 1.784530e+01
1167.70 1.790390e+01
1168.10 1.793520e+01
1168.50 1.807030e+01
1168.90 1.838030e+01
1169.30 1.865180e+01
1169.70 1.844930e+01
1170.10 1.850440e+01
1170.50 1.859110e+01
1170.90 1.865750e+01
1171.30 1.874400e+01
1171.70 1.885650e+01
1172.10 1.889060e+01
1172.50 1.904130e+01
1172.90 1.908000e+01
1173.30 1.905120e+01
1173.70 1.916890e+01
1174.10 1.919900e+01
1174.50 1.924870e+01
1174.90 1.922600e+01
1175.30 1.931270e+01
1175.70 1.929470e+01
1176.10 1.931930e+01
1176.50 1.906540e+01
1176.90 1.918590e+01
1177.30 1.929140e+01
1177.70 1.932110e+01
1178.10 1.935400e+01
1178.50 1.940060e+01
1178.90 1.937990e+01
1179.30 1.956670e+01
1179.70 1.965970e+01
1180.10 1.979610e+01
1180.50 1.962700e+01
1180.90 1.992790e+01
1181.30 2.026210e+01
1181.70 2.022230e+01
1182.10 2.042640e+01
1182.50 2.064100e+01
1182.90 2.070140e+01
1183.30 2.044960e+01
1183.70 2.107510e+01
1184.10 2.117440e+01
1184.50 2.140600e+01
1184.90 2.165140e+01
1185.30 2.168720e+01
1185.70 2.200200e+01
1186.10 2.149930e+01
1186.50 2.225080e+01
1186.90 2.251270e+01
1187.30 2.279320e+01
1187.70 2.297650e+01
1188.10 2.325680e+01
1188.50 2.331370e+01
1188.90 2.379740e+01
1189.30 2.392550e+01
1189.70 2.423720e+01
1190.10 2.404770e+01
1190.50 2.487910e+01
1190.90 2.504900e+01
1191.30 2.532400e+01
1191.70 2.547450e+01
1192.10 2.581220e+01
1192.50 2.605900e+01
1192.90 2.630760e+01
1193.30 2.649810e+01
1193.70 2.641970e+01
1194.10 2.688590e+01
1194.50 2.716430e+01
1194.90 2.724320e+01
1195.30 2.741610e+01
1195.70 2.776290e+01
1196.10 2.764390e+01
1196.50 2.808950e+01
1196.90 2.838250e+01
1197.30 2.856790e+01
1197.70 2.896560e+01
1198.10 2.940830e+01
1198.50 2.974900e+01
1198.90 2.995430e+01
1199.30 3.023170e+01
1199.70 3.068230e+01
1200.10 3.106310e+01
1200.50 3.125230e+01
1200.90 3.167480e+01
1201.30 3.208290e+01
1201.70 3.246540e+01
1202.10 3.289830e+01
1202.50 3.328700e+01
1202.90 3.373490e+01
1203.30 3.410390e+01
1203.70 3.453890e+01
1204.10 3.504320e+01
1204.50 3.551050e+01
1204.90 3.584160e+01
1205.30 3.621760e+01
1205.70 3.634320e+01
1206.10 3.741130e+01
1206.50 3.792310e+01
1206.90 3.855720e+01
1207.30 3.921380e+01
1207.70 3.996190e+01
1208.10 4.063240e+01
1208.50 4.128480e+01
1208.90 4.195620e+01
1209.30 4.303930e+01
1209.70 4.439410e+01
1210.10 4.408970e+01
1210.50 4.366170e+01
1210.90 4.638380e+01
1211.30 4.623240e+01
1211.70 4.683350e+01
1212.10 4.742110e+01
1212.50 4.800850e+01
1212.90 4.867100e+01
1213.30 4.892400e+01
1213.70 4.815800e+01
1214.10 4.988530e+01
1214.50 5.053960e+01
1214.90 5.079250e+01
1215.30 5.038050e+01
1215.70 4.958180e+01
1216.10 5.653120e+01
1216.50 5.359190e+01
1216.90 5.163000e+01
1217.30 4.426010e+01
1217.70 3.522700e+01
1218.10 3.664210e+01
1218.50 3.937050e+01
1218.90 3.897910e+01
1219.30 3.808980e+01
1219.70 3.713490e+01
1220.10 3.656840e+01
1220.50 3.589820e+01
1220.90 3.532840e+01
1221.30 3.460980e+01
1221.70 3.440370e+01
1222.10 3.111200e+01
1222.50 3.385890e+01
1222.90 3.385530e+01
1223.30 3.339080e+01
1223.70 3.325960e+01
1224.10 3.216060e+01
1224.50 3.254260e+01
1224.90 3.225090e+01
1225.30 3.205780e+01
1225.70 3.165920e+01
1226.10 3.087280e+01
1226.50 3.182370e+01
1226.90 3.114730e+01
1227.30 3.103990e+01
1227.70 3.109300e+01
1228.10 3.122360e+01
1228.50 3.153130e+01
1228.90 3.044740e+01
1229.30 3.096450e+01
1229.70 3.125170e+01
1230.10 3.124650e+01
1230.50 3.112420e+01
1230.90 3.046370e+01
1231.30 3.058640e+01
1231.70 3.130980e+01
1232.10 3.057900e+01
1232.50 3.110420e+01
1232.90 3.151690e+01
1233.30 3.101390e+01
1233.70 3.179800e+01
1234.10 3.150470e+01
1234.50 3.215730e+01
1234.90 3.131640e+01
1235.30 3.168890e+01
1235.70 3.152700e+01
1236.10 3.045920e+01
1236.50 3.177510e+01
1236.90 3.044420e+01
1237.30 3.014610e+01
1237.70 3.045570e+01
1238.10 2.997130e+01
1238.50 2.960880e+01
1238.90 2.984480e+01
1239.30 2.895760e+01
1239.70 2.942770e+01
1240.10 2.849730e+01
1240.50 2.809490e+01
1240.90 2.886650e+01
1241.30 2.757750e+01
1241.70 2.796860e+01
1242.10 2.755370e+01
1242.50 2.703750e+01
1242.90 2.631010e+01
1243.30 2.583800e+01
1243.70 2.485780e+01
1244.10 2.461550e+01
1244.50 2.430830e+01
1244.90 2.414300e+01
1245.30 2.357450e+01
1245.70 2.330820e+01
1246.10 2.310070e+01
1246.50 2.251960e+01
1246.90 2.233670e+01
1247.30 2.193280e+01
1247.70 2.201460e+01
1248.10 2.164560e+01
1248.50 2.142500e+01
1248.90 2.142480e+01
1249.30 2.133320e+01
1249.70 2.117480e+01
1250.10 2.098560e+01
1250.50 2.111580e+01
1250.90 2.116680e+01
1251.30 2.044900e+01
1251.70 2.055080e+01
1252.10 2.037950e+01
1252.50 2.050640e+01
1252.90 2.024360e+01
1253.30 1.981090e+01
1253.70 2.004850e+01
1254.10 1.953870e+01
1254.50 1.996810e+01
1254.90 1.956480e+01
1255.30 1.971270e+01
1255.70 1.956130e+01
1256.10 1.948330e+01
1256.50 1.939160e+01
1256.90 1.918050e+01
1257.30 1.933430e+01
1257.70 1.924040e+01
1258.10 1.887960e+01
1258.50 1.910070e+01
1258.90 1.919330e+01
1259.30 1.920060e+01
1259.70 1.863800e+01
1260.10 1.981920e+01
1260.50 1.869810e+01
1260.90 1.858040e+01
1261.30 1.854280e+01
1261.70 1.834730e+01
1262.10 1.868090e+01
1262.50 1.840570e+01
1262.90 1.847760e+01
1263.30 1.821230e+01
1263.70 1.790700e+01
1264.10 1.799330e+01
1264.50 1.774260e+01
1264.90 1.776820e+01
1265.30 1.767000e+01
1265.70 1.707990e+01
1266.10 1.740940e+01
1266.50 1.686110e+01
1266.90 1.691550e+01
1267.30 1.701490e+01
1267.70 1.692120e+01
1268.10 1.670170e+01
1268.50 1.608150e+01
1268.90 1.517820e+01
1269.30 1.603850e+01
1269.70 1.631320e+01
1270.10 1.636720e+01
1270.50 1.640820e+01
1270.90 1.642890e+01
1271.30 1.564560e+01
1271.70 1.586980e+01
1272.10 1.574340e+01
1272.50 1.610100e+01
1272.90 1.596520e+01
1273.30 1.621250e+01
1273.70 1.604870e+01
1274.10 1.595980e+01
1274.50 1.565880e+01
1274.90 1.561560e+01
1275.30 1.584230e+01
1275.70 1.589260e+01
1276.10 1.551580e+01
1276.50 1.529360e+01
1276.90 1.564400e+01
1277.30 1.575620e+01
1277.70 1.546740e+01
1278.10 1.594520e+01
1278.50 1.595610e+01
1278.90 1.532380e+01
1279.30 1.466820e+01
1279.70 1.523250e+01
1280.10 1.414640e+01
1280.50 1.553770e+01
1280.90 1.378410e+01
1281.30 1.534180e+01
1281.70 1.526690e+01
1282.10 1.516980e+01
1282.50 1.513240e+01
1282.90 1.469780e+01
1283.30 1.548920e+01
1283.70 1.548760e+01
1284.10 1.515640e+01
1284.50 1.471830e+01
1284.90 1.513160e+01
1285.30 1.543440e+01
1285.70 1.503720e+01
1286.10 1.541560e+01
1286.50 1.560200e+01
1286.90 1.557810e+01
1287.30 1.560270e+01
1287.70 1.539020e+01
1288.10 1.503010e+01
1288.50 1.553430e+01
1288.90 1.570800e+01
1289.30 1.524210e+01
1289.70 1.647250e+01
1290.10 1.582460e+01
1290.50 1.596870e+01
1290.90 1.534750e+01
1291.30 1.543650e+01
1291.70 1.541020e+01
1292.10 1.574460e+01
1292.50 1.628470e+01
1292.90 1.536810e+01
1293.30 1.553140e+01
1293.70 1.567030e+01
1294.10 1.568380e+01
1294.50 1.563580e+01
1294.90 1.538450e+01
1295.30 1.531640e+01
1295.70 1.537780e+01
1296.10 1.599430e+01
1296.50 1.569570e+01
1296.90 1.561380e+01
1297.30 1.591190e+01
1297.70 1.543190e+01
1298.10 1.592460e+01
1298.50 1.565440e+01
1298.90 1.584460e+01
1299.30 1.575610e+01
1299.70 1.579790e+01
1300.10 1.586420e+01
1300.50 1.560840e+01
1300.90 1.602560e+01
1301.30 1.572210e+01
1301.70 1.588030e+01
1302.10 1.589050e+01
1302.50 1.596290e+01
1302.90 1.552540e+01
1303.30 1.631660e+01
1303.70 1.565160e+01
1304.10 1.576340e+01
1304.50 1.561160e+01
1304.90 1.570450e+01
1305.30 1.549930e+01
1305.70 1.571340e+01
1306.10 1.551890e+01
1306.50 1.556950e+01
1306.90 1.561010e+01
1307.30 1.505450e+01
1307.70 1.502810e+01
1308.10 1.504170e+01
1308.50 1.483950e+01
1308.90 1.468400e+01
1309.30 1.490600e+01
1309.70 1.481090e+01
1310.10 1.471460e+01
1310.50 1.479280e+01
1310.90 1.471410e+01
1311.30 1.485490e+01
1311.70 1.428110e+01
1312.10 1.449750e+01
1312.50 1.430170e+01
1312.90 1.447250e+01
1313.30 1.446720e+01
1313.70 1.441300e+01
1314.10 1.422590e+01
1314.50 1.431260e+01
1314.90 1.455590e+01
1315.30 1.412550e+01
1315.70 1.424090e+01
1316.10 1.439380e+01
1316.50 1.413070e+01
1316.90 1.423080e+01
1317.30 1.431400e+01
1317.70 1.430680e+01
1318.10 1.416700e+01
1318.50 1.403160e+01
1318.90 1.411380e+01
1319.30 1.394970e+01
1319.70 1.363460e+01
1320.10 1.374900e+01
1320.50 1.396050e+01
1320.90 1.407050e+01
1321.30 1.419480e+01
1321.70 1.384280e+01
1322.10 1.398960e+01
1322.50 1.426290e+01
1322.90 1.413390e+01
1323.30 1.420020e+01
1323.70 1.447880e+01
1324.10 1.401420e+01
1324.50 1.416060e+01
1324.90 1.416210e+01
1325.30 1.411710e+01
1325.70 1.433730e+01
1326.10 1.437380e+01
1326.50 1.436780e+01
1326.90 1.437250e+01
1327.30 1.419870e+01
1327.70 1.452460e+01
1328.10 1.411940e+01
1328.50 1.454300e+01
1328.90 1.428820e+01
1329.30 1.418280e+01
1329.70 1.456030e+01
1330.10 1.443250e+01
1330.50 1.430610e+01
1330.90 1.411860e+01
1331.30 1.403480e+01
1331.70 1.376130e+01
1332.10 1.421200e+01
1332.50 1.448890e+01
1332.90 1.410770e+01
1333.30 1.420700e+01
1333.70 1.444270e+01
1334.10 1.458190e+01
1334.50 1.451370e+01
1334.90 1.444190e+01
1335.30 1.443050e+01
1335.70 1.438080e+01
1336.10 1.429270e+01
1336.50 1.422450e+01
1336.90 1.435620e+01
1337.30 1.442130e+01
1337.70 1.437570e+01
1338.10 1.427120e+01
1338.50 1.427290e+01
1338.90 1.439400e+01
1339.30 1.391000e+01
1339.70 1.408400e+01
1340.10 1.416730e+01
1340.50 1.422050e+01
1340.90 1.436900e+01
1341.30 1.426020e+01
1341.70 1.410890e+01
1342.10 1.412540e+01
1342.50 1.407560e+01
1342.90 1.359480e+01
1343.30 1.397910e+01
1343.70 1.405910e+01
1344.10 1.407470e+01
1344.50 1.377920e+01
1344.90 1.392620e+01
1345.30 1.393520e+01
1345.70 1.401470e+01
1346.10 1.397560e+01
1346.50 1.406790e+01
1346.90 1.395980e+01
1347.30 1.372940e+01
1347.70 1.387800e+01
1348.10 1.392920e+01
1348.50 1.389980e+01
1348.90 1.465930e+01
1349.30 1.483890e+01
1349.70 1.391630e+01
1350.10 1.397310e+01
1350.50 1.408090e+01
1350.90 1.369600e+01
1351.30 1.393140e+01
1351.70 1.392660e+01
1352.10 1.388340e+01
1352.50 1.392850e+01
1352.90 1.398760e+01
1353.30 1.398180e+01
1353.70 1.341780e+01
1354.10 1.395920e+01
1354.50 1.399680e+01
1354.90 1.405800e+01
1355.30 1.429310e+01
1355.70 1.400160e+01
1356.10 1.416860e+01
1356.50 1.430820e+01
1356.90 1.398530e+01
1357.30 1.442780e+01
1357.70 1.395390e+01
1358.10 1.419620e+01
1358.50 1.410410e+01
1358.90 1.401210e+01
1359.30 1.421700e+01
1359.70 1.422980e+01
1360.10 1.378800e+01
1360.50 1.427770e+01
1360.90 1.418360e+01
1361.30 1.419550e+01
1361.70 1.425800e+01
1362.10 1.419110e+01
1362.50 1.391240e+01
1362.90 1.408160e+01
1363.30 1.419670e+01
1363.70 1.421580e+01
1364.10 1.429140e+01
1364.50 1.391120e+01
1364.90 1.419990e+01
1365.30 1.437340e+01
1365.70 1.431990e+01
1366.10 1.427070e+01
1366.50 1.412910e+01
1366.90 1.438470e+01
1367.30 1.417880e+01
1367.70 1.442510e+01
1368.10 1.446420e+01
1368.50 1.435540e+01
1368.90 1.435070e+01
1369.30 1.440370e+01
1369.70 1.434730e+01
1370.10 1.430300e+01
1370.50 1.459540e+01
1370.90 1.445620e+01
1371.30 1.443990e+01
1371.70 1.452120e+01
1372.10 1.451950e+01
1372.50 1.454820e+01
1372.90 1.466750e+01
1373.30 1.474830e+01
1373.70 1.452630e+01
1374.10 1.472550e+01
1374.50 1.467830e+01
1374.90 1.476170e+01
1375.30 1.474700e+01
1375.70 1.473070e+01
1376.10 1.513730e+01
1376.50 1.461520e+01
1376.90 1.485740e+01
1377.30 1.491760e+01
1377.70 1.479030e+01
1378.10 1.520010e+01
1378.50 1.503680e+01
1378.90 1.495460e+01
1379.30 1.491220e+01
1379.70 1.499690e+01
1380.10 1.515930e+01
1380.50 1.487270e+01
1380.90 1.527740e+01
1381.30 1.532140e+01
1381.70 1.515810e+01
1382.10 1.488300e+01
1382.50 1.524570e+01
1382.90 1.469450e+01
1383.30 1.525930e+01
1383.70 1.506920e+01
1384.10 1.530210e+01
1384.50 1.532470e+01
1384.90 1.543640e+01
1385.30 1.550320e+01
1385.70 1.545590e+01
1386.10 1.555400e+01
1386.50 1.557830e+01
1386.90 1.559000e+01
1387.30 1.603330e+01
1387.70 1.574310e+01
1388.10 1.530190e+01
1388.50 1.595700e+01
1388.90 1.592370e+01
1389.30 1.607340e+01
1389.70 1.615730e+01
1390.10 1.628390e+01
1390.50 1.610840e+01
1390.90 1.624720e+01
1391.30 1.629810e+01
1391.70 1.639820e+01
1392.10 1.636630e+01
1392.50 1.637350e+01
1392.90 1.653810e+01
1393.30 1.637520e+01
1393.70 1.652150e+01
1394.10 1.608810e+01
1394.50 1.623210e+01
1394.90 1.607930e+01
1395.30 1.588420e+01
1395.70 1.622980e+01
1396.10 1.610810e+01
1396.50 1.606410e+01
1396.90 1.584160e+01
1397.30 1.580890e+01
1397.70 1.596360e+01
1398.10 1.587750e+01
1398.50 1.593350e+01
1398.90 1.600790e+01
1399.30 1.582260e+01
1399.70 1.606890e+01
1400.10 1.598630e+01
1400.50 1.602020e+01
1400.90 1.599080e+01
1401.30 1.595060e+01
1401.70 1.588180e+01
1402.10 1.571120e+01
1402.50 1.564800e+01
1402.90 1.559010e+01
1403.30 1.542160e+01
1403.70 1.552820e+01
1404.10 1.500980e+01
1404.50 1.503700e+01
1404.90 1.505070e+01
1405.30 1.476730e+01
1405.70 1.492530e+01
1406.10 1.467900e+01
1406.50 1.459560e+01
1406.90 1.437040e+01
1407.30 1.534640e+01
1407.70 1.525990e+01
1408.10 1.440100e+01
1408.50 1.436530e+01
1408.90 1.423660e+01
1409.30 1.404890e+01
1409.70 1.408460e+01
1410.10 1.406980e+01
1410.50 1.399660e+01
1410.90 1.491790e+01
1411.30 1.090840e+01
1411.70 1.477970e+01
1412.10 1.485550e+01
1412.50 1.387320e+01
1412.90 1.392220e+01
1413.30 1.379250e+01
1413.70 1.244020e+01
1414.10 1.455070e+01
1414.50 1.449330e+01
1414.90 1.377770e+01
1415.30 1.372510e+01
1415.70 1.347760e+01
1416.10 1.369020e+01
1416.50 1.360580e+01
1416.90 1.367780e+01
1417.30 1.355610e+01
1417.70 1.349610e+01
1418.10 1.345400e+01
1418.50 1.352830e+01
1418.90 1.365240e+01
1419.30 1.347020e+01
1419.70 1.335120e+01
1420.10 1.334680e+01
1420.50 1.329190e+01
1420.90 1.350410e+01
1421.30 1.325520e+01
1421.70 1.334340e+01
1422.10 1.338450e+01
1422.50 1.337040e+01
1422.90 1.326460e+01
1423.30 1.283080e+01
1423.70 1.342420e+01
1424.10 1.333300e+01
1424.50 1.318350e+01
1424.90 1.311150e+01
1425.30 1.307760e+01
1425.70 1.306000e+01
1426.10 1.316210e+01
1426.50 1.309210e+01
1426.90 1.305210e+01
1427.30 1.300530e+01
1427.70 1.316260e+01
1428.10 1.294160e+01
1428.50 1.262340e+01
1428.90 1.299670e+01
1429.30 1.290040e+01
1429.70 1.284810e+01
1430.10 1.321340e+01
1430.50 1.304370e+01
1430.90 1.282020e+01
1431.30 1.307360e+01
1431.70 1.285730e+01
1432.10 1.283510e+01
1432.50 1.306270e+01
1432.90 1.277560e+01
1433.30 1.288610e+01
1433.70 1.282980e+01
1434.10 1.285220e+01
1434.50 1.269550e+01
1434.90 1.269810e+01
1435.30 1.266770e+01
1435.70 1.276340e+01
1436.10 1.271130e+01
1436.50 1.290720e+01
1436.90 1.277020e+01
1437.30 1.277650e+01
1437.70 1.289800e+01
1438.10 1.282400e+01
1438.50 1.271510e+01
1438.90 1.273580e+01
1439.30 1.269410e+01
1439.70 1.275210e+01
1440.10 1.274470e+01
1440.50 1.274870e+01
1440.90 1.278160e+01
1441.30 1.275850e+01
1441.70 1.272960e+01
1442.10 1.270390e+01
1442.50 1.289540e+01
1442.90 1.273170e+01
1443.30 1.285520e+01
1443.70 1.284390e+01
1444.10 1.274610e+01
1444.50 1.279190e+01
1444.90 1.270260e+01
1445.30 1.275300e+01
1445.70 1.273680e+01
1446.10 1.268630e+01
1446.50 1.262250e+01
1446.90 1.268960e+01
1447.30 1.269110e+01
1447.70 1.276000e+01
1448.10 1.265770e+01
1448.50 1.279260e+01
1448.90 1.286300e+01
1449.30 1.262930e+01
1449.70 1.268090e+01
1450.10 1.273800e+01
1450.50 1.269990e+01
1450.90 1.263000e+01
1451.30 1.282190e+01
1451.70 1.272760e+01
1452.10 1.263290e+01
1452.50 1.260520e+01
1452.90 1.264650e+01
1453.30 1.275810e+01
1453.70 1.260760e+01
1454.10 1.278840e+01
1454.50 1.263630e+01
1454.90 1.252990e+01
1455.30 1.268710e+01
1455.70 1.257550e+01
1456.10 1.259970e+01
1456.50 1.270100e+01
1456.90 1.258480e+01
1457.30 1.269750e+01
1457.70 1.259740e+01
1458.10 1.258770e+01
1458.50 1.255650e+01
1458.90 1.251580e+01
1459.30 1.248540e+01
1459.70 1.259680e+01
1460.10 1.257180e+01
1460.50 1.263650e+01
1460.90 1.257720e+01
1461.30 1.266760e+01
1461.70 1.238470e+01
1462.10 1.247730e+01
1462.50 1.257190e+01
1462.90 1.278290e+01
1463.30 1.258510e+01
1463.70 1.257420e+01
1464.10 1.266330e+01
1464.50 1.260000e+01
1464.90 1.248940e+01
1465.30 1.153160e+01
1465.70 1.217510e+01
1466.10 1.232150e+01
1466.50 1.251190e+01
1466.90 1.261770e+01
1467.30 1.260850e+01
1467.70 1.263730e+01
1468.10 1.226870e+01
1468.50 1.186580e+01
1468.90 1.244490e+01
1469.30 1.255220e+01
1469.70 1.260080e+01
1470.10 1.266130e+01
1470.50 1.257740e+01
1470.90 1.240970e+01
1471.30 1.256470e+01
1471.70 1.259810e+01
1472.10 1.250880e+01
1472.50 1.250880e+01
1472.90 1.243870e+01
1473.30 1.266950e+01
1473.70 1.253020e+01
1474.10 1.265590e+01
1474.50 1.251720e+01
1474.90 1.246820e+01
1475.30 1.250180e+01
1475.70 1.221800e+01
1476.10 1.247940e+01
1476.50 1.322510e+01
1476.90 1.226370e+01
1477.30 1.228750e+01
1477.70 1.214280e+01
1478.10 1.271450e+01
1478.50 1.247040e+01
1478.90 1.245300e+01
1479.30 1.223250e+01
1479.70 1.270750e+01
1480.10 1.273290e+01
1480.50 1.283460e+01
1480.90 1.292480e+01
1481.30 1.299510e+01
1481.70 1.288630e+01
1482.10 1.293720e+01
1482.50 1.303690e+01
1482.90 1.282660e+01
1483.30 1.267450e+01
1483.70 1.268860e+01
1484.10 1.266090e+01
1484.50 1.319500e+01
1484.90 1.268000e+01
1485.30 1.272230e+01
1485.70 1.311940e+01
1486.10 1.328500e+01
1486.50 1.298820e+01
1486.90 1.321650e+01
1487.30 1.310530e+01
1487.70 1.312580e+01
1488.10 1.323960e+01
1488.50 1.294740e+01
1488.90 1.324090e+01
1489.30 1.298480e+01
1489.70 1.345590e+01
1490.10 1.331740e+01
1490.50 1.329430e+01
1490.90 1.335410e+01
1491.30 1.332170e+01
1491.70 1.332860e+01
1492.10 1.338060e+01
1492.50 1.337920e+01
1492.90 1.306440e+01
1493.30 1.309840e+01
1493.70 1.328600e+01
1494.10 1.338880e+01
1494.50 1.331430e+01
1494.90 1.323540e+01
1495.30 1.324270e+01
1495.70 1.327010e+01
1496.10 1.332760e+01
1496.50 1.339300e+01
1496.90 1.339590e+01
1497.30 1.337800e+01
1497.70 1.345720e+01
1498.10 1.342240e+01
1498.50 1.339430e+01
1498.90 1.346980e+01
1499.30 1.355420e+01
1499.70 1.349070e+01
1500.10 1.356780e+01
1500.50 1.347020e+01
1500.90 1.364590e+01
1501.30 1.352800e+01
1501.70 1.359810e+01
1502.10 1.348540e+01
1502.50 1.354710e+01
1502.90 1.357550e+01
1503.30 1.346370e+01
1503.70 1.356640e+01
1504.10 1.364460e+01
1504.50 1.359720e+01
1504.90 1.369310e+01
1505.30 1.373090e+01
1505.70 1.341650e+01
1506.10 1.365360e+01
1506.50 1.355370e+01
1506.90 1.384050e+01
1507.30 1.389590e+01
1507.70 1.341020e+01
1508.10 1.369490e+01
1508.50 1.382800e+01
1508.90 1.377140e+01
1509.30 1.381550e+01
1509.70 1.393650e+01
1510.10 1.414310e+01
1510.50 1.407700e+01
1510.90 1.399370e+01
1511.30 1.380200e+01
1511.70 1.416180e+01
1512.10 1.406300e+01
1512.50 1.420210e+01
1512.90 1.413130e+01
1513.30 1.420480e+01
1513.70 1.424990e+01
1514.10 1.466370e+01
1514.50 1.437330e+01
1514.90 1.387930e+01
1515.30 1.437870e+01
1515.70 1.399250e+01
1516.10 1.388610e+01
1516.50 1.343680e+01
1516.90 1.359130e+01
1517.30 1.368080e+01
1517.70 1.295810e+01
1518.10 1.464420e+01
1518.50 1.452510e+01
1518.90 1.418470e+01
1519.30 1.447240e+01
1519.70 1.463270e+01
1520.10 1.455230e+01
1520.50 1.484170e+01
1520.90 1.530130e+01
1521.30 1.537060e+01
1521.70 1.544080e+01
1522.10 1.564050e+01
1522.50 1.490020e+01
1522.90 1.434780e+01
1523.30 1.583140e+01
1523.70 1.591110e+01
1524.10 1.586440e+01
1524.50 1.608020e+01
1524.90 1.611930e+01
1525.30 1.619480e+01
1525.70 1.617150e+01
1526.10 1.635780e+01
1526.50 1.631290e+01
1526.90 1.649190e+01
1527.30 1.625350e+01
1527.70 1.657750e+01
1528.10 1.679030e+01
1528.50 1.689380e+01
1528.90 1.690120e+01
1529.30 1.701420e+01
1529.70 1.690400e+01
1530.10 1.712710e+01
1530.50 1.715250e+01
1530.90 1.730680e+01
1531.30 1.742940e+01
1531.70 1.744940e+01
1532.10 1.766820e+01
1532.50 1.769970e+01
1532.90 1.774960e+01
1533.30 1.745540e+01
1533.70 1.802510e+01
1534.10 1.820530e+01
1534.50 1.822400e+01
1534.90 1.846480e+01
1535.30 1.858870e+01
1535.70 1.847370e+01
1536.10 1.806980e+01
1536.50 1.829680e+01
1536.90 1.861200e+01
1537.30 1.899650e+01
1537.70 1.918610e+01
1538.10 1.895840e+01
1538.50 1.924490e+01
1538.90 1.926140e+01
1539.30 1.963210e+01
1539.70 1.915410e+01
1540.10 1.972080e+01
1540.50 1.984930e+01
1540.90 1.988030e+01
1541.30 1.996240e+01
1541.70 2.017100e+01
1542.10 2.025680e+01
1542.50 2.051750e+01
1542.90 2.058160e+01
1543.30 2.054630e+01
1543.70 2.069990e+01
1544.10 2.049600e+01
1544.50 2.081570e+01
1544.90 2.084570e+01
1545.30 2.099280e+01
1545.70 2.100190e+01
1546.10 2.117080e+01
1546.50 2.114290e+01
1546.90 2.122390e+01
1547.30 2.143670e+01
1547.70 2.126670e+01
1548.10 2.037770e+01
1548.50 2.082990e+01
1548.90 2.103740e+01
1549.30 2.090210e+01
1549.70 2.079200e+01
1550.10 2.050360e+01
1550.50 2.013860e+01
1550.90 1.880460e+01
1551.30 1.981920e+01
1551.70 1.940910e+01
1552.10 1.915300e+01
1552.50 1.877590e+01
1552.90 1.866520e+01
1553.30 1.769650e+01
1553.70 1.730670e+01
1554.10 1.800110e+01
1554.50 1.784980e+01
1554.90 1.745130e+01
1555.30 1.725440e+01
1555.70 1.719370e+01
1556.10 1.687550e+01
1556.50 1.685340e+01
1556.90 1.661510e+01
1557.30 1.659220e+01
1557.70 1.647470e+01
1558.10 1.624040e+01
1558.50 1.629710e+01
1558.90 1.624710e+01
1559.30 1.598180e+01
1559.70 1.596480e+01
1560.10 1.588480e+01
1560.50 1.566840e+01
1560.90 1.570260e+01
1561.30 1.550350e+01
1561.70 1.540600e+01
1562.10 1.540980e+01
1562.50 1.522510e+01
1562.90 1.507950e+01
1563.30 1.508300e+01
1563.70 1.510910e+01
1564.10 1.490780e+01
1564.50 1.490680e+01
1564.90 1.478100e+01
1565.30 1.452260e+01
1565.70 1.390490e+01
1566.10 1.456590e+01
1566.50 1.449970e+01
1566.90 1.455150e+01
1567.30 1.431980e+01
1567.70 1.437710e+01
1568.10 1.431260e+01
1568.50 1.425800e+01
1568.90 1.427990e+01
1569.30 1.419570e+01
1569.70 1.410010e+01
1570.10 1.412820e+01
1570.50 1.400620e+01
1570.90 1.400100e+01
1571.30 1.393400e+01
1571.70 1.380090e+01
1572.10 1.388950e+01
1572.50 1.377560e+01
1572.90 1.384090e+01
1573.30 1.379440e+01
1573.70 1.381060e+01
1574.10 1.374250e+01
1574.50 1.357540e+01
1574.90 1.359280e+01
1575.30 1.361790e+01
1575.70 1.355000e+01
1576.10 1.352380e+01
1576.50 1.345460e+01
1576.90 1.337110e+01
1577.30 1.332900e+01
1577.70 1.338150e+01
1578.10 1.319760e+01
1578.50 1.333060e+01
1578.90 1.329950e+01
1579.30 1.300160e+01
1579.70 1.317890e+01
1580.10 1.314340e+01
1580.50 1.301970e+01
1580.90 1.313120e+01
1581.30 1.299240e+01
1581.70 1.295110e+01
1582.10 1.302260e+01
1582.50 1.299990e+01
1582.90 1.297730e+01
1583.30 1.294490e+01
1583.70 1.299860e+01
1584.10 1.294900e+01
1584.50 1.256470e+01
1584.90 1.286380e+01
1585.30 1.286940e+01
1585.70 1.286800e+01
1586.10 1.275540e+01
1586.50 1.281840e+01
1586.90 1.283470e+01
1587.30 1.269750e+01
1587.70 1.284450e+01
1588.10 1.271680e+01
1588.50 1.268700e+01
1588.90 1.275300e+01
1589.30 1.253530e+01
1589.70 1.269060e+01
1590.10 1.280190e+01
1590.50 1.265870e+01
1590.90 1.276180e+01
1591.30 1.267970e+01
1591.70 1.269820e+01
1592.10 1.274760e+01
1592.50 1.255700e+01
1592.90 1.265840e+01
1593.30 1.263810e+01
1593.70 1.243160e+01
1594.10 1.249830e+01
1594.50 1.251160e+01
1594.90 1.257440e+01
1595.30 1.250420e+01
1595.70 1.264180e+01
1596.10 1.255590e+01
1596.50 1.245160e+01
1596.90 1.255380e+01
1597.30 1.246000e+01
1597.70 1.269100e+01
1598.10 1.247380e+01
1598.50 1.246020e+01
1598.90 1.243850e+01
1599.30 1.244590e+01
1599.70 1.239890e+01
1600.10 1.239590e+01
1600.50 1.238190e+01
1600.90 1.249860e+01
1601.30 1.236920e+01
1601.70 1.229220e+01
1602.10 1.247220e+01
1602.50 1.242560e+01
1602.90 1.230810e+01
1603.30 1.248640e+01
1603.70 1.234890e+01
1604.10 1.236650e+01
1604.50 1.236430e+01
1604.90 1.223720e+01
1605.30 1.239560e+01
1605.70 1.225210e+01
1606.10 1.247330e+01
1606.50 1.234450e+01
1606.90 1.229780e+01
1607.30 1.228010e+01
1607.70 1.229610e+01
1608.10 1.229710e+01
1608.50 1.229710e+01
1608.90 1.226550e+01
1609.30 1.228440e+01
1609.70 1.232680e+01
1610.10 1.225800e+01
1610.50 1.230940e+01
1610.90 1.221130e+01
1611.30 1.225890e+01
1611.70 1.228230e+01
1612.10 1.224000e+01
1612.50 1.226430e+01
1612.90 1.226920e+01
1613.30 1.226260e+01
1613.70 1.225890e+01
1614.10 1.224400e+01
1614.50 1.223960e+01
1614.90 1.225980e+01
1615.30 1.221730e+01
1615.70 1.221250e+01
1616.10 1.233230e+01
1616.50 1.217870e+01
1616.90 1.232530e+01
1617.30 1.240040e+01
1617.70 1.222700e+01
1618.10 1.230350e+01
1618.50 1.227700e+01
1618.90 1.205150e+01
1619.30 1.223610e+01
1619.70 1.220060e+01
1620.10 1.234710e+01
1620.50 1.225440e+01
1620.90 1.217570e+01
1621.30 1.231780e+01
1621.70 1.228470e+01
1622.10 1.227280e+01
1622.50 1.231610e+01
1622.90 1.221940e+01
1623.30 1.218040e+01
1623.70 1.227230e+01
1624.10 1.232880e+01
1624.50 1.235530e+01
1624.90 1.216020e+01
1625.30 1.228240e+01
1625.70 1.223700e+01
1626.10 1.225840e+01
1626.50 1.223710e+01
1626.90 1.227160e+01
1627.30 1.232040e+01
1627.70 1.235190e+01
1628.10 1.237040e+01
1628.50 1.234540e+01
1628.90 1.233210e+01
1629.30 1.232100e+01
1629.70 1.228430e+01
1630.10 1.225830e+01
1630.50 1.226880e+01
1630.90 1.228480e+01
1631.30 1.226870e+01
1631.70 1.239470e+01
1632.10 1.231070e+01
1632.50 1.236580e+01
1632.90 1.229770e+01
1633.30 1.222050e+01
1633.70 1.228820e+01
1634.10 1.235000e+01
1634.50 1.228530e+01
1634.90 1.234720e+01
1635.30 1.225270e+01
1635.70 1.225980e+01
1636.10 1.233640e+01
1636.50 1.228980e+01
1636.90 1.236360e+01
1637.30 1.227210e+01
1637.70 1.228640e+01
1638.10 1.241880e+01
1638.50 1.227840e+01
1638.90 1.238410e+01
1639.30 1.226480e+01
1639.70 1.231490e+01
1640.10 1.235900e+01
1640.50 1.241080e+01
1640.90 1.227910e+01
1641.30 1.226770e+01
1641.70 1.215010e+01
1642.10 1.207870e+01
1642.50 1.204600e+01
1642.90 1.215260e+01
1643.30 1.202580e+01
1643.70 1.195790e+01
1644.10 1.203240e+01
1644.50 1.190140e+01
1644.90 1.194120e+01
1645.30 1.195690e+01
1645.70 1.192470e+01
1646.10 1.189160e+01
1646.50 1.202900e+01
1646.90 1.192590e+01
1647.30 1.123870e+01
1647.70 1.188650e+01
1648.10 1.187380e+01
1648.50 1.193090e+01
1648.90 1.193390e+01
1649.30 1.187210e+01
1649.70 1.175970e+01
1650.10 1.189270e+01
1650.50 1.182780e+01
1650.90 1.177570e+01
1651.30 1.187140e+01
1651.70 1.187510e+01
1652.10 1.179530e+01
1652.50 1.193190e+01
1652.90 1.186330e+01
1653.30 1.183490e+01
1653.70 1.182740e+01
1654.10 1.177950e+01
1654.50 1.181640e+01
1654.90 1.180710e+01
1655.30 1.190170e+01
1655.70 1.189170e+01
1656.10 1.186690e+01
1656.50 1.183400e+01
1656.90 1.187540e+01
1657.30 1.143800e+01
1657.70 1.177670e+01
1658.10 1.190590e+01
1658.50 1.193960e+01
1658.90 1.185640e+01
1659.30 1.195840e+01
1659.70 1.189660e+01
1660.10 1.197400e+01
1660.50 1.182990e+01
1660.90 1.176270e+01
1661.30 1.182220e+01
1661.70 1.177060e+01
1662.10 1.185290e+01
1662.50 1.192740e+01
1662.90 1.185640e+01
1663.30 1.176410e+01
1663.70 1.186280e+01
1664.10 1.176070e+01
1664.50 1.174050e+01
1664.90 1.170740e+01
1665.30 1.168470e+01
1665.70 1.188690e+01
1666.10 1.175060e+01
1666.50 1.174740e+01
1666.90 1.170120e+01
1667.30 1.165990e+01
1667.70 1.167620e+01
1668.10 1.159910e+01
1668.50 1.155080e+01
1668.90 1.166080e+01
1669.30 1.151200e+01
1669.70 1.161190e+01
1670.10 1.142900e+01
1670.50 1.149940e+01
1670.90 1.148150e+01
1671.30 1.135050e+01
1671.70 1.139090e+01
1672.10 1.142120e+01
1672.50 1.126470e+01
1672.90 1.131640e+01
1673.30 1.129770e+01
1673.70 1.120040e+01
1674.10 1.124170e+01
1674.50 1.114850e+01
1674.90 1.115440e+01
1675.30 1.114430e+01
1675.70 1.118000e+01
1676.10 1.096600e+01
1676.50 1.109770e+01
1676.90 1.115830e+01
1677.30 1.101740e+01
1677.70 1.110680e+01
1678.10 1.094950e+01
1678.50 1.099230e+01
1678.90 1.092760e+01
1679.30 1.091400e+01
1679.70 1.085650e+01
1680.10 1.084140e+01
1680.50 1.093890e+01
1680.90 1.082930e+01
1681.30 1.069410e+01
1681.70 1.084630e+01
1682.10 1.079560e+01
1682.50 1.078850e+01
1682.90 1.072770e+01
1683.30 1.065930e+01
1683.70 1.069360e+01
1684.10 1.067140e+01
1684.50 1.065720e+01
1684.90 1.062080e+01
1685.30 1.058400e+01
1685.70 1.072840e+01
1686.10 1.059430e+01
1686.50 1.066860e+01
1686.90 1.055990e+01
1687.30 1.055310e+01
1687.70 1.060340e+01
1688.10 1.060920e+01
1688.50 1.058170e+01
1688.90 1.054100e+01
1689.30 1.056690e+01
1689.70 1.056030e+01
1690.10 1.073680e+01
1690.50 1.052800e+01
1690.90 1.044710e+01
1691.30 1.047110e+01
1691.70 1.041850e+01
1692.10 1.047360e+01
1692.50 1.046710e+01
1692.90 1.048860e+01
1693.30 1.042040e+01
1693.70 1.049950e+01
1694.10 1.050340e+01
1694.50 1.044670e+01
1694.90 1.050790e+01
1695.30 1.046220e+01
1695.70 1.042500e+01
1696.10 1.046930e+01
1696.50 1.039600e+01
1696.90 1.044070e+01
1697.30 1.047910e+01
1697.70 1.041390e+01
1698.10 1.039530e+01
1698.50 1.042670e+01
1698.90 1.038520e+01
1699.30 1.046170e+01
1699.70 1.039320e+01
1700.10 1.044210e+01
1700.50 1.044740e+01
1700.90 1.038060e+01
1701.30 1.037320e+01
1701.70 1.050690e+01
1702.10 1.045250e+01
1702.50 1.044640e+01
1702.90 1.027080e+01
1703.30 9.430900e+00
1703.70 1.030680e+01
1704.10 1.022390e+01
1704.50 1.008110e+01
1704.90 1.029260e+01
1705.30 1.051000e+01
1705.70 1.047500e+01
1706.10 1.046870e+01
1706.50 1.033800e+01
1706.90 1.051470e+01
1707.30 1.032950e+01
1707.70 1.039720e+01
1708.10 1.036550e+01
1708.50 1.006440e+01
1708.90 1.043120e+01
1709.30 1.016620e+01
1709.70 1.036850e+01
1710.10 1.050390e+01
1710.50 1.042160e+01
1710.90 1.037830e+01
1711.30 1.034300e+01
1711.70 1.046100e+01
1712.10 1.040210e+01
1712.50 1.055630e+01
1712.90 1.051640e+01
1713.30 1.042570e+01
1713.70 1.050260e+01
1714.10 1.040600e+01
1714.50 1.043820e+01
1714.90 1.043230e+01
1715.30 1.050390e+01
1715.70 1.041200e+01
1716.10 1.047560e+01
1716.50 1.046610e+01
1716.90 1.045580e+01
1717.30 1.054280e+01
1717.70 1.044100e+01
1718.10 1.034100e+01
1718.50 1.003510e+01
1718.90 1.051140e+01
1719.30 1.049250e+01
1719.70 1.053290e+01
1720.10 1.036670e+01
1720.50 1.038510e+01
1720.90 1.052310e+01
1721.30 1.053600e+01
1721.70 1.055220e+01
1722.10 1.049020e+01
1722.50 1.054360e+01
1722.90 1.057550e+01
1723.30 1.058260e+01
1723.70 1.054750e+01
1724.10 1.056020e+01
1724.50 1.051900e+01
1724.90 1.053000e+01
1725.30 1.057510e+01
1725.70 1.053100e+01
1726.10 1.060640e+01
1726.50 1.051240e+01
1726.90 1.055780e+01
1727.30 1.062900e+01
1727.70 1.058090e+01
1728.10 1.055330e+01
1728.50 1.064730e+01
1728.90 1.052690e+01
1729.30 1.054150e+01
1729.70 1.066350e+01
1730.10 1.051480e+01
1730.50 1.051990e+01
1730.90 1.056680e+01
1731.30 1.057640e+01
1731.70 1.058650e+01
1732.10 1.050390e+01
1732.50 1.044090e+01
1732.90 1.061020e+01
1733.30 1.055860e+01
1733.70 1.046230e+01
1734.10 1.056990e+01
1734.50 1.044590e+01
1734.90 1.042900e+01
1735.30 1.057790e+01
1735.70 1.049100e+01
1736.10 1.053170e+01
1736.50 1.049560e+01
1736.90 1.055750e+01
1737.30 1.061070e+01
1737.70 1.055550e+01
1738.10 1.056290e+01
1738.50 1.056830e+01
1738.90 1.059340e+01
1739.30 1.057290e+01
1739.70 1.068130e+01
1740.10 1.063220e+01
1740.50 1.051370e+01
1740.90 1.061230e+01
1741.30 1.060140e+01
1741.70 1.062720e+01
1742.10 1.059970e+01
1742.50 1.061640e+01
1742.90 1.057390e+01
1743.30 1.062860e+01
1743.70 1.066140e+01
1744.10 1.056180e+01
1744.50 1.066160e+01
1744.90 1.071660e+01
1745.30 1.062110e+01
1745.70 1.059540e+01
1746.10 1.065690e+01
1746.50 1.066180e+01
1746.90 1.066780e+01
1747.30 1.060270e+01
1747.70 1.059140e+01
1748.10 1.065090e+01
1748.50 1.057960e+01
1748.90 1.059030e+01
1749.30 1.066420e+01
1749.70 1.063480e+01
1750.10 1.059330e+01
1750.50 1.065000e+01
1750.90 1.056350e+01
1751.30 1.058950e+01
1751.70 1.057840e+01
1752.10 1.050810e+01
1752.50 1.056070e+01
1752.90 1.052430e+01
1753.30 1.050550e+01
1753.70 1.046990e+01
1754.10 1.045370e+01
1754.50 1.042580e+01
1754.90 1.041370e+01
1755.30 1.046500e+01
1755.70 1.040590e+01
1756.10 1.036560e+01
1756.50 1.047470e+01
1756.90 1.041340e+01
1757.30 1.030900e+01
1757.70 1.037730e+01
1758.10 1.028430e+01
1758.50 1.038670e+01
1758.90 1.042300e+01
1759.30 1.035190e+01
1759.70 1.035150e+01
1760.10 1.039760e+01
1760.50 1.029090e+01
1760.90 1.029340e+01
1761.30 1.033510e+01
1761.70 1.022950e+01
1762.10 1.033020e+01
1762.50 1.033420e+01
1762.90 1.034180e+01
1763.30 1.031050e+01
1763.70 1.028030e+01
1764.10 1.033010e+01
1764.50 1.027870e+01
1764.90 1.035190e+01
1765.30 1.023780e+01
1765.70 1.027000e+01
1766.10 1.028410e+01
1766.50 1.034770e+01
1766.90 1.026670e+01
1767.30 1.025470e+01
1767.70 1.025430e+01
1768.10 1.024480e+01
1768.50 1.019470e+01
1768.90 1.031780e+01
1769.30 1.019710e+01
1769.70 1.015280e+01
1770.10 1.019830e+01
1770.50 1.022630e+01
1770.90 1.026920e+01
1771.30 1.021720e+01
1771.70 1.029190e+01
1772.10 1.015660e+01
1772.50 1.019410e+01
1772.90 1.030300e+01
1773.30 1.019690e+01
1773.70 1.032080e+01
1774.10 1.026040e+01
1774.50 1.015140e+01
1774.90 1.014730e+01
1775.30 1.027060e+01
1775.70 1.031090e+01
1776.10 1.026010e+01
1776.50 1.032200e+01
1776.90 1.035820e+01
1777.30 1.028800e+01
1777.70 1.027630e+01
1778.10 1.023420e+01
1778.50 1.017150e+01
1778.90 1.019730e+01
1779.30 1.026700e+01
1779.70 1.025440e+01
1780.10 1.024310e+01
1780.50 1.028380e+01
1780.90 1.032310e+01
1781.30 1.033140e+01
1781.70 1.029120e+01
1782.10 1.031320e+01
1782.50 1.025440e+01
1782.90 1.030840e+01
1783.30 1.025160e+01
1783.70 1.030110e+01
1784.10 1.027760e+01
1784.50 1.032100e+01
1784.90 1.029830e+01
1785.30 1.029210e+01
1785.70 1.026960e+01
1786.10 1.033830e+01
1786.50 1.020410e+01
1786.90 1.017480e+01
1787.30 1.017030e+01
1787.70 1.018610e+01
1788.10 1.017240e+01
1788.50 1.008640e+01
1788.90 1.022030e+01
1789.30 1.015410e+01
1789.70 1.005940e+01
1790.10 1.009760e+01
1790.50 1.014080e+01
1790.90 1.015740e+01
1791.30 1.019060e+01
1791.70 1.011700e+01
1792.10 1.010990e+01
1792.50 9.995100e+00
1792.90 1.002950e+01
1793.30 1.012180e+01
1793.70 1.008330e+01
1794.10 1.007520e+01
1794.50 1.003850e+01
1794.90 1.006990e+01
1795.30 1.010990e+01
1795.70 1.006560e+01
1796.10 1.011360e+01
1796.50 1.009350e+01
1796.90 9.988100e+00
1797.30 1.008330e+01
1797.70 1.000090e+01
1798.10 9.924200e+00
1798.50 9.932700e+00
1798.90 9.955500e+00
1799.30 1.000130e+01
1799.70 9.986200e+00
1800.10 9.923200e+00
1800.50 1.009760e+01
1800.90 1.004700e+01
1801.30 1.001090e+01
1801.70 9.964100e+00
1802.10 9.998500e+00
1802.50 9.798900e+00
1802.90 1.001180e+01
1803.30 9.985900e+00
1803.70 9.518900e+00
1804.10 9.932100e+00
1804.50 1.002400e+01
1804.90 9.995400e+00
1805.30 9.968500e+00
1805.70 9.993800e+00
1806.10 9.945000e+00
1806.50 9.989100e+00
1806.90 9.929900e+00
1807.30 9.589200e+00
1807.70 9.903800e+00
1808.10 9.755900e+00
1808.50 9.637800e+00
1808.90 9.916000e+00
1809.30 9.957200e+00
1809.70 1.000100e+01
1810.10 9.913700e+00
1810.50 9.970700e+00
1810.90 1.000800e+01
1811.30 9.944500e+00
1811.70 9.915600e+00
1812.10 1.004700e+01
1812.50 1.005570e+01
1812.90 9.928700e+00
1813.30 9.958900e+00
1813.70 9.883100e+00
1814.10 1.004010e+01
1814.50 9.976200e+00
1814.90 9.928000e+00
1815.30 1.007410e+01
1815.70 1.001570e+01
1816.10 1.000780e+01
1816.50 9.969800e+00
1816.90 1.008980e+01
1817.30 1.010630e+01
1817.70 1.000610e+01
1818.10 1.007220e+01
1818.50 1.001900e+01
1818.90 1.001190e+01
1819.30 9.979900e+00
1819.70 9.999100e+00
1820.10 9.987200e+00
1820.50 9.964400e+00
1820.90 9.964100e+00
1821.30 1.000350e+01
1821.70 9.981400e+00
1822.10 1.001300e+01
1822.50 1.008760e+01
1822.90 9.953600e+00
1823.30 1.018140e+01
1823.70 1.007690e+01
1824.10 1.002010e+01
1824.50 1.000830e+01
1824.90 9.977600e+00
1825.30 1.002630e+01
1825.70 1.008130e+01
1826.10 1.004960e+01
1826.50 1.003460e+01
1826.90 1.010040e+01
1827.30 1.004420e+01
1827.70 1.008890e+01
1828.10 1.007470e+01
1828.50 1.002330e+01
1828.90 1.006990e+01
1829.30 1.002320e+01
1829.70 1.014310e+01
1830.10 1.011750e+01
1830.50 1.011250e+01
1830.90 1.008460e+01
1831.30 9.995100e+00
1831.70 1.006010e+01
1832.10 1.012480e+01
1832.50 1.017720e+01
1832.90 1.010960e+01
1833.30 1.014530e+01
1833.70 1.014460e+01
1834.10 1.023490e+01
1834.50 1.024890e+01
1834.90 1.021300e+01
1835.30 1.021480e+01
1835.70 1.024710e+01
1836.10 1.025160e+01
1836.50 1.015120e+01
1836.90 1.030710e+01
1837.30 1.029820e+01
1837.70 1.029270e+01
1838.10 1.028880e+01
1838.50 1.042510e+01
1838.90 1.030730e+01
1839.30 1.035880e+01
1839.70 1.044480e+01
1840.10 1.037060e+01
1840.50 1.039050e+01
1840.90 1.039810e+01
1841.30 1.044710e+01
1841.70 1.042250e+01
1842.10 1.046160e+01
1842.50 1.044850e+01
1842.90 1.046740e+01
1843.30 1.050130e+01
1843.70 1.049180e+01
1844.10 1.041460e+01
1844.50 1.048810e+01
1844.90 1.055240e+01
1845.30 1.060280e+01
1845.70 1.058260e+01
1846.10 1.059070e+01
1846.50 1.068000e+01
1846.90 1.070430e+01
1847.30 1.069120e+01
1847.70 1.067200e+01
1848.10 1.079640e+01
1848.50 1.074300e+01
1848.90 1.079550e+01
1849.30 1.077700e+01
1849.70 1.078160e+01
1850.10 1.081460e+01
1850.50 1.081620e+01
1850.90 1.090450e+01
1851.30 1.088970e+01
1851.70 1.071210e+01
1852.10 1.028810e+01
1852.50 1.079040e+01
1852.90 1.085620e+01
1853.30 1.091320e+01
1853.70 1.097950e+01
1854.10 1.095270e+01
1854.50 1.091000e+01
1854.90 1.087620e+01
1855.30 1.099820e+01
1855.70 1.094320e+01
1856.10 1.084920e+01
1856.50 1.102170e+01
1856.90 1.108730e+01
1857.30 1.105680e+01
1857.70 1.103310e+01
1858.10 1.105560e+01
1858.50 1.102320e+01
1858.90 1.104770e+01
1859.30 1.099550e+01
1859.70 1.113690e+01
1860.10 1.095500e+01
1860.50 1.108560e+01
1860.90 1.097440e+01
1861.30 1.095310e+01
1861.70 1.096350e+01
1862.10 1.098280e+01
1862.50 1.102030e+01
1862.90 1.105430e+01
1863.30 1.101900e+01
1863.70 1.102400e+01
1864.10 1.106250e+01
1864.50 1.104850e+01
1864.90 1.084170e+01
1865.30 1.090290e+01
1865.70 1.099440e+01
1866.10 1.097210e+01
1866.50 1.087900e+01
1866.90 1.078230e+01
1867.30 1.068120e+01
1867.70 1.028860e+01
1868.10 1.061870e+01
1868.50 1.036180e+01
1868.90 1.071560e+01
1869.30 1.081270e+01
1869.70 1.077720e+01
1870.10 1.091860e+01
1870.50 1.081010e+01
1870.90 1.080900e+01
1871.30 1.089880e+01
1871.70 1.094480e+01
1872.10 1.079210e+01
1872.50 1.082370e+01
1872.90 1.083500e+01
1873.30 1.080390e+01
1873.70 1.078720e+01
1874.10 1.084740e+01
1874.50 1.088540e+01
1874.90 1.088860e+01
1875.30 1.094110e+01
1875.70 1.085420e+01
1876.10 1.082520e+01
1876.50 1.086330e+01
1876.90 1.076120e+01
1877.30 1.081330e+01
1877.70 1.087040e+01
1878.10 1.084380e+01
1878.50 1.095720e+01
1878.90 1.092220e+01
1879.30 1.099270e+01
1879.70 1.103810e+01
1880.10 1.092220e+01
1880.50 1.104360e+01
1880.90 1.102030e+01
1881.30 1.109490e+01
1881.70 1.104050e+01
1882.10 1.096730e+01
1882.50 1.102330e+01
1882.90 1.109250e+01
1883.30 1.108370e+01
1883.70 1.109320e+01
1884.10 1.118250e+01
1884.50 1.113150e+01
1884.90 1.124580e+01
1885.30 1.119460e+01
1885.70 1.124740e+01
1886.10 1.131440e+01
1886.50 1.135460e+01
1886.90 1.137770e+01
1887.30 1.143310e+01
1887.70 1.125220e+01
1888.10 1.146010e+01
1888.50 1.146940e+01
1888.90 1.153430e+01
1889.30 1.153310e+01
1889.70 1.154140e+01
1890.10 1.159230e+01
1890.50 1.162980e+01
1890.90 1.157970e+01
1891.30 1.156750e+01
1891.70 1.157320e+01
1892.10 1.170850e+01
1892.50 1.174390e+01
1892.90 1.172790e+01
1893.30 1.172610e+01
1893.70 1.179530e+01
1894.10 1.179030e+01
1894.50 1.175890e+01
1894.90 1.180610e+01
1895.30 1.198210e+01
1895.70 1.197430e+01
1896.10 1.196620e+01
1896.50 1.191420e+01
1896.90 1.188900e+01
1897.30 1.202320e+01
1897.70 1.203450e+01
1898.10 1.202370e+01
1898.50 1.193060e+01
1898.90 1.204010e+01
1899.30 1.200540e+01
1899.70 1.203390e+01
1900.10 1.211180e+01
1900.50 1.204930e+01
1900.90 1.213490e+01
1901.30 1.220490e+01
1901.70 1.220700e+01
1902.10 1.222030e+01
1902.50 1.228110e+01
1902.90 1.229610e+01
1903.30 1.229860e+01
1903.70 1.237300e+01
1904.10 1.236370e+01
1904.50 1.244510e+01
1904.90 1.244190e+01
1905.30 1.244980e+01
1905.70 1.243930e+01
1906.10 1.247130e+01
1906.50 1.251740e+01
1906.90 1.251670e+01
1907.30 1.261890e+01
1907.70 1.249060e+01
1908.10 1.251450e+01
1908.50 1.243190e+01
1908.90 1.246730e+01
1909.30 1.244880e+01
1909.70 1.240280e+01
1910.10 1.235620e+01
1910.50 1.233610e+01
1910.90 1.224690e+01
1911.30 1.220590e+01
1911.70 1.201220e+01
1912.10 1.209540e+01
1912.50 1.199980e+01
1912.90 1.190180e+01
1913.30 1.187610e+01
1913.70 1.177780e+01
1914.10 1.183840e+01
1914.50 1.177050e+01
1914.90 1.165580e+01
1915.30 1.157440e+01
1915.70 1.158640e+01
1916.10 1.143300e+01
1916.50 1.143190e+01
1916.90 1.144840e+01
1917.30 1.130820e+01
1917.70 1.117800e+01
1918.10 1.117830e+01
1918.50 1.094670e+01
1918.90 1.104170e+01
1919.30 1.105650e+01
1919.70 1.109140e+01
1920.10 1.100400e+01
1920.50 1.092950e+01
1920.90 1.091110e+01
1921.30 1.080500e+01
1921.70 1.085840e+01
1922.10 1.077310e+01
1922.50 1.078390e+01
1922.90 1.070490e+01
1923.30 1.063740e+01
1923.70 1.067750e+01
1924.10 1.060390e+01
1924.50 1.057260e+01
1924.90 1.053700e+01
1925.30 1.057950e+01
1925.70 1.049080e+01
1926.10 1.056160e+01
1926.50 1.038510e+01
1926.90 1.040960e+01
1927.30 1.041330e+01
1927.70 1.041940e+01
1928.10 1.040300e+01
1928.50 1.038430e+01
1928.90 1.026720e+01
1929.30 1.027580e+01
1929.70 1.021960e+01
1930.10 1.022240e+01
1930.50 1.019580e+01
1930.90 1.019410e+01
1931.30 1.008470e+01
1931.70 1.007160e+01
1932.10 1.005080e+01
1932.50 1.010890e+01
1932.90 1.002260e+01
1933.30 9.964100e+00
1933.70 9.936200e+00
1934.10 9.977100e+00
1934.50 9.949600e+00
1934.90 1.000490e+01
1935.30 9.908200e+00
1935.70 9.867600e+00
1936.10 9.849300e+00
1936.50 9.840400e+00
1936.90 9.813500e+00
1937.30 9.778800e+00
1937.70 9.900500e+00
1938.10 9.736900e+00
1938.50 9.723400e+00
1938.90 9.729400e+00
1939.30 9.747300e+00
1939.70 9.699700e+00
1940.10 9.679200e+00
1940.50 9.658300e+00
1940.90 9.690000e+00
1941.30 9.642200e+00
1941.70 9.619200e+00
1942.10 9.646100e+00
1942.50 9.624100e+00
1942.90 9.551300e+00
1943.30 9.578800e+00
1943.70 9.592700e+00
1944.10 9.560500e+00
1944.50 9.557600e+00
1944.90 9.513000e+00
1945.30 9.532900e+00
1945.70 9.473100e+00
1946.10 9.519200e+00
1946.50 9.461100e+00
1946.90 9.451900e+00
1947.30 9.488800e+00
1947.70 9.503600e+00
1948.10 9.434200e+00
1948.50 9.434800e+00
1948.90 9.417600e+00
1949.30 9.302700e+00
1949.70 9.301200e+00
1950.10 9.412300e+00
1950.50 9.321100e+00
1950.90 9.356800e+00
1951.30 9.318900e+00
1951.70 9.279900e+00
1952.10 9.277100e+00
1952.50 9.281700e+00
1952.90 9.343000e+00
1953.30 9.294400e+00
1953.70 9.286100e+00
1954.10 9.307500e+00
1954.50 9.348400e+00
1954.90 9.247600e+00
1955.30 9.301900e+00
1955.70 9.164700e+00
1956.10 9.234400e+00
1956.50 9.245900e+00
1956.90 9.217900e+00
1957.30 9.183400e+00
1957.70 9.171700e+00
1958.10 9.319400e+00
1958.50 9.230000e+00
1958.90 9.105100e+00
1959.30 9.159300e+00
1959.70 9.120500e+00
1960.10 9.102900e+00
1960.50 9.114000e+00
1960.90 9.091700e+00
1961.30 9.132900e+00
1961.70 9.036000e+00
1962.10 9.082200e+00
1962.50 9.073400e+00
1962.90 9.015500e+00
1963.30 9.052400e+00
1963.70 9.110100e+00
1964.10 8.989500e+00
1964.50 9.025100e+00
1964.90 9.083200e+00
1965.30 9.206500e+00
1965.70 9.044900e+00
1966.10 9.122600e+00
1966.50 9.084200e+00
1966.90 9.055900e+00
1967.30 9.059500e+00
1967.70 9.040300e+00
1968.10 9.063900e+00
1968.50 8.994200e+00
1968.90 8.966200e+00
1969.30 9.059200e+00
1969.70 8.991400e+00
1970.10 8.956700e+00
1970.50 8.936600e+00
1970.90 8.938000e+00
1971.30 8.954000e+00
1971.70 8.920800e+00
1972.10 8.905200e+00
1972.50 8.868700e+00
1972.90 8.865700e+00
1973.30 8.916900e+00
1973.70 8.944400e+00
1974.10 8.894700e+00
1974.50 8.856600e+00
1974.90 8.798000e+00
1975.30 8.900900e+00
1975.70 8.816000e+00
1976.10 8.862600e+00
1976.50 8.833800e+00
1976.90 8.757200e+00
1977.30 8.802700e+00
1977.70 8.837400e+00
1978.10 8.827800e+00
1978.50 8.856800e+00
1978.90 8.846000e+00
1979.30 8.784300e+00
1979.70 8.746700e+00
1980.10 8.779600e+00
1980.50 8.727800e+00
1980.90 8.861200e+00
1981.30 8.811500e+00
1981.70 8.838300e+00
1982.10 8.753900e+00
1982.50 8.746300e+00
1982.90 8.717300e+00
1983.30 8.676000e+00
1983.70 8.688600e+00
1984.10 8.703600e+00
1984.50 8.763400e+00
1984.90 8.707000e+00
1985.30 8.665900e+00
1985.70 8.640000e+00
1986.10 8.661400e+00
1986.50 8.673900e+00
1986.90 8.658400e+00
1987.30 8.651900e+00
1987.70 8.626900e+00
1988.10 8.655500e+00
1988.50 8.653100e+00
1988.90 8.708200e+00
1989.30 8.658600e+00
1989.70 8.632400e+00
1990.10 8.623500e+00
1990.50 8.594100e+00
1990.90 8.574600e+00
1991.30 8.626900e+00
1991.70 8.644300e+00
1992.10 8.602200e+00
1992.50 8.560700e+00
1992.90 8.553400e+00
1993.30 8.602500e+00
1993.70 8.541400e+00
1994.10 8.651000e+00
1994.50 8.564400e+00
1994.90 8.533200e+00
1995.30 8.609400e+00
1995.70 8.618200e+00
1996.10 8.609900e+00
1996.50 8.616300e+00
1996.90 8.549900e+00
1997.30 8.581100e+00
1997.70 8.577400e+00
1998.10 8.483200e+00
1998.50 8.496200e+00
1998.90 8.551800e+00
1999.30 8.562900e+00
1999.70 8.527900e+00
2000.10 8.545200e+00
2000.50 8.504300e+00
2000.90 8.560700e+00
2001.30 8.525800e+00
2001.70 8.539500e+00
2002.10 8.464400e+00
2002.50 8.441200e+00
2002.90 8.491500e+00
2003.30 8.443000e+00
2003.70 8.409600e+00
2004.10 8.430100e+00
2004.50 8.287900e+00
2004.90 8.453800e+00
2005.30 8.384200e+00
2005.70 8.417300e+00
2006.10 8.455600e+00
2006.50 8.410000e+00
2006.90 8.331100e+00
2007.30 8.422000e+00
2007.70 8.334300e+00
2008.10 8.282600e+00
2008.50 8.322300e+00
2008.90 8.378500e+00
2009.30 8.343100e+00
2009.70 8.291000e+00
2010.10 8.341300e+00
2010.50 8.329800e+00
2010.90 8.332200e+00
2011.30 8.304100e+00
2011.70 8.310100e+00
2012.10 8.200900e+00
2012.50 8.246200e+00
2012.90 8.278100e+00
2013.30 8.297100e+00
2013.70 8.251300e+00
2014.10 8.256200e+00
2014.50 8.233400e+00
2014.90 8.259200e+00
2015.30 8.270000e+00
2015.70 8.249600e+00
2016.10 8.224800e+00
2016.50 8.182900e+00
2016.90 8.295300e+00
2017.30 8.212800e+00
2017.70 8.252900e+00
2018.10 8.159800e+00
2018.50 8.180400e+00
2018.90 8.171800e+00
2019.30 8.169300e+00
2019.70 8.179600e+00
2020.10 8.114400e+00
2020.50 8.211900e+00
2020.90 8.141100e+00
2021.30 8.108900e+00
2021.70 8.119600e+00
2022.10 8.158900e+00
2022.50 8.081100e+00
2022.90 8.104100e+00
2023.30 8.112200e+00
2023.70 8.191500e+00
2024.10 8.130500e+00
2024.50 8.139000e+00
2024.90 8.153200e+00
2025.30 8.186900e+00
2025.70 8.097900e+00
2026.10 8.134300e+00
2026.50 8.167500e+00
2026.90 8.137000e+00
2027.30 8.129800e+00
2027.70 8.132400e+00
2028.10 8.125900e+00
2028.50 8.173900e+00
2028.90 8.184400e+00
2029.30 8.169100e+00
2029.70 8.079900e+00
2030.10 8.126300e+00
2030.50 8.142700e+00
2030.90 8.133500e+00
2031.30 8.157800e+00
2031.70 8.187500e+00
2032.10 8.128300e+00
2032.50 8.225500e+00
2032.90 8.117300e+00
2033.30 7.921200e+00
2033.70 8.109500e+00
2034.10 8.146500e+00
2034.50 8.178500e+00
2034.90 8.144500e+00
2035.30 8.086400e+00
2035.70 8.190400e+00
2036.10 8.146600e+00
2036.50 8.121700e+00
2036.90 8.155900e+00
2037.30 8.143800e+00
2037.70 8.136200e+00
2038.10 8.123400e+00
2038.50 7.973400e+00
2038.90 8.186300e+00
2039.30 8.228900e+00
2039.70 8.214700e+00
2040.10 8.150200e+00
2040.50 8.227100e+00
2040.90 8.135400e+00
2041.30 8.206600e+00
2041.70 8.200400e+00
2042.10 8.169200e+00
2042.50 8.153900e+00
2042.90 8.252700e+00
2043.30 8.163000e+00
2043.70 8.202200e+00
2044.10 8.158300e+00
2044.50 8.292600e+00
2044.90 8.195900e+00
2045.30 8.165200e+00
2045.70 8.123600e+00
2046.10 8.068200e+00
2046.50 8.126400e+00
2046.90 8.136700e+00
2047.30 8.164000e+00
2047.70 8.159700e+00
2048.10 8.128600e+00
2048.50 8.156500e+00
2048.90 8.195200e+00
2049.30 8.236600e+00
2049.70 8.181000e+00
2050.10 8.185400e+00
2050.50 8.258600e+00
2050.90 8.140800e+00
2051.30 8.177100e+00
2051.70 8.265700e+00
2052.10 8.246500e+00
2052.50 8.213400e+00
2052.90 8.284800e+00
2053.30 8.328300e+00
2053.70 8.280000e+00
2054.10 8.313700e+00
2054.50 8.228800e+00
2054.90 8.349300e+00
2055.30 8.303200e+00
2055.70 8.335100e+00
2056.10 8.304200e+00
2056.50 8.261000e+00
2056.90 8.334900e+00
2057.30 8.210500e+00
2057.70 8.333300e+00
2058.10 8.359100e+00
2058.50 8.364700e+00
2058.90 8.399000e+00
2059.30 8.372400e+00
2059.70 8.348800e+00
2060.10 8.390500e+00
2060.50 8.359600e+00
2060.90 8.392400e+00
2061.30 8.371200e+00
2061.70 8.434400e+00
2062.10 8.378000e+00
2062.50 8.423700e+00
2062.90 8.445700e+00
2063.30 8.395000e+00
2063.70 8.441400e+00
2064.10 8.413000e+00
2064.50 8.472600e+00
2064.90 8.443100e+00
2065.30 8.427400e+00
2065.70 8.464500e+00
2066.10 8.483700e+00
2066.50 8.458100e+00
2066.90 8.483600e+00
2067.30 8.456900e+00
2067.70 8.410700e+00
2068.10 8.493600e+00
2068.50 8.497800e+00
2068.90 8.434500e+00
2069.30 8.456500e+00
2069.70 8.422800e+00
2070.10 8.459400e+00
2070.50 8.503300e+00
2070.90 8.497900e+00
2071.30 8.476000e+00
2071.70 8.494900e+00
2072.10 8.358300e+00
2072.50 8.477100e+00
2072.90 8.451300e+00
2073.30 8.428800e+00
2073.70 8.455200e+00
2074.10 8.443500e+00
2074.50 8.427300e+00
2074.90 8.409900e+00
2075.30 8.423300e+00
2075.70 8.427200e+00
2076.10 8.452000e+00
2076.50 8.350400e+00
2076.90 8.402500e+00
2077.30 8.427500e+00
2077.70 8.420900e+00
2078.10 8.377800e+00
2078.50 8.393900e+00
2078.90 8.414800e+00
2079.30 8.371600e+00
2079.70 8.416500e+00
2080.10 8.416600e+00
2080.50 8.418800e+00
2080.90 8.366500e+00
2081.30 8.362000e+00
2081.70 8.383800e+00
2082.10 8.382500e+00
2082.50 8.359300e+00
2082.90 8.318800e+00
2083.30 8.402700e+00
2083.70 8.374600e+00
2084.10 8.353000e+00
2084.50 8.309200e+00
2084.90 8.365800e+00
2085.30 8.359800e+00
2085.70 8.316300e+00
2086.10 8.305600e+00
2086.50 8.430800e+00
2086.90 8.518100e+00
2087.30 8.459800e+00
2087.70 8.462500e+00
2088.10 8.465200e+00
2088.50 8.418400e+00
2088.90 8.366100e+00
2089.30 8.362600e+00
2089.70 8.366600e+00
2090.10 8.364900e+00
2090.50 8.382000e+00
2090.90 8.313600e+00
2091.30 8.330800e+00
2091.70 8.257600e+00
2092.10 8.362000e+00
2092.50 8.289000e+00
2092.90 8.290200e+00
2093.30 8.200000e+00
2093.70 8.213800e+00
2094.10 8.237700e+00
2094.50 8.278900e+00
2094.90 8.224800e+00
2095.30 8.202500e+00
2095.70 8.188500e+00
2096.10 8.266800e+00
2096.50 8.297500e+00
2096.90 8.186000e+00
2097.30 8.169500e+00
2097.70 8.132700e+00
2098.10 8.132300e+00
2098.50 8.201100e+00
2098.90 8.160800e+00
2099.30 8.172900e+00
2099.70 8.103300e+00
2100.10 8.142600e+00
2100.50 8.103500e+00
2100.90 8.068400e+00
2101.30 8.144700e+00
2101.70 8.066300e+00
2102.10 8.049000e+00
2102.50 7.981400e+00
2102.90 7.996700e+00
2103.30 8.031500e+00
2103.70 8.131700e+00
2104.10 8.039400e+00
2104.50 7.967800e+00
2104.90 8.044800e+00
2105.30 8.030200e+00
2105.70 8.001100e+00
2106.10 8.047700e+00
2106.50 7.960400e+00
2106.90 7.895600e+00
2107.30 7.981000e+00
2107.70 7.966000e+00
2108.10 7.994100e+00
2108.50 7.944600e+00
2108.90 7.943500e+00
2109.30 7.902500e+00
2109.70 7.908900e+00
2110.10 7.914200e+00
2110.50 7.944700e+00
2110.90 7.874800e+00
2111.30 7.868500e+00
2111.70 7.811200e+00
2112.10 7.856500e+00
2112.50 7.763100e+00
2112.90 7.865700e+00
2113.30 7.831100e+00
2113.70 7.805200e+00
2114.10 7.909700e+00
2114.50 7.797200e+00
2114.90 7.760500e+00
2115.30 7.732900e+00
2115.70 7.760500e+00
2116.10 7.777000e+00
2116.50 7.781000e+00
2116.90 7.816300e+00
2117.30 7.812900e+00
2117.70 7.718500e+00
2118.10 7.618900e+00
2118.50 7.526200e+00
2118.90 7.663000e+00
2119.30 7.635600e+00
2119.70 7.703800e+00
2120.10 7.651900e+00
2120.50 7.571000e+00
2120.90 7.633800e+00
2121.30 7.591800e+00
2121.70 7.586200e+00
2122.10 7.585100e+00
2122.50 7.631900e+00
2122.90 7.583600e+00
2123.30 7.585500e+00
2123.70 7.536200e+00
2124.10 7.534200e+00
2124.50 7.550700e+00
2124.90 7.601100e+00
2125.30 7.569600e+00
2125.70 7.544900e+00
2126.10 7.575300e+00
2126.50 7.571300e+00
2126.90 7.555500e+00
2127.30 7.496300e+00
2127.70 7.548900e+00
2128.10 7.491100e+00
2128.50 7.450400e+00
2128.90 7.487400e+00
2129.30 7.438500e+00
2129.70 7.439700e+00
2130.10 7.546300e+00
2130.50 7.492600e+00
2130.90 7.464800e+00
2131.30 7.394100e+00
2131.70 7.522900e+00
2132.10 7.497500e+00
2132.50 7.403100e+00
2132.90 7.457100e+00
2133.30 7.483300e+00
2133.70 7.520400e+00
2134.10 7.436200e+00
2134.50 7.489900e+00
2134.90 7.458700e+00
2135.30 7.448800e+00
2135.70 7.376700e+00
2136.10 7.363900e+00
2136.50 7.405400e+00
2136.90 7.357800e+00
2137.30 7.413600e+00
2137.70 7.348600e+00
2138.10 7.351900e+00
2138.50 7.319000e+00
2138.90 7.210100e+00
2139.30 7.356100e+00
2139.70 7.328000e+00
2140.10 7.312800e+00
2140.50 7.345000e+00
2140.90 7.306400e+00
2141.30 7.344800e+00
2141.70 7.323300e+00
2142.10 7.345900e+00
2142.50 7.331900e+00
2142.90 7.317000e+00
2143.30 7.374700e+00
2143.70 7.327700e+00
2144.10 7.293700e+00
2144.50 7.340200e+00
2144.90 7.307200e+00
2145.30 7.280200e+00
2145.70 7.324300e+00
2146.10 7.331700e+00
2146.50 7.286700e+00
2146.90 7.286900e+00
2147.30 7.310000e+00
2147.70 7.256400e+00
2148.10 7.287300e+00
2148.50 7.252100e+00
2148.90 7.250800e+00
2149.30 7.243000e+00
2149.70 7.240800e+00
2150.10 7.218600e+00
2150.50 7.249500e+00
2150.90 7.182800e+00
2151.30 7.225900e+00
2151.70 7.252600e+00
2152.10 7.262300e+00
2152.50 7.249800e+00
2152.90 7.156100e+00
2153.30 7.239600e+00
2153.70 7.236000e+00
2154.10 7.210400e+00
2154.50 7.253300e+00
2154.90 7.169000e+00
2155.30 7.211800e+00
2155.70 7.173800e+00
2156.10 7.215900e+00
2156.50 7.189400e+00
2156.90 7.177200e+00
2157.30 7.190600e+00
2157.70 7.169000e+00
2158.10 7.178300e+00
2158.50 7.188400e+00
2158.90 7.196300e+00
2159.30 7.148800e+00
2159.70 7.190700e+00
2160.10 7.142500e+00
2160.50 7.146800e+00
2160.90 7.187800e+00
2161.30 7.228000e+00
2161.70 7.129800e+00
2162.10 7.154700e+00
2162.50 7.170000e+00
2162.90 7.147600e+00
2163.30 7.160600e+00
2163.70 7.158900e+00
2164.10 7.183200e+00
2164.50 7.163000e+00
2164.90 7.132200e+00
2165.30 7.197800e+00
2165.70 7.092500e+00
2166.10 7.168800e+00
2166.50 7.140000e+00
2166.90 7.118000e+00
2167.30 7.163000e+00
2167.70 7.158200e+00
2168.10 7.179000e+00
2168.50 7.136600e+00
2168.90 7.122700e+00
2169.30 7.126100e+00
2169.70 7.186200e+00
2170.10 7.146100e+00
2170.50 7.157800e+00
2170.90 7.182500e+00
2171.30 7.159200e+00
2171.70 7.194700e+00
2172.10 7.204300e+00
2172.50 7.135800e+00
2172.90 7.160600e+00
2173.30 7.156300e+00
2173.70 7.174500e+00
2174.10 7.171900e+00
2174.50 7.117700e+00
2174.90 7.160600e+00
2175.30 7.139300e+00
2175.70 7.139300e+00
2176.10 7.158600e+00
2176.50 7.164200e+00
2176.90 7.181400e+00
2177.30 7.116900e+00
2177.70 7.147600e+00
2178.10 7.170300e+00
2178.50 7.162200e+00
2178.90 7.148700e+00
2179.30 7.186300e+00
2179.70 7.121100e+00
2180.10 7.147700e+00
2180.50 7.181800e+00
2180.90 7.333700e+00
2181.30 7.129800e+00
2181.70 7.171400e+00
2182.10 7.102200e+00
2182.50 7.129400e+00
2182.90 7.189500e+00
2183.30 7.115700e+00
2183.70 7.110500e+00
2184.10 7.111500e+00
2184.50 7.116600e+00
2184.90 7.109700e+00
2185.30 7.127400e+00
2185.70 7.091400e+00
2186.10 7.086900e+00
2186.50 7.143000e+00
2186.90 7.091700e+00
2187.30 7.113400e+00
2187.70 7.020100e+00
2188.10 7.090600e+00
2188.50 7.067300e+00
2188.90 7.077400e+00
2189.30 7.080700e+00
2189.70 7.072700e+00
2190.10 7.004200e+00
2190.50 6.970900e+00
2190.90 6.974400e+00
2191.30 6.951000e+00
2191.70 6.940700e+00
2192.10 6.871300e+00
2192.50 6.989800e+00
2192.90 6.917500e+00
2193.30 7.004000e+00
2193.70 6.948100e+00
2194.10 6.910600e+00
2194.50 6.956800e+00
2194.90 6.991600e+00
2195.30 6.928600e+00
2195.70 6.895200e+00
2196.10 6.947500e+00
2196.50 6.921200e+00
2196.90 6.903100e+00
2197.30 6.956200e+00
2197.70 6.940600e+00
2198.10 6.925200e+00
2198.50 6.897500e+00
2198.90 6.939000e+00
2199.30 6.929800e+00
2199.70 6.904600e+00
2200.10 6.892000e+00
2200.50 6.897500e+00
2200.90 6.918100e+00
2201.30 6.943700e+00
2201.70 6.911000e+00
2202.10 6.890100e+00
2202.50 6.942200e+00
2202.90 6.962400e+00
2203.30 6.911300e+00
2203.70 6.891600e+00
2204.10 6.926600e+00
2204.50 6.941900e+00
2204.90 6.872800e+00
2205.30 6.916500e+00
2205.70 6.921000e+00
2206.10 6.858200e+00
2206.50 6.908500e+00
2206.90 6.986800e+00
2207.30 6.946100e+00
2207.70 6.908600e+00
2208.10 6.948200e+00
2208.50 6.904800e+00
2208.90 6.885800e+00
2209.30 6.852200e+00
2209.70 6.802900e+00
2210.10 6.833500e+00
2210.50 6.852200e+00
2210.90 6.876000e+00
2211.30 6.821000e+00
2211.70 6.816100e+00
2212.10 6.838900e+00
2212.50 6.797000e+00
2212.90 6.827500e+00
2213.30 6.769900e+00
2213.70 6.803200e+00
2214.10 6.818500e+00
2214.50 6.756700e+00
2214.90 6.844700e+00
2215.30 6.783500e+00
2215.70 6.792600e+00
2216.10 6.867300e+00
2216.50 6.796200e+00
2216.90 6.813300e+00
2217.30 6.855700e+00
2217.70 6.632900e+00
2218.10 6.822800e+00
2218.50 6.826300e+00
2218.90 6.816300e+00
2219.30 6.823600e+00
2219.70 6.801100e+00
2220.10 6.814200e+00
2220.50 6.813400e+00
2220.90 6.834800e+00
2221.30 6.816100e+00
2221.70 6.795100e+00
2222.10 6.793600e+00
2222.50 6.821200e+00
2222.90 6.819900e+00
2223.30 6.808100e+00
2223.70 6.817200e+00
2224.10 6.826000e+00
2224.50 6.842900e+00
2224.90 6.845900e+00
2225.30 6.962000e+00
2225.70 6.942800e+00
2226.10 6.974800e+00
2226.50 6.926600e+00
2226.90 6.963200e+00
2227.30 6.899100e+00
2227.70 6.934700e+00
2228.10 6.887700e+00
2228.50 6.844300e+00
2228.90 6.883600e+00
2229.30 6.894600e+00
2229.70 6.876900e+00
2230.10 6.861000e+00
2230.50 6.909700e+00
2230.90 6.954900e+00
2231.30 6.854900e+00
2231.70 6.845500e+00
2232.10 6.801400e+00
2232.50 6.731100e+00
2232.90 6.868800e+00
2233.30 6.866800e+00
2233.70 6.787900e+00
2234.10 6.703200e+00
2234.50 6.749600e+00
2234.90 6.831400e+00
2235.30 6.796000e+00
2235.70 6.781200e+00
2236.10 6.771600e+00
2236.50 6.821900e+00
2236.90 6.752600e+00
2237.30 6.812900e+00
2237.70 6.782300e+00
2238.10 6.829700e+00
2238.50 6.749400e+00
2238.90 6.729300e+00
2239.30 6.725900e+00
2239.70 6.751900e+00
2240.10 6.792600e+00
2240.50 6.755400e+00
2240.90 6.720600e+00
2241.30 6.732800e+00
2241.70 6.774400e+00
2242.10 6.675800e+00
2242.50 6.739100e+00
2242.90 6.788700e+00
2243.30 6.762900e+00
2243.70 6.712600e+00
2244.10 6.694600e+00
2244.50 6.737500e+00
2244.90 6.689300e+00
2245.30 6.740300e+00
2245.70 6.775200e+00
2246.10 6.762000e+00
2246.50 6.770100e+00
2246.90 6.689600e+00
2247.30 6.734100e+00
2247.70 6.739800e+00
2248.10 6.740700e+00
2248.50 6.727500e+00
2248.90 6.737200e+00
2249.30 6.716000e+00
2249.70 6.669400e+00
2250.10 6.708000e+00
2250.50 6.677200e+00
2250.90 6.725300e+00
2251.30 6.802300e+00
2251.70 6.704600e+00
2252.10 6.725100e+00
2252.50 6.636400e+00
2252.90 6.689500e+00
2253.30 6.693100e+00
2253.70 6.669300e+00
2254.10 6.718000e+00
2254.50 6.682600e+00
2254.90 6.672500e+00
2255.30 6.629800e+00
2255.70 6.704100e+00
2256.10 6.734700e+00
2256.50 6.678400e+00
2256.90 6.715300e+00
2257.30 6.688500e+00
2257.70 6.712900e+00
2258.10 6.662000e+00
2258.50 6.698300e+00
2258.90 6.702900e+00
2259.30 6.703200e+00
2259.70 6.606500e+00
2260.10 6.705000e+00
2260.50 6.652400e+00
2260.90 6.668800e+00
2261.30 6.628000e+00
2261.70 6.649300e+00
2262.10 6.655600e+00
2262.50 6.692500e+00
2262.90 6.635700e+00
2263.30 6.640700e+00
2263.70 6.639400e+00
2264.10 6.650400e+00
2264.50 6.657300e+00
2264.90 6.596500e+00
2265.30 6.605200e+00
2265.70 6.652900e+00
2266.10 6.666700e+00
2266.50 6.669000e+00
2266.90 6.627100e+00
2267.30 6.628200e+00
2267.70 6.588800e+00
2268.10 6.524900e+00
2268.50 6.514600e+00
2268.90 6.550300e+00
2269.30 6.549300e+00
2269.70 6.486600e+00
2270.10 6.540600e+00
2270.50 6.544400e+00
2270.90 6.568000e+00
2271.30 6.534800e+00
2271.70 6.490100e+00
2272.10 6.483000e+00
2272.50 6.562200e+00
2272.90 6.501400e+00
2273.30 6.512700e+00
2273.70 6.510800e+00
2274.10 6.571100e+00
2274.50 6.426100e+00
2274.90 6.597800e+00
2275.30 6.545100e+00
2275.70 6.592000e+00
2276.10 6.565700e+00
2276.50 6.612700e+00
2276.90 6.600000e+00
2277.30 6.597100e+00
2277.70 6.568300e+00
2278.10 6.579500e+00
2278.50 6.598100e+00
2278.90 6.606600e+00
2279.30 6.636900e+00
2279.70 6.597400e+00
2280.10 6.558200e+00
2280.50 6.606300e+00
2280.90 6.587400e+00
2281.30 6.603400e+00
2281.70 6.672700e+00
2282.10 6.620400e+00
2282.50 6.581100e+00
2282.90 6.600900e+00
2283.30 6.653300e+00
2283.70 6.638600e+00
2284.10 6.574800e+00
2284.50 6.598200e+00
2284.90 6.622700e+00
2285.30 6.583600e+00
2285.70 6.612700e+00
2286.10 6.627600e+00
2286.50 6.598100e+00
2286.90 6.625200e+00
2287.30 6.607700e+00
2287.70 6.589900e+00
2288.10 6.610600e+00
2288.50 6.628300e+00
2288.90 6.639200e+00
2289.30 6.640500e+00
2289.70 6.681800e+00
2290.10 6.680900e+00
2290.50 6.634400e+00
2290.90 6.681700e+00
2291.30 6.668200e+00
2291.70 6.666400e+00
2292.10 6.733000e+00
2292.50 6.680400e+00
2292.90 6.693600e+00
2293.30 6.664500e+00
2293.70 6.713100e+00
2294.10 6.700000e+00
2294.50 6.729300e+00
2294.90 6.681400e+00
2295.30 6.732300e+00
2295.70 6.764700e+00
2296.10 6.764400e+00
2296.50 6.743400e+00
2296.90 6.693100e+00
2297.30 6.697800e+00
2297.70 6.768500e+00
2298.10 6.751100e+00
2298.50 6.787600e+00
2298.90 6.782600e+00
2299.30 6.770700e+00
2299.70 6.755000e+00
2300.10 6.778900e+00
2300.50 6.789400e+00
2300.90 6.808900e+00
2301.30 6.810100e+00
2301.70 6.786500e+00
2302.10 6.796400e+00
2302.50 6.734500e+00
2302.90 6.781000e+00
2303.30 6.797800e+00
2303.70 6.784900e+00
2304.10 6.786400e+00
2304.50 6.758500e+00
2304.90 6.795200e+00
2305.30 6.883500e+00
2305.70 6.772500e+00
2306.10 6.877500e+00
2306.50 6.818200e+00
2306.90 6.866500e+00
2307.30 6.848000e+00
2307.70 6.724100e+00
2308.10 6.863600e+00
2308.50 6.844100e+00
2308.90 6.835800e+00
2309.30 6.875600e+00
2309.70 6.874300e+00
2310.10 6.852800e+00
2310.50 6.821400e+00
2310.90 6.875900e+00
2311.30 6.893500e+00
2311.70 6.900000e+00
2312.10 6.842800e+00
2312.50 6.820900e+00
2312.90 6.824300e+00
2313.30 6.853600e+00
2313.70 6.933000e+00
2314.10 6.921500e+00
2314.50 6.866000e+00
2314.90 6.948300e+00
2315.30 6.913500e+00
2315.70 6.902400e+00
2316.10 6.899000e+00
2316.50 6.872500e+00
2316.90 6.931200e+00
2317.30 6.882600e+00
2317.70 6.892400e+00
2318.10 6.902900e+00
2318.50 6.982000e+00
2318.90 6.987000e+00
2319.30 6.892700e+00
2319.70 6.959600e+00
2320.10 6.948000e+00
2320.50 6.981000e+00
2320.90 6.959100e+00
2321.30 6.966700e+00
2321.70 6.975700e+00
2322.10 6.996400e+00
2322.50 6.956100e+00
2322.90 6.916900e+00
2323.30 6.951400e+00
2323.70 6.966700e+00
2324.10 6.984900e+00
2324.50 6.962100e+00
2324.90 6.949100e+00
2325.30 7.028700e+00
2325.70 6.975900e+00
2326.10 7.001100e+00
2326.50 7.005500e+00
2326.90 6.969600e+00
2327.30 7.023000e+00
2327.70 7.053800e+00
2328.10 7.113100e+00
2328.50 6.989200e+00
2328.90 7.027200e+00
2329.30 7.006900e+00
2329.70 7.027000e+00
2330.10 6.961500e+00
2330.50 7.068600e+00
2330.90 7.032500e+00
2331.30 7.063300e+00
2331.70 7.039100e+00
2332.10 7.094800e+00
2332.50 7.035500e+00
2332.90 7.055700e+00
2333.30 7.067700e+00
2333.70 6.983300e+00
2334.10 7.008300e+00
2334.50 7.023000e+00
2334.90 7.003600e+00
2335.30 6.958600e+00
2335.70 7.008800e+00
2336.10 6.996200e+00
2336.50 6.968500e+00
2336.90 6.995400e+00
2337.30 6.977600e+00
2337.70 6.916100e+00
2338.10 6.962000e+00
2338.50 6.959300e+00
2338.90 6.863300e+00
2339.30 6.970900e+00
2339.70 6.935700e+00
2340.10 6.945300e+00
2340.50 6.932100e+00
2340.90 6.861400e+00
2341.30 6.942300e+00
2341.70 6.927700e+00
2342.10 6.901900e+00
2342.50 6.892100e+00
2342.90 6.910100e+00
2343.30 6.958300e+00
2343.70 6.897100e+00
2344.10 6.857800e+00
2344.50 6.879600e+00
2344.90 6.933200e+00
2345.30 6.903800e+00
2345.70 6.901900e+00
2346.10 6.869200e+00
2346.50 6.838800e+00
2346.90 6.884000e+00
2347.30 6.872400e+00
2347.70 6.863700e+00
2348.10 6.845400e+00
2348.50 6.849500e+00
2348.90 6.858200e+00
2349.30 6.799700e+00
2349.70 6.884500e+00
2350.10 6.860600e+00
2350.50 6.808700e+00
2350.90 6.883100e+00
2351.30 6.826300e+00
2351.70 6.842800e+00
2352.10 6.861400e+00
2352.50 6.825300e+00
2352.90 6.859900e+00
2353.30 6.760100e+00
2353.70 6.794400e+00
2354.10 6.820200e+00
2354.50 6.802900e+00
2354.90 6.822500e+00
2355.30 6.890100e+00
2355.70 6.872100e+00
2356.10 6.865600e+00
2356.50 6.862400e+00
2356.90 6.766900e+00
2357.30 6.872800e+00
2357.70 6.816700e+00
2358.10 6.854100e+00
2358.50 6.832600e+00
2358.90 6.751700e+00
2359.30 6.683000e+00
2359.70 6.800900e+00
2360.10 6.777200e+00
2360.50 6.758200e+00
2360.90 6.734300e+00
2361.30 6.791800e+00
2361.70 6.719700e+00
2362.10 6.789700e+00
2362.50 6.754700e+00
2362.90 6.732700e+00
2363.30 6.776800e+00
2363.70 6.708100e+00
2364.10 6.750600e+00
2364.50 6.750600e+00
2364.90 6.712700e+00
2365.30 6.760500e+00
2365.70 6.740800e+00
2366.10 6.730600e+00
2366.50 6.718200e+00
2366.90 6.703500e+00
2367.30 6.672700e+00
2367.70 6.678700e+00
2368.10 6.746300e+00
2368.50 6.723800e+00
2368.90 6.698200e+00
2369.30 6.651900e+00
2369.70 6.679600e+00
2370.10 6.736900e+00
2370.50 6.548800e+00
2370.90 6.621900e+00
2371.30 6.726400e+00
2371.70 6.717400e+00
2372.10 6.665700e+00
2372.50 6.728100e+00
2372.90 6.714100e+00
2373.30 6.686900e+00
2373.70 6.679700e+00
2374.10 6.640500e+00
2374.50 6.706100e+00
2374.90 6.673800e+00
2375.30 6.703200e+00
2375.70 6.662400e+00
2376.10 6.721400e+00
2376.50 6.703200e+00
2376.90 6.729800e+00
2377.30 6.772600e+00
2377.70 6.709200e+00
2378.10 6.693400e+00
2378.50 6.664200e+00
2378.90 6.741300e+00
2379.30 6.673000e+00
2379.70 6.686600e+00
2380.10 6.686600e+00
2380.50 6.695000e+00
2380.90 6.712300e+00
2381.30 6.774300e+00
2381.70 6.736300e+00
2382.10 6.767600e+00
2382.50 6.755300e+00
2382.90 6.712500e+00
2383.30 6.876400e+00
2383.70 6.931400e+00
2384.10 6.900800e+00
2384.50 6.912900e+00
2384.90 6.868100e+00
2385.30 6.852300e+00
2385.70 6.907700e+00
2386.10 6.908600e+00
2386.50 6.857500e+00
2386.90 6.897600e+00
2387.30 6.859700e+00
2387.70 6.964700e+00
2388.10 6.873800e+00
2388.50 6.875800e+00
2388.90 6.876600e+00
2389.30 6.880700e+00
2389.70 6.889300e+00
2390.10 6.835100e+00
2390.50 6.889000e+00
2390.90 6.893700e+00
2391.30 6.791600e+00
2391.70 6.866400e+00
2392.10 6.838000e+00
2392.50 6.824100e+00
2392.90 6.803400e+00
2393.30 6.826000e+00
2393.70 6.838400e+00
2394.10 6.839500e+00
2394.50 6.859700e+00
2394.90 6.800700e+00
2395.30 6.839000e+00
2395.70 6.861200e+00
2396.10 6.856900e+00
2396.50 6.789000e+00
2396.90 6.817000e+00
2397.30 6.813400e+00
2397.70 6.830800e+00
2398.10 6.910400e+00
2398.50 6.840100e+00
2398.90 6.762200e+00
2399.30 6.752400e+00
2399.70 6.894200e+00
2400.10 6.797300e+00
2400.50 6.834600e+00
2400.90 6.769200e+00
2401.30 6.776400e+00
2401.70 6.830000e+00
2402.10 6.789100e+00
2402.50 6.849800e+00
2402.90 6.814400e+00
2403.30 6.848100e+00
2403.70 7.130400e+00
2404.10 7.215500e+00
2404.50 7.236000e+00
2404.90 7.218300e+00
2405.30 7.169900e+00
2405.70 7.276100e+00
2406.10 7.262400e+00
2406.50 7.221800e+00
2406.90 7.244500e+00
2407.30 7.229800e+00
2407.70 7.197600e+00
2408.10 7.270400e+00
2408.50 7.297500e+00
2408.90 7.296400e+00
2409.30 7.250900e+00
2409.70 7.218700e+00
2410.10 7.298100e+00
2410.50 7.254200e+00
2410.90 7.354900e+00
2411.30 7.294800e+00
2411.70 7.305000e+00
2412.10 7.375400e+00
2412.50 7.317900e+00
2412.90 7.299800e+00
2413.30 7.202600e+00
2413.70 7.245700e+00
2414.10 7.306100e+00
2414.50 7.268300e+00
2414.90 7.265900e+00
2415.30 7.323800e+00
2415.70 7.344800e+00
2416.10 7.304800e+00
2416.50 7.372600e+00
2416.90 7.253600e+00
2417.30 7.321900e+00
2417.70 7.342800e+00
2418.10 7.353500e+00
2418.50 7.404900e+00
2418.90 7.247400e+00
2419.30 7.144800e+00
2419.70 7.218400e+00
2420.10 7.300400e+00
2420.50 7.227300e+00
2420.90 7.263200e+00
2421.30 7.237600e+00
2421.70 7.311300e+00
2422.10 7.210300e+00
2422.50 7.258800e+00
2422.90 7.203000e+00
2423.30 7.251200e+00
2423.70 7.269300e+00
2424.10 7.220200e+00
2424.50 7.228400e+00
2424.90 7.281200e+00
2425.30 7.291800e+00
2425.70 7.233300e+00
2426.10 7.237600e+00
2426.50 7.171300e+00
2426.90 7.258400e+00
2427.30 7.261000e+00
2427.70 7.168700e+00
2428.10 7.194000e+00
2428.50 7.230800e+00
2428.90 7.154900e+00
2429.30 7.210000e+00
2429.70 7.205100e+00
2430.10 7.164300e+00
2430.50 7.172900e+00
2430.90 7.090500e+00
2431.30 7.165900e+00
2431.70 7.104200e+00
2432.10 7.071000e+00
2432.50 7.104400e+00
2432.90 7.084200e+00
2433.30 7.111300e+00
2433.70 7.116600e+00
2434.10 7.046600e+00
2434.50 7.104400e+00
2434.90 7.026300e+00
2435.30 7.032800e+00
2435.70 7.052300e+00
2436.10 6.925800e+00
2436.50 7.029700e+00
2436.90 6.915900e+00
2437.30 7.004500e+00
2437.70 7.011300e+00
2438.10 7.007400e+00
2438.50 7.028600e+00
2438.90 6.895600e+00
2439.30 6.990300e+00
2439.70 6.970400e+00
2440.10 6.957100e+00
2440.50 6.991500e+00
2440.90 7.048500e+00
2441.30 6.977300e+00
2441.70 6.982900e+00
2442.10 6.899900e+00
2442.50 7.009300e+00
2442.90 6.934300e+00
2443.30 6.948900e+00
2443.70 6.946500e+00
2444.10 6.916300e+00
2444.50 6.926000e+00
2444.90 6.912800e+00
2445.30 6.900700e+00
2445.70 6.894900e+00
2446.10 6.890400e+00
2446.50 6.896800e+00
2446.90 6.827500e+00
2447.30 6.864900e+00
2447.70 6.793900e+00
2448.10 6.782800e+00
2448.50 6.780900e+00
2448.90 6.805600e+00
2449.30 6.809800e+00
2449.70 6.817100e+00
2450.10 6.856600e+00
2450.50 6.828600e+00
2450.90 6.806200e+00
2451.30 6.891900e+00
2451.70 6.875800e+00
2452.10 6.905500e+00
2452.50 6.859600e+00
2452.90 6.895300e+00
2453.30 6.889100e+00
2453.70 6.863200e+00
2454.10 6.926700e+00
2454.50 6.854100e+00
2454.90 6.817300e+00
2455.30 6.903300e+00
2455.70 6.804200e+00
2456.10 6.828300e+00
2456.50 6.747400e+00
2456.90 6.769200e+00
2457.30 6.763300e+00
2457.70 6.752500e+00
2458.10 6.763700e+00
2458.50 6.729700e+00
2458.90 6.786700e+00
2459.30 6.823800e+00
2459.70 6.787800e+00
2460.10 6.752200e+00
2460.50 6.777600e+00
2460.90 6.828400e+00
2461.30 6.820100e+00
2461.70 6.735000e+00
2462.10 6.832000e+00
2462.50 6.794600e+00
2462.90 6.789800e+00
2463.30 6.844400e+00
2463.70 6.835800e+00
2464.10 6.813000e+00
2464.50 6.863200e+00
2464.90 6.806800e+00
2465.30 6.779500e+00
2465.70 6.786400e+00
2466.10 6.862800e+00
2466.50 6.882900e+00
2466.90 6.897800e+00
2467.30 6.842700e+00
2467.70 6.959000e+00
2468.10 6.896600e+00
2468.50 6.833500e+00
2468.90 6.792000e+00
2469.30 6.914900e+00
2469.70 6.937100e+00
2470.10 6.810200e+00
2470.50 6.893000e+00
2470.90 6.833000e+00
2471.30 7.081100e+00
2471.70 6.814700e+00
2472.10 6.878000e+00
2472.50 6.799000e+00
2472.90 6.851200e+00
2473.30 6.841900e+00
2473.70 6.819300e+00
2474.10 6.829500e+00
2474.50 6.811100e+00
2474.90 6.834200e+00
2475.30 6.825200e+00
2475.70 6.836100e+00
2476.10 6.829400e+00
2476.50 6.806900e+00
2476.90 6.868300e+00
2477.30 6.808400e+00
2477.70 6.824000e+00
2478.10 6.830300e+00
2478.50 6.837000e+00
2478.90 6.872500e+00
2479.30 6.851400e+00
2479.70 6.822700e+00
2480.10 6.789100e+00
2480.50 6.877600e+00
2480.90 6.856900e+00
2481.30 6.826700e+00
2481.70 6.825000e+00
2482.10 6.795500e+00
2482.50 6.828200e+00
2482.90 6.810100e+00
2483.30 6.875900e+00
2483.70 6.822000e+00
2484.10 6.831000e+00
2484.50 6.792900e+00
2484.90 6.960500e+00
2485.30 6.892100e+00
2485.70 6.906900e+00
2486.10 6.965800e+00
2486.50 6.976100e+00
2486.90 6.931200e+00
2487.30 6.997400e+00
2487.70 6.964600e+00
2488.10 7.002700e+00
2488.50 6.965900e+00
2488.90 6.982300e+00
2489.30 7.013300e+00
2489.70 6.916100e+00
2490.10 6.927600e+00
2490.50 6.880700e+00
2490.90 6.904900e+00
2491.30 6.870900e+00
2491.70 6.942100e+00
2492.10 6.955200e+00
2492.50 6.877300e+00
2492.90 6.926200e+00
2493.30 6.937300e+00
2493.70 6.892800e+00
2494.10 6.845600e+00
2494.50 6.885100e+00
2494.90 6.864600e+00
2495.30 6.925200e+00
2495.70 6.910500e+00
2496.10 6.930700e+00
2496.50 6.851300e+00
2496.90 6.857500e+00
2497.30 6.880900e+00
2497.70 6.839200e+00
2498.10 6.902600e+00
2498.50 6.824600e+00
2498.90 6.854100e+00
2499.30 6.834500e+00
2499.70 6.819600e+00
2500.10 6.906700e+00
2500.50 6.949900e+00
2500.90 6.876100e+00
2501.30 6.830900e+00
2501.70 6.827700e+00
2502.10 6.791200e+00
2502.50 6.748800e+00
2502.90 6.824200e+00
2503.30 6.916100e+00
2503.70 6.782400e+00
2504.10 6.788100e+00
2504.50 6.834700e+00
2504.90 6.778200e+00
2505.30 6.741400e+00
2505.70 6.779400e+00
2506.10 6.787100e+00
2506.50 6.785100e+00
2506.90 6.793900e+00
2507.30 6.802600e+00
2507.70 6.719600e+00
2508.10 6.826000e+00
2508.50 6.801200e+00
2508.90 6.728300e+00
2509.30 6.723000e+00
2509.70 6.733900e+00
2510.10 6.791500e+00
2510.50 6.748100e+00
2510.90 6.769700e+00
2511.30 6.775100e+00
2511.70 6.769900e+00
2512.10 6.783500e+00
2512.50 6.724700e+00
2512.90 6.721600e+00
2513.30 6.733800e+00
2513.70 6.679600e+00
2514.10 6.702000e+00
2514.50 6.698700e+00
2514.90 6.664600e+00
2515.30 6.644000e+00
2515.70 6.710700e+00
2516.10 6.615600e+00
2516.50 6.653300e+00
2516.90 6.643800e+00
2517.30 6.664300e+00
2517.70 6.684800e+00
2518.10 6.696900e+00
2518.50 6.635000e+00
2518.90 6.700900e+00
2519.30 6.613800e+00
2519.70 6.641300e+00
2520.10 6.672200e+00
2520.50 6.623400e+00
2520.90 6.628300e+00
2521.30 6.623100e+00
2521.70 6.600300e+00
2522.10 6.628400e+00
2522.50 6.607800e+00
2522.90 6.586200e+00
2523.30 6.667000e+00
2523.70 6.611700e+00
2524.10 6.559600e+00
2524.50 6.582600e+00
2524.90 6.619400e+00
2525.30 6.591400e+00
2525.70 6.600200e+00
2526.10 6.526800e+00
2526.50 6.580600e+00
2526.90 6.559200e+00
2527.30 6.583900e+00
2527.70 6.586700e+00
2528.10 6.595100e+00
2528.50 6.598500e+00
2528.90 6.534300e+00
2529.30 6.559600e+00
2529.70 6.560900e+00
2530.10 6.515800e+00
2530.50 6.513000e+00
2530.90 6.554600e+00
2531.30 6.562400e+00
2531.70 6.566900e+00
2532.10 6.491200e+00
2532.50 6.529600e+00
2532.90 6.503200e+00
2533.30 6.562800e+00
2533.70 6.525900e+00
2534.10 6.512600e+00
2534.50 6.511600e+00
2534.90 6.526700e+00
2535.30 6.505400e+00
2535.70 6.532200e+00
2536.10 6.488900e+00
2536.50 6.511600e+00
2536.90 6.493200e+00
2537.30 6.499100e+00
2537.70 6.585800e+00
2538.10 6.538400e+00
2538.50 6.563900e+00
2538.90 6.515400e+00
2539.30 6.550000e+00
2539.70 6.552700e+00
2540.10 6.546700e+00
2540.50 6.525000e+00
2540.90 6.539500e+00
2541.30 6.563500e+00
2541.70 6.564900e+00
2542.10 6.480300e+00
2542.50 6.572300e+00
2542.90 6.569000e+00
2543.30 6.522300e+00
2543.70 6.504600e+00
2544.10 6.505200e+00
2544.50 6.515000e+00
2544.90 6.533400e+00
2545.30 6.549200e+00
2545.70 6.528800e+00
2546.10 6.491200e+00
2546.50 6.483400e+00
2546.90 6.423500e+00
2547.30 6.454400e+00
2547.70 6.499300e+00
2548.10 6.486400e+00
2548.50 6.518300e+00
2548.90 6.448000e+00
2549.30 6.472200e+00
2549.70 6.522500e+00
2550.10 6.499400e+00
2550.50 6.417400e+00
2550.90 6.613000e+00
2551.30 6.472100e+00
2551.70 6.349200e+00
2552.10 6.417800e+00
2552.50 6.475600e+00
2552.90 6.441600e+00
2553.30 6.391700e+00
2553.70 6.375200e+00
2554.10 6.412700e+00
2554.50 6.431000e+00
2554.90 6.429400e+00
2555.30 6.499600e+00
2555.70 6.385500e+00
2556.10 6.424400e+00
2556.50 6.387900e+00
2556.90 6.422300e+00
2557.30 6.341700e+00
2557.70 6.313200e+00
2558.10 6.406500e+00
2558.50 6.419700e+00
2558.90 6.356900e+00
2559.30 6.338100e+00
2559.70 6.379300e+00
2560.10 6.393000e+00
2560.50 6.351300e+00
2560.90 6.425500e+00
2561.30 6.388900e+00
2561.70 6.341600e+00
2562.10 6.418300e+00
2562.50 6.329700e+00
2562.90 6.348400e+00
2563.30 6.338600e+00
2563.70 6.350200e+00
2564.10 6.384300e+00
2564.50 6.397200e+00
2564.90 6.311900e+00
2565.30 6.359300e+00
2565.70 6.307500e+00
2566.10 6.339900e+00
2566.50 6.248100e+00
2566.90 6.325800e+00
2567.30 6.316800e+00
2567.70 6.335500e+00
2568.10 6.381700e+00
2568.50 6.337700e+00
2568.90 6.370700e+00
2569.30 6.380800e+00
2569.70 6.350700e+00
2570.10 6.292300e+00
2570.50 6.318700e+00
2570.90 6.295700e+00
2571.30 6.344400e+00
2571.70 6.311100e+00
2572.10 6.258200e+00
2572.50 6.330800e+00
2572.90 6.351400e+00
2573.30 6.271300e+00
2573.70 6.316400e+00
2574.10 6.295500e+00
2574.50 6.276700e+00
2574.90 6.373700e+00
2575.30 6.449300e+00
2575.70 6.356700e+00
2576.10 6.375500e+00
2576.50 6.250700e+00
2576.90 6.387600e+00
2577.30 6.324100e+00
2577.70 6.370300e+00
2578.10 6.431700e+00
2578.50 6.488000e+00
2578.90 6.382800e+00
2579.30 6.377300e+00
2579.70 6.354600e+00
2580.10 6.484300e+00
2580.50 6.367800e+00
2580.90 6.409900e+00
2581.30 6.375000e+00
2581.70 6.338800e+00
2582.10 6.373900e+00
2582.50 6.361800e+00
2582.90 6.342700e+00
2583.30 6.322400e+00
2583.70 6.239000e+00
2584.10 6.274500e+00
2584.50 6.299700e+00
2584.90 6.283200e+00
2585.30 6.274900e+00
2585.70 6.334400e+00
2586.10 6.268500e+00
2586.50 6.284200e+00
2586.90 6.311300e+00
2587.30 6.276700e+00
2587.70 6.315900e+00
2588.10 6.305100e+00
2588.50 6.325000e+00
2588.90 6.330300e+00
2589.30 6.307900e+00
2589.70 6.312600e+00
2590.10 6.314500e+00
2590.50 6.211700e+00
2590.90 6.173200e+00
2591.30 6.240400e+00
2591.70 6.216500e+00
2592.10 6.270200e+00
2592.50 6.224400e+00
2592.90 6.166500e+00
2593.30 6.164600e+00
2593.70 6.210100e+00
2594.10 6.173700e+00
2594.50 6.176100e+00
2594.90 6.146500e+00
2595.30 6.154400e+00
2595.70 6.165200e+00
2596.10 6.122400e+00
2596.50 6.137600e+00
2596.90 6.128100e+00
2597.30 6.150500e+00
2597.70 6.146200e+00
2598.10 6.118700e+00
2598.50 6.143500e+00
2598.90 6.124000e+00
2599.30 6.129700e+00
2599.70 6.128000e+00
2600.10 6.158300e+00
2600.50 6.132600e+00
2600.90 6.195200e+00
2601.30 6.096600e+00
2601.70 6.134700e+00
2602.10 6.123300e+00
2602.50 6.095300e+00
2602.90 6.158300e+00
2603.30 6.140400e+00
2603.70 6.118600e+00
2604.10 6.156400e+00
2604.50 6.087400e+00
2604.90 6.138500e+00
2605.30 6.157200e+00
2605.70 6.155100e+00
2606.10 6.120900e+00
2606.50 6.101300e+00
2606.90 6.111600e+00
2607.30 6.164700e+00
2607.70 6.131400e+00
2608.10 6.161100e+00
2608.50 6.093900e+00
2608.90 6.082000e+00
2609.30 6.109400e+00
2609.70 6.110600e+00
2610.10 6.085900e+00
2610.50 6.101100e+00
2610.90 6.134500e+00
2611.30 6.071800e+00
2611.70 6.153100e+00
2612.10 6.060500e+00
2612.50 6.102500e+00
2612.90 6.010700e+00
2613.30 5.974100e+00
2613.70 6.054900e+00
2614.10 5.989000e+00
2614.50 5.991300e+00
2614.90 6.011300e+00
2615.30 5.984600e+00
2615.70 5.992000e+00
2616.10 5.992400e+00
2616.50 6.013400e+00
2616.90 6.006000e+00
2617.30 6.039100e+00
2617.70 5.953500e+00
2618.10 5.906500e+00
2618.50 5.957600e+00
2618.90 5.966900e+00
2619.30 5.931400e+00
2619.70 5.956400e+00
2620.10 5.955500e+00
2620.50 6.020700e+00
2620.90 5.955700e+00
2621.30 5.994400e+00
2621.70 5.898400e+00
2622.10 5.935100e+00
2622.50 5.909700e+00
2622.90 5.908300e+00
2623.30 5.937700e+00
2623.70 5.948100e+00
2624.10 5.978700e+00
2624.50 5.941800e+00
2624.90 5.881700e+00
2625.30 5.914900e+00
2625.70 5.847800e+00
2626.10 5.918900e+00
2626.50 5.904700e+00
2626.90 5.885900e+00
2627.30 5.929200e+00
2627.70 5.906600e+00
2628.10 5.911500e+00
2628.50 5.888000e+00
2628.90 5.886400e+00
2629.30 5.846200e+00
2629.70 5.851500e+00
2630.10 5.942600e+00
2630.50 5.886300e+00
2630.90 5.885800e+00
2631.30 5.819700e+00
2631.70 5.863300e+00
2632.10 5.807100e+00
2632.50 5.785300e+00
2632.90 5.782700e+00
2633.30 5.886500e+00
2633.70 5.849600e+00
2634.10 5.874000e+00
2634.50 5.792000e+00
2634.90 5.761300e+00
2635.30 5.785300e+00
2635.70 5.818100e+00
2636.10 5.769700e+00
2636.50 5.822800e+00
2636.90 5.748900e+00
2637.30 5.802500e+00
2637.70 5.751100e+00
2638.10 5.750200e+00
2638.50 5.741800e+00
2638.90 5.707000e+00
2639.30 5.710700e+00
2639.70 5.736400e+00
2640.10 5.761400e+00
2640.50 5.792000e+00
2640.90 5.748400e+00
2641.30 5.742700e+00
2641.70 5.736700e+00
2642.10 5.766300e+00
2642.50 5.705600e+00
2642.90 5.713400e+00
2643.30 5.731100e+00
2643.70 5.743500e+00
2644.10 5.739100e+00
2644.50 5.718100e+00
2644.90 5.721400e+00
2645.30 5.699700e+00
2645.70 5.727000e+00
2646.10 5.734100e+00
2646.50 5.719500e+00
2646.90 5.710800e+00
2647.30 5.743100e+00
2647.70 5.721300e+00
2648.10 5.775000e+00
2648.50 5.757100e+00
2648.90 5.736200e+00
2649.30 5.684700e+00
2649.70 5.715100e+00
2650.10 5.721300e+00
2650.50 5.762500e+00
2650.90 5.695000e+00
2651.30 5.760100e+00
2651.70 5.698000e+00
2652.10 5.657800e+00
2652.50 5.639000e+00
2652.90 5.793500e+00
2653.30 5.733000e+00
2653.70 5.768900e+00
2654.10 5.738800e+00
2654.50 5.755300e+00
2654.90 5.736600e+00
2655.30 5.694100e+00
2655.70 5.684700e+00
2656.10 5.631000e+00
2656.50 5.673400e+00
2656.90 5.665100e+00
2657.30 5.650000e+00
2657.70 5.655700e+00
2658.10 5.612100e+00
2658.50 5.577600e+00
2658.90 5.545400e+00
2659.30 5.664100e+00
2659.70 5.579600e+00
2660.10 5.509200e+00
2660.50 5.635900e+00
2660.90 5.671900e+00
2661.30 5.669300e+00
2661.70 5.673200e+00
2662.10 5.606400e+00
2662.50 5.658300e+00
2662.90 5.667800e+00
2663.30 5.713800e+00
2663.70 5.687100e+00
2664.10 5.649500e+00
2664.50 5.638800e+00
2664.90 5.591300e+00
2665.30 5.601700e+00
2665.70 5.656500e+00
2666.10 5.600000e+00
2666.50 5.624000e+00
2666.90 5.653000e+00
2667.30 5.653200e+00
2667.70 5.659100e+00
2668.10 5.624500e+00
2668.50 5.572100e+00
2668.90 5.603900e+00
2669.30 5.589300e+00
2669.70 5.595700e+00
2670.10 5.594600e+00
2670.50 5.588900e+00
2670.90 5.614300e+00
2671.30 5.608000e+00
2671.70 5.560300e+00
2672.10 5.761000e+00
2672.50 5.821700e+00
2672.90 5.772900e+00
2673.30 5.775300e+00
2673.70 5.863500e+00
2674.10 5.804600e+00
2674.50 5.773300e+00
2674.90 5.762100e+00
2675.30 5.767000e+00
2675.70 5.704300e+00
2676.10 5.799400e+00
2676.50 5.831100e+00
2676.90 5.840900e+00
2677.30 5.848100e+00
2677.70 5.743600e+00
2678.10 5.726700e+00
2678.50 5.728900e+00
2678.90 5.752100e+00
2679.30 5.862800e+00
2679.70 5.687000e+00
2680.10 5.749400e+00
2680.50 5.725000e+00
2680.90 5.752000e+00
2681.30 5.750700e+00
2681.70 5.785700e+00
2682.10 5.781500e+00
2682.50 5.726100e+00
2682.90 5.648500e+00
2683.30 5.701600e+00
2683.70 5.775900e+00
2684.10 5.632200e+00
2684.50 5.675000e+00
2684.90 5.734100e+00
2685.30 5.749900e+00
2685.70 5.617400e+00
2686.10 5.675900e+00
2686.50 5.677300e+00
2686.90 5.764900e+00
2687.30 5.699000e+00
2687.70 5.663300e+00
2688.10 5.722400e+00
2688.50 5.670100e+00
2688.90 5.663000e+00
2689.30 5.731900e+00
2689.70 5.726700e+00
2690.10 5.724700e+00
2690.50 5.736400e+00
2690.90 5.643400e+00
2691.30 5.689100e+00
2691.70 5.792100e+00
2692.10 5.751000e+00
2692.50 5.710000e+00
2692.90 5.677300e+00
2693.30 5.584400e+00
2693.70 5.754500e+00
2694.10 5.724100e+00
2694.50 5.815400e+00
2694.90 5.680900e+00
2695.30 5.667600e+00
2695.70 5.650700e+00
2696.10 5.752000e+00
2696.50 5.710300e+00
2696.90 5.658800e+00
2697.30 5.700000e+00
2697.70 5.690400e+00
2698.10 5.727600e+00
2698.50 5.733400e+00
2698.90 5.703300e+00
2699.30 5.710900e+00
2699.70 5.720600e+00
2700.10 5.702700e+00
2700.50 5.772500e+00
2700.90 5.598100e+00
2701.30 5.642500e+00
2701.70 5.653200e+00
2702.10 5.637000e+00
2702.50 5.701700e+00
2702.90 5.709500e+00
2703.30 5.771900e+00
2703.70 5.669000e+00
2704.10 5.768800e+00
2704.50 5.698100e+00
2704.90 5.721600e+00
2705.30 5.771500e+00
2705.70 5.772800e+00
2706.10 5.706400e+00
2706.50 5.773100e+00
2706.90 5.699200e+00
2707.30 5.766800e+00
2707.70 5.729600e+00
2708.10 5.743100e+00
2708.50 5.734000e+00
2708.90 5.693900e+00
2709.30 5.764100e+00
2709.70 5.731400e+00
2710.10 5.860600e+00
2710.50 5.768300e+00
2710.90 5.763700e+00
2711.30 5.644600e+00
2711.70 5.777400e+00
2712.10 5.804600e+00
2712.50 5.791800e+00
2712.90 5.803100e+00
2713.30 5.787200e+00
2713.70 5.743700e+00
2714.10 5.759300e+00
2714.50 5.799800e+00
2714.90 5.830800e+00
2715.30 5.788900e+00
2715.70 5.878300e+00
2716.10 5.797600e+00
2716.50 5.841000e+00
2716.90 5.838900e+00
2717.30 5.845800e+00
2717.70 5.851200e+00
2718.10 5.776400e+00
2718.50 5.823900e+00
2718.90 5.894000e+00
2719.30 5.852400e+00
2719.70 5.898400e+00
2720.10 5.828900e+00
2720.50 5.812700e+00
2720.90 5.869100e+00
2721.30 5.791700e+00
2721.70 5.823200e+00
2722.10 5.873900e+00
2722.50 5.830100e+00
2722.90 5.801900e+00
2723.30 5.897300e+00
2723.70 5.845700e+00
2724.10 5.917100e+00
2724.50 5.936000e+00
2724.90 5.934000e+00
2725.30 5.913800e+00
2725.70 5.909400e+00
2726.10 5.814900e+00
2726.50 5.931200e+00
2726.90 5.956700e+00
2727.30 5.957500e+00
2727.70 5.920100e+00
2728.10 5.963200e+00
2728.50 6.328900e+00
2728.90 5.979600e+00
2729.30 5.954600e+00
2729.70 5.911300e+00
2730.10 5.958900e+00
2730.50 5.820200e+00
2730.90 5.922900e+00
2731.30 5.941200e+00
2731.70 5.906900e+00
2732.10 5.943500e+00
2732.50 5.976000e+00
2732.90 5.946000e+00
2733.30 5.948500e+00
2733.70 5.916100e+00
2734.10 5.927000e+00
2734.50 5.863500e+00
2734.90 5.914200e+00
2735.30 5.973100e+00
2735.70 5.905800e+00
2736.10 5.966600e+00
2736.50 5.987300e+00
2736.90 5.990400e+00
2737.30 5.889400e+00
2737.70 6.041900e+00
2738.10 5.856100e+00
2738.50 5.977600e+00
2738.90 5.993900e+00
2739.30 6.020200e+00
2739.70 6.031600e+00
2740.10 6.060100e+00
2740.50 6.032200e+00
2740.90 5.999700e+00
2741.30 6.026800e+00
2741.70 5.975600e+00
2742.10 5.978000e+00
2742.50 5.937500e+00
2742.90 5.993600e+00
2743.30 6.000500e+00
2743.70 6.014100e+00
2744.10 5.974300e+00
2744.50 6.110000e+00
2744.90 6.009400e+00
2745.30 5.992400e+00
2745.70 6.118000e+00
2746.10 6.053900e+00
2746.50 6.059900e+00
2746.90 6.165600e+00
2747.30 6.102500e+00
2747.70 6.057800e+00
2748.10 6.016900e+00
2748.50 6.098600e+00
2748.90 6.099000e+00
2749.30 6.149600e+00
2749.70 6.120100e+00
2750.10 6.114200e+00
2750.50 6.146800e+00
2750.90 6.157900e+00
2751.30 6.188700e+00
2751.70 6.127000e+00
2752.10 6.198000e+00
2752.50 6.191900e+00
2752.90 6.208100e+00
2753.30 6.202400e+00
2753.70 6.193400e+00
2754.10 6.212300e+00
2754.50 6.205100e+00
2754.90 6.056000e+00
2755.30 6.184400e+00
2755.70 6.111200e+00
2756.10 6.341400e+00
2756.50 6.162400e+00
2756.90 6.138600e+00
2757.30 6.137100e+00
2757.70 6.220700e+00
2758.10 6.272800e+00
2758.50 6.231100e+00
2758.90 6.155000e+00
2759.30 6.145900e+00
2759.70 6.271900e+00
2760.10 6.202100e+00
2760.50 6.244600e+00
2760.90 6.217600e+00
2761.30 6.160200e+00
2761.70 6.110500e+00
2762.10 6.200000e+00
2762.50 6.217400e+00
2762.90 6.229800e+00
2763.30 6.242400e+00
2763.70 6.227400e+00
2764.10 6.247500e+00
2764.50 6.224200e+00
2764.90 6.192800e+00
2765.30 6.251700e+00
2765.70 6.224400e+00
2766.10 6.201200e+00
2766.50 6.301200e+00
2766.90 6.274400e+00
2767.30 6.249700e+00
2767.70 6.297400e+00
2768.10 6.280800e+00
2768.50 6.240900e+00
2768.90 6.210200e+00
2769.30 6.247000e+00
2769.70 6.329500e+00
2770.10 6.311000e+00
2770.50 6.323900e+00
2770.90 6.366800e+00
2771.30 6.283400e+00
2771.70 6.242300e+00
2772.10 6.294900e+00
2772.50 6.225800e+00
2772.90 6.188300e+00
2773.30 6.278300e+00
2773.70 6.278500e+00
2774.10 6.322400e+00
2774.50 6.349400e+00
2774.90 6.391400e+00
2775.30 6.436200e+00
2775.70 6.372800e+00
2776.10 6.261700e+00
2776.50 6.554500e+00
2776.90 6.595200e+00
2777.30 6.589400e+00
2777.70 6.623900e+00
2778.10 6.737800e+00
2778.50 6.689200e+00
2778.90 6.626100e+00
2779.30 6.678600e+00
2779.70 6.621100e+00
2780.10 6.583600e+00
2780.50 6.639100e+00
2780.90 6.863700e+00
2781.30 6.845800e+00
2781.70 6.797200e+00
2782.10 6.916100e+00
2782.50 6.891600e+00
2782.90 6.728000e+00
2783.30 6.886500e+00
2783.70 6.948500e+00
2784.10 6.928600e+00
2784.50 6.984400e+00
2784.90 7.022500e+00
2785.30 6.998200e+00
2785.70 7.041000e+00
2786.10 6.996500e+00
2786.50 6.996200e+00
2786.90 7.034900e+00
2787.30 7.120500e+00
2787.70 7.086400e+00
2788.10 7.143200e+00
2788.50 7.210200e+00
2788.90 7.228700e+00
2789.30 7.209100e+00
2789.70 7.217700e+00
2790.10 7.271600e+00
2790.50 7.250000e+00
2790.90 7.349500e+00
2791.30 7.310700e+00
2791.70 7.384000e+00
2792.10 7.370000e+00
2792.50 7.376900e+00
2792.90 7.429900e+00
2793.30 7.463300e+00
2793.70 7.454100e+00
2794.10 7.525700e+00
2794.50 7.501700e+00
2794.90 7.622800e+00
2795.30 7.615200e+00
2795.70 7.632300e+00
2796.10 7.627900e+00
2796.50 7.642400e+00
2796.90 7.642800e+00
2797.30 7.643000e+00
2797.70 7.622600e+00
2798.10 7.581400e+00
2798.50 7.606500e+00
2798.90 7.670800e+00
2799.30 7.567700e+00
2799.70 7.636500e+00
2800.10 7.627700e+00
2800.50 7.685800e+00
2800.90 7.482700e+00
2801.30 7.538600e+00
2801.70 7.475900e+00
2802.10 7.508900e+00
2802.50 7.412600e+00
2802.90 7.411300e+00
2803.30 7.392800e+00
2803.70 7.350400e+00
2804.10 7.342000e+00
2804.50 7.326100e+00
2804.90 7.436300e+00
2805.30 7.300700e+00
2805.70 7.259400e+00
2806.10 7.194700e+00
2806.50 7.211300e+00
2806.90 7.223400e+00
2807.30 7.162400e+00
2807.70 7.121100e+00
2808.10 7.133900e+00
2808.50 7.001600e+00
2808.90 7.010500e+00
2809.30 6.999000e+00
2809.70 7.021500e+00
2810.10 6.909500e+00
2810.50 6.902900e+00
2810.90 6.849900e+00
2811.30 6.824100e+00
2811.70 6.851500e+00
2812.10 6.884800e+00
2812.50 6.813900e+00
2812.90 6.829600e+00
2813.30 6.788500e+00
2813.70 6.703700e+00
2814.10 6.704100e+00
2814.50 6.697600e+00
2814.90 6.644500e+00
2815.30 6.614100e+00
2815.70 6.626000e+00
2816.10 6.605800e+00
2816.50 6.406800e+00
2816.90 6.487300e+00
2817.30 6.528500e+00
2817.70 6.517400e+00
2818.10 6.525900e+00
2818.50 6.552500e+00
2818.90 6.505800e+00
2819.30 6.496800e+00
2819.70 6.438300e+00
2820.10 6.415300e+00
2820.50 6.431700e+00
2820.90 6.392500e+00
2821.30 6.320800e+00
2821.70 6.323600e+00
2822.10 6.290600e+00
2822.50 6.292700e+00
2822.90 6.268700e+00
2823.30 6.278000e+00
2823.70 6.318600e+00
2824.10 6.309000e+00
2824.50 6.225800e+00
2824.90 6.226600e+00
2825.30 6.242500e+00
2825.70 6.177300e+00
2826.10 6.175500e+00
2826.50 6.211600e+00
2826.90 6.241700e+00
2827.30 6.227900e+00
2827.70 6.202800e+00
2828.10 6.143600e+00
2828.50 6.213300e+00
2828.90 6.127300e+00
2829.30 6.102400e+00
2829.70 6.099800e+00
2830.10 6.108900e+00
2830.50 6.038300e+00
2830.90 6.040300e+00
2831.30 6.056900e+00
2831.70 6.106500e+00
2832.10 6.060700e+00
2832.50 5.984000e+00
2832.90 6.038900e+00
2833.30 6.055800e+00
2833.70 6.094400e+00
2834.10 6.076000e+00
2834.50 6.043200e+00
2834.90 6.048500e+00
2835.30 6.062000e+00
2835.70 6.037100e+00
2836.10 6.042500e+00
2836.50 6.008500e+00
2836.90 6.008000e+00
2837.30 6.001300e+00
2837.70 6.014800e+00
2838.10 5.990400e+00
2838.50 5.978300e+00
2838.90 5.979100e+00
2839.30 5.946600e+00
2839.70 5.934200e+00
2840.10 5.952700e+00
2840.50 5.891300e+00
2840.90 5.890900e+00
2841.30 5.949400e+00
2841.70 6.049000e+00
2842.10 5.961400e+00
2842.50 5.960400e+00
2842.90 5.815300e+00
2843.30 5.856600e+00
2843.70 5.825600e+00
2844.10 5.926700e+00
2844.50 5.868100e+00
2844.90 5.893200e+00
2845.30 5.905500e+00
2845.70 5.840800e+00
2846.10 5.867300e+00
2846.50 5.798600e+00
2846.90 5.853300e+00
2847.30 5.833000e+00
2847.70 5.877300e+00
2848.10 5.829100e+00
2848.50 5.837100e+00
2848.90 5.788700e+00
2849.30 5.823100e+00
2849.70 5.832600e+00
2850.10 5.775700e+00
2850.50 5.760800e+00
2850.90 5.772900e+00
2851.30 5.817500e+00
2851.70 5.804100e+00
2852.10 5.771200e+00
2852.50 5.776900e+00
2852.90 5.694500e+00
2853.30 5.703500e+00
2853.70 5.732100e+00
2854.10 5.758700e+00
2854.50 5.753900e+00
2854.90 5.753500e+00
2855.30 5.749300e+00
2855.70 5.708800e+00
2856.10 5.720800e+00
2856.50 5.709500e+00
2856.90 5.724200e+00
2857.30 5.689900e+00
2857.70 5.710300e+00
2858.10 5.697500e+00
2858.50 5.638500e+00
2858.90 5.664100e+00
2859.30 5.660700e+00
2859.70 5.633000e+00
2860.10 5.652100e+00
2860.50 5.645900e+00
2860.90 5.596900e+00
2861.30 5.635100e+00
2861.70 5.626100e+00
2862.10 5.656700e+00
2862.50 5.593400e+00
2862.90 5.609100e+00
2863.30 5.476900e+00
2863.70 5.600200e+00
2864.10 5.614200e+00
2864.50 5.631500e+00
2864.90 5.608700e+00
2865.30 5.580200e+00
2865.70 5.617700e+00
2866.10 5.533700e+00
2866.50 5.534800e+00
2866.90 5.558400e+00
2867.30 5.565900e+00
2867.70 5.521200e+00
2868.10 5.564200e+00
2868.50 5.549300e+00
2868.90 5.552000e+00
2869.30 5.571600e+00
2869.70 5.549500e+00
2870.10 5.525400e+00
2870.50 5.559800e+00
2870.90 5.522800e+00
2871.30 5.551000e+00
2871.70 5.521700e+00
2872.10 5.500400e+00
2872.50 5.552300e+00
2872.90 5.494700e+00
2873.30 5.454900e+00
2873.70 5.468700e+00
2874.10 5.489300e+00
2874.50 5.467000e+00
2874.90 5.439100e+00
2875.30 5.479900e+00
2875.70 5.523900e+00
2876.10 5.454900e+00
2876.50 5.417200e+00
2876.90 5.426700e+00
2877.30 5.556200e+00
2877.70 5.431900e+00
2878.10 5.429500e+00
2878.50 5.409900e+00
2878.90 5.394600e+00
2879.30 5.393800e+00
2879.70 5.334400e+00
2880.10 5.369100e+00
2880.50 5.390500e+00
2880.90 5.387700e+00
2881.30 5.414600e+00
2881.70 5.327800e+00
2882.10 5.330300e+00
2882.50 5.400700e+00
2882.90 5.344400e+00
2883.30 5.366900e+00
2883.70 5.286600e+00
2884.10 5.353400e+00
2884.50 5.348300e+00
2884.90 5.390700e+00
2885.30 5.370800e+00
2885.70 5.366800e+00
2886.10 5.362300e+00
2886.50 5.301000e+00
2886.90 5.281900e+00
2887.30 5.312200e+00
2887.70 5.346100e+00
2888.10 5.345600e+00
2888.50 5.296700e+00
2888.90 5.316800e+00
2889.30 5.336200e+00
2889.70 5.496300e+00
2890.10 5.509600e+00
2890.50 5.436100e+00
2890.90 5.415100e+00
2891.30 5.305400e+00
2891.70 5.351900e+00
2892.10 5.302700e+00
2892.50 5.344400e+00
2892.90 5.287700e+00
2893.30 5.312500e+00
2893.70 5.324700e+00
2894.10 5.343800e+00
2894.50 5.360500e+00
2894.90 5.307700e+00
2895.30 5.367400e+00
2895.70 5.265500e+00
2896.10 5.226800e+00
2896.50 5.266700e+00
2896.90 5.294400e+00
2897.30 5.309400e+00
2897.70 5.302600e+00
2898.10 5.250600e+00
2898.50 5.267800e+00
2898.90 5.280900e+00
2899.30 5.292000e+00
2899.70 5.315300e+00
2900.10 5.232300e+00
2900.50 5.278800e+00
2900.90 5.302300e+00
2901.30 5.275800e+00
2901.70 5.195300e+00
2902.10 5.208100e+00
2902.50 5.302800e+00
2902.90 5.227100e+00
2903.30 5.239800e+00
2903.70 5.198700e+00
2904.10 5.208500e+00
2904.50 5.133200e+00
2904.90 5.167100e+00
2905.30 5.185200e+00
2905.70 5.160800e+00
2906.10 5.213000e+00
2906.50 5.203500e+00
2906.90 5.115500e+00
2907.30 5.131500e+00
2907.70 5.171900e+00
2908.10 5.170000e+00
2908.50 5.145600e+00
2908.90 5.175000e+00
2909.30 5.161600e+00
2909.70 5.161300e+00
2910.10 5.149900e+00
2910.50 5.163500e+00
2910.90 5.197400e+00
2911.30 5.199600e+00
2911.70 5.096300e+00
2912.10 5.043400e+00
2912.50 5.142600e+00
2912.90 5.121700e+00
2913.30 5.166000e+00
2913.70 5.176500e+00
2914.10 5.165500e+00
2914.50 5.105700e+00
2914.90 5.147500e+00
2915.30 5.138500e+00
2915.70 5.120200e+00
2916.10 5.167400e+00
2916.50 5.165800e+00
2916.90 5.106500e+00
2917.30 5.053500e+00
2917.70 5.089000e+00
2918.10 5.158000e+00
2918.50 5.130800e+00
2918.90 5.111800e+00
2919.30 5.173400e+00
2919.70 5.079100e+00
2920.10 5.101800e+00
2920.50 5.175100e+00
2920.90 5.131000e+00
2921.30 5.195500e+00
2921.70 5.059000e+00
2922.10 5.129900e+00
2922.50 5.162600e+00
2922.90 5.187100e+00
2923.30 5.202100e+00
2923.70 5.201000e+00
2924.10 5.209400e+00
2924.50 5.187000e+00
2924.90 5.225600e+00
2925.30 5.219800e+00
2925.70 5.206100e+00
2926.10 5.200200e+00
2926.50 5.215000e+00
2926.90 5.239100e+00
2927.30 5.183100e+00
2927.70 5.239800e+00
2928.10 5.231100e+00
2928.50 5.164100e+00
2928.90 5.129700e+00
2929.30 5.222800e+00
2929.70 5.237300e+00
2930.10 5.259300e+00
2930.50 5.204800e+00
2930.90 5.182700e+00
2931.30 5.171200e+00
2931.70 5.202900e+00
2932.10 5.239000e+00
2932.50 5.241300e+00
2932.90 5.230400e+00
2933.30 5.020600e+00
2933.70 5.261400e+00
2934.10 5.210900e+00
2934.50 5.187700e+00
2934.90 5.183100e+00
2935.30 5.253500e+00
2935.70 5.246500e+00
2936.10 5.262900e+00
2936.50 5.266900e+00
2936.90 5.253100e+00
2937.30 5.213400e+00
2937.70 5.191600e+00
2938.10 5.235300e+00
2938.50 5.234100e+00
2938.90 5.186500e+00
2939.30 5.201100e+00
2939.70 5.232300e+00
2940.10 5.222400e+00
2940.50 5.168500e+00
2940.90 5.205500e+00
2941.30 5.201600e+00
2941.70 5.180800e+00
2942.10 5.160600e+00
2942.50 5.180400e+00
2942.90 5.185300e+00
2943.30 5.200200e+00
2943.70 5.170700e+00
2944.10 5.182100e+00
2944.50 5.175900e+00
2944.90 5.169900e+00
2945.30 5.194100e+00
2945.70 5.174600e+00
2946.10 5.117000e+00
2946.50 5.242400e+00
2946.90 5.163800e+00
2947.30 5.172000e+00
2947.70 5.216300e+00
2948.10 5.191500e+00
2948.50 5.157800e+00
2948.90 5.233900e+00
2949.30 5.184200e+00
2949.70 5.188700e+00
2950.10 5.186000e+00
2950.50 5.164400e+00
2950.90 5.205100e+00
2951.30 5.184600e+00
2951.70 5.174600e+00
2952.10 5.194700e+00
2952.50 5.210200e+00
2952.90 5.214700e+00
2953.30 5.181000e+00
2953.70 5.233900e+00
2954.10 5.152000e+00
2954.50 5.196800e+00
2954.90 5.157500e+00
2955.30 5.197700e+00
2955.70 5.181100e+00
2956.10 5.136500e+00
2956.50 5.107700e+00
2956.90 5.226300e+00
2957.30 5.151300e+00
2957.70 5.180400e+00
2958.10 5.137300e+00
2958.50 5.163400e+00
2958.90 5.258600e+00
2959.30 5.196100e+00
2959.70 5.241400e+00
2960.10 5.190900e+00
2960.50 5.131000e+00
2960.90 5.130500e+00
2961.30 5.130900e+00
2961.70 5.074800e+00
2962.10 5.206200e+00
2962.50 5.189900e+00
2962.90 5.190000e+00
2963.30 5.170900e+00
2963.70 5.184100e+00
2964.10 5.171700e+00
2964.50 5.176000e+00
2964.90 5.102100e+00
2965.30 5.134400e+00
2965.70 5.060800e+00
2966.10 5.104900e+00
2966.50 5.146800e+00
2966.90 5.169700e+00
2967.30 5.226000e+00
2967.70 5.178300e+00
2968.10 5.145300e+00
2968.50 5.171100e+00
2968.90 5.111400e+00
2969.30 5.141000e+00
2969.70 5.138200e+00
2970.10 5.164200e+00
2970.50 5.168200e+00
2970.90 5.168100e+00
2971.30 5.136300e+00
2971.70 5.138900e+00
2972.10 5.194200e+00
2972.50 5.320700e+00
2972.90 5.192900e+00
2973.30 5.148100e+00
2973.70 5.163000e+00
2974.10 5.067200e+00
2974.50 5.199900e+00
2974.90 5.270300e+00
2975.30 5.191900e+00
2975.70 5.108000e+00
2976.10 5.223500e+00
2976.50 5.218500e+00
2976.90 5.113800e+00
2977.30 5.133300e+00
2977.70 5.078500e+00
2978.10 5.120000e+00
2978.50 5.133000e+00
2978.90 5.213500e+00
2979.30 5.188600e+00
2979.70 5.180800e+00
2980.10 5.144300e+00
2980.50 5.130400e+00
2980.90 5.096000e+00
2981.30 5.108100e+00
2981.70 5.156400e+00
2982.10 5.176900e+00
2982.50 5.084000e+00
2982.90 5.172700e+00
2983.30 5.062700e+00
2983.70 5.219300e+00
2984.10 5.191600e+00
2984.50 5.132000e+00
2984.90 4.929400e+00
2985.30 5.020200e+00
2985.70 5.114400e+00
2986.10 5.083500e+00
2986.50 5.013800e+00
2986.90 5.031300e+00
2987.30 5.033900e+00
2987.70 5.059700e+00
2988.10 5.011100e+00
2988.50 5.126200e+00
2988.90 5.138900e+00
2989.30 5.063700e+00
2989.70 5.005200e+00
2990.10 4.969700e+00
2990.50 5.038300e+00
2990.90 4.992700e+00
2991.30 5.010400e+00
2991.70 5.031300e+00
2992.10 5.047500e+00
2992.50 5.119100e+00
2992.90 4.952800e+00
2993.30 4.986400e+00
2993.70 5.054400e+00
2994.10 4.928300e+00
2994.50 4.924600e+00
2994.90 4.841100e+00
2995.30 4.909300e+00
2995.70 4.800800e+00
2996.10 4.970900e+00
2996.50 4.816200e+00
2996.90 4.860100e+00
2997.30 4.857100e+00
2997.70 4.872900e+00
2998.10 4.875300e+00
2998.50 4.954100e+00
2998.90 4.919600e+00
2999.30 4.826900e+00
2999.70 4.823100e+00
3000.10 4.836200e+00
3000.50 4.800400e+00
3000.90 4.809100e+00
3001.30 4.887500e+00
3001.70 4.862000e+00
3002.10 4.827800e+00
3002.50 4.834900e+00
3002.90 4.799800e+00
3003.30 4.788800e+00
3003.70 4.810600e+00
3004.10 4.749000e+00
3004.50 4.877800e+00
3004.90 4.773000e+00
3005.30 4.851800e+00
3005.70 4.807700e+00
3006.10 4.797400e+00
3006.50 4.774100e+00
3006.90 4.808600e+00
3007.30 4.757400e+00
3007.70 4.776100e+00
3008.10 4.744700e+00
3008.50 4.775100e+00
3008.90 4.738600e+00
3009.30 4.837300e+00
3009.70 4.811700e+00
3010.10 4.752600e+00
3010.50 4.819500e+00
3010.90 4.733400e+00
3011.30 4.726500e+00
3011.70 4.718900e+00
3012.10 4.836600e+00
3012.50 4.837000e+00
3012.90 4.836900e+00
3013.30 4.827500e+00
3013.70 4.714400e+00
3014.10 4.845700e+00
3014.50 4.799400e+00
3014.90 4.770300e+00
3015.30 4.791500e+00
3015.70 4.749200e+00
3016.10 4.771900e+00
3016.50 4.811000e+00
3016.90 4.823100e+00
3017.30 4.740200e+00
3017.70 4.775000e+00
3018.10 4.748000e+00
3018.50 4.729800e+00
3018.90 4.715300e+00
3019.30 4.721600e+00
3019.70 4.718200e+00
3020.10 4.689000e+00
3020.50 4.607700e+00
3020.90 4.611700e+00
3021.30 4.657700e+00
3021.70 4.678500e+00
3022.10 4.727800e+00
3022.50 4.652400e+00
3022.90 4.641900e+00
3023.30 4.590600e+00
3023.70 4.589900e+00
3024.10 4.541200e+00
3024.50 4.587100e+00
3024.90 4.649400e+00
3025.30 4.543700e+00
3025.70 4.498200e+00
3026.10 4.511600e+00
3026.50 4.516600e+00
3026.90 4.552700e+00
3027.30 4.520600e+00
3027.70 4.527600e+00
3028.10 4.506500e+00
3028.50 4.596500e+00
3028.90 4.464200e+00
3029.30 4.530100e+00
3029.70 4.503800e+00
3030.10 4.493500e+00
3030.50 4.527100e+00
3030.90 4.563900e+00
3031.30 4.586800e+00
3031.70 4.544700e+00
3032.10 4.563300e+00
3032.50 4.528400e+00
3032.90 4.562100e+00
3033.30 4.537600e+00
3033.70 4.525800e+00
3034.10 4.464600e+00
3034.50 4.394700e+00
3034.90 4.488200e+00
3035.30 4.509000e+00
3035.70 4.447600e+00
3036.10 4.468400e+00
3036.50 4.533200e+00
3036.90 4.541000e+00
3037.30 4.480600e+00
3037.70 4.451800e+00
3038.10 4.526900e+00
3038.50 4.562300e+00
3038.90 4.481700e+00
3039.30 4.429600e+00
3039.70 4.455000e+00
3040.10 4.560300e+00
3040.50 4.497100e+00
3040.90 4.459100e+00
3041.30 4.425200e+00
3041.70 4.536500e+00
3042.10 4.548200e+00
3042.50 4.438800e+00
3042.90 4.444100e+00
3043.30 4.425200e+00
3043.70 4.550300e+00
3044.10 4.514700e+00
3044.50 4.386500e+00
3044.90 4.477200e+00
3045.30 4.549500e+00
3045.70 4.510900e+00
3046.10 4.460700e+00
3046.50 4.478300e+00
3046.90 4.477200e+00
3047.30 4.585800e+00
3047.70 4.528900e+00
3048.10 4.577200e+00
3048.50 4.494400e+00
3048.90 4.521800e+00
3049.30 4.503200e+00
3049.70 4.527800e+00
3050.10 4.504500e+00
3050.50 4.508600e+00
3050.90 4.492000e+00
3051.30 4.444200e+00
3051.70 4.506100e+00
3052.10 4.532500e+00
3052.50 4.557400e+00
3052.90 4.552500e+00
3053.30 4.520000e+00
3053.70 4.517600e+00
3054.10 4.557900e+00
3054.50 4.515100e+00
3054.90 4.541100e+00
3055.30 4.535200e+00
3055.70 4.522000e+00
3056.10 4.483200e+00
3056.50 4.543500e+00
3056.90 4.521600e+00
3057.30 4.513700e+00
3057.70 4.529700e+00
3058.10 4.535300e+00
3058.50 4.523100e+00
3058.90 4.471300e+00
3059.30 4.490100e+00
3059.70 4.489100e+00
3060.10 4.518200e+00
3060.50 4.509300e+00
3060.90 4.515800e+00
3061.30 4.518000e+00
3061.70 4.532300e+00
3062.10 4.523000e+00
3062.50 4.497800e+00
3062.90 4.510700e+00
3063.30 4.535700e+00
3063.70 4.510700e+00
3064.10 4.525300e+00
3064.50 4.526000e+00
3064.90 4.552200e+00
3065.30 4.545200e+00
3065.70 4.534200e+00
3066.10 4.523800e+00
3066.50 4.486300e+00
3066.90 4.544200e+00
3067.30 4.523700e+00
3067.70 4.536900e+00
3068.10 4.534500e+00
3068.50 4.516400e+00
3068.90 4.543700e+00
3069.30 4.547100e+00
3069.70 4.458700e+00
3070.10 4.457500e+00
3070.50 4.496200e+00
3070.90 4.498700e+00
3071.30 4.448400e+00
3071.70 4.457400e+00
3072.10 4.503700e+00
3072.50 4.559700e+00
3072.90 4.518000e+00
3073.30 4.515300e+00
3073.70 4.518400e+00
3074.10 4.508900e+00
3074.50 4.502300e+00
3074.90 4.524700e+00
3075.30 4.453700e+00
3075.70 4.505200e+00
3076.10 4.507800e+00
3076.50 4.518300e+00
3076.90 4.523800e+00
3077.30 4.524700e+00
3077.70 4.494000e+00
3078.10 4.561100e+00
3078.50 4.556800e+00
3078.90 4.525300e+00
3079.30 4.565100e+00
3079.70 4.469900e+00
3080.10 4.525900e+00
3080.50 4.510500e+00
3080.90 4.522100e+00
3081.30 4.490900e+00
3081.70 4.526500e+00
3082.10 4.495700e+00
3082.50 4.547400e+00
3082.90 4.511300e+00
3083.30 4.466400e+00
3083.70 4.512100e+00
3084.10 4.504900e+00
3084.50 4.494500e+00
3084.90 4.379900e+00
3085.30 4.408300e+00
3085.70 4.504200e+00
3086.10 4.530300e+00
3086.50 4.515400e+00
3086.90 4.533400e+00
3087.30 4.523300e+00
3087.70 4.539100e+00
3088.10 4.521600e+00
3088.50 4.505000e+00
3088.90 4.477900e+00
3089.30 4.468700e+00
3089.70 4.450800e+00
3090.10 4.474300e+00
3090.50 4.492800e+00
3090.90 4.523300e+00
3091.30 4.540300e+00
3091.70 4.512300e+00
3092.10 4.497400e+00
3092.50 4.509700e+00
3092.90 4.529400e+00
3093.30 4.471900e+00
3093.70 4.532100e+00
3094.10 4.482100e+00
3094.50 4.442800e+00
3094.90 4.470400e+00
3095.30 4.484100e+00
3095.70 4.513400e+00
3096.10 4.468100e+00
3096.50 4.512600e+00
3096.90 4.429500e+00
3097.30 4.537000e+00
3097.70 4.523200e+00
3098.10 4.531100e+00
3098.50 4.524400e+00
3098.90 4.511100e+00
3099.30 4.511800e+00
3099.70 4.515600e+00
3100.10 4.495300e+00
3100.50 4.487000e+00
3100.90 4.481900e+00
3101.30 4.433600e+00
3101.70 4.465400e+00
3102.10 4.414900e+00
3102.50 4.397200e+00
3102.90 4.468900e+00
3103.30 4.470900e+00
3103.70 4.499200e+00
3104.10 4.473100e+00
3104.50 4.560900e+00
3104.90 4.515700e+00
3105.30 4.477300e+00
3105.70 4.548200e+00
3106.10 4.528600e+00
3106.50 4.515500e+00
3106.90 4.531600e+00
3107.30 4.519100e+00
3107.70 4.483500e+00
3108.10 4.469600e+00
3108.50 4.560700e+00
3108.90 4.509700e+00
3109.30 4.538200e+00
3109.70 4.563600e+00
3110.10 4.486800e+00
3110.50 4.612000e+00
3110.90 4.535200e+00
3111.30 4.534400e+00
3111.70 4.679500e+00
3112.10 4.533400e+00
3112.50 4.599200e+00
3112.90 4.622600e+00
3113.30 4.446500e+00
3113.70 4.549400e+00
3114.10 4.559800e+00
3114.50 4.590900e+00
3114.90 4.550300e+00
3115.30 4.515900e+00
3115.70 4.690400e+00
3116.10 4.580000e+00
3116.50 4.603100e+00
3116.90 4.568100e+00
3117.30 4.580200e+00
3117.70 4.573700e+00
3118.10 4.621600e+00
3118.50 4.600100e+00
3118.90 4.714400e+00
3119.30 4.579200e+00
3119.70 4.602200e+00
3120.10 4.584500e+00
3120.50 4.591400e+00
3120.90 4.423900e+00
3121.30 4.579100e+00
3121.70 4.569500e+00
3122.10 4.550400e+00
3122.50 4.662700e+00
3122.90 4.631700e+00
3123.30 4.655100e+00
3123.70 4.609600e+00
3124.10 4.625000e+00
3124.50 4.600200e+00
3124.90 4.587100e+00
3125.30 4.590900e+00
3125.70 4.546800e+00
3126.10 4.502300e+00
3126.50 4.543300e+00
3126.90 4.560400e+00
3127.30 4.538200e+00
3127.70 4.499400e+00
3128.10 4.507500e+00
3128.50 4.503100e+00
3128.90 4.521700e+00
3129.30 4.537100e+00
3129.70 4.532500e+00
3130.10 4.508400e+00
3130.50 4.534500e+00
3130.90 4.560300e+00
3131.30 4.537400e+00
3131.70 4.529000e+00
3132.10 4.495500e+00
3132.50 4.521800e+00
3132.90 4.516000e+00
3133.30 4.534500e+00
3133.70 4.518200e+00
3134.10 4.541000e+00
3134.50 4.555800e+00
3134.90 4.578200e+00
3135.30 4.538000e+00
3135.70 4.604700e+00
3136.10 4.668700e+00
3136.50 4.545600e+00
3136.90 4.394300e+00
3137.30 4.603000e+00
3137.70 4.669300e+00
3138.10 4.552000e+00
3138.50 4.566200e+00
3138.90 4.525200e+00
3139.30 4.547600e+00
3139.70 4.527700e+00
3140.10 4.522100e+00
3140.50 4.464500e+00
3140.90 4.442300e+00
3141.30 4.502700e+00
3141.70 4.464600e+00
3142.10 4.454100e+00
3142.50 4.463400e+00
3142.90 4.393700e+00
3143.30 4.447600e+00
3143.70 4.463900e+00
3144.10 4.467900e+00
3144.50 4.483300e+00
3144.90 4.453800e+00
3145.30 4.458000e+00
3145.70 4.604600e+00
3146.10 4.566500e+00
3146.50 4.612700e+00
3146.90 4.553600e+00
3147.30 4.520200e+00
3147.70 4.577800e+00
3148.10 4.592900e+00
3148.50 4.599500e+00
3148.90 4.545300e+00
3149.30 4.539700e+00
3149.70 4.443500e+00
3150.10 4.590700e+00
3150.50 4.635400e+00
3150.90 4.628700e+00
3151.30 4.843900e+00
3151.70 4.591400e+00
3152.10 4.605200e+00
3152.50 4.532700e+00
3152.90 4.514400e+00
3153.30 4.624500e+00
3153.70 4.622600e+00
3154.10 4.606700e+00
3154.50 4.626900e+00
3154.90 4.709200e+00
3155.30 4.608700e+00
3155.70 4.596300e+00
3156.10 4.586200e+00
3156.50 4.577000e+00
3156.90 4.514500e+00
3157.30 4.555100e+00
3157.70 4.603200e+00
3158.10 4.609400e+00
3158.50 4.624000e+00
3158.90 4.574900e+00
3159.30 4.597800e+00
3159.70 4.637600e+00
3160.10 4.592500e+00
3160.50 4.574000e+00
3160.90 4.578900e+00
3161.30 4.574800e+00
3161.70 4.603800e+00
3162.10 4.539800e+00
3162.50 4.550600e+00
3162.90 4.626300e+00
3163.30 4.643600e+00
3163.70 4.628700e+00
3164.10 4.531800e+00
3164.50 4.586800e+00
3164.90 4.578100e+00
3165.30 4.598700e+00
3165.70 4.586500e+00
3166.10 4.594200e+00
3166.50 4.634000e+00
3166.90 4.613400e+00
3167.30 4.640300e+00
3167.70 4.618600e+00
3168.10 4.607700e+00
3168.50 4.852900e+00
3168.90 4.602200e+00
3169.30 4.616200e+00
3169.70 4.598400e+00
3170.10 4.504300e+00
3170.50 4.601500e+00
3170.90 4.601000e+00
3171.30 4.613900e+00
3171.70 4.613500e+00
3172.10 4.600400e+00
3172.50 4.561500e+00
3172.90 4.550400e+00
3173.30 4.565200e+00
3173.70 4.524200e+00
3174.10 4.682600e+00
3174.50 4.565900e+00
3174.90 4.551000e+00
3175.30 4.504500e+00
3175.70 4.583700e+00
3176.10 4.477400e+00
3176.50 4.531200e+00
3176.90 4.559600e+00
3177.30 4.543500e+00
3177.70 4.551000e+00
3178.10 4.553100e+00
3178.50 4.568800e+00
3178.90 4.620300e+00
3179.30 4.741500e+00
3179.70 4.599000e+00
3180.10 4.526400e+00
3180.50 4.550200e+00
3180.90 4.605900e+00
3181.30 4.529800e+00
3181.70 4.503800e+00
3182.10 4.558600e+00
3182.50 4.585600e+00
3182.90 4.554800e+00
3183.30 4.553000e+00
3183.70 4.569900e+00
3184.10 4.536100e+00
3184.50 4.548800e+00
3184.90 4.561900e+00
3185.30 4.567400e+00
3185.70 4.568200e+00
3186.10 4.557200e+00
3186.50 4.595100e+00
3186.90 4.698000e+00
3187.30 4.599700e+00
3187.70 4.591100e+00
3188.10 4.529500e+00
3188.50 4.568000e+00
3188.90 4.561400e+00
3189.30 4.574900e+00
3189.70 4.522600e+00
3190.10 4.529300e+00
3190.50 4.556400e+00
3190.90 4.586700e+00
3191.30 4.650600e+00
3191.70 4.712200e+00
3192.10 4.552200e+00
3192.50 4.558700e+00
3192.90 4.560800e+00
3193.30 4.553600e+00
3193.70 4.551600e+00
3194.10 4.556600e+00
3194.50 4.468200e+00
3194.90 4.549000e+00
3195.30 4.527100e+00
3195.70 4.511500e+00
3196.10 4.536300e+00
3196.50 4.572600e+00
3196.90 4.531100e+00
3197.30 4.532400e+00
3197.70 4.520100e+00
3198.10 4.502800e+00
3198.50 4.547400e+00
3198.90 4.544900e+00
3199.30 4.518500e+00
3199.70 4.554200e+00
3200.10 4.496400e+00
3200.50 4.540000e+00
3200.90 4.516500e+00
3201.30 4.681600e+00
3201.70 4.548700e+00
3202.10 4.544000e+00
3202.50 4.507600e+00
3202.90 4.522100e+00
3203.30 4.528600e+00
3203.70 4.516500e+00
3204.10 4.520200e+00
3204.50 4.502800e+00
3204.90 4.468500e+00
3205.30 4.563200e+00
3205.70 4.621300e+00
3206.10 4.508200e+00
3206.50 4.495500e+00
3206.90 4.514400e+00
3207.30 4.508500e+00
3207.70 4.482700e+00
3208.10 4.470100e+00
3208.50 4.479100e+00
3208.90 4.422900e+00
3209.30 4.469000e+00
3209.70 4.465600e+00
3210.10 4.440000e+00
3210.50 4.464500e+00
3210.90 4.483100e+00
3211.30 4.459800e+00
3211.70 4.455800e+00
3212.10 4.431200e+00
3212.50 4.476700e+00
3212.90 4.457400e+00
3213.30 4.481700e+00
3213.70 4.441800e+00
3214.10 4.468900e+00
3214.50 4.446800e+00
3214.90 4.402400e+00
3215.30 4.386600e+00
3215.70 4.435000e+00
3216.10 4.417800e+00
3216.50 4.456200e+00
3216.90 4.433300e+00
3217.30 4.353700e+00
3217.70 4.498700e+00
3218.10 4.417300e+00
3218.50 4.413000e+00
3218.90 4.481600e+00
3219.30 4.465000e+00
3219.70 4.467300e+00
3220.10 4.485200e+00
3220.50 4.453600e+00
3220.90 4.421900e+00
3221.30 4.481100e+00
3221.70 4.502200e+00
3222.10 4.482600e+00
3222.50 4.483900e+00
3222.90 4.482300e+00
3223.30 4.449400e+00
3223.70 4.450300e+00
3224.10 4.449300e+00
3224.50 4.441300e+00
3224.90 4.349800e+00
3225.30 4.448400e+00
3225.70 4.407200e+00
3226.10 4.427900e+00
3226.50 4.432500e+00
3226.90 4.419300e+00
3227.30 4.433800e+00
3227.70 4.361400e+00
3228.10 4.424000e+00
3228.50 4.399900e+00
3228.90 4.395200e+00
3229.30 4.395200e+00
3229.70 4.427700e+00
3230.10 4.414700e+00
3230.50 4.366200e+00
3230.90 4.382500e+00
3231.30 4.357000e+00
3231.70 4.444400e+00
3232.10 4.447800e+00
3232.50 4.442600e+00
3232.90 4.356300e+00
3233.30 4.364000e+00
3233.70 4.382500e+00
3234.10 4.362700e+00
3234.50 4.407800e+00
3234.90 4.407700e+00
3235.30 4.317100e+00
3235.70 4.462200e+00
3236.10 4.329200e+00
3236.50 4.375500e+00
3236.90 4.389100e+00
3237.30 4.383700e+00
3237.70 4.421000e+00
3238.10 4.385800e+00
3238.50 4.385600e+00
3238.90 4.393800e+00
3239.30 4.425300e+00
3239.70 4.432200e+00
3240.10 4.379800e+00
3240.50 4.351700e+00
3240.90 4.451000e+00
3241.30 4.399700e+00
3241.70 4.390500e+00
3242.10 4.333600e+00
3242.50 4.433000e+00
3242.90 4.382100e+00
3243.30 4.359200e+00
3243.70 4.366000e+00
3244.10 4.388700e+00
3244.50 4.349700e+00
3244.90 4.354400e+00
3245.30 4.364400e+00
3245.70 4.370000e+00
3246.10 4.397300e+00
3246.50 4.280300e+00
3246.90 4.322900e+00
3247.30 4.329300e+00
3247.70 4.378900e+00
3248.10 4.352300e+00
3248.50 4.271400e+00
3248.90 4.265200e+00
3249.30 4.354100e+00
3249.70 4.275900e+00
3250.10 4.343900e+00
3250.50 4.359600e+00
3250.90 4.368400e+00
3251.30 4.333700e+00
3251.70 4.302200e+00
3252.10 4.369200e+00
3252.50 4.364400e+00
3252.90 4.354400e+00
3253.30 4.368200e+00
3253.70 4.359400e+00
3254.10 4.326600e+00
3254.50 4.351800e+00
3254.90 4.392400e+00
3255.30 4.444300e+00
3255.70 4.423900e+00
3256.10 4.393100e+00
3256.50 4.346700e+00
3256.90 4.380800e+00
3257.30 4.388500e+00
3257.70 4.409700e+00
3258.10 4.384800e+00
3258.50 4.539200e+00
3258.90 4.405400e+00
3259.30 4.292500e+00
3259.70 4.340000e+00
3260.10 4.401100e+00
3260.50 4.453000e+00
3260.90 4.425700e+00
3261.30 4.488900e+00
3261.70 4.398200e+00
3262.10 4.366400e+00
3262.50 4.401400e+00
3262.90 4.375800e+00
3263.30 4.424000e+00
3263.70 4.422200e+00
3264.10 4.401100e+00
3264.50 4.363300e+00
3264.90 4.416200e+00
3265.30 4.411900e+00
3265.70 4.369100e+00
3266.10 4.420100e+00
3266.50 4.421400e+00
3266.90 4.348200e+00
3267.30 4.415100e+00
3267.70 4.400600e+00
3268.10 4.363900e+00
3268.50 4.413800e+00
3268.90 4.402900e+00
3269.30 4.413300e+00
3269.70 4.428300e+00
3270.10 4.295400e+00
3270.50 4.288300e+00
3270.90 4.305500e+00
3271.30 4.235600e+00
3271.70 4.262500e+00
3272.10 4.283100e+00
3272.50 4.291500e+00
3272.90 4.336600e+00
3273.30 4.313300e+00
3273.70 4.287700e+00
3274.10 4.250500e+00
3274.50 4.206000e+00
3274.90 4.231600e+00
3275.30 4.178600e+00
3275.70 4.198000e+00
3276.10 4.219000e+00
3276.50 4.224100e+00
3276.90 4.259300e+00
3277.30 4.240100e+00
3277.70 4.233100e+00
3278.10 4.215300e+00
3278.50 4.203200e+00
3278.90 4.227000e+00
3279.30 4.342400e+00
3279.70 4.217500e+00
3280.10 4.239700e+00
3280.50 4.221300e+00
3280.90 4.224000e+00
3281.30 4.167000e+00
3281.70 4.240600e+00
3282.10 4.252700e+00
3282.50 4.208300e+00
3282.90 4.124400e+00
3283.30 4.205200e+00
3283.70 4.273300e+00
3284.10 4.227200e+00
3284.50 4.227600e+00
3284.90 4.180400e+00
3285.30 4.300700e+00
3285.70 4.178400e+00
3286.10 4.145000e+00
3286.50 4.019400e+00
3286.90 4.149900e+00
3287.30 4.250600e+00
3287.70 4.218900e+00
3288.10 4.230500e+00
3288.50 4.215600e+00
3288.90 4.301300e+00
3289.30 4.311900e+00
3289.70 4.353900e+00
3290.10 4.517400e+00
3290.50 4.710900e+00
3290.90 4.336200e+00
3291.30 4.710000e+00
3291.70 4.618400e+00
3292.10 4.658100e+00
3292.50 4.752600e+00
3292.90 4.675300e+00
3293.30 4.530600e+00
3293.70 4.673100e+00
3294.10 4.609900e+00
3294.50 4.682700e+00
3294.90 4.643800e+00
3295.30 4.681100e+00
3295.70 4.708100e+00
3296.10 4.602700e+00
3296.50 4.227500e+00
3296.90 4.584100e+00
3297.30 4.634800e+00
3297.70 4.281300e+00
3298.10 4.677900e+00
3298.50 4.668100e+00
3298.90 4.279400e+00
3299.30 4.262200e+00
3299.70 4.262100e+00
3300.10 4.241000e+00
3300.50 4.151300e+00
3300.90 4.435900e+00
3301.30 4.200800e+00
3301.70 4.657400e+00
3302.10 4.622000e+00
3302.50 4.324400e+00
3302.90 4.124700e+00
3303.30 4.581300e+00
3303.70 4.611300e+00
3304.10 4.348800e+00
3304.50 4.197200e+00
3304.90 4.598700e+00
3305.30 4.571100e+00
3305.70 4.401300e+00
3306.10 4.198500e+00
3306.50 4.120800e+00
3306.90 4.534000e+00
3307.30 4.548500e+00
3307.70 4.205700e+00
3308.10 4.092600e+00
3308.50 4.068600e+00
3308.90 4.540900e+00
3309.30 4.496100e+00
3309.70 4.118100e+00
3310.10 4.182100e+00
3310.50 4.074400e+00
3310.90 4.317800e+00
3311.30 4.592400e+00
3311.70 4.215000e+00
3312.10 4.137100e+00
3312.50 4.087100e+00
3312.90 4.527700e+00
3313.30 4.498400e+00
3313.70 4.234600e+00
3314.10 4.163100e+00
3314.50 4.206300e+00
3314.90 4.186600e+00
3315.30 4.133100e+00
3315.70 4.255900e+00
3316.10 4.147900e+00
3316.50 4.094100e+00
3316.90 4.119900e+00
3317.30 4.275500e+00
3317.70 4.519900e+00
3318.10 4.149800e+00
3318.50 4.189100e+00
3318.90 4.103300e+00
3319.30 4.111200e+00
3319.70 4.258000e+00
3320.10 4.173900e+00
3320.50 4.172900e+00
3320.90 4.109200e+00
3321.30 4.058600e+00
3321.70 4.063600e+00
3322.10 4.151600e+00
3322.50 4.040700e+00
3322.90 4.123600e+00
3323.30 4.093600e+00
3323.70 4.081300e+00
3324.10 4.097100e+00
3324.50 3.990600e+00
3324.90 4.113100e+00
3325.30 4.215700e+00
3325.70 4.069700e+00
3326.10 4.065900e+00
3326.50 4.061500e+00
3326.90 4.060100e+00
3327.30 4.084700e+00
3327.70 4.073900e+00
3328.10 4.086100e+00
3328.50 4.066400e+00
3328.90 4.062200e+00
3329.30 4.017700e+00
3329.70 4.064700e+00
3330.10 4.060500e+00
3330.50 4.060300e+00
3330.90 4.074700e+00
3331.30 4.090000e+00
3331.70 4.072300e+00
3332.10 4.056000e+00
3332.50 4.057900e+00
3332.90 4.061200e+00
3333.30 4.052300e+00
3333.70 4.076900e+00
3334.10 4.066200e+00
3334.50 4.103100e+00
3334.90 4.053100e+00
3335.30 4.047500e+00
3335.70 4.008800e+00
3336.10 4.026500e+00
3336.50 3.987300e+00
3336.90 4.009400e+00
3337.30 4.011800e+00
3337.70 3.990000e+00
3338.10 4.006400e+00
3338.50 3.986400e+00
3338.90 3.961200e+00
3339.30 3.993900e+00
3339.70 4.058900e+00
3340.10 4.161200e+00
3340.50 4.013400e+00
3340.90 4.069400e+00
3341.30 4.063900e+00
3341.70 4.068900e+00
3342.10 4.163700e+00
3342.50 4.093100e+00
3342.90 3.973200e+00
3343.30 3.954600e+00
3343.70 3.993600e+00
3344.10 3.961900e+00
3344.50 4.031100e+00
3344.90 4.051300e+00
3345.30 4.020900e+00
3345.70 4.026400e+00
3346.10 4.088400e+00
3346.50 4.020200e+00
3346.90 3.997900e+00
3347.30 4.035400e+00
3347.70 3.984000e+00
3348.10 3.953300e+00
3348.50 3.995100e+00
3348.90 3.984700e+00
3349.30 3.930100e+00
3349.70 3.953600e+00
3350.10 3.995000e+00
3350.50 3.989200e+00
3350.90 4.052500e+00
3351.30 3.995700e+00
3351.70 3.991400e+00
3352.10 3.998800e+00
3352.50 4.002700e+00
3352.90 3.959100e+00
3353.30 3.997800e+00
3353.70 3.988200e+00
3354.10 3.999100e+00
3354.50 3.979300e+00
3354.90 3.962800e+00
3355.30 3.904600e+00
3355.70 3.874700e+00
3356.10 3.971400e+00
3356.50 4.201100e+00
3356.90 4.093700e+00
3357.30 3.966800e+00
3357.70 3.915900e+00
3358.10 3.944300e+00
3358.50 3.981800e+00
3358.90 3.936900e+00
3359.30 4.004500e+00
3359.70 3.916300e+00
3360.10 3.948400e+00
3360.50 4.057800e+00
3360.90 4.075400e+00
3361.30 3.949800e+00
3361.70 3.951800e+00
3362.10 3.938500e+00
3362.50 3.970700e+00
3362.90 3.936400e+00
3363.30 3.935600e+00
3363.70 3.932800e+00
3364.10 3.935900e+00
3364.50 3.953200e+00
3364.90 3.973900e+00
3365.30 3.996500e+00
3365.70 4.009200e+00
3366.10 4.104200e+00
3366.50 4.122000e+00
3366.90 4.059000e+00
3367.30 4.061700e+00
3367.70 3.962700e+00
3368.10 3.958200e+00
3368.50 3.942800e+00
3368.90 3.923600e+00
3369.30 3.893600e+00
3369.70 3.985500e+00
3370.10 3.932600e+00
3370.50 3.925600e+00
3370.90 3.933600e+00
3371.30 3.923300e+00
3371.70 3.956800e+00
3372.10 3.903000e+00
3372.50 3.940100e+00
3372.90 3.933800e+00
3373.30 3.947900e+00
3373.70 3.931400e+00
3374.10 3.962600e+00
3374.50 3.924900e+00
3374.90 3.923400e+00
3375.30 4.080600e+00
3375.70 4.132600e+00
3376.10 3.954000e+00
3376.50 3.920500e+00
3376.90 3.895100e+00
3377.30 3.921700e+00
3377.70 4.063900e+00
3378.10 3.957400e+00
3378.50 3.936300e+00
3378.90 3.892000e+00
3379.30 3.938500e+00
3379.70 3.943700e+00
3380.10 3.927500e+00
3380.50 3.895400e+00
3380.90 3.851700e+00
3381.30 3.930400e+00
3381.70 4.055500e+00
3382.10 3.896400e+00
3382.50 3.946400e+00
3382.90 3.888600e+00
3383.30 3.898000e+00
3383.70 3.897900e+00
3384.10 3.917600e+00
3384.50 3.923300e+00
3384.90 3.893500e+00
3385.30 3.878400e+00
3385.70 3.906800e+00
3386.10 3.977100e+00
3386.50 3.892100e+00
3386.90 3.957900e+00
3387.30 4.198500e+00
3387.70 3.969600e+00
3388.10 3.939800e+00
3388.50 3.915600e+00
3388.90 3.922700e+00
3389.30 3.963100e+00
3389.70 3.913700e+00
3390.10 3.916900e+00
3390.50 3.943700e+00
3390.90 3.899800e+00
3391.30 3.895500e+00
3391.70 3.907200e+00
3392.10 3.916300e+00
3392.50 3.920300e+00
3392.90 3.926200e+00
3393.30 3.946700e+00
3393.70 3.938000e+00
3394.10 3.917700e+00
3394.50 3.925700e+00
3394.90 3.969200e+00
3395.30 3.960000e+00
3395.70 4.039900e+00
3396.10 4.056600e+00
3396.50 3.925600e+00
3396.90 3.961600e+00
3397.30 3.915500e+00
3397.70 3.951400e+00
3398.10 3.944900e+00
3398.50 3.906300e+00
3398.90 3.991600e+00
3399.30 3.973400e+00
3399.70 4.016900e+00
3400.10 3.960900e+00
3400.50 3.963100e+00
3400.90 4.089200e+00
3401.30 4.176500e+00
3401.70 3.984400e+00
3402.10 4.019800e+00
3402.50 3.959600e+00
3402.90 3.998100e+00
3403.30 4.003600e+00
3403.70 3.976100e+00
3404.10 4.082600e+00
3404.50 4.092600e+00
3404.90 3.948400e+00
3405.30 4.032000e+00
3405.70 4.000700e+00
3406.10 4.027500e+00
3406.50 4.005800e+00
3406.90 3.922000e+00
3407.30 4.041100e+00
3407.70 3.976900e+00
3408.10 3.948200e+00
3408.50 4.039700e+00
3408.90 4.096700e+00
3409.30 3.980600e+00
3409.70 3.985400e+00
3410.10 3.967900e+00
3410.50 3.926900e+00
3410.90 3.949600e+00
3411.30 4.008100e+00
3411.70 3.974800e+00
3412.10 4.080500e+00
3412.50 4.026300e+00
3412.90 3.975500e+00
3413.30 4.087300e+00
3413.70 4.014200e+00
3414.10 3.966700e+00
3414.50 3.970600e+00
3414.90 3.993700e+00
3415.30 4.037700e+00
3415.70 4.026600e+00
3416.10 4.014600e+00
3416.50 3.993300e+00
3416.90 4.186500e+00
3417.30 4.020300e+00
3417.70 4.018300e+00
3418.10 3.996600e+00
3418.50 4.024800e+00
3418.90 4.022500e+00
3419.30 3.950200e+00
3419.70 3.935500e+00
3420.10 3.995000e+00
3420.50 3.947200e+00
3420.90 3.986500e+00
3421.30 3.940200e+00
3421.70 3.932800e+00
3422.10 3.963600e+00
3422.50 3.955100e+00
3422.90 3.993900e+00
3423.30 3.863000e+00
3423.70 3.967200e+00
3424.10 4.004000e+00
3424.50 4.014500e+00
3424.90 3.942100e+00
3425.30 3.956100e+00
3425.70 3.924000e+00
3426.10 3.971300e+00
3426.50 4.054300e+00
3426.90 4.044200e+00
3427.30 4.189300e+00
3427.70 3.973700e+00
3428.10 3.886600e+00
3428.50 3.932500e+00
3428.90 3.842100e+00
3429.30 3.856700e+00
3429.70 3.868200e+00
3430.10 3.873500e+00
3430.50 4.040100e+00
3430.90 3.857200e+00
3431.30 3.832700e+00
3431.70 3.849300e+00
3432.10 3.817300e+00
3432.50 3.836800e+00
3432.90 3.814200e+00
3433.30 3.825500e+00
3433.70 3.866600e+00
3434.10 3.813600e+00
3434.50 3.832500e+00
3434.90 3.900500e+00
3435.30 3.861700e+00
3435.70 3.785100e+00
3436.10 3.810000e+00
3436.50 3.839900e+00
3436.90 3.814400e+00
3437.30 3.813700e+00
3437.70 3.798500e+00
3438.10 3.784200e+00
3438.50 3.750400e+00
3438.90 3.781700e+00
3439.30 3.809500e+00
3439.70 3.764000e+00
3440.10 3.814700e+00
3440.50 3.834600e+00
3440.90 3.831100e+00
3441.30 3.853800e+00
3441.70 3.846100e+00
3442.10 3.838600e+00
3442.50 3.909600e+00
3442.90 3.832000e+00
3443.30 3.833000e+00
3443.70 3.814800e+00
3444.10 3.780800e+00
3444.50 3.736900e+00
3444.90 3.792700e+00
3445.30 3.759400e+00
3445.70 3.835000e+00
3446.10 3.830600e+00
3446.50 3.729900e+00
3446.90 3.747600e+00
3447.30 3.800500e+00
3447.70 3.816000e+00
3448.10 3.827500e+00
3448.50 3.778400e+00
3448.90 3.809400e+00
3449.30 3.965900e+00
3449.70 3.844700e+00
3450.10 3.732300e+00
3450.50 3.719800e+00
3450.90 3.842200e+00
3451.30 3.786700e+00
3451.70 3.789600e+00
3452.10 3.885900e+00
3452.50 3.890100e+00
3452.90 3.853400e+00
3453.30 3.819400e+00
3453.70 3.890600e+00
3454.10 3.935200e+00
3454.50 3.934100e+00
3454.90 3.936600e+00
3455.30 3.894600e+00
3455.70 3.869500e+00
3456.10 3.896600e+00
3456.50 3.886100e+00
3456.90 3.870100e+00
3457.30 3.860100e+00
3457.70 3.876100e+00
3458.10 3.860800e+00
3458.50 3.847300e+00
3458.90 3.831300e+00
3459.30 3.870800e+00
3459.70 3.888800e+00
3460.10 3.884100e+00
3460.50 3.889900e+00
3460.90 3.886600e+00
3461.30 3.854800e+00
3461.70 4.085900e+00
3462.10 3.788400e+00
3462.50 3.817100e+00
3462.90 3.838700e+00
3463.30 3.873600e+00
3463.70 3.868200e+00
3464.10 3.789100e+00
3464.50 3.806200e+00
3464.90 3.875900e+00
3465.30 3.846200e+00
3465.70 3.836500e+00
3466.10 3.842100e+00
3466.50 3.870900e+00
3466.90 3.851400e+00
3467.30 3.878700e+00
3467.70 3.810500e+00
3468.10 3.856400e+00
3468.50 3.847000e+00
3468.90 3.796200e+00
3469.30 3.727200e+00
3469.70 3.825000e+00
3470.10 3.824000e+00
3470.50 3.893600e+00
3470.90 3.933200e+00
3471.30 3.808100e+00
3471.70 3.840400e+00
3472.10 3.878900e+00
3472.50 3.800800e+00
3472.90 3.847000e+00
3473.30 3.834600e+00
3473.70 3.867200e+00
3474.10 3.821500e+00
3474.50 3.842400e+00
3474.90 3.839800e+00
3475.30 3.835700e+00
3475.70 3.962500e+00
3476.10 3.907400e+00
3476.50 3.788900e+00
3476.90 3.866100e+00
3477.30 3.876900e+00
3477.70 3.803500e+00
3478.10 3.811100e+00
3478.50 3.837700e+00
3478.90 3.820900e+00
3479.30 3.817900e+00
3479.70 3.743800e+00
3480.10 3.731100e+00
3480.50 3.813300e+00
3480.90 3.795500e+00
3481.30 3.791400e+00
3481.70 3.830900e+00
3482.10 3.833500e+00
3482.50 3.854100e+00
3482.90 3.825400e+00
3483.30 3.797400e+00
3483.70 3.781800e+00
3484.10 3.779200e+00
3484.50 3.636500e+00
3484.90 3.743400e+00
3485.30 3.808800e+00
3485.70 3.809800e+00
3486.10 3.767800e+00
3486.50 3.778900e+00
3486.90 3.783900e+00
3487.30 3.808100e+00
3487.70 3.759000e+00
3488.10 3.789600e+00
3488.50 3.827700e+00
3488.90 3.805700e+00
3489.30 3.758000e+00
3489.70 3.791100e+00
3490.10 3.811500e+00
3490.50 3.794200e+00
3490.90 3.789500e+00
3491.30 3.859100e+00
3491.70 3.904600e+00
3492.10 3.793700e+00
3492.50 3.794000e+00
3492.90 3.731000e+00
3493.30 3.751000e+00
3493.70 3.746900e+00
3494.10 3.726300e+00
3494.50 3.787900e+00
3494.90 3.736200e+00
3495.30 3.786100e+00
3495.70 3.781000e+00
3496.10 3.785900e+00
3496.50 3.752500e+00
3496.90 3.745900e+00
3497.30 3.746400e+00
3497.70 3.717200e+00
3498.10 3.777700e+00
3498.50 3.748000e+00
3498.90 3.725000e+00
3499.30 3.706000e+00
3499.70 3.775500e+00
3500.10 3.725900e+00
3500.50 3.768100e+00
3500.90 3.719300e+00
3501.30 3.725900e+00
3501.70 3.679900e+00
3502.10 3.703300e+00
3502.50 3.718800e+00
3502.90 3.738600e+00
3503.30 3.698800e+00
3503.70 3.698100e+00
3504.10 3.719200e+00
3504.50 3.749700e+00
3504.90 3.716500e+00
3505.30 3.762400e+00
3505.70 3.746900e+00
3506.10 3.738200e+00
3506.50 3.700400e+00
3506.90 3.728000e+00
3507.30 3.700400e+00
3507.70 3.685200e+00
3508.10 3.727500e+00
3508.50 3.690800e+00
3508.90 3.747400e+00
3509.30 3.736200e+00
3509.70 3.695900e+00
3510.10 3.690100e+00
3510.50 3.651500e+00
3510.90 3.713700e+00
3511.30 3.687700e+00
3511.70 3.714000e+00
3512.10 3.701800e+00
3512.50 3.666900e+00
3512.90 3.641000e+00
3513.30 3.591200e+00
3513.70 3.624700e+00
3514.10 3.674300e+00
3514.50 3.654000e+00
3514.90 3.597000e+00
3515.30 3.662100e+00
3515.70 3.603700e+00
3516.10 3.619200e+00
3516.50 3.644800e+00
3516.90 3.588900e+00
3517.30 3.558400e+00
3517.70 3.625200e+00
3518.10 3.619500e+00
3518.50 3.564300e+00
3518.90 3.605900e+00
3519.30 3.627900e+00
3519.70 3.670500e+00
3520.10 3.639600e+00
3520.50 3.602300e+00
3520.90 3.554300e+00
3521.30 3.611700e+00
3521.70 3.627200e+00
3522.10 3.622500e+00
3522.50 3.512000e+00
3522.90 3.565000e+00
3523.30 3.601700e+00
3523.70 3.570800e+00
3524.10 3.578800e+00
3524.50 3.540100e+00
3524.90 3.601100e+00
3525.30 3.597900e+00
3525.70 3.598700e+00
3526.10 3.532200e+00
3526.50 3.611500e+00
3526.90 3.573600e+00
3527.30 3.588700e+00
3527.70 3.544200e+00
3528.10 3.622700e+00
3528.50 3.593900e+00
3528.90 3.546800e+00
3529.30 3.496300e+00
3529.70 3.548100e+00
3530.10 3.551700e+00
3530.50 3.582000e+00
3530.90 3.601800e+00
3531.30 3.544100e+00
3531.70 3.558500e+00
3532.10 3.555500e+00
3532.50 3.549300e+00
3532.90 3.523900e+00
3533.30 3.621500e+00
3533.70 3.557000e+00
3534.10 3.519200e+00
3534.50 3.489800e+00
3534.90 3.525200e+00
3535.30 3.600300e+00
3535.70 3.480600e+00
3536.10 3.638000e+00
3536.50 3.490900e+00
3536.90 3.458100e+00
3537.30 3.489100e+00
3537.70 3.454700e+00
3538.10 3.500500e+00
3538.50 3.589700e+00
3538.90 3.493100e+00
3539.30 3.495700e+00
3539.70 3.471900e+00
3540.10 3.501200e+00
3540.50 3.502000e+00
3540.90 3.480800e+00
3541.30 3.407900e+00
3541.70 3.392200e+00
3542.10 3.362200e+00
3542.50 3.495000e+00
3542.90 3.491900e+00
3543.30 3.429000e+00
3543.70 3.490500e+00
3544.10 3.422700e+00
3544.50 3.453200e+00
3544.90 3.452000e+00
3545.30 3.400600e+00
3545.70 3.506400e+00
3546.10 3.467200e+00
3546.50 3.400200e+00
3546.90 3.561800e+00
3547.30 3.468800e+00
3547.70 3.495100e+00
3548.10 3.441300e+00
3548.50 3.553900e+00
3548.90 3.480500e+00
3549.30 3.434700e+00
3549.70 3.431100e+00
3550.10 3.325200e+00
3550.50 3.519500e+00
3550.90 3.477800e+00
3551.30 3.440400e+00
3551.70 3.414700e+00
3552.10 3.428300e+00
3552.50 3.452800e+00
3552.90 3.428500e+00
3553.30 3.442500e+00
3553.70 3.419800e+00
3554.10 3.456800e+00
3554.50 3.474500e+00
3554.90 3.496400e+00
3555.30 3.468300e+00
3555.70 3.470200e+00
3556.10 3.451800e+00
3556.50 3.425600e+00
3556.90 3.455200e+00
3557.30 3.498500e+00
3557.70 3.458800e+00
3558.10 3.510600e+00
3558.50 3.497900e+00
3558.90 3.462200e+00
3559.30 3.517100e+00
3559.70 3.437800e+00
3560.10 3.458300e+00
3560.50 3.467500e+00
3560.90 3.514300e+00
3561.30 3.493000e+00
3561.70 3.450800e+00
3562.10 3.455800e+00
3562.50 3.446500e+00
3562.90 3.410400e+00
3563.30 3.472300e+00
3563.70 3.642400e+00
3564.10 3.466000e+00
3564.50 3.412900e+00
3564.90 3.410400e+00
3565.30 3.480900e+00
3565.70 3.361900e+00
3566.10 3.477300e+00
3566.50 3.459900e+00
3566.90 3.469900e+00
3567.30 3.448300e+00
3567.70 3.496300e+00
3568.10 3.478700e+00
3568.50 3.402300e+00
3568.90 3.482700e+00
3569.30 3.485800e+00
3569.70 3.475200e+00
3570.10 3.431600e+00
3570.50 3.493800e+00
3570.90 3.385100e+00
3571.30 3.418700e+00
3571.70 3.470900e+00
3572.10 3.451100e+00
3572.50 3.437700e+00
3572.90 3.396500e+00
3573.30 3.395000e+00
3573.70 3.411800e+00
3574.10 3.436000e+00
3574.50 3.419600e+00
3574.90 3.391800e+00
3575.30 3.444900e+00
3575.70 3.299700e+00
3576.10 3.406700e+00
3576.50 3.397300e+00
3576.90 3.277600e+00
3577.30 3.308300e+00
3577.70 3.295100e+00
3578.10 3.323300e+00
3578.50 3.268300e+00
3578.90 3.275100e+00
3579.30 3.327400e+00
3579.70 3.308700e+00
3580.10 3.304900e+00
3580.50 3.323800e+00
3580.90 3.345800e+00
3581.30 3.242500e+00
3581.70 3.241700e+00
3582.10 3.303700e+00
3582.50 3.115500e+00
3582.90 3.194500e+00
3583.30 3.308600e+00
3583.70 3.338200e+00
3584.10 3.314100e+00
3584.50 3.386700e+00
3584.90 3.344800e+00
3585.30 3.471600e+00
3585.70 3.353900e+00
3586.10 3.438600e+00
3586.50 3.575000e+00
3586.90 3.513800e+00
3587.30 3.423400e+00
3587.70 3.327000e+00
3588.10 3.424500e+00
3588.50 3.518700e+00
3588.90 3.341100e+00
3589.30 3.381900e+00
3589.70 3.690400e+00
3590.10 3.468800e+00
3590.50 3.408500e+00
3590.90 3.410200e+00
3591.30 3.344100e+00
3591.70 3.480000e+00
3592.10 3.384500e+00
3592.50 3.336900e+00
3592.90 3.516500e+00
3593.30 3.351600e+00
3593.70 3.437500e+00
3594.10 3.650500e+00
3594.50 3.375900e+00
3594.90 3.377200e+00
3595.30 3.436300e+00
3595.70 3.447400e+00
3596.10 3.413600e+00
3596.50 3.323300e+00
3596.90 3.407100e+00
3597.30 3.351700e+00
3597.70 3.457600e+00
3598.10 3.449600e+00
3598.50 3.336100e+00
3598.90 3.402400e+00
3599.30 3.421300e+00
3599.70 3.417800e+00
3600.10 3.468000e+00
3600.50 3.418800e+00
3600.90 3.310100e+00
3601.30 3.375200e+00
3601.70 3.315400e+00
3602.10 3.320600e+00
3602.50 3.306300e+00
3602.90 3.306300e+00
3603.30 3.179600e+00
3603.70 3.190300e+00
3604.10 3.371200e+00
3604.50 3.291400e+00
3604.90 3.295400e+00
3605.30 3.298200e+00
3605.70 3.248400e+00
3606.10 3.324800e+00
3606.50 3.271100e+00
3606.90 3.233200e+00
3607.30 3.249800e+00
3607.70 3.327900e+00
3608.10 3.307400e+00
3608.50 3.245800e+00
3608.90 3.228800e+00
3609.30 3.291300e+00
3609.70 3.252300e+00
3610.10 3.303800e+00
3610.50 3.287700e+00
3610.90 3.262000e+00
3611.30 3.259500e+00
3611.70 3.334500e+00
3612.10 3.325800e+00
3612.50 3.287900e+00
3612.90 3.320200e+00
3613.30 3.379100e+00
3613.70 3.517200e+00
3614.10 3.566700e+00
3614.50 3.248400e+00
3614.90 3.250200e+00
3615.30 3.294300e+00
3615.70 3.285800e+00
3616.10 3.383100e+00
3616.50 3.312200e+00
3616.90 3.190200e+00
3617.30 3.451500e+00
3617.70 3.439000e+00
3618.10 3.293700e+00
3618.50 3.301800e+00
3618.90 3.264000e+00
3619.30 3.251400e+00
3619.70 3.266700e+00
3620.10 3.254300e+00
3620.50 3.292600e+00
3620.90 3.293400e+00
3621.30 3.279200e+00
3621.70 3.315400e+00
3622.10 3.246000e+00
3622.50 3.383000e+00
3622.90 3.315000e+00
3623.30 3.277800e+00
3623.70 3.306400e+00
3624.10 3.305200e+00
3624.50 3.277200e+00
3624.90 3.250100e+00
3625.30 3.297500e+00
3625.70 3.306700e+00
3626.10 3.262300e+00
3626.50 3.270900e+00
3626.90 3.258000e+00
3627.30 3.252800e+00
3627.70 3.283200e+00
3628.10 3.276800e+00
3628.50 3.435000e+00
3628.90 3.421100e+00
3629.30 3.410100e+00
3629.70 3.374200e+00
3630.10 3.509600e+00
3630.50 3.404500e+00
3630.90 3.315300e+00
3631.30 3.380200e+00
3631.70 3.326300e+00
3632.10 3.301700e+00
3632.50 3.271200e+00
3632.90 3.252700e+00
3633.30 3.325000e+00
3633.70 3.323900e+00
3634.10 3.365600e+00
3634.50 3.351300e+00
3634.90 3.356000e+00
3635.30 3.335400e+00
3635.70 3.325100e+00
3636.10 3.343300e+00
3636.50 3.321800e+00
3636.90 3.293700e+00
3637.30 3.551700e+00
3637.70 3.578000e+00
3638.10 3.339300e+00
3638.50 3.348600e+00
3638.90 3.358100e+00
3639.30 3.386900e+00
3639.70 3.340900e+00
3640.10 3.325300e+00
3640.50 3.337100e+00
3640.90 3.345600e+00
3641.30 3.307000e+00
3641.70 3.352200e+00
3642.10 3.314000e+00
3642.50 3.298000e+00
3642.90 3.269000e+00
3643.30 3.273600e+00
3643.70 3.321600e+00
3644.10 3.259600e+00
3644.50 3.491300e+00
3644.90 3.353600e+00
3645.30 3.292200e+00
3645.70 3.326400e+00
3646.10 3.289800e+00
3646.50 3.314300e+00
3646.90 3.312100e+00
3647.30 3.332900e+00
3647.70 3.290500e+00
3648.10 3.286800e+00
3648.50 3.196500e+00
3648.90 3.204500e+00
3649.30 3.285000e+00
3649.70 3.331700e+00
3650.10 3.269100e+00
3650.50 3.310300e+00
3650.90 3.726300e+00
3651.30 3.424200e+00
3651.70 3.250700e+00
3652.10 3.278900e+00
3652.50 3.283000e+00
3652.90 3.138900e+00
3653.30 3.136800e+00
3653.70 3.244500e+00
3654.10 3.215800e+00
3654.50 3.230100e+00
3654.90 3.241800e+00
3655.30 3.234600e+00
3655.70 3.242600e+00
3656.10 3.274100e+00
3656.50 3.291700e+00
3656.90 3.341700e+00
3657.30 3.378100e+00
3657.70 3.433100e+00
3658.10 3.436300e+00
3658.50 3.246100e+00
3658.90 3.181500e+00
3659.30 3.223100e+00
3659.70 3.211100e+00
3660.10 3.150700e+00
3660.50 3.392100e+00
3660.90 3.317100e+00
3661.30 3.300800e+00
3661.70 3.305000e+00
3662.10 3.315700e+00
3662.50 3.194800e+00
3662.90 3.187700e+00
3663.30 3.290100e+00
3663.70 3.272800e+00
3664.10 3.253500e+00
3664.50 3.254000e+00
3664.90 3.226700e+00
3665.30 3.213100e+00
3665.70 3.189900e+00
3666.10 3.415800e+00
3666.50 3.347400e+00
3666.90 3.196200e+00
3667.30 3.172100e+00
3667.70 3.139100e+00
3668.10 3.189800e+00
3668.50 3.181300e+00
3668.90 3.039800e+00
3669.30 3.067300e+00
3669.70 3.254000e+00
3670.10 3.238100e+00
3670.50 3.275700e+00
3670.90 3.210300e+00
3671.30 3.232100e+00
3671.70 3.224100e+00
3672.10 3.226900e+00
3672.50 3.254800e+00
3672.90 3.228000e+00
3673.30 3.266300e+00
3673.70 3.258400e+00
3674.10 3.247600e+00
3674.50 3.237300e+00
3674.90 3.243700e+00
3675.30 3.219900e+00
3675.70 3.115600e+00
3676.10 3.164700e+00
3676.50 3.225300e+00
3676.90 3.211900e+00
3677.30 3.225000e+00
3677.70 3.217000e+00
3678.10 3.244300e+00
3678.50 3.277900e+00
3678.90 3.170800e+00
3679.30 3.194100e+00
3679.70 3.206300e+00
3680.10 3.182400e+00
3680.50 3.188200e+00
3680.90 3.169800e+00
3681.30 3.169500e+00
3681.70 3.010900e+00
3682.10 2.987400e+00
3682.50 3.120800e+00
3682.90 3.309200e+00
3683.30 3.325600e+00
3683.70 3.243800e+00
3684.10 3.146900e+00
3684.50 3.163700e+00
3684.90 3.196100e+00
3685.30 3.191700e+00
3685.70 3.190600e+00
3686.10 3.205300e+00
3686.50 3.200000e+00
3686.90 3.184500e+00
3687.30 3.214400e+00
3687.70 3.238100e+00
3688.10 3.237200e+00
3688.50 3.175000e+00
3688.90 3.220000e+00
3689.30 3.209300e+00
3689.70 3.232800e+00
3690.10 3.238500e+00
3690.50 3.215100e+00
3690.90 3.210100e+00
3691.30 3.125400e+00
3691.70 3.199500e+00
3692.10 3.238500e+00
3692.50 3.211700e+00
3692.90 3.228700e+00
3693.30 3.168900e+00
3693.70 3.173900e+00
3694.10 3.208400e+00
3694.50 3.236200e+00
3694.90 3.168100e+00
3695.30 3.183000e+00
3695.70 3.171900e+00
3696.10 3.187300e+00
3696.50 3.147400e+00
3696.90 3.111700e+00
3697.30 3.101300e+00
3697.70 3.187100e+00
3698.10 3.173100e+00
3698.50 3.146600e+00
3698.90 3.136200e+00
3699.30 3.133000e+00
3699.70 3.142200e+00
3700.10 3.038300e+00
3700.50 2.976900e+00
3700.90 3.107500e+00
3701.30 3.148400e+00
3701.70 3.115600e+00
3702.10 3.187400e+00
3702.50 3.198200e+00
3702.90 3.153100e+00
3703.30 3.115000e+00
3703.70 3.117300e+00
3704.10 3.089300e+00
3704.50 3.116800e+00
3704.90 3.042800e+00
3705.30 3.056600e+00
3705.70 3.120800e+00
3706.10 3.157500e+00
3706.50 3.136800e+00
3706.90 3.123000e+00
3707.30 3.153700e+00
3707.70 3.126800e+00
3708.10 3.125300e+00
3708.50 3.091900e+00
3708.90 3.059900e+00
3709.30 3.086600e+00
3709.70 3.151300e+00
3710.10 3.138700e+00
3710.50 3.084600e+00
3710.90 3.115800e+00
3711.30 3.114700e+00
3711.70 3.120600e+00
3712.10 3.123900e+00
3712.50 3.137400e+00
3712.90 3.118900e+00
3713.30 3.170100e+00
3713.70 3.145400e+00
3714.10 3.043200e+00
3714.50 3.071400e+00
3714.90 3.133900e+00
3715.30 3.133700e+00
3715.70 3.152700e+00
3716.10 3.093400e+00
3716.50 3.106800e+00
3716.90 3.110400e+00
3717.30 3.129400e+00
3717.70 3.133600e+00
3718.10 3.137800e+00
3718.50 3.108600e+00
3718.90 3.080400e+00
3719.30 3.109200e+00
3719.70 3.097300e+00
3720.10 3.082900e+00
3720.50 3.098700e+00
3720.90 3.115400e+00
3721.30 3.102000e+00
3721.70 3.105100e+00
3722.10 3.107700e+00
3722.50 3.101700e+00
3722.90 3.092300e+00
3723.30 3.080300e+00
3723.70 3.098100e+00
3724.10 3.081700e+00
3724.50 3.068800e+00
3724.90 3.041600e+00
3725.30 3.032100e+00
3725.70 3.049700e+00
3726.10 3.132100e+00
3726.50 3.208200e+00
3726.90 3.181900e+00
3727.30 3.207600e+00
3727.70 3.173600e+00
3728.10 3.205300e+00
3728.50 3.194000e+00
3728.90 3.151800e+00
3729.30 3.159300e+00
3729.70 3.282200e+00
3730.10 3.247200e+00
3730.50 3.252400e+00
3730.90 3.266300e+00
3731.30 3.290100e+00
3731.70 3.264800e+00
3732.10 3.242600e+00
3732.50 3.263100e+00
3732.90 3.299700e+00
3733.30 3.238700e+00
3733.70 3.179600e+00
3734.10 3.165800e+00
3734.50 3.225300e+00
3734.90 3.240800e+00
3735.30 3.251000e+00
3735.70 3.270800e+00
3736.10 3.203700e+00
3736.50 3.252700e+00
3736.90 3.209000e+00
3737.30 3.232500e+00
3737.70 3.179200e+00
3738.10 3.237400e+00
3738.50 3.185400e+00
3738.90 3.245300e+00
3739.30 3.110000e+00
3739.70 3.212300e+00
3740.10 3.165700e+00
3740.50 3.177400e+00
3740.90 3.123400e+00
3741.30 3.178600e+00
3741.70 3.163400e+00
3742.10 3.034700e+00
3742.50 3.049000e+00
3742.90 3.135000e+00
3743.30 3.119900e+00
3743.70 3.132800e+00
3744.10 3.122200e+00
3744.50 3.164100e+00
3744.90 3.228400e+00
3745.30 3.147100e+00
3745.70 3.128200e+00
3746.10 3.215700e+00
3746.50 3.200500e+00
3746.90 3.206600e+00
3747.30 3.151900e+00
3747.70 3.152200e+00
3748.10 3.203100e+00
3748.50 3.171100e+00
3748.90 3.201300e+00
3749.30 2.964400e+00
3749.70 2.996500e+00
3750.10 3.217500e+00
3750.50 3.209900e+00
3750.90 3.255900e+00
3751.30 3.124500e+00
3751.70 3.110400e+00
3752.10 3.093500e+00
3752.50 3.100500e+00
3752.90 3.149400e+00
3753.30 3.114200e+00
3753.70 3.041100e+00
3754.10 3.101100e+00
3754.50 3.237600e+00
3754.90 3.142000e+00
3755.30 3.145200e+00
3755.70 3.095100e+00
3756.10 3.126300e+00
3756.50 3.119200e+00
3756.90 3.040800e+00
3757.30 3.150500e+00
3757.70 3.060100e+00
3758.10 3.077700e+00
3758.50 3.097700e+00
3758.90 3.079500e+00
3759.30 3.154300e+00
3759.70 3.129800e+00
3760.10 3.113500e+00
3760.50 3.076300e+00
3760.90 3.068700e+00
3761.30 3.105100e+00
3761.70 3.120200e+00
3762.10 3.082800e+00
3762.50 3.048700e+00
3762.90 2.857200e+00
3763.30 2.924400e+00
3763.70 3.043000e+00
3764.10 3.039000e+00
3764.50 3.028100e+00
3764.90 3.093000e+00
3765.30 3.041400e+00
3765.70 3.038600e+00
3766.10 3.008800e+00
3766.50 3.069000e+00
3766.90 3.073200e+00
3767.30 3.049000e+00
3767.70 3.100500e+00
3768.10 3.073900e+00
3768.50 3.024600e+00
3768.90 3.024600e+00
3769.30 3.045100e+00
3769.70 3.043200e+00
3770.10 3.083200e+00
3770.50 3.025200e+00
3770.90 3.070800e+00
3771.30 3.028600e+00
3771.70 3.038300e+00
3772.10 2.985000e+00
3772.50 2.944300e+00
3772.90 2.968300e+00
3773.30 3.003400e+00
3773.70 3.028300e+00
3774.10 3.014200e+00
3774.50 3.043300e+00
3774.90 3.068300e+00
3775.30 3.043900e+00
3775.70 3.050600e+00
3776.10 3.096600e+00
3776.50 3.074200e+00
3776.90 3.074300e+00
3777.30 3.039400e+00
3777.70 3.027900e+00
3778.10 2.937300e+00
3778.50 2.958000e+00
3778.90 3.045200e+00
3779.30 3.017000e+00
3779.70 3.046600e+00
3780.10 3.020300e+00
3780.50 3.069400e+00
3780.90 3.052500e+00
3781.30 3.050800e+00
3781.70 3.019000e+00
3782.10 3.023300e+00
3782.50 3.037700e+00
3782.90 3.045900e+00
3783.30 3.070500e+00
3783.70 3.108400e+00
3784.10 3.092600e+00
3784.50 3.081500e+00
3784.90 3.075700e+00
3785.30 3.108900e+00
3785.70 3.119400e+00
3786.10 3.096800e+00
3786.50 3.097300e+00
3786.90 3.108100e+00
3787.30 3.090400e+00
3787.70 3.054000e+00
3788.10 3.040600e+00
3788.50 3.078400e+00
3788.90 3.054700e+00
3789.30 3.051000e+00
3789.70 3.082000e+00
3790.10 3.018300e+00
3790.50 3.019900e+00
3790.90 3.056200e+00
3791.30 3.100100e+00
3791.70 3.131100e+00
3792.10 3.061200e+00
3792.50 3.063300e+00
3792.90 3.069500e+00
3793.30 3.232500e+00
3793.70 3.102300e+00
3794.10 3.158300e+00
3794.50 3.221000e+00
3794.90 2.961600e+00
3795.30 2.904100e+00
3795.70 2.889500e+00
3796.10 3.017800e+00
3796.50 3.075700e+00
3796.90 3.142700e+00
3797.30 3.235900e+00
3797.70 3.002100e+00
3798.10 2.958900e+00
3798.50 2.986200e+00
3798.90 2.923700e+00
3799.30 2.949700e+00
3799.70 2.937100e+00
3800.10 2.945000e+00
3800.50 2.988100e+00
3800.90 3.136300e+00
3801.30 2.959600e+00
3801.70 3.134100e+00
3802.10 2.971100e+00
3802.50 2.896900e+00
3802.90 2.907900e+00
3803.30 2.912500e+00
3803.70 2.926100e+00
3804.10 2.882100e+00
3804.50 2.880600e+00
3804.90 2.910600e+00
3805.30 2.895600e+00
3805.70 2.884700e+00
3806.10 2.889900e+00
3806.50 2.888800e+00
3806.90 2.933800e+00
3807.30 3.017700e+00
3807.70 2.911300e+00
3808.10 2.869700e+00
3808.50 2.891000e+00
3808.90 2.868500e+00
3809.30 2.870600e+00
3809.70 2.860900e+00
3810.10 2.868200e+00
3810.50 2.868700e+00
3810.90 2.916300e+00
3811.30 2.848900e+00
3811.70 2.911100e+00
3812.10 2.888900e+00
3812.50 2.894300e+00
3812.90 2.870600e+00
3813.30 2.888700e+00
3813.70 2.851000e+00
3814.10 2.801500e+00
3814.50 2.837800e+00
3814.90 2.881900e+00
3815.30 2.906300e+00
3815.70 2.893700e+00
3816.10 2.914200e+00
3816.50 2.868100e+00
3816.90 2.869400e+00
3817.30 2.894300e+00
3817.70 2.865400e+00
3818.10 2.875200e+00
3818.50 2.896300e+00
3818.90 2.883200e+00
3819.30 2.915000e+00
3819.70 2.885700e+00
3820.10 2.903800e+00
3820.50 2.888700e+00
3820.90 2.891900e+00
3821.30 2.908800e+00
3821.70 2.885100e+00
3822.10 3.008100e+00
3822.50 3.019500e+00
3822.90 3.170900e+00
3823.30 2.958100e+00
3823.70 2.897400e+00
3824.10 2.974900e+00
3824.50 2.991900e+00
3824.90 2.993700e+00
3825.30 3.075600e+00
3825.70 3.042100e+00
3826.10 3.023300e+00
3826.50 3.020500e+00
3826.90 3.192900e+00
3827.30 3.065300e+00
3827.70 2.986300e+00
3828.10 2.991200e+00
3828.50 2.971500e+00
3828.90 2.974400e+00
3829.30 2.966500e+00
3829.70 2.945200e+00
3830.10 3.008400e+00
3830.50 2.979200e+00
3830.90 3.038100e+00
3831.30 2.978500e+00
3831.70 3.065300e+00
3832.10 3.026600e+00
3832.50 3.080000e+00
3832.90 3.111400e+00
3833.30 3.049100e+00
3833.70 3.025800e+00
3834.10 3.048100e+00
3834.50 3.064900e+00
3834.90 3.043800e+00
3835.30 3.010800e+00
3835.70 3.034300e+00
3836.10 3.013400e+00
3836.50 3.059000e+00
3836.90 3.091800e+00
3837.30 3.038000e+00
3837.70 3.032000e+00
3838.10 3.073700e+00
3838.50 3.061300e+00
3838.90 3.048200e+00
3839.30 3.099700e+00
3839.70 3.069300e+00
3840.10 3.134500e+00
3840.50 3.152500e+00
3840.90 3.039400e+00
3841.30 3.046800e+00
3841.70 3.059200e+00
3842.10 3.025700e+00
3842.50 3.017900e+00
3842.90 3.039100e+00
3843.30 3.027700e+00
3843.70 3.017200e+00
3844.10 3.020800e+00
3844.50 3.026400e+00
3844.90 3.039200e+00
3845.30 3.019800e+00
3845.70 2.993500e+00
3846.10 2.943600e+00
3846.50 3.037500e+00
3846.90 2.972700e+00
3847.30 3.033900e+00
3847.70 3.028900e+00
3848.10 3.187600e+00
3848.50 3.222000e+00
3848.90 2.993800e+00
3849.30 2.948500e+00
3849.70 3.011800e+00
3850.10 2.962300e+00
3850.50 2.974100e+00
3850.90 2.984100e+00
3851.30 3.000300e+00
3851.70 2.957300e+00
3852.10 3.016000e+00
3852.50 2.978600e+00
3852.90 2.968500e+00
3853.30 3.007500e+00
3853.70 2.955400e+00
3854.10 2.975200e+00
3854.50 2.967300e+00
3854.90 3.004500e+00
3855.30 2.934700e+00
3855.70 3.189800e+00
3856.10 3.067200e+00
3856.50 2.997700e+00
3856.90 2.967700e+00
3857.30 2.986400e+00
3857.70 2.995000e+00
3858.10 2.994200e+00
3858.50 2.987500e+00
3858.90 2.979400e+00
3859.30 2.960000e+00
3859.70 3.007300e+00
3860.10 2.985900e+00
3860.50 2.958000e+00
3860.90 2.995500e+00
3861.30 2.988500e+00
3861.70 3.023200e+00
3862.10 2.999400e+00
3862.50 3.049600e+00
3862.90 3.224800e+00
3863.30 3.124700e+00
3863.70 2.990200e+00
3864.10 2.999800e+00
3864.50 3.025200e+00
3864.90 3.011700e+00
3865.30 2.997700e+00
3865.70 2.997700e+00
3866.10 3.003200e+00
3866.50 3.010300e+00
3866.90 3.025600e+00
3867.30 2.998400e+00
3867.70 3.050400e+00
3868.10 3.037700e+00
3868.50 2.984000e+00
3868.90 2.984300e+00
3869.30 3.028900e+00
3869.70 3.048300e+00
3870.10 2.995400e+00
3870.50 3.005000e+00
3870.90 3.010500e+00
3871.30 2.986600e+00
3871.70 2.997600e+00
3872.10 3.028000e+00
3872.50 3.006700e+00
3872.90 2.990400e+00
3873.30 3.160300e+00
3873.70 2.915300e+00
3874.10 2.980700e+00
3874.50 2.927700e+00
3874.90 2.928500e+00
3875.30 2.903900e+00
3875.70 2.958100e+00
3876.10 2.914500e+00
3876.50 2.923200e+00
3876.90 2.899300e+00
3877.30 2.946200e+00
3877.70 2.892500e+00
3878.10 2.888800e+00
3878.50 2.930300e+00
3878.90 2.878300e+00
3879.30 3.052700e+00
3879.70 3.140100e+00
3880.10 2.910500e+00
3880.50 2.881000e+00
3880.90 2.832500e+00
3881.30 2.814900e+00
3881.70 2.920500e+00
3882.10 2.867200e+00
3882.50 2.814200e+00
3882.90 2.820500e+00
3883.30 2.840200e+00
3883.70 2.839300e+00
3884.10 2.824300e+00
3884.50 2.815700e+00
3884.90 2.806900e+00
3885.30 2.804000e+00
3885.70 2.975300e+00
3886.10 2.805100e+00
3886.50 2.831500e+00
3886.90 2.797100e+00
3887.30 2.854000e+00
3887.70 2.824100e+00
3888.10 2.809400e+00
3888.50 2.789600e+00
3888.90 2.802200e+00
3889.30 2.749700e+00
3889.70 2.919400e+00
3890.10 2.793500e+00
3890.50 2.801100e+00
3890.90 2.806600e+00
3891.30 2.830100e+00
3891.70 2.828700e+00
3892.10 2.806400e+00
3892.50 2.964400e+00
3892.90 2.964800e+00
3893.30 2.849900e+00
3893.70 2.756500e+00
3894.10 2.793400e+00
3894.50 2.946600e+00
3894.90 2.783700e+00
3895.30 2.744500e+00
3895.70 2.774100e+00
3896.10 2.787500e+00
3896.50 2.727800e+00
3896.90 2.688400e+00
3897.30 2.628100e+00
3897.70 2.677000e+00
3898.10 2.940200e+00
3898.50 2.846200e+00
3898.90 2.709900e+00
3899.30 2.708700e+00
3899.70 2.901500e+00
3900.10 2.794800e+00
3900.50 2.786100e+00
3900.90 2.700000e+00
3901.30 2.868400e+00
3901.70 2.738400e+00
3902.10 2.750100e+00
3902.50 2.790700e+00
3902.90 2.745200e+00
3903.30 2.854400e+00
3903.70 2.799000e+00
3904.10 2.811300e+00
3904.50 2.837000e+00
3904.90 2.670500e+00
3905.30 2.984900e+00
3905.70 2.737600e+00
3906.10 2.798900e+00
3906.50 2.693800e+00
3906.90 2.699700e+00
3907.30 2.746900e+00
3907.70 2.783900e+00
3908.10 2.774400e+00
3908.50 2.749900e+00
3908.90 2.637200e+00
3909.30 2.831100e+00
3909.70 2.714000e+00
3910.10 2.756200e+00
3910.50 2.702500e+00
3910.90 2.735500e+00
3911.30 2.663100e+00
3911.70 2.727400e+00
3912.10 2.630100e+00
3912.50 2.640300e+00
3912.90 2.672500e+00
3913.30 2.703300e+00
3913.70 2.665900e+00
3914.10 2.739600e+00
3914.50 2.719200e+00
3914.90 2.670900e+00
3915.30 2.688300e+00
3915.70 2.663800e+00
3916.10 2.636500e+00
3916.50 2.734800e+00
3916.90 2.706500e+00
3917.30 2.662200e+00
3917.70 2.703800e+00
3918.10 2.703800e+00
3918.50 2.704600e+00
3918.90 2.780400e+00
3919.30 2.791900e+00
3919.70 2.666100e+00
3920.10 2.666300e+00
3920.50 2.666200e+00
3920.90 2.752200e+00
3921.30 2.700200e+00
3921.70 2.680700e+00
3922.10 2.681300e+00
3922.50 2.652200e+00
3922.90 2.673300e+00
3923.30 2.650000e+00
3923.70 2.681500e+00
3924.10 2.732100e+00
3924.50 2.682600e+00
3924.90 2.627400e+00
3925.30 2.671800e+00
3925.70 2.680100e+00
3926.10 2.686100e+00
3926.50 2.675400e+00
3926.90 2.642700e+00
3927.30 2.571000e+00
3927.70 2.493100e+00
3928.10 2.538600e+00
3928.50 2.476600e+00
3928.90 2.578500e+00
3929.30 2.696100e+00
3929.70 2.599500e+00
3930.10 2.683100e+00
3930.50 2.591800e+00
3930.90 2.607200e+00
3931.30 2.676100e+00
3931.70 2.646800e+00
3932.10 2.471200e+00
3932.50 2.612900e+00
3932.90 2.608800e+00
3933.30 2.752700e+00
3933.70 2.661200e+00
3934.10 2.644100e+00
3934.50 2.656300e+00
3934.90 2.645100e+00
3935.30 2.562500e+00
3935.70 2.785800e+00
3936.10 2.633500e+00
3936.50 2.619700e+00
3936.90 2.674600e+00
3937.30 2.620600e+00
3937.70 2.606200e+00
3938.10 2.656400e+00
3938.50 2.694100e+00
3938.90 2.639700e+00
3939.30 2.696000e+00
3939.70 2.665600e+00
3940.10 2.664100e+00
3940.50 2.681600e+00
3940.90 2.610300e+00
3941.30 2.687300e+00
3941.70 2.654900e+00
3942.10 2.734200e+00
3942.50 2.731900e+00
3942.90 2.661100e+00
3943.30 2.588700e+00
3943.70 2.748800e+00
3944.10 2.597800e+00
3944.50 2.598400e+00
3944.90 2.661000e+00
3945.30 2.605600e+00
3945.70 2.549700e+00
3946.10 2.515600e+00
3946.50 2.577300e+00
3946.90 2.573600e+00
3947.30 2.586100e+00
3947.70 2.592200e+00
3948.10 2.631100e+00
3948.50 2.627300e+00
3948.90 2.607500e+00
3949.30 2.640900e+00
3949.70 2.647700e+00
3950.10 2.615100e+00
3950.50 2.637200e+00
3950.90 2.621900e+00
3951.30 2.600300e+00
3951.70 2.597600e+00
3952.10 2.653100e+00
3952.50 2.611900e+00
3952.90 2.624000e+00
3953.30 2.612800e+00
3953.70 2.521600e+00
3954.10 2.413100e+00
3954.50 2.687000e+00
3954.90 2.657400e+00
3955.30 2.627000e+00
3955.70 2.635100e+00
3956.10 2.665400e+00
3956.50 2.628200e+00
3956.90 2.628800e+00
3957.30 2.693700e+00
3957.70 2.673100e+00
3958.10 2.624300e+00
3958.50 2.624900e+00
3958.90 2.631400e+00
3959.30 2.639500e+00
3959.70 2.619300e+00
3960.10 2.612700e+00
3960.50 2.662500e+00
3960.90 2.636900e+00
3961.30 2.528800e+00
3961.70 2.571500e+00
3962.10 2.601400e+00
3962.50 2.627700e+00
3962.90 2.671500e+00
3963.30 2.674300e+00
3963.70 2.692000e+00
3964.10 2.717900e+00
3964.50 2.693300e+00
3964.90 2.602300e+00
3965.30 2.781100e+00
3965.70 2.674900e+00
3966.10 2.713900e+00
3966.50 2.685700e+00
3966.90 2.629000e+00
3967.30 2.714200e+00
3967.70 2.721900e+00
3968.10 2.636800e+00
3968.50 2.560800e+00
3968.90 2.528700e+00
3969.30 2.692900e+00
3969.70 2.637100e+00
3970.10 2.683700e+00
3970.50 2.664300e+00
3970.90 2.663200e+00
3971.30 2.676100e+00
3971.70 2.672400e+00
3972.10 2.676800e+00
3972.50 2.655200e+00
3972.90 2.604100e+00
3973.30 2.673500e+00
3973.70 2.654900e+00
3974.10 2.689700e+00
3974.50 2.702900e+00
3974.90 2.646900e+00
3975.30 2.700500e+00
3975.70 2.657200e+00
3976.10 2.526200e+00
3976.50 2.547500e+00
3976.90 2.656600e+00
3977.30 2.642800e+00
3977.70 2.668900e+00
3978.10 2.741000e+00
3978.50 2.672600e+00
3978.90 2.521500e+00
3979.30 2.530700e+00
3979.70 2.679600e+00
3980.10 2.655600e+00
3980.50 2.644800e+00
3980.90 2.630200e+00
3981.30 2.641000e+00
3981.70 2.634300e+00
3982.10 2.636100e+00
3982.50 2.659900e+00
3982.90 2.665200e+00
3983.30 2.621600e+00
3983.70 2.636400e+00
3984.10 2.606900e+00
3984.50 2.604800e+00
3984.90 2.426300e+00
3985.30 2.419700e+00
3985.70 2.566600e+00
3986.10 2.595300e+00
3986.50 2.592200e+00
3986.90 2.588200e+00
3987.30 2.618500e+00
3987.70 2.595200e+00
3988.10 2.609600e+00
3988.50 2.644500e+00
3988.90 2.642600e+00
3989.30 2.653000e+00
3989.70 2.634800e+00
3990.10 2.655100e+00
3990.50 2.636700e+00
3990.90 2.657100e+00
3991.30 2.691100e+00
3991.70 2.635600e+00
3992.10 2.703300e+00
3992.50 2.697400e+00
3992.90 2.664500e+00
3993.30 2.665800e+00
3993.70 2.664600e+00
3994.10 2.691300e+00
3994.50 2.643900e+00
3994.90 2.704800e+00
3995.30 2.685000e+00
3995.70 2.656700e+00
3996.10 2.688900e+00
3996.50 2.679500e+00
3996.90 2.680700e+00
3997.30 2.699100e+00
3997.70 2.650300e+00
3998.10 2.562600e+00
3998.50 2.552900e+00
3998.90 2.645500e+00
3999.30 2.666600e+00
3999.70 2.650500e+00
4000.10 2.671400e+00
4000.50 2.616900e+00
4000.90 2.601000e+00
4001.30 2.638000e+00
4001.70 2.617600e+00
4002.10 2.591900e+00
4002.50 2.586100e+00
4002.90 2.577400e+00
4003.30 2.534600e+00
4003.70 2.418100e+00
4004.10 2.565500e+00
4004.50 2.585700e+00
4004.90 2.587800e+00
4005.30 2.578700e+00
4005.70 2.590900e+00
4006.10 2.605000e+00
4006.50 2.461100e+00
4006.90 2.597700e+00
4007.30 2.585500e+00
4007.70 2.604000e+00
4008.10 2.607300e+00
4008.50 2.596100e+00
4008.90 2.568200e+00
4009.30 2.591200e+00
4009.70 2.545400e+00
4010.10 2.573300e+00
4010.50 2.582000e+00
4010.90 2.594000e+00
4011.30 2.574000e+00
4011.70 2.581500e+00
4012.10 2.608200e+00
4012.50 2.555000e+00
4012.90 2.546200e+00
4013.30 2.572800e+00
4013.70 2.543400e+00
4014.10 2.550100e+00
4014.50 2.515500e+00
4014.90 2.534600e+00
4015.30 2.539600e+00
4015.70 2.524800e+00
4016.10 2.539400e+00
4016.50 2.486400e+00
4016.90 2.530300e+00
4017.30 2.550900e+00
4017.70 2.502800e+00
4018.10 2.550000e+00
4018.50 2.502800e+00
4018.90 2.548300e+00
4019.30 2.518800e+00
4019.70 2.454600e+00
4020.10 2.513800e+00
4020.50 2.543500e+00
4020.90 2.477400e+00
4021.30 2.569800e+00
4021.70 2.523900e+00
4022.10 2.557600e+00
4022.50 2.492100e+00
4022.90 2.519800e+00
4023.30 2.501500e+00
4023.70 2.484200e+00
4024.10 2.441900e+00
4024.50 2.357900e+00
4024.90 2.529300e+00
4025.30 2.505100e+00
4025.70 2.572100e+00
4026.10 2.507500e+00
4026.50 2.471300e+00
4026.90 2.567100e+00
4027.30 2.538300e+00
4027.70 2.489100e+00
4028.10 2.582500e+00
4028.50 2.512400e+00
4028.90 2.540800e+00
4029.30 2.489400e+00
4029.70 2.590000e+00
4030.10 2.638600e+00
4030.50 2.672400e+00
4030.90 2.732600e+00
4031.30 2.698300e+00
4031.70 2.620000e+00
4032.10 2.736100e+00
4032.50 2.579900e+00
4032.90 2.582800e+00
4033.30 2.732800e+00
4033.70 2.696000e+00
4034.10 2.522300e+00
4034.50 2.569500e+00
4034.90 2.697000e+00
4035.30 2.749100e+00
4035.70 2.568000e+00
4036.10 2.807600e+00
4036.50 2.555100e+00
4036.90 2.572000e+00
4037.30 2.581900e+00
4037.70 2.780600e+00
4038.10 2.716200e+00
4038.50 2.595200e+00
4038.90 2.793600e+00
4039.30 2.515400e+00
4039.70 2.537800e+00
4040.10 2.566500e+00
4040.50 2.516800e+00
4040.90 2.605900e+00
4041.30 2.640100e+00
4041.70 2.646400e+00
4042.10 2.560100e+00
4042.50 2.704900e+00
4042.90 2.686000e+00
4043.30 2.547200e+00
4043.70 2.651400e+00
4044.10 2.756600e+00
4044.50 2.651300e+00
4044.90 2.789600e+00
4045.30 2.614700e+00
4045.70 2.575100e+00
4046.10 2.550600e+00
4046.50 2.762200e+00
4046.90 2.764700e+00
4047.30 2.578500e+00
4047.70 2.721200e+00
4048.10 2.541600e+00
4048.50 2.556700e+00
4048.90 2.613300e+00
4049.30 2.569600e+00
4049.70 2.609800e+00
4050.10 2.560100e+00
4050.50 2.514000e+00
4050.90 2.674900e+00
4051.30 2.771200e+00
4051.70 2.677100e+00
4052.10 2.555600e+00
4052.50 2.527700e+00
4052.90 2.743900e+00
4053.30 2.755900e+00
4053.70 2.579500e+00
4054.10 2.503100e+00
4054.50 2.592200e+00
4054.90 2.551800e+00
4055.30 2.528100e+00
4055.70 2.484100e+00
4056.10 2.776800e+00
4056.50 2.576900e+00
4056.90 2.578900e+00
4057.30 2.562800e+00
4057.70 2.492500e+00
4058.10 2.694600e+00
4058.50 2.539400e+00
4058.90 2.782900e+00
4059.30 2.545300e+00
4059.70 2.683200e+00
4060.10 2.643400e+00
4060.50 2.828500e+00
4060.90 2.735800e+00
4061.30 2.547700e+00
4061.70 2.638900e+00
4062.10 2.466300e+00
4062.50 2.542000e+00
4062.90 2.790400e+00
4063.30 2.673700e+00
4063.70 2.563200e+00
4064.10 2.544300e+00
4064.50 2.509800e+00
4064.90 2.506700e+00
4065.30 2.846500e+00
4065.70 2.704000e+00
4066.10 2.578500e+00
4066.50 2.526200e+00
4066.90 2.507400e+00
4067.30 2.520100e+00
4067.70 2.573400e+00
4068.10 2.477600e+00
4068.50 2.530900e+00
4068.90 2.554000e+00
4069.30 2.540100e+00
4069.70 2.599000e+00
4070.10 2.557300e+00
4070.50 2.427500e+00
4070.90 2.618700e+00
4071.30 2.638200e+00
4071.70 2.590700e+00
4072.10 2.643900e+00
4072.50 2.491400e+00
4072.90 2.496100e+00
4073.30 2.551800e+00
4073.70 2.479700e+00
4074.10 2.480300e+00
4074.50 2.408900e+00
4074.90 2.450500e+00
4075.30 2.517000e+00
4075.70 2.843200e+00
4076.10 2.523600e+00
4076.50 2.453000e+00
4076.90 2.456800e+00
4077.30 2.506600e+00
4077.70 2.534100e+00
4078.10 2.574000e+00
4078.50 2.453400e+00
4078.90 2.659400e+00
4079.30 2.701500e+00
4079.70 2.706900e+00
4080.10 2.603500e+00
4080.50 2.587300e+00
4080.90 2.572800e+00
4081.30 2.487400e+00
4081.70 2.454100e+00
4082.10 2.500700e+00
4082.50 2.496100e+00
4082.90 2.926900e+00
4083.30 2.851400e+00
4083.70 2.594100e+00
4084.10 2.479600e+00
4084.50 2.675700e+00
4084.90 2.586100e+00
4085.30 2.554100e+00
4085.70 2.556800e+00
4086.10 2.514000e+00
4086.50 2.519300e+00
4086.90 2.512300e+00
4087.30 2.531400e+00
4087.70 2.811600e+00
4088.10 2.829600e+00
4088.50 2.771900e+00
4088.90 2.854100e+00
4089.30 2.645300e+00
4089.70 2.514900e+00
4090.10 2.680600e+00
4090.50 2.606000e+00
4090.90 2.546300e+00
4091.30 2.633900e+00
4091.70 2.525800e+00
4092.10 2.535100e+00
4092.50 2.584100e+00
4092.90 2.574400e+00
4093.30 2.544400e+00
4093.70 2.562600e+00
4094.10 2.541200e+00
4094.50 2.523800e+00
4094.90 2.684600e+00
4095.30 2.505000e+00
4095.70 2.698100e+00
4096.10 2.731700e+00
4096.50 2.756100e+00
4096.90 2.504700e+00
4097.30 2.685000e+00
4097.70 2.815200e+00
4098.10 2.548600e+00
4098.50 2.534400e+00
4098.90 2.520800e+00
4099.30 2.500700e+00
4099.70 2.567700e+00
4100.10 2.557700e+00
4100.50 2.556700e+00
4100.90 2.547400e+00
4101.30 2.678500e+00
4101.70 2.593700e+00
4102.10 2.548200e+00
4102.50 2.548200e+00
4102.90 2.532000e+00
4103.30 2.582100e+00
4103.70 2.684400e+00
4104.10 2.782200e+00
4104.50 2.798400e+00
4104.90 2.580900e+00
4105.30 2.563600e+00
4105.70 2.529200e+00
4106.10 2.662700e+00
4106.50 2.798800e+00
4106.90 2.665500e+00
4107.30 2.557500e+00
4107.70 2.541500e+00
4108.10 2.531800e+00
4108.50 2.574700e+00
4108.90 2.570700e+00
4109.30 2.589000e+00
4109.70 2.545300e+00
4110.10 2.583400e+00
4110.50 2.538200e+00
4110.90 2.539900e+00
4111.30 2.499500e+00
4111.70 2.635700e+00
4112.10 2.802000e+00
4112.50 2.540000e+00
4112.90 2.454400e+00
4113.30 2.848500e+00
4113.70 2.551200e+00
4114.10 2.531900e+00
4114.50 2.521500e+00
4114.90 2.836800e+00
4115.30 2.814900e+00
4115.70 2.763400e+00
4116.10 2.561800e+00
4116.50 2.511300e+00
4116.90 2.534500e+00
4117.30 2.542600e+00
4117.70 2.510100e+00
4118.10 2.500500e+00
4118.50 2.529300e+00
4118.90 2.474000e+00
4119.30 2.525200e+00
4119.70 2.502300e+00
4120.10 2.507200e+00
4120.50 2.525200e+00
4120.90 2.553200e+00
4121.30 2.473300e+00
4121.70 2.543900e+00
4122.10 2.681900e+00
4122.50 2.759300e+00
4122.90 2.904200e+00
4123.30 2.433400e+00
4123.70 2.336200e+00
4124.10 2.794600e+00
4124.50 2.424600e+00
4124.90 2.420200e+00
4125.30 2.603400e+00
4125.70 2.545800e+00
4126.10 2.560200e+00
4126.50 2.483100e+00
4126.90 2.539200e+00
4127.30 2.481100e+00
4127.70 2.373200e+00
4128.10 2.507500e+00
4128.50 2.529000e+00
4128.90 2.595800e+00
4129.30 2.542100e+00
4129.70 2.540200e+00
4130.10 2.818200e+00
4130.50 2.609200e+00
4130.90 2.466900e+00
4131.30 2.469600e+00
4131.70 2.437400e+00
4132.10 2.466900e+00
4132.50 2.416100e+00
4132.90 2.456700e+00
4133.30 2.480100e+00
4133.70 2.786200e+00
4134.10 2.517700e+00
4134.50 2.631900e+00
4134.90 2.572500e+00
4135.30 2.520800e+00
4135.70 2.603200e+00
4136.10 2.589900e+00
4136.50 2.571500e+00
4136.90 2.676900e+00
4137.30 2.648500e+00
4137.70 2.589000e+00
4138.10 2.552700e+00
4138.50 2.344500e+00
4138.90 2.451400e+00
4139.30 2.787100e+00
4139.70 2.511000e+00
4140.10 2.529200e+00
4140.50 2.519300e+00
4140.90 2.486400e+00
4141.30 2.457200e+00
4141.70 2.547100e+00
4142.10 2.547700e+00
4142.50 2.487700e+00
4142.90 2.521500e+00
4143.30 2.725800e+00
4143.70 2.694600e+00
4144.10 2.483700e+00
4144.50 2.562500e+00
4144.90 2.479900e+00
4145.30 2.418000e+00
4145.70 2.483700e+00
4146.10 2.450600e+00
4146.50 2.435000e+00
4146.90 2.430000e+00
4147.30 2.414800e+00
4147.70 2.428600e+00
4148.10 2.477400e+00
4148.50 2.422900e+00
4148.90 2.456500e+00
4149.30 2.524700e+00
4149.70 2.573900e+00
4150.10 2.504900e+00
4150.50 2.470100e+00
4150.90 2.412500e+00
4151.30 2.447600e+00
4151.70 2.453000e+00
4152.10 2.421400e+00
4152.50 2.401300e+00
4152.90 2.479000e+00
4153.30 2.438700e+00
4153.70 2.426100e+00
4154.10 2.446300e+00
4154.50 2.444700e+00
4154.90 2.278900e+00
4155.30 2.269100e+00
4155.70 2.315800e+00
4156.10 2.421400e+00
4156.50 2.405000e+00
4156.90 2.423700e+00
4157.30 2.423600e+00
4157.70 2.362300e+00
4158.10 2.346500e+00
4158.50 2.342300e+00
4158.90 2.360100e+00
4159.30 2.295900e+00
4159.70 2.133500e+00
4160.10 2.415100e+00
4160.50 2.459100e+00
4160.90 2.458100e+00
4161.30 2.437200e+00
4161.70 2.371900e+00
4162.10 2.447500e+00
4162.50 2.410200e+00
4162.90 2.417000e+00
4163.30 2.387400e+00
4163.70 2.359200e+00
4164.10 2.354300e+00
4164.50 2.434300e+00
4164.90 2.378400e+00
4165.30 2.390000e+00
4165.70 2.420000e+00
4166.10 2.325300e+00
4166.50 2.535300e+00
4166.90 2.473700e+00
4167.30 2.438400e+00
4167.70 2.510600e+00
4168.10 2.370600e+00
4168.50 2.430200e+00
4168.90 2.416100e+00
4169.30 2.554400e+00
4169.70 2.458000e+00
4170.10 2.451500e+00
4170.50 2.466500e+00
4170.90 2.440300e+00
4171.30 2.455100e+00
4171.70 2.398500e+00
4172.10 2.414400e+00
4172.50 2.423800e+00
4172.90 2.408100e+00
4173.30 2.467700e+00
4173.70 2.418900e+00
4174.10 2.468200e+00
4174.50 2.302600e+00
4174.90 2.327300e+00
4175.30 2.497000e+00
4175.70 2.461600e+00
4176.10 2.444900e+00
4176.50 2.465200e+00
4176.90 2.434900e+00
4177.30 2.482600e+00
4177.70 2.518800e+00
4178.10 2.504300e+00
4178.50 2.453100e+00
4178.90 2.488300e+00
4179.30 2.447200e+00
4179.70 2.517800e+00
4180.10 2.492300e+00
4180.50 2.514100e+00
4180.90 2.494400e+00
4181.30 2.484400e+00
4181.70 2.505400e+00
4182.10 2.477100e+00
4182.50 2.446000e+00
4182.90 2.274300e+00
4183.30 2.274700e+00
4183.70 2.442100e+00
4184.10 2.462100e+00
4184.50 2.446400e+00
4184.90 2.535600e+00
4185.30 2.489000e+00
4185.70 2.532500e+00
4186.10 2.478900e+00
4186.50 2.463000e+00
4186.90 2.581700e+00
4187.30 2.664800e+00
4187.70 2.529500e+00
4188.10 2.569500e+00
4188.50 2.549100e+00
4188.90 2.476600e+00
4189.30 2.468600e+00
4189.70 2.496100e+00
4190.10 2.519500e+00
4190.50 2.467500e+00
4190.90 2.327600e+00
4191.30 2.315400e+00
4191.70 2.352400e+00
4192.10 2.508600e+00
4192.50 2.663900e+00
4192.90 2.566700e+00
4193.30 2.586500e+00
4193.70 2.485100e+00
4194.10 2.464700e+00
4194.50 2.473100e+00
4194.90 2.504400e+00
4195.30 2.485700e+00
4195.70 2.452100e+00
4196.10 2.459900e+00
4196.50 2.517500e+00
4196.90 2.527100e+00
4197.30 2.435100e+00
4197.70 2.477300e+00
4198.10 2.440700e+00
4198.50 2.352900e+00
4198.90 2.271400e+00
4199.30 2.266700e+00
4199.70 2.447500e+00
4200.10 2.504700e+00
4200.50 2.633000e+00
4200.90 2.571800e+00
4201.30 2.429000e+00
4201.70 2.522100e+00
4202.10 2.460400e+00
4202.50 2.417900e+00
4202.90 2.437300e+00
4203.30 2.397000e+00
4203.70 2.356400e+00
4204.10 2.436700e+00
4204.50 2.441100e+00
4204.90 2.465800e+00
4205.30 2.415300e+00
4205.70 2.485100e+00
4206.10 2.516900e+00
4206.50 2.416000e+00
4206.90 2.437300e+00
4207.30 2.425000e+00
4207.70 2.479500e+00
4208.10 2.447400e+00
4208.50 2.422900e+00
4208.90 2.430800e+00
4209.30 2.543500e+00
4209.70 2.491900e+00
4210.10 2.295500e+00
4210.50 2.260200e+00
4210.90 2.401300e+00
4211.30 2.461900e+00
4211.70 2.432600e+00
4212.10 2.441500e+00
4212.50 2.462400e+00
4212.90 2.449900e+00
4213.30 2.462600e+00
4213.70 2.450000e+00
4214.10 2.412600e+00
4214.50 2.431700e+00
4214.90 2.428400e+00
4215.30 2.417100e+00
4215.70 2.439700e+00
4216.10 2.536700e+00
4216.50 2.415700e+00
4216.90 2.288500e+00
4217.30 2.351300e+00
4217.70 2.454200e+00
4218.10 2.422400e+00
4218.50 2.427300e+00
4218.90 2.465900e+00
4219.30 2.416700e+00
4219.70 2.443000e+00
4220.10 2.566600e+00
4220.50 2.490500e+00
4220.90 2.514000e+00
4221.30 2.480100e+00
4221.70 2.472400e+00
4222.10 2.438000e+00
4222.50 2.510300e+00
4222.90 2.426600e+00
4223.30 2.405800e+00
4223.70 2.421800e+00
4224.10 2.470100e+00
4224.50 2.549800e+00
4224.90 2.437800e+00
4225.30 2.475200e+00
4225.70 2.441700e+00
4226.10 2.536100e+00
4226.50 2.450100e+00
4226.90 2.490400e+00
4227.30 2.490500e+00
4227.70 2.377800e+00
4228.10 2.476500e+00
4228.50 2.494000e+00
4228.90 2.487200e+00
4229.30 2.479600e+00
4229.70 2.514000e+00
4230.10 2.481300e+00
4230.50 2.439700e+00
4230.90 2.439100e+00
4231.30 2.423200e+00
4231.70 2.485400e+00
4232.10 2.516900e+00
4232.50 2.512900e+00
4232.90 2.491700e+00
4233.30 2.581000e+00
4233.70 2.562800e+00
4234.10 2.557100e+00
4234.50 2.564700e+00
4234.90 2.590600e+00
4235.30 2.560000e+00
4235.70 2.490300e+00
4236.10 2.499100e+00
4236.50 2.513700e+00
4236.90 2.502500e+00
4237.30 2.370300e+00
4237.70 2.323100e+00
4238.10 2.581800e+00
4238.50 2.553500e+00
4238.90 2.562200e+00
4239.30 2.638000e+00
4239.70 2.658200e+00
4240.10 2.693700e+00
4240.50 2.703600e+00
4240.90 2.660800e+00
4241.30 2.615200e+00
4241.70 2.668500e+00
4242.10 2.580300e+00
4242.50 2.572600e+00
4242.90 2.695300e+00
4243.30 2.616500e+00
4243.70 2.655100e+00
4244.10 2.738000e+00
4244.50 2.585700e+00
4244.90 2.352000e+00
4245.30 2.621400e+00
4245.70 2.593400e+00
4246.10 2.606800e+00
4246.50 2.595300e+00
4246.90 2.590200e+00
4247.30 2.595000e+00
4247.70 2.491200e+00
4248.10 2.559700e+00
4248.50 2.561700e+00
4248.90 2.637200e+00
4249.30 2.635700e+00
4249.70 2.743600e+00
4250.10 2.723100e+00
4250.50 2.690900e+00
4250.90 2.651600e+00
4251.30 2.700200e+00
4251.70 2.647500e+00
4252.10 2.722700e+00
4252.50 2.687900e+00
4252.90 2.717500e+00
4253.30 2.681700e+00
4253.70 2.652900e+00
4254.10 2.631900e+00
4254.50 2.573700e+00
4254.90 2.544800e+00
4255.30 2.647600e+00
4255.70 2.643700e+00
4256.10 2.639800e+00
4256.50 2.676500e+00
4256.90 2.681400e+00
4257.30 2.702300e+00
4257.70 2.733200e+00
4258.10 2.626000e+00
4258.50 2.624500e+00
4258.90 2.625000e+00
4259.30 2.631300e+00
4259.70 2.541200e+00
4260.10 2.499400e+00
4260.50 2.503600e+00
4260.90 2.610600e+00
4261.30 2.614900e+00
4261.70 2.566800e+00
4262.10 2.602600e+00
4262.50 2.622300e+00
4262.90 2.553500e+00
4263.30 2.628400e+00
4263.70 2.637200e+00
4264.10 2.660000e+00
4264.50 2.662900e+00
4264.90 2.651300e+00
4265.30 2.641500e+00
4265.70 2.664900e+00
4266.10 2.591500e+00
4266.50 2.588200e+00
4266.90 2.592300e+00
4267.30 2.594300e+00
4267.70 2.621300e+00
4268.10 2.643100e+00
4268.50 2.633600e+00
4268.90 2.625500e+00
4269.30 2.552300e+00
4269.70 2.627800e+00
4270.10 2.598200e+00
4270.50 2.609300e+00
4270.90 2.533900e+00
4271.30 2.631700e+00
4271.70 2.596800e+00
4272.10 2.570000e+00
4272.50 2.586000e+00
4272.90 2.568800e+00
4273.30 2.595300e+00
4273.70 2.578400e+00
4274.10 2.521100e+00
4274.50 2.569200e+00
4274.90 2.619800e+00
4275.30 2.654100e+00
4275.70 2.710400e+00
4276.10 2.633600e+00
4276.50 2.602800e+00
4276.90 2.605600e+00
4277.30 2.623000e+00
4277.70 2.476900e+00
4278.10 2.593900e+00
4278.50 2.593600e+00
4278.90 2.586600e+00
4279.30 2.596100e+00
4279.70 2.578200e+00
4280.10 2.566100e+00
4280.50 2.563100e+00
4280.90 2.619800e+00
4281.30 2.656600e+00
4281.70 2.605600e+00
4282.10 2.628700e+00
4282.50 2.615400e+00
4282.90 2.612500e+00
4283.30 2.565700e+00
4283.70 2.616700e+00
4284.10 2.547600e+00
4284.50 2.617600e+00
4284.90 2.594400e+00
4285.30 2.656600e+00
4285.70 2.601900e+00
4286.10 2.621300e+00
4286.50 2.599400e+00
4286.90 2.616500e+00
4287.30 2.576500e+00
4287.70 2.573700e+00
4288.10 2.569700e+00
4288.50 2.610800e+00
4288.90 2.624200e+00
4289.30 2.661400e+00
4289.70 2.620800e+00
4290.10 2.629700e+00
4290.50 2.594800e+00
4290.90 2.606000e+00
4291.30 2.612400e+00
4291.70 2.662000e+00
4292.10 2.637200e+00
4292.50 2.559400e+00
4292.90 2.613000e+00
4293.30 2.746700e+00
4293.70 2.746000e+00
4294.10 2.748800e+00
4294.50 2.651100e+00
4294.90 2.635700e+00
4295.30 2.662400e+00
4295.70 2.595300e+00
4296.10 2.616800e+00
4296.50 2.690300e+00
4296.90 2.673000e+00
4297.30 2.662300e+00
4297.70 2.626400e+00
4298.10 2.583300e+00
4298.50 2.580800e+00
4298.90 2.697500e+00
4299.30 2.626900e+00
4299.70 2.637000e+00
4300.10 2.622200e+00
4300.50 2.702600e+00
4300.90 2.606800e+00
4301.30 2.596700e+00
4301.70 2.693700e+00
4302.10 2.628500e+00
4302.50 2.662500e+00
4302.90 2.661900e+00
4303.30 2.641800e+00
4303.70 2.682000e+00
4304.10 2.653900e+00
4304.50 2.712100e+00
4304.90 2.701200e+00
4305.30 2.794500e+00
4305.70 2.805100e+00
4306.10 2.717400e+00
4306.50 2.737600e+00
4306.90 2.777000e+00
4307.30 2.759200e+00
4307.70 2.767800e+00
4308.10 2.747600e+00
4308.50 2.689000e+00
4308.90 2.708900e+00
4309.30 2.830000e+00
4309.70 2.716000e+00
4310.10 2.558700e+00
4310.50 2.696900e+00
4310.90 2.647400e+00
4311.30 2.692800e+00
4311.70 2.768800e+00
4312.10 2.866000e+00
4312.50 2.717200e+00
4312.90 2.672600e+00
4313.30 2.734900e+00
4313.70 2.747900e+00
4314.10 2.768900e+00
4314.50 2.829400e+00
4314.90 2.743600e+00
4315.30 2.643700e+00
4315.70 2.589100e+00
4316.10 2.629100e+00
4316.50 2.693900e+00
4316.90 2.698500e+00
4317.30 2.721500e+00
4317.70 2.653300e+00
4318.10 2.721400e+00
4318.50 2.721400e+00
4318.90 2.715300e+00
4319.30 2.716900e+00
4319.70 2.689300e+00
4320.10 2.655500e+00
4320.50 2.696000e+00
4320.90 2.657600e+00
4321.30 2.719700e+00
4321.70 2.710800e+00
4322.10 2.741500e+00
4322.50 2.688800e+00
4322.90 2.747400e+00
4323.30 2.723100e+00
4323.70 2.698400e+00
4324.10 2.717500e+00
4324.50 2.698000e+00
4324.90 2.692900e+00
4325.30 2.732700e+00
4325.70 2.691600e+00
4326.10 2.755300e+00
4326.50 2.756800e+00
4326.90 2.809600e+00
4327.30 2.696300e+00
4327.70 2.724100e+00
4328.10 2.794100e+00
4328.50 2.714900e+00
4328.90 2.669400e+00
4329.30 2.713500e+00
4329.70 2.763300e+00
4330.10 2.789700e+00
4330.50 2.768100e+00
4330.90 2.778100e+00
4331.30 2.805900e+00
4331.70 2.758800e+00
4332.10 2.757000e+00
4332.50 2.775800e+00
4332.90 2.808800e+00
4333.30 2.764400e+00
4333.70 2.797900e+00
4334.10 2.803000e+00
4334.50 2.862000e+00
4334.90 2.804500e+00
4335.30 2.888000e+00
4335.70 2.862700e+00
4336.10 2.916800e+00
4336.50 2.947200e+00
4336.90 2.895000e+00
4337.30 2.865100e+00
4337.70 2.838800e+00
4338.10 2.765400e+00
4338.50 2.784900e+00
4338.90 2.799700e+00
4339.30 2.773600e+00
4339.70 2.838800e+00
4340.10 2.873400e+00
4340.50 2.893800e+00
4340.90 2.885100e+00
4341.30 2.878500e+00
4341.70 2.997200e+00
4342.10 3.029800e+00
4342.50 2.914700e+00
4342.90 2.914500e+00
4343.30 2.900100e+00
4343.70 2.871100e+00
4344.10 2.851600e+00
4344.50 2.866300e+00
4344.90 2.871700e+00
4345.30 2.877300e+00
4345.70 2.868700e+00
4346.10 2.865700e+00
4346.50 2.875800e+00
4346.90 2.945800e+00
4347.30 2.908200e+00
4347.70 2.925300e+00
4348.10 2.942400e+00
4348.50 2.912600e+00
4348.90 2.871100e+00
4349.30 2.962400e+00
4349.70 2.987200e+00
4350.10 2.884100e+00
4350.50 2.827200e+00
4350.90 2.855000e+00
4351.30 2.864200e+00
4351.70 2.861000e+00
4352.10 2.835700e+00
4352.50 2.887600e+00
4352.90 2.827200e+00
4353.30 2.881300e+00
4353.70 2.842100e+00
4354.10 2.908200e+00
4354.50 2.870600e+00
4354.90 2.800900e+00
4355.30 2.814900e+00
4355.70 2.884800e+00
4356.10 2.869700e+00
4356.50 2.923300e+00
4356.90 2.928100e+00
4357.30 2.949200e+00
4357.70 2.871800e+00
4358.10 2.837400e+00
4358.50 2.886900e+00
4358.90 2.898300e+00
4359.30 2.903700e+00
4359.70 2.841500e+00
4360.10 2.857700e+00
4360.50 2.773600e+00
4360.90 2.877400e+00
4361.30 2.929000e+00
4361.70 2.928400e+00
4362.10 2.884600e+00
4362.50 2.910300e+00
4362.90 2.924000e+00
4363.30 2.938200e+00
4363.70 2.917400e+00
4364.10 2.883600e+00
4364.50 2.886200e+00
4364.90 2.849900e+00
4365.30 2.860100e+00
4365.70 2.833100e+00
4366.10 2.870900e+00
4366.50 2.888200e+00
4366.90 2.897500e+00
4367.30 2.807000e+00
4367.70 2.817800e+00
4368.10 2.822200e+00
4368.50 2.851300e+00
4368.90 2.789200e+00
4369.30 2.828900e+00
4369.70 2.708900e+00
4370.10 2.761600e+00
4370.50 2.767300e+00
4370.90 2.719700e+00
4371.30 2.704900e+00
4371.70 2.706800e+00
4372.10 2.788800e+00
4372.50 2.732700e+00
4372.90 2.705100e+00
4373.30 2.687500e+00
4373.70 2.723700e+00
4374.10 2.770500e+00
4374.50 2.799700e+00
4374.90 2.718100e+00
4375.30 2.796000e+00
4375.70 2.772100e+00
4376.10 2.783600e+00
4376.50 2.748000e+00
4376.90 2.719900e+00
4377.30 2.740200e+00
4377.70 2.773400e+00
4378.10 2.714700e+00
4378.50 2.756200e+00
4378.90 2.852900e+00
4379.30 2.835700e+00
4379.70 2.765300e+00
4380.10 2.687500e+00
4380.50 2.790600e+00
4380.90 2.662400e+00
4381.30 2.614300e+00
4381.70 2.651200e+00
4382.10 2.630700e+00
4382.50 2.640200e+00
4382.90 2.710400e+00
4383.30 2.665000e+00
4383.70 2.649600e+00
4384.10 2.682900e+00
4384.50 2.604900e+00
4384.90 2.706800e+00
4385.30 2.632800e+00
4385.70 2.523700e+00
4386.10 2.524900e+00
4386.50 2.697000e+00
4386.90 2.659000e+00
4387.30 2.620100e+00
4387.70 2.672100e+00
4388.10 2.694600e+00
4388.50 2.610900e+00
4388.90 2.503400e+00
4389.30 2.736900e+00
4389.70 2.715300e+00
4390.10 2.711100e+00
4390.50 2.803200e+00
4390.90 2.680900e+00
4391.30 2.543600e+00
4391.70 2.680200e+00
4392.10 2.694700e+00
4392.50 2.557500e+00
4392.90 2.603500e+00
4393.30 2.698900e+00
4393.70 2.520900e+00
4394.10 2.562700e+00
4394.50 2.645700e+00
4394.90 2.762200e+00
4395.30 2.645400e+00
4395.70 2.554500e+00
4396.10 2.567400e+00
4396.50 2.596100e+00
4396.90 2.613800e+00
4397.30 2.683200e+00
4397.70 2.615200e+00
4398.10 2.531800e+00
4398.50 2.524600e+00
4398.90 2.476500e+00
4399.30 2.634500e+00
4399.70 2.519800e+00
4400.10 2.616800e+00
4400.50 2.626900e+00
4400.90 2.493000e+00
4401.30 2.601700e+00
4401.70 2.572900e+00
4402.10 2.601800e+00
4402.50 2.610500e+00
4402.90 2.627600e+00
4403.30 2.587800e+00
4403.70 2.626500e+00
4404.10 2.684500e+00
4404.50 2.700500e+00
4404.90 2.655600e+00
4405.30 2.452700e+00
4405.70 2.529600e+00
4406.10 2.565700e+00
4406.50 2.632300e+00
4406.90 2.696400e+00
4407.30 2.674700e+00
4407.70 2.650000e+00
4408.10 2.589200e+00
4408.50 2.564500e+00
4408.90 2.600700e+00
4409.30 2.523000e+00
4409.70 2.613800e+00
4410.10 2.559700e+00
4410.50 2.490700e+00
4410.90 2.460800e+00
4411.30 2.569700e+00
4411.70 2.403000e+00
4412.10 2.521800e+00
4412.50 2.544000e+00
4412.90 2.588400e+00
4413.30 2.578200e+00
4413.70 2.595600e+00
4414.10 2.648300e+00
4414.50 2.581600e+00
4414.90 2.513800e+00
4415.30 2.569200e+00
4415.70 2.454500e+00
4416.10 2.510900e+00
4416.50 2.470400e+00
4416.90 2.510800e+00
4417.30 2.576600e+00
4417.70 2.543800e+00
4418.10 2.594000e+00
4418.50 2.532400e+00
4418.90 2.419400e+00
4419.30 2.487900e+00
4419.70 2.586900e+00
4420.10 2.538600e+00
4420.50 2.530200e+00
4420.90 2.574400e+00
4421.30 2.597600e+00
4421.70 2.619900e+00
4422.10 2.584800e+00
4422.50 2.574500e+00
4422.90 2.587900e+00
4423.30 2.515500e+00
4423.70 2.532500e+00
4424.10 2.590700e+00
4424.50 2.568100e+00
4424.90 2.477300e+00
4425.30 2.501100e+00
4425.70 2.444100e+00
4426.10 2.354700e+00
4426.50 2.295200e+00
4426.90 2.482600e+00
4427.30 2.444700e+00
4427.70 2.499800e+00
4428.10 2.573400e+00
4428.50 2.488700e+00
4428.90 2.525100e+00
4429.30 2.449200e+00
4429.70 2.457400e+00
4430.10 2.365100e+00
4430.50 2.531900e+00
4430.90 2.510400e+00
4431.30 2.490400e+00
4431.70 2.509500e+00
4432.10 2.584000e+00
4432.50 2.473000e+00
4432.90 2.458100e+00
4433.30 2.411000e+00
4433.70 2.431000e+00
4434.10 2.396400e+00
4434.50 2.274000e+00
4434.90 2.366200e+00
4435.30 2.410000e+00
4435.70 2.330500e+00
4436.10 2.403900e+00
4436.50 2.412700e+00
4436.90 2.414000e+00
4437.30 2.464100e+00
4437.70 2.359800e+00
4438.10 2.242800e+00
4438.50 2.387500e+00
4438.90 2.550300e+00
4439.30 2.441400e+00
4439.70 2.313500e+00
4440.10 2.498600e+00
4440.50 2.470200e+00
4440.90 2.457200e+00
4441.30 2.501100e+00
4441.70 2.615200e+00
4442.10 2.423000e+00
4442.50 2.404100e+00
4442.90 2.297100e+00
4443.30 2.279400e+00
4443.70 2.328000e+00
4444.10 2.357800e+00
4444.50 2.236100e+00
4444.90 2.353600e+00
4445.30 2.365000e+00
4445.70 2.363300e+00
4446.10 2.392300e+00
4446.50 2.412700e+00
4446.90 2.316300e+00
4447.30 2.435400e+00
4447.70 2.425800e+00
4448.10 2.418300e+00
4448.50 2.404600e+00
4448.90 2.396600e+00
4449.30 2.397700e+00
4449.70 2.418800e+00
4450.10 2.371000e+00
4450.50 2.393000e+00
4450.90 2.315400e+00
4451.30 2.437500e+00
4451.70 2.327600e+00
4452.10 2.395600e+00
4452.50 2.275500e+00
4452.90 2.379800e+00
4453.30 2.300500e+00
4453.70 2.230000e+00
4454.10 2.352100e+00
4454.50 2.699200e+00
4454.90 2.438900e+00
4455.30 2.477800e+00
4455.70 2.418200e+00
4456.10 2.391700e+00
4456.50 2.408400e+00
4456.90 2.393200e+00
4457.30 2.420000e+00
4457.70 2.448100e+00
4458.10 2.399200e+00
4458.50 2.470100e+00
4458.90 2.457400e+00
4459.30 2.454700e+00
4459.70 2.457600e+00
4460.10 2.378000e+00
4460.50 2.289100e+00
4460.90 2.247400e+00
4461.30 2.277300e+00
4461.70 2.388300e+00
4462.10 2.450800e+00
4462.50 2.466900e+00
4462.90 2.318800e+00
4463.30 2.280400e+00
4463.70 2.280600e+00
4464.10 2.482200e+00
4464.50 2.549500e+00
4464.90 2.481800e+00
4465.30 2.465700e+00
4465.70 2.488700e+00
4466.10 2.517300e+00
4466.50 2.475100e+00
4466.90 2.434000e+00
4467.30 2.432800e+00
4467.70 2.478900e+00
4468.10 2.481600e+00
4468.50 2.480500e+00
4468.90 2.469900e+00
4469.30 2.360000e+00
4469.70 2.438000e+00
4470.10 2.564600e+00
4470.50 2.487400e+00
4470.90 2.387000e+00
4471.30 2.418400e+00
4471.70 2.457300e+00
4472.10 2.378300e+00
4472.50 2.453800e+00
4472.90 2.281500e+00
4473.30 2.292100e+00
4473.70 2.398100e+00
4474.10 2.464800e+00
4474.50 2.445300e+00
4474.90 2.442500e+00
4475.30 2.497400e+00
4475.70 2.468700e+00
4476.10 2.421400e+00
4476.50 2.418200e+00
4476.90 2.444300e+00
4477.30 2.400900e+00
4477.70 2.461700e+00
4478.10 2.445100e+00
4478.50 2.449300e+00
4478.90 2.388900e+00
4479.30 2.422000e+00
4479.70 2.434500e+00
4480.10 2.362700e+00
4480.50 2.363500e+00
4480.90 2.376700e+00
4481.30 2.396300e+00
4481.70 2.368800e+00
4482.10 2.471100e+00
4482.50 2.401100e+00
4482.90 2.211400e+00
4483.30 2.494500e+00
4483.70 2.443300e+00
4484.10 2.399100e+00
4484.50 2.490700e+00
4484.90 2.493900e+00
4485.30 2.413100e+00
4485.70 2.282800e+00
4486.10 2.341100e+00
4486.50 2.444500e+00
4486.90 2.434000e+00
4487.30 2.411700e+00
4487.70 2.403900e+00
4488.10 2.428300e+00
4488.50 2.497200e+00
4488.90 2.411200e+00
4489.30 2.315600e+00
4489.70 2.378700e+00
4490.10 2.380200e+00
4490.50 2.379800e+00
4490.90 2.452800e+00
4491.30 2.495700e+00
4491.70 2.506600e+00
4492.10 2.619200e+00
4492.50 2.618200e+00
4492.90 2.384200e+00
4493.30 2.304900e+00
4493.70 2.430500e+00
4494.10 2.410200e+00
4494.50 2.409000e+00
4494.90 2.376100e+00
4495.30 2.424000e+00
4495.70 2.444900e+00
4496.10 2.484500e+00
4496.50 2.389400e+00
4496.90 2.312300e+00
4497.30 2.214000e+00
4497.70 2.404600e+00
4498.10 2.413200e+00
4498.50 2.471900e+00
4498.90 2.376100e+00
4499.30 2.372000e+00
4499.70 2.448100e+00
4500.10 2.452000e+00
4500.50 2.451700e+00
4500.90 2.482100e+00
4501.30 2.460000e+00
4501.70 2.385700e+00
4502.10 2.568600e+00
4502.50 2.554200e+00
4502.90 2.480900e+00
4503.30 2.335400e+00
4503.70 2.285500e+00
4504.10 2.320400e+00
4504.50 2.326200e+00
4504.90 2.357900e+00
4505.30 2.398000e+00
4505.70 2.416300e+00
4506.10 2.457800e+00
4506.50 2.402200e+00
4506.90 2.426600e+00
4507.30 2.393600e+00
4507.70 2.450300e+00
4508.10 2.367200e+00
4508.50 2.396800e+00
4508.90 2.440400e+00
4509.30 2.443600e+00
4509.70 2.399400e+00
4510.10 2.396900e+00
4510.50 2.361000e+00
4510.90 2.422500e+00
4511.30 2.537700e+00
4511.70 2.561700e+00
4512.10 2.657100e+00
4512.50 2.574800e+00
4512.90 2.434500e+00
4513.30 2.419900e+00
4513.70 2.459500e+00
4514.10 2.375100e+00
4514.50 2.428700e+00
4514.90 2.410800e+00
4515.30 2.359000e+00
4515.70 2.394900e+00
4516.10 2.472400e+00
4516.50 2.492300e+00
4516.90 2.453300e+00
4517.30 2.480300e+00
4517.70 2.442700e+00
4518.10 2.463100e+00
4518.50 2.383800e+00
4518.90 2.361500e+00
4519.30 2.469000e+00
4519.70 2.426400e+00
4520.10 2.389800e+00
4520.50 2.424900e+00
4520.90 2.440500e+00
4521.30 2.407400e+00
4521.70 2.366500e+00
4522.10 2.422000e+00
4522.50 2.395100e+00
4522.90 2.380500e+00
4523.30 2.366000e+00
4523.70 2.442100e+00
4524.10 2.424000e+00
4524.50 2.425000e+00
4524.90 2.436400e+00
4525.30 2.530600e+00
4525.70 2.594000e+00
4526.10 2.563300e+00
4526.50 2.432600e+00
4526.90 2.412600e+00
4527.30 2.413400e+00
4527.70 2.410900e+00
4528.10 2.402300e+00
4528.50 2.364200e+00
4528.90 2.296200e+00
4529.30 2.298500e+00
4529.70 2.389200e+00
4530.10 2.330800e+00
4530.50 2.402900e+00
4530.90 2.397100e+00
4531.30 2.371200e+00
4531.70 2.378600e+00
4532.10 2.379200e+00
4532.50 2.372000e+00
4532.90 2.386900e+00
4533.30 2.580500e+00
4533.70 2.564800e+00
4534.10 2.605500e+00
4534.50 2.538800e+00
4534.90 2.416000e+00
4535.30 2.432300e+00
4535.70 2.389100e+00
4536.10 2.362800e+00
4536.50 2.320100e+00
4536.90 2.339100e+00
4537.30 2.373000e+00
4537.70 2.384300e+00
4538.10 2.380600e+00
4538.50 2.356100e+00
4538.90 2.438800e+00
4539.30 2.420500e+00
4539.70 2.405500e+00
4540.10 2.378100e+00
4540.50 2.386200e+00
4540.90 2.360000e+00
4541.30 2.413600e+00
4541.70 2.476900e+00
4542.10 2.397100e+00
4542.50 2.449500e+00
4542.90 2.411500e+00
4543.30 2.407000e+00
4543.70 2.381500e+00
4544.10 2.390100e+00
4544.50 2.414800e+00
4544.90 2.385200e+00
4545.30 2.346000e+00
4545.70 2.393400e+00
4546.10 2.425200e+00
4546.50 2.392700e+00
4546.90 2.380100e+00
4547.30 2.425100e+00
4547.70 2.412100e+00
4548.10 2.408400e+00
4548.50 2.399200e+00
4548.90 2.393600e+00
4549.30 2.429900e+00
4549.70 2.405300e+00
4550.10 2.499700e+00
4550.50 2.502400e+00
4550.90 2.434300e+00
4551.30 2.384500e+00
4551.70 2.414400e+00
4552.10 2.355400e+00
4552.50 2.326800e+00
4552.90 2.346500e+00
4553.30 2.392600e+00
4553.70 2.411400e+00
4554.10 2.348200e+00
4554.50 2.372000e+00
4554.90 2.367500e+00
4555.30 2.338100e+00
4555.70 2.355500e+00
4556.10 2.308300e+00
4556.50 2.273900e+00
4556.90 2.222000e+00
4557.30 2.335000e+00
4557.70 2.380200e+00
4558.10 2.371900e+00
4558.50 2.376200e+00
4558.90 2.408800e+00
4559.30 2.407700e+00
4559.70 2.398900e+00
4560.10 2.354800e+00
4560.50 2.368700e+00
4560.90 2.347500e+00
4561.30 2.323600e+00
4561.70 2.285900e+00
4562.10 2.293100e+00
4562.50 2.351400e+00
4562.90 2.386600e+00
4563.30 2.364900e+00
4563.70 2.361300e+00
4564.10 2.382000e+00
4564.50 2.395100e+00
4564.90 2.371000e+00
4565.30 2.361500e+00
4565.70 2.300700e+00
4566.10 2.272600e+00
4566.50 2.277300e+00
4566.90 2.349300e+00
4567.30 2.356200e+00
4567.70 2.412600e+00
4568.10 2.396600e+00
4568.50 2.381000e+00
4568.90 2.375400e+00
4569.30 2.388400e+00
4569.70 2.385800e+00
4570.10 2.386000e+00
4570.50 2.358800e+00
4570.90 2.372800e+00
4571.30 2.397400e+00
4571.70 2.314000e+00
4572.10 2.314800e+00
4572.50 2.365600e+00
4572.90 2.465000e+00
4573.30 2.454300e+00
4573.70 2.313900e+00
4574.10 2.344600e+00
4574.50 2.356500e+00
4574.90 2.377300e+00
4575.30 2.310500e+00
4575.70 2.287100e+00
4576.10 2.356200e+00
4576.50 2.415500e+00
4576.90 2.376500e+00
4577.30 2.355900e+00
4577.70 2.370100e+00
4578.10 2.380100e+00
4578.50 2.461800e+00
4578.90 2.425700e+00
4579.30 2.403400e+00
4579.70 2.360700e+00
4580.10 2.379600e+00
4580.50 2.366200e+00
4580.90 2.321300e+00
4581.30 2.361200e+00
4581.70 2.363700e+00
4582.10 2.369400e+00
4582.50 2.325100e+00
4582.90 2.295900e+00
4583.30 2.293000e+00
4583.70 2.268500e+00
4584.10 2.258800e+00
4584.50 2.292100e+00
4584.90 2.350200e+00
4585.30 2.339700e+00
4585.70 2.346900e+00
4586.10 2.346000e+00
4586.50 2.347000e+00
4586.90 2.248300e+00
4587.30 2.294200e+00
4587.70 2.275100e+00
4588.10 2.346000e+00
4588.50 2.324200e+00
4588.90 2.357800e+00
4589.30 2.331500e+00
4589.70 2.320000e+00
4590.10 2.377500e+00
4590.50 2.320600e+00
4590.90 2.343000e+00
4591.30 2.328500e+00
4591.70 2.318300e+00
4592.10 2.350700e+00
4592.50 2.344700e+00
4592.90 2.341800e+00
4593.30 2.315800e+00
4593.70 2.225200e+00
4594.10 2.301500e+00
4594.50 2.374000e+00
4594.90 2.329200e+00
4595.30 2.254900e+00
4595.70 2.273800e+00
4596.10 2.277700e+00
4596.50 2.253400e+00
4596.90 2.337000e+00
4597.30 2.284000e+00
4597.70 2.316000e+00
4598.10 2.296200e+00
4598.50 2.297900e+00
4598.90 2.276000e+00
4599.30 2.262300e+00
4599.70 2.285900e+00
4600.10 2.321900e+00
4600.50 2.344800e+00
4600.90 2.345200e+00
4601.30 2.231500e+00
4601.70 2.296400e+00
4602.10 2.267600e+00
4602.50 2.258000e+00
4602.90 2.256000e+00
4603.30 2.266200e+00
4603.70 2.273700e+00
4604.10 2.346900e+00
4604.50 2.331600e+00
4604.90 2.312200e+00
4605.30 2.318900e+00
4605.70 2.353300e+00
4606.10 2.321700e+00
4606.50 2.277300e+00
4606.90 2.323900e+00
4607.30 2.267400e+00
4607.70 2.308200e+00
4608.10 2.280000e+00
4608.50 2.318400e+00
4608.90 2.255700e+00
4609.30 2.257200e+00
4609.70 2.267300e+00
4610.10 2.294000e+00
4610.50 2.248900e+00
4610.90 2.307600e+00
4611.30 2.273600e+00
4611.70 2.251100e+00
4612.10 2.260100e+00
4612.50 2.273300e+00
4612.90 2.254400e+00
4613.30 2.206900e+00
4613.70 2.191200e+00
4614.10 2.260000e+00
4614.50 2.281200e+00
4614.90 2.318100e+00
4615.30 2.259000e+00
4615.70 2.272600e+00
4616.10 2.305200e+00
4616.50 2.247400e+00
4616.90 2.273100e+00
4617.30 2.263000e+00
4617.70 2.256100e+00
4618.10 2.364400e+00
4618.50 2.201700e+00
4618.90 2.162300e+00
4619.30 2.192200e+00
4619.70 2.206200e+00
4620.10 2.182800e+00
4620.50 2.156800e+00
4620.90 2.269200e+00
4621.30 2.234600e+00
4621.70 2.236900e+00
4622.10 2.247300e+00
4622.50 2.242200e+00
4622.90 2.257900e+00
4623.30 2.246500e+00
4623.70 2.283700e+00
4624.10 2.239600e+00
4624.50 2.247700e+00
4624.90 2.246600e+00
4625.30 2.319800e+00
4625.70 2.209000e+00
4626.10 2.243500e+00
4626.50 2.262600e+00
4626.90 2.255100e+00
4627.30 2.245200e+00
4627.70 2.235600e+00
4628.10 2.251300e+00
4628.50 2.290700e+00
4628.90 2.286500e+00
4629.30 2.251000e+00
4629.70 2.265400e+00
4630.10 2.214200e+00
4630.50 2.271500e+00
4630.90 2.240100e+00
4631.30 2.209900e+00
4631.70 2.239100e+00
4632.10 2.219000e+00
4632.50 2.261900e+00
4632.90 2.244800e+00
4633.30 2.253700e+00
4633.70 2.201500e+00
4634.10 2.217300e+00
4634.50 2.167200e+00
4634.90 2.211300e+00
4635.30 2.252400e+00
4635.70 2.179200e+00
4636.10 2.140800e+00
4636.50 2.084900e+00
4636.90 2.237100e+00
4637.30 2.193000e+00
4637.70 2.247800e+00
4638.10 2.192700e+00
4638.50 2.298800e+00
4638.90 2.256600e+00
4639.30 2.216400e+00
4639.70 2.146600e+00
4640.10 2.149000e+00
4640.50 2.199300e+00
4640.90 2.226200e+00
4641.30 2.241300e+00
4641.70 2.234900e+00
4642.10 2.287500e+00
4642.50 2.202400e+00
4642.90 2.300300e+00
4643.30 2.202200e+00
4643.70 2.233900e+00
4644.10 2.189500e+00
4644.50 2.240900e+00
4644.90 2.249300e+00
4645.30 2.260400e+00
4645.70 2.221600e+00
4646.10 2.378600e+00
4646.50 2.327500e+00
4646.90 2.293500e+00
4647.30 2.019000e+00
4647.70 2.204500e+00
4648.10 2.214300e+00
4648.50 2.248600e+00
4648.90 2.210500e+00
4649.30 2.282000e+00
4649.70 2.190800e+00
4650.10 2.172200e+00
4650.50 2.195800e+00
4650.90 2.222600e+00
4651.30 2.154900e+00
4651.70 2.193000e+00
4652.10 2.210100e+00
4652.50 2.294500e+00
4652.90 2.402300e+00
4653.30 2.308000e+00
4653.70 2.150400e+00
4654.10 2.135100e+00
4654.50 2.094600e+00
4654.90 2.152100e+00
4655.30 2.221300e+00
4655.70 2.214300e+00
4656.10 2.180500e+00
4656.50 2.170400e+00
4656.90 2.135100e+00
4657.30 2.175600e+00
4657.70 2.153600e+00
4658.10 2.132800e+00
4658.50 2.087700e+00
4658.90 2.075600e+00
4659.30 2.133700e+00
4659.70 2.126100e+00
4660.10 2.155600e+00
4660.50 2.154700e+00
4660.90 2.146100e+00
4661.30 2.156400e+00
4661.70 2.095600e+00
4662.10 2.114800e+00
4662.50 2.195800e+00
4662.90 2.175100e+00
4663.30 2.141200e+00
4663.70 2.148100e+00
4664.10 2.180700e+00
4664.50 2.159000e+00
4664.90 2.175500e+00
4665.30 2.073200e+00
4665.70 2.109700e+00
4666.10 2.078200e+00
4666.50 2.099700e+00
4666.90 2.092900e+00
4667.30 2.076900e+00
4667.70 2.061700e+00
4668.10 2.068400e+00
4668.50 2.051600e+00
4668.90 2.083500e+00
4669.30 2.077600e+00
4669.70 2.090200e+00
4670.10 2.116400e+00
4670.50 2.106400e+00
4670.90 2.099700e+00
4671.30 2.087400e+00
4671.70 2.099200e+00
4672.10 2.043900e+00
4672.50 2.110600e+00
4672.90 2.090500e+00
4673.30 2.035800e+00
4673.70 2.049200e+00
4674.10 2.084300e+00
4674.50 2.124700e+00
4674.90 2.078900e+00
4675.30 2.066600e+00
4675.70 2.065300e+00
4676.10 2.067500e+00
4676.50 2.072200e+00
4676.90 2.088900e+00
4677.30 2.036500e+00
4677.70 2.053600e+00
4678.10 2.092800e+00
4678.50 2.089100e+00
4678.90 2.038800e+00
4679.30 2.026000e+00
4679.70 1.929000e+00
4680.10 1.898800e+00
4680.50 2.260900e+00
4680.90 2.003800e+00
4681.30 1.999700e+00
4681.70 2.017500e+00
4682.10 1.985500e+00
4682.50 1.932400e+00
4682.90 1.941100e+00
4683.30 2.021800e+00
4683.70 1.981200e+00
4684.10 1.992400e+00
4684.50 1.973800e+00
4684.90 1.966100e+00
4685.30 2.002400e+00
4685.70 2.032600e+00
4686.10 1.988000e+00
4686.50 1.992900e+00
4686.90 1.951400e+00
4687.30 1.985100e+00
4687.70 1.977000e+00
4688.10 1.987800e+00
4688.50 1.967700e+00
4688.90 1.983600e+00
4689.30 1.981800e+00
4689.70 1.980000e+00
4690.10 2.018600e+00
4690.50 1.994900e+00
4690.90 1.973400e+00
4691.30 2.099400e+00
4691.70 1.984300e+00
4692.10 1.943700e+00
4692.50 1.972800e+00
4692.90 2.013400e+00
4693.30 1.978900e+00
4693.70 1.992900e+00
4694.10 1.986500e+00
4694.50 1.983100e+00
4694.90 2.032400e+00
4695.30 2.071300e+00
4695.70 2.044700e+00
4696.10 1.970700e+00
4696.50 1.979800e+00
4696.90 1.973600e+00
4697.30 1.921600e+00
4697.70 1.992100e+00
4698.10 1.963200e+00
4698.50 2.038200e+00
4698.90 1.945000e+00
4699.30 1.967300e+00
4699.70 1.995300e+00
4700.10 2.007400e+00
4700.50 2.024500e+00
4700.90 2.001300e+00
4701.30 2.003900e+00
4701.70 1.992100e+00
4702.10 2.007200e+00
4702.50 1.961500e+00
4702.90 1.977700e+00
4703.30 1.900500e+00
4703.70 1.923200e+00
4704.10 1.962700e+00
4704.50 1.944600e+00
4704.90 1.946700e+00
4705.30 1.953900e+00
4705.70 1.947300e+00
4706.10 1.949700e+00
4706.50 1.920700e+00
4706.90 1.919000e+00
4707.30 1.931900e+00
4707.70 1.936200e+00
4708.10 1.948400e+00
4708.50 1.969000e+00
4708.90 1.957400e+00
4709.30 1.943400e+00
4709.70 1.974000e+00
4710.10 2.007300e+00
4710.50 2.008000e+00
4710.90 1.962100e+00
4711.30 1.943600e+00
4711.70 1.930500e+00
4712.10 1.940500e+00
4712.50 1.905800e+00
4712.90 1.927300e+00
4713.30 1.932700e+00
4713.70 1.952000e+00
4714.10 1.934000e+00
4714.50 1.946200e+00
4714.90 1.955700e+00
4715.30 1.935500e+00
4715.70 1.946500e+00
4716.10 1.941800e+00
4716.50 1.955700e+00
4716.90 1.946000e+00
4717.30 1.854700e+00
4717.70 1.869900e+00
4718.10 2.002100e+00
4718.50 2.118900e+00
4718.90 2.017400e+00
4719.30 1.945600e+00
4719.70 1.896800e+00
4720.10 1.941800e+00
4720.50 1.945500e+00
4720.90 1.939400e+00
4721.30 1.877500e+00
4721.70 1.931200e+00
4722.10 1.922800e+00
4722.50 1.866700e+00
4722.90 1.876900e+00
4723.30 1.933600e+00
4723.70 1.943100e+00
4724.10 1.932200e+00
4724.50 1.945300e+00
4724.90 1.983800e+00
4725.30 1.958300e+00
4725.70 1.926300e+00
4726.10 1.988100e+00
4726.50 1.984000e+00
4726.90 2.017100e+00
4727.30 1.985600e+00
4727.70 1.965900e+00
4728.10 1.916800e+00
4728.50 1.849500e+00
4728.90 1.830700e+00
4729.30 2.142200e+00
4729.70 1.929500e+00
4730.10 2.043000e+00
4730.50 2.106800e+00
4730.90 2.012000e+00
4731.30 1.956300e+00
4731.70 1.876800e+00
4732.10 1.882400e+00
4732.50 1.872400e+00
4732.90 1.876200e+00
4733.30 1.876000e+00
4733.70 1.880100e+00
4734.10 1.917200e+00
4734.50 1.893300e+00
4734.90 1.924200e+00
4735.30 1.949400e+00
4735.70 1.981100e+00
4736.10 1.936200e+00
4736.50 1.984200e+00
4736.90 1.956900e+00
4737.30 1.938800e+00
4737.70 1.923300e+00
4738.10 1.906500e+00
4738.50 1.898700e+00
4738.90 1.940000e+00
4739.30 1.913400e+00
4739.70 1.938000e+00
4740.10 1.947300e+00
4740.50 1.885100e+00
4740.90 1.995500e+00
4741.30 2.085200e+00
4741.70 2.070900e+00
4742.10 1.980000e+00
4742.50 1.949800e+00
4742.90 1.932400e+00
4743.30 1.938900e+00
4743.70 1.926100e+00
4744.10 1.910400e+00
4744.50 1.929300e+00
4744.90 1.922400e+00
4745.30 1.928700e+00
4745.70 1.928400e+00
4746.10 1.950900e+00
4746.50 1.873200e+00
4746.90 1.889900e+00
4747.30 1.940700e+00
4747.70 1.967800e+00
4748.10 1.984000e+00
4748.50 1.975600e+00
4748.90 2.118400e+00
4749.30 1.894200e+00
4749.70 1.880300e+00
4750.10 1.860400e+00
4750.50 1.904100e+00
4750.90 1.913300e+00
4751.30 2.038200e+00
4751.70 2.084400e+00
4752.10 2.160400e+00
4752.50 2.146500e+00
4752.90 1.982300e+00
4753.30 1.922000e+00
4753.70 1.897000e+00
4754.10 1.913300e+00
4754.50 1.799100e+00
4754.90 1.826100e+00
4755.30 1.903800e+00
4755.70 1.849600e+00
4756.10 1.859500e+00
4756.50 1.884900e+00
4756.90 1.912600e+00
4757.30 1.930400e+00
4757.70 1.942300e+00
4758.10 1.901700e+00
4758.50 1.943000e+00
4758.90 1.939700e+00
4759.30 1.910400e+00
4759.70 1.910200e+00
4760.10 1.951600e+00
4760.50 1.920900e+00
4760.90 1.934900e+00
4761.30 1.929500e+00
4761.70 1.917300e+00
4762.10 1.923900e+00
4762.50 1.897300e+00
4762.90 1.918000e+00
4763.30 1.917700e+00
4763.70 1.928700e+00
4764.10 1.916000e+00
4764.50 1.947700e+00
4764.90 1.937500e+00
4765.30 1.906800e+00
4765.70 1.911800e+00
4766.10 1.981800e+00
4766.50 2.047400e+00
4766.90 2.035700e+00
4767.30 1.921000e+00
4767.70 1.919200e+00
4768.10 1.906800e+00
4768.50 1.914400e+00
4768.90 1.908300e+00
4769.30 1.883800e+00
4769.70 1.860100e+00
4770.10 1.848100e+00
4770.50 1.858000e+00
4770.90 1.824700e+00
4771.30 1.865100e+00
4771.70 1.962900e+00
4772.10 1.976400e+00
4772.50 1.972700e+00
4772.90 1.937200e+00
4773.30 1.959100e+00
4773.70 1.959400e+00
4774.10 1.950400e+00
4774.50 1.926100e+00
4774.90 2.049400e+00
4775.30 2.137000e+00
4775.70 2.010400e+00
4776.10 1.986200e+00
4776.50 1.996800e+00
4776.90 2.010300e+00
4777.30 1.924500e+00
4777.70 1.905600e+00
4778.10 1.951000e+00
4778.50 1.949000e+00
4778.90 1.931700e+00
4779.30 1.978300e+00
4779.70 1.970500e+00
4780.10 1.946900e+00
4780.50 1.954000e+00
4780.90 1.935900e+00
4781.30 1.962100e+00
4781.70 1.982900e+00
4782.10 1.953900e+00
4782.50 1.974600e+00
4782.90 1.993800e+00
4783.30 1.986900e+00
4783.70 1.971900e+00
4784.10 1.949400e+00
4784.50 1.956300e+00
4784.90 1.940200e+00
4785.30 1.932800e+00
4785.70 2.018600e+00
4786.10 2.053200e+00
4786.50 1.972300e+00
4786.90 1.941800e+00
4787.30 1.952900e+00
4787.70 1.962900e+00
4788.10 1.948500e+00
4788.50 1.991900e+00
4788.90 1.971900e+00
4789.30 1.995600e+00
4789.70 2.006800e+00
4790.10 1.984900e+00
4790.50 2.065000e+00
4790.90 2.032600e+00
4791.30 2.055300e+00
4791.70 1.992700e+00
4792.10 1.994900e+00
4792.50 1.980300e+00
4792.90 2.006000e+00
4793.30 1.993000e+00
4793.70 2.080500e+00
4794.10 2.133100e+00
4794.50 2.106900e+00
4794.90 2.038700e+00
4795.30 2.056400e+00
4795.70 2.079300e+00
4796.10 2.033000e+00
4796.50 2.014200e+00
4796.90 2.059700e+00
4797.30 1.934600e+00
4797.70 1.950400e+00
4798.10 2.083300e+00
4798.50 2.059400e+00
4798.90 2.072900e+00
4799.30 2.045900e+00
4799.70 2.039400e+00
4800.10 2.093400e+00
4800.50 2.094600e+00
4800.90 2.239600e+00
4801.30 2.170000e+00
4801.70 2.205100e+00
4802.10 2.232500e+00
4802.50 2.144600e+00
4802.90 2.157500e+00
4803.30 2.107800e+00
4803.70 2.084500e+00
4804.10 2.085000e+00
4804.50 2.119700e+00
4804.90 2.124200e+00
4805.30 2.109900e+00
4805.70 2.119500e+00
4806.10 2.127700e+00
4806.50 2.081500e+00
4806.90 2.122000e+00
4807.30 2.100500e+00
4807.70 2.170500e+00
4808.10 2.181000e+00
4808.50 2.319100e+00
4808.90 2.090700e+00
4809.30 2.244400e+00
4809.70 2.122600e+00
4810.10 2.117700e+00
4810.50 2.181000e+00
4810.90 2.229600e+00
4811.30 2.143900e+00
4811.70 2.232200e+00
4812.10 2.308900e+00
4812.50 2.067900e+00
4812.90 2.152800e+00
4813.30 2.189800e+00
4813.70 2.183800e+00
4814.10 2.191800e+00
4814.50 2.196300e+00
4814.90 2.174400e+00
4815.30 2.263000e+00
4815.70 2.237600e+00
4816.10 2.197900e+00
4816.50 2.262100e+00
4816.90 2.356800e+00
4817.30 2.287100e+00
4817.70 2.203600e+00
4818.10 2.247800e+00
4818.50 2.282400e+00
4818.90 2.238100e+00
4819.30 2.285100e+00
4819.70 2.309200e+00
4820.10 2.230500e+00
4820.50 2.255600e+00
4820.90 2.314400e+00
4821.30 2.353900e+00
4821.70 2.312200e+00
4822.10 2.389400e+00
4822.50 2.342300e+00
4822.90 2.234400e+00
4823.30 2.271200e+00
4823.70 2.311700e+00
4824.10 2.245100e+00
4824.50 2.238000e+00
4824.90 2.255900e+00
4825.30 2.342700e+00
4825.70 2.328800e+00
4826.10 2.386600e+00
4826.50 2.294400e+00
4826.90 2.299200e+00
4827.30 2.394600e+00
4827.70 2.414800e+00
4828.10 2.414700e+00
4828.50 2.377600e+00
4828.90 2.339200e+00
4829.30 2.391400e+00
4829.70 2.398900e+00
4830.10 2.450800e+00
4830.50 2.375000e+00
4830.90 2.412700e+00
4831.30 2.332900e+00
4831.70 2.364700e+00
4832.10 2.364100e+00
4832.50 2.456700e+00
4832.90 2.469000e+00
4833.30 2.456700e+00
4833.70 2.534200e+00
4834.10 2.507200e+00
4834.50 2.509400e+00
4834.90 2.523000e+00
4835.30 2.474400e+00
4835.70 2.490100e+00
4836.10 2.514100e+00
4836.50 2.465600e+00
4836.90 2.461300e+00
4837.30 2.518200e+00
4837.70 2.572400e+00
4838.10 2.562800e+00
4838.50 2.537600e+00
4838.90 2.502000e+00
4839.30 2.501600e+00
4839.70 2.549000e+00
4840.10 2.563100e+00
4840.50 2.542600e+00
4840.90 2.513400e+00
4841.30 2.573400e+00
4841.70 2.638100e+00
4842.10 2.645600e+00
4842.50 2.700400e+00
4842.90 2.602400e+00
4843.30 2.570400e+00
4843.70 2.661200e+00
4844.10 2.687200e+00
4844.50 2.624200e+00
4844.90 2.623700e+00
4845.30 2.617800e+00
4845.70 2.648600e+00
4846.10 2.756300e+00
4846.50 2.670200e+00
4846.90 2.588300e+00
4847.30 2.589600e+00
4847.70 2.639000e+00
4848.10 2.646100e+00
4848.50 2.683500e+00
4848.90 2.635700e+00
4849.30 2.733200e+00
4849.70 2.675200e+00
4850.10 2.753000e+00
4850.50 2.696800e+00
4850.90 2.716700e+00
4851.30 2.771300e+00
4851.70 2.668900e+00
4852.10 2.756100e+00
4852.50 2.737000e+00
4852.90 2.700300e+00
4853.30 2.743800e+00
4853.70 2.660000e+00
4854.10 2.848900e+00
4854.50 2.883000e+00
4854.90 2.908900e+00
4855.30 2.877200e+00
4855.70 2.909200e+00
4856.10 2.793400e+00
4856.50 2.795200e+00
4856.90 2.903700e+00
4857.30 2.927700e+00
4857.70 3.016200e+00
4858.10 2.944700e+00
4858.50 2.965100e+00
4858.90 2.988500e+00
4859.30 3.068800e+00
4859.70 3.023300e+00
4860.10 3.029400e+00
4860.50 2.973300e+00
4860.90 2.921300e+00
4861.30 2.873700e+00
4861.70 2.883900e+00
4862.10 2.839000e+00
4862.50 2.856300e+00
4862.90 2.838600e+00
4863.30 2.871900e+00
4863.70 2.899000e+00
4864.10 2.933500e+00
4864.50 2.870400e+00
4864.90 2.865500e+00
4865.30 3.002400e+00
4865.70 3.129700e+00
4866.10 3.084900e+00
4866.50 2.845600e+00
4866.90 2.853000e+00
4867.30 2.832900e+00
4867.70 2.888400e+00
4868.10 2.815300e+00
4868.50 2.719900e+00
4868.90 2.721800e+00
4869.30 2.817100e+00
4869.70 2.825300e+00
4870.10 2.747800e+00
4870.50 2.701100e+00
4870.90 2.740500e+00
4871.30 2.672200e+00
4871.70 2.732200e+00
4872.10 2.838600e+00
4872.50 2.810900e+00
4872.90 2.830900e+00
4873.30 2.882500e+00
4873.70 2.870900e+00
4874.10 2.610800e+00
4874.50 2.792600e+00
4874.90 2.739700e+00
4875.30 2.888100e+00
4875.70 2.802300e+00
4876.10 2.754800e+00
4876.50 2.682500e+00
4876.90 2.673500e+00
4877.30 2.666400e+00
4877.70 2.713200e+00
4878.10 2.736400e+00
4878.50 2.732500e+00
4878.90 2.675800e+00
4879.30 2.686600e+00
4879.70 2.652800e+00
4880.10 2.724400e+00
4880.50 2.784500e+00
4880.90 2.761800e+00
4881.30 2.813200e+00
4881.70 2.603300e+00
4882.10 2.629600e+00
4882.50 2.530700e+00
4882.90 2.602400e+00
4883.30 2.534300e+00
4883.70 2.460500e+00
4884.10 2.597800e+00
4884.50 2.617900e+00
4884.90 2.624000e+00
4885.30 2.706600e+00
4885.70 2.655900e+00
4886.10 2.675200e+00
4886.50 2.614300e+00
4886.90 2.654300e+00
4887.30 2.676300e+00
4887.70 2.587800e+00
4888.10 2.570900e+00
4888.50 2.542700e+00
4888.90 2.566500e+00
4889.30 2.510300e+00
4889.70 2.588000e+00
4890.10 2.594800e+00
4890.50 2.619800e+00
4890.90 2.602300e+00
4891.30 2.599100e+00
4891.70 2.474800e+00
4892.10 2.528500e+00
4892.50 2.553000e+00
4892.90 2.567300e+00
4893.30 2.493900e+00
4893.70 2.414100e+00
4894.10 2.460900e+00
4894.50 2.465500e+00
4894.90 2.454700e+00
4895.30 2.507800e+00
4895.70 2.504600e+00
4896.10 2.481000e+00
4896.50 2.441600e+00
4896.90 2.476600e+00
4897.30 2.499000e+00
4897.70 2.538200e+00
4898.10 2.587500e+00
4898.50 2.551500e+00
4898.90 2.471700e+00
4899.30 2.382300e+00
4899.70 2.416700e+00
4900.10 2.433400e+00
4900.50 2.459300e+00
4900.90 2.457200e+00
4901.30 2.436500e+00
4901.70 2.384000e+00
4902.10 2.420100e+00
4902.50 2.422400e+00
4902.90 2.397800e+00
4903.30 2.427400e+00
4903.70 2.361800e+00
4904.10 2.368200e+00
4904.50 2.355400e+00
4904.90 2.343700e+00
4905.30 2.315200e+00
4905.70 2.396900e+00
4906.10 2.367500e+00
4906.50 2.319600e+00
4906.90 2.355500e+00
4907.30 2.401000e+00
4907.70 2.407600e+00
4908.10 2.408300e+00
4908.50 2.370700e+00
4908.90 2.307100e+00
4909.30 2.403700e+00
4909.70 2.386200e+00
4910.10 2.318900e+00
4910.50 2.331200e+00
4910.90 2.325300e+00
4911.30 2.369500e+00
4911.70 2.307800e+00
4912.10 2.353600e+00
4912.50 2.301900e+00
4912.90 2.316600e+00
4913.30 2.354400e+00
4913.70 2.297300e+00
4914.10 2.309400e+00
4914.50 2.377200e+00
4914.90 2.377600e+00
4915.30 2.261100e+00
4915.70 2.345000e+00
4916.10 2.345100e+00
4916.50 2.311600e+00
4916.90 2.293300e+00
4917.30 2.295900e+00
4917.70 2.360300e+00
4918.10 2.387300e+00
4918.50 2.318000e+00
4918.90 2.279400e+00
4919.30 2.312100e+00
4919.70 2.319800e+00
4920.10 2.304700e+00
4920.50 2.306900e+00
4920.90 2.269900e+00
4921.30 2.263300e+00
4921.70 2.294800e+00
4922.10 2.263700e+00
4922.50 2.311700e+00
4922.90 2.289800e+00
4923.30 2.270400e+00
4923.70 2.325100e+00
4924.10 2.314900e+00
4924.50 2.323200e+00
4924.90 2.332700e+00
4925.30 2.288700e+00
4925.70 2.324500e+00
4926.10 2.311500e+00
4926.50 2.297900e+00
4926.90 2.229800e+00
4927.30 2.216900e+00
4927.70 2.241800e+00
4928.10 2.299100e+00
4928.50 2.247700e+00
4928.90 2.362800e+00
4929.30 2.336200e+00
4929.70 2.300500e+00
4930.10 2.325300e+00
4930.50 2.264000e+00
4930.90 2.283100e+00
4931.30 2.290000e+00
4931.70 2.268200e+00
4932.10 2.254100e+00
4932.50 2.241600e+00
4932.90 2.240900e+00
4933.30 2.255300e+00
4933.70 2.248000e+00
4934.10 2.247400e+00
4934.50 2.290900e+00
4934.90 2.303400e+00
4935.30 2.295600e+00
4935.70 2.264400e+00
4936.10 2.264900e+00
4936.50 2.196500e+00
4936.90 2.245500e+00
4937.30 2.238200e+00
4937.70 2.250500e+00
4938.10 2.250000e+00
4938.50 2.258800e+00
4938.90 2.307400e+00
4939.30 2.295600e+00
4939.70 2.297400e+00
4940.10 2.166400e+00
4940.50 2.242100e+00
4940.90 2.222400e+00
4941.30 2.225400e+00
4941.70 2.327900e+00
4942.10 2.275900e+00
4942.50 2.299300e+00
4942.90 2.292600e+00
4943.30 2.226200e+00
4943.70 2.258900e+00
4944.10 2.234000e+00
4944.50 2.279800e+00
4944.90 2.308600e+00
4945.30 2.253400e+00
4945.70 2.154200e+00
4946.10 2.227900e+00
4946.50 2.236100e+00
4946.90 2.229100e+00
4947.30 2.201900e+00
4947.70 2.245100e+00
4948.10 2.246300e+00
4948.50 2.221900e+00
4948.90 2.241500e+00
4949.30 2.257500e+00
4949.70 2.239400e+00
4950.10 2.260000e+00
4950.50 2.270100e+00
4950.90 2.261500e+00
4951.30 2.306700e+00
4951.70 2.303700e+00
4952.10 2.258200e+00
4952.50 2.291000e+00
4952.90 2.252200e+00
4953.30 2.270000e+00
4953.70 2.270100e+00
4954.10 2.398800e+00
4954.50 2.290500e+00
4954.90 2.338300e+00
4955.30 2.291800e+00
4955.70 2.290500e+00
4956.10 2.312700e+00
4956.50 2.346400e+00
4956.90 2.387300e+00
4957.30 2.321900e+00
4957.70 2.259000e+00
4958.10 2.269800e+00
4958.50 2.292700e+00
4958.90 2.346000e+00
4959.30 2.240200e+00
4959.70 2.185900e+00
4960.10 2.271900e+00
4960.50 2.313400e+00
4960.90 2.317100e+00
4961.30 2.290900e+00
4961.70 2.301800e+00
4962.10 2.270100e+00
4962.50 2.340600e+00
4962.90 2.275200e+00
4963.30 2.296300e+00
4963.70 2.340900e+00
4964.10 2.174100e+00
4964.50 2.153900e+00
4964.90 2.169100e+00
4965.30 2.157600e+00
4965.70 2.212300e+00
4966.10 2.182900e+00
4966.50 2.173000e+00
4966.90 2.221500e+00
4967.30 2.254000e+00
4967.70 2.206700e+00
4968.10 2.203000e+00
4968.50 2.099700e+00
4968.90 2.053900e+00
4969.30 2.148700e+00
4969.70 2.134600e+00
4970.10 2.161000e+00
4970.50 2.137400e+00
4970.90 2.175000e+00
4971.30 2.170200e+00
4971.70 2.159800e+00
4972.10 2.157000e+00
4972.50 2.176900e+00
4972.90 2.160700e+00
4973.30 2.086800e+00
4973.70 2.092100e+00
4974.10 2.058500e+00
4974.50 2.049200e+00
4974.90 2.173600e+00
4975.30 2.151500e+00
4975.70 2.144900e+00
4976.10 2.146400e+00
4976.50 2.180100e+00
4976.90 2.253100e+00
4977.30 2.085900e+00
4977.70 2.124600e+00
4978.10 2.049100e+00
4978.50 2.073000e+00
4978.90 2.082400e+00
4979.30 2.081200e+00
4979.70 2.095400e+00
4980.10 2.082600e+00
4980.50 2.079900e+00
4980.90 2.109100e+00
4981.30 2.135900e+00
4981.70 2.135400e+00
4982.10 2.195400e+00
4982.50 2.108600e+00
4982.90 2.120900e+00
4983.30 2.163200e+00
4983.70 2.211200e+00
4984.10 2.109400e+00
4984.50 2.077500e+00
4984.90 2.131800e+00
4985.30 2.089300e+00
4985.70 2.183200e+00
4986.10 2.183600e+00
4986.50 2.140300e+00
4986.90 2.142200e+00
4987.30 2.126300e+00
4987.70 2.099400e+00
4988.10 2.122700e+00
4988.50 2.103500e+00
4988.90 2.186000e+00
4989.30 2.178800e+00
4989.70 2.111500e+00
4990.10 2.138700e+00
4990.50 2.111400e+00
4990.90 2.158200e+00
4991.30 2.180700e+00
4991.70 2.200000e+00
4992.10 2.239700e+00
4992.50 2.227900e+00
4992.90 2.240800e+00
4993.30 2.253500e+00
4993.70 2.272400e+00
4994.10 2.281800e+00
4994.50 2.302000e+00
4994.90 2.270500e+00
4995.30 2.184100e+00
4995.70 2.215900e+00
4996.10 2.223000e+00
4996.50 2.285400e+00
4996.90 2.294800e+00
4997.30 2.345800e+00
4997.70 2.331700e+00
4998.10 2.208100e+00
4998.50 2.367700e+00
4998.90 2.442100e+00
4999.30 2.451000e+00
4999.70 2.503200e+00
5000.10 2.555000e+00
5000.50 2.479100e+00
5000.90 2.459400e+00
5001.30 2.537300e+00
5001.70 2.543900e+00
5002.10 2.590200e+00
5002.50 2.546000e+00
5002.90 2.555300e+00
5003.30 2.399500e+00
5003.70 2.413500e+00
5004.10 2.627500e+00
5004.50 2.630300e+00
5004.90 2.801500e+00
5005.30 2.776200e+00
5005.70 2.730500e+00
5006.10 2.791400e+00
5006.50 2.816600e+00
5006.90 2.741200e+00
5007.30 2.725400e+00
5007.70 2.808100e+00
5008.10 2.874700e+00
5008.50 2.905200e+00
5008.90 2.762200e+00
5009.30 2.805300e+00
5009.70 2.829500e+00
5010.10 2.715400e+00
5010.50 2.684300e+00
5010.90 2.763500e+00
5011.30 2.690200e+00
5011.70 2.664400e+00
5012.10 2.638400e+00
5012.50 2.614200e+00
5012.90 2.389600e+00
5013.30 2.385800e+00
5013.70 2.549200e+00
5014.10 2.558700e+00
5014.50 2.494000e+00
5014.90 2.382600e+00
5015.30 2.375400e+00
5015.70 2.310600e+00
5016.10 2.266600e+00
5016.50 2.255300e+00
5016.90 2.228400e+00
5017.30 2.217100e+00
5017.70 2.129500e+00
5018.10 2.092900e+00
5018.50 2.093400e+00
5018.90 2.057200e+00
5019.30 2.029600e+00
5019.70 2.021300e+00
5020.10 2.047900e+00
5020.50 2.072100e+00
5020.90 2.068400e+00
5021.30 2.000300e+00
5021.70 2.008300e+00
5022.10 1.994200e+00
5022.50 1.994100e+00
5022.90 1.973700e+00
5023.30 2.030400e+00
5023.70 2.019000e+00
5024.10 1.968800e+00
5024.50 2.038200e+00
5024.90 2.014600e+00
5025.30 2.008400e+00
5025.70 1.937900e+00
5026.10 1.948700e+00
5026.50 1.927700e+00
5026.90 1.969300e+00
5027.30 1.966000e+00
5027.70 1.916000e+00
5028.10 1.949000e+00
5028.50 1.954700e+00
5028.90 1.971700e+00
5029.30 1.986100e+00
5029.70 1.947900e+00
5030.10 1.966700e+00
5030.50 1.973800e+00
5030.90 1.936300e+00
5031.30 1.924400e+00
5031.70 1.928300e+00
5032.10 1.971500e+00
5032.50 1.912500e+00
5032.90 1.905300e+00
5033.30 1.915000e+00
5033.70 1.949800e+00
5034.10 1.921800e+00
5034.50 1.938100e+00
5034.90 1.926200e+00
5035.30 1.896600e+00
5035.70 1.910900e+00
5036.10 1.892600e+00
5036.50 1.878300e+00
5036.90 1.909100e+00
5037.30 1.914000e+00
5037.70 1.872900e+00
5038.10 1.903900e+00
5038.50 1.927800e+00
5038.90 1.845700e+00
5039.30 1.854000e+00
5039.70 1.874700e+00
5040.10 1.870600e+00
5040.50 1.885300e+00
5040.90 1.939500e+00
5041.30 1.911700e+00
5041.70 1.898100e+00
5042.10 1.846900e+00
5042.50 1.865200e+00
5042.90 1.876400e+00
5043.30 1.873300e+00
5043.70 1.901700e+00
5044.10 1.887000e+00
5044.50 1.911200e+00
5044.90 1.893400e+00
5045.30 1.848700e+00
5045.70 1.890900e+00
5046.10 1.852600e+00
5046.50 1.813500e+00
5046.90 1.848000e+00
5047.30 1.824000e+00
5047.70 1.776400e+00
5048.10 1.844900e+00
5048.50 1.833700e+00
5048.90 1.829300e+00
5049.30 1.828400e+00
5049.70 1.805700e+00
5050.10 1.791800e+00
5050.50 1.752700e+00
5050.90 1.814100e+00
5051.30 1.736700e+00
5051.70 1.791800e+00
5052.10 1.764000e+00
5052.50 1.756100e+00
5052.90 1.802600e+00
5053.30 1.772600e+00
5053.70 1.800600e+00
5054.10 1.782500e+00
5054.50 1.795400e+00
5054.90 1.820300e+00
5055.30 1.797500e+00
5055.70 1.796100e+00
5056.10 1.810400e+00
5056.50 1.790200e+00
5056.90 1.759200e+00
5057.30 1.750000e+00
5057.70 1.746800e+00
5058.10 1.819400e+00
5058.50 1.780200e+00
5058.90 1.818800e+00
5059.30 1.795800e+00
5059.70 1.810900e+00
5060.10 1.787800e+00
5060.50 1.774400e+00
5060.90 1.774100e+00
5061.30 1.806400e+00
5061.70 1.786800e+00
5062.10 1.795900e+00
5062.50 1.779600e+00
5062.90 1.800800e+00
5063.30 1.776300e+00
5063.70 1.783600e+00
5064.10 1.758800e+00
5064.50 1.764200e+00
5064.90 1.741100e+00
5065.30 1.718600e+00
5065.70 1.769200e+00
5066.10 1.769100e+00
5066.50 1.748400e+00
5066.90 1.784400e+00
5067.30 1.792200e+00
5067.70 1.788800e+00
5068.10 1.779400e+00
5068.50 1.751100e+00
5068.90 1.751900e+00
5069.30 1.780300e+00
5069.70 1.741600e+00
5070.10 1.688700e+00
5070.50 1.715600e+00
5070.90 1.752900e+00
5071.30 1.751100e+00
5071.70 1.768800e+00
5072.10 1.773700e+00
5072.50 1.726300e+00
5072.90 1.761900e+00
5073.30 1.752400e+00
5073.70 1.753000e+00
5074.10 1.724000e+00
5074.50 1.717900e+00
5074.90 1.783500e+00
5075.30 1.768800e+00
5075.70 1.716900e+00
5076.10 1.723600e+00
5076.50 1.735900e+00
5076.90 1.722300e+00
5077.30 1.725100e+00
5077.70 1.727600e+00
5078.10 1.730400e+00
5078.50 1.704800e+00
5078.90 1.727200e+00
5079.30 1.721400e+00
5079.70 1.702500e+00
5080.10 1.707300e+00
5080.50 1.699700e+00
5080.90 1.720000e+00
5081.30 1.648700e+00
5081.70 1.652700e+00
5082.10 1.734700e+00
5082.50 1.726600e+00
5082.90 1.711400e+00
5083.30 1.735600e+00
5083.70 1.688400e+00
5084.10 1.618600e+00
5084.50 1.652600e+00
5084.90 1.732400e+00
5085.30 1.727800e+00
5085.70 1.677400e+00
5086.10 1.647700e+00
5086.50 1.677900e+00
5086.90 1.659700e+00
5087.30 1.656600e+00
5087.70 1.718000e+00
5088.10 1.687900e+00
5088.50 1.693000e+00
5088.90 1.675800e+00
5089.30 1.724500e+00
5089.70 1.704400e+00
5090.10 1.706000e+00
5090.50 1.699600e+00
5090.90 1.687200e+00
5091.30 1.632100e+00
5091.70 1.647700e+00
5092.10 1.636600e+00
5092.50 1.649600e+00
5092.90 1.667200e+00
5093.30 1.671800e+00
5093.70 1.678600e+00
5094.10 1.648100e+00
5094.50 1.675200e+00
5094.90 1.683300e+00
5095.30 1.681900e+00
5095.70 1.712400e+00
5096.10 1.726100e+00
5096.50 1.677900e+00
5096.90 1.616200e+00
5097.30 1.599200e+00
5097.70 1.668500e+00
5098.10 1.689100e+00
5098.50 1.709300e+00
5098.90 1.639100e+00
5099.30 1.640400e+00
5099.70 1.664100e+00
5100.10 1.658500e+00
5100.50 1.644700e+00
5100.90 1.666000e+00
5101.30 1.677700e+00
5101.70 1.691700e+00
5102.10 1.642000e+00
5102.50 1.675900e+00
5102.90 1.651700e+00
5103.30 1.677200e+00
5103.70 1.665000e+00
5104.10 1.722600e+00
5104.50 1.697900e+00
5104.90 1.658900e+00
5105.30 1.680900e+00
5105.70 1.675300e+00
5106.10 1.669400e+00
5106.50 1.665000e+00
5106.90 1.655000e+00
5107.30 1.670200e+00
5107.70 1.673700e+00
5108.10 1.666500e+00
5108.50 1.662700e+00
5108.90 1.653700e+00
5109.30 1.665300e+00
5109.70 1.652200e+00
5110.10 1.652600e+00
5110.50 1.635100e+00
5110.90 1.631300e+00
5111.30 1.629000e+00
5111.70 1.636100e+00
5112.10 1.659200e+00
5112.50 1.643900e+00
5112.90 1.669300e+00
5113.30 1.659200e+00
5113.70 1.700900e+00
5114.10 1.684200e+00
5114.50 1.647700e+00
5114.90 1.639900e+00
5115.30 1.665000e+00
5115.70 1.657400e+00
5116.10 1.693700e+00
5116.50 1.696900e+00
5116.90 1.705300e+00
5117.30 1.621200e+00
5117.70 1.700900e+00
5118.10 1.678500e+00
5118.50 1.663600e+00
5118.90 1.637200e+00
5119.30 1.629700e+00
5119.70 1.641000e+00
5120.10 1.664000e+00
5120.50 1.636200e+00
5120.90 1.627000e+00
5121.30 1.639800e+00
5121.70 1.638000e+00
5122.10 1.651600e+00
5122.50 1.636400e+00
5122.90 1.640600e+00
5123.30 1.636400e+00
5123.70 1.663300e+00
5124.10 1.640900e+00
5124.50 1.671900e+00
5124.90 1.686900e+00
5125.30 1.656300e+00
5125.70 1.669700e+00
5126.10 1.670600e+00
5126.50 1.661300e+00
5126.90 1.693900e+00
5127.30 1.690500e+00
5127.70 1.634400e+00
5128.10 1.637600e+00
5128.50 1.625400e+00
5128.90 1.609600e+00
5129.30 1.662300e+00
5129.70 1.640800e+00
5130.10 1.630100e+00
5130.50 1.659600e+00
5130.90 1.654300e+00
5131.30 1.669800e+00
5131.70 1.678400e+00
5132.10 1.652600e+00
5132.50 1.671500e+00
5132.90 1.621000e+00
5133.30 1.598600e+00
5133.70 1.647600e+00
5134.10 1.650000e+00
5134.50 1.663100e+00
5134.90 1.683600e+00
5135.30 1.660000e+00
5135.70 1.662200e+00
5136.10 1.692000e+00
5136.50 1.654000e+00
5136.90 1.680800e+00
5137.30 1.678000e+00
5137.70 1.713400e+00
5138.10 1.757700e+00
5138.50 1.750500e+00
5138.90 1.736800e+00
5139.30 1.715200e+00
5139.70 1.665600e+00
5140.10 1.679100e+00
5140.50 1.692100e+00
5140.90 1.663000e+00
5141.30 1.677200e+00
5141.70 1.718500e+00
5142.10 1.877700e+00
5142.50 1.618700e+00
5142.90 1.674700e+00
5143.30 1.723800e+00
5143.70 1.704100e+00
5144.10 1.740400e+00
5144.50 1.740100e+00
5144.90 1.725600e+00
5145.30 1.718200e+00
5145.70 1.697700e+00
5146.10 1.658100e+00
5146.50 1.688700e+00
5146.90 1.699900e+00
5147.30 1.725200e+00
5147.70 1.689900e+00
5148.10 1.689000e+00
5148.50 1.731300e+00
5148.90 1.684300e+00
5149.30 1.716200e+00
5149.70 1.660800e+00
5150.10 1.587300e+00
5150.50 1.641800e+00
5150.90 1.659500e+00
5151.30 1.669400e+00
5151.70 1.748700e+00
5152.10 1.703800e+00
5152.50 1.659700e+00
5152.90 1.687400e+00
5153.30 1.688500e+00
5153.70 1.676300e+00
5154.10 1.684500e+00
5154.50 1.683500e+00
5154.90 1.630600e+00
5155.30 1.740300e+00
5155.70 1.709300e+00
5156.10 1.729500e+00
5156.50 1.707900e+00
5156.90 1.702700e+00
5157.30 1.693800e+00
5157.70 1.755600e+00
5158.10 1.758400e+00
5158.50 1.737300e+00
5158.90 1.740000e+00
5159.30 1.741700e+00
5159.70 1.736800e+00
5160.10 1.705300e+00
5160.50 1.723900e+00
5160.90 1.679500e+00
5161.30 1.671200e+00
5161.70 1.686600e+00
5162.10 1.697000e+00
5162.50 1.697400e+00
5162.90 1.698800e+00
5163.30 1.713700e+00
5163.70 1.714100e+00
5164.10 1.698600e+00
5164.50 1.681000e+00
5164.90 1.673900e+00
5165.30 1.622600e+00
5165.70 1.693800e+00
5166.10 1.660800e+00
5166.50 1.651000e+00
5166.90 1.821700e+00
5167.30 1.823400e+00
5167.70 1.724100e+00
5168.10 1.674100e+00
5168.50 1.888600e+00
5168.90 1.895500e+00
5169.30 1.793100e+00
5169.70 1.745800e+00
5170.10 1.732500e+00
5170.50 1.729300e+00
5170.90 1.745900e+00
5171.30 1.746300e+00
5171.70 1.736000e+00
5172.10 1.744100e+00
5172.50 1.786800e+00
5172.90 1.776300e+00
5173.30 1.765500e+00
5173.70 1.773400e+00
5174.10 1.792500e+00
5174.50 1.772500e+00
5174.90 1.759600e+00
5175.30 1.760000e+00
5175.70 1.732200e+00
5176.10 1.734000e+00
5176.50 1.723700e+00
5176.90 1.755400e+00
5177.30 1.766700e+00
5177.70 1.766100e+00
5178.10 1.734300e+00
5178.50 1.740900e+00
5178.90 1.761400e+00
5179.30 1.759300e+00
5179.70 1.752200e+00
5180.10 1.716900e+00
5180.50 1.684900e+00
5180.90 1.667200e+00
5181.30 1.714500e+00
5181.70 1.735300e+00
5182.10 1.742900e+00
5182.50 1.779200e+00
5182.90 1.751000e+00
5183.30 1.742800e+00
5183.70 1.784100e+00
5184.10 1.826200e+00
5184.50 1.817600e+00
5184.90 1.894000e+00
5185.30 1.816200e+00
5185.70 1.817300e+00
5186.10 1.785700e+00
5186.50 1.738800e+00
5186.90 1.739600e+00
5187.30 1.724400e+00
5187.70 1.736000e+00
5188.10 1.746000e+00
5188.50 1.749000e+00
5188.90 1.749000e+00
5189.30 1.722000e+00
5189.70 1.736000e+00
5190.10 1.687200e+00
5190.50 1.786000e+00
5190.90 1.740500e+00
5191.30 1.675700e+00
5191.70 1.674500e+00
5192.10 1.639400e+00
5192.50 1.640000e+00
5192.90 1.689800e+00
5193.30 1.703000e+00
5193.70 1.703700e+00
5194.10 1.662700e+00
5194.50 1.677500e+00
5194.90 1.713500e+00
5195.30 1.759400e+00
5195.70 1.796900e+00
5196.10 1.758600e+00
5196.50 1.744000e+00
5196.90 1.743200e+00
5197.30 1.685900e+00
5197.70 1.732800e+00
5198.10 1.805100e+00
5198.50 1.839600e+00
5198.90 1.826400e+00
5199.30 1.736800e+00
5199.70 1.727200e+00
5200.10 1.719800e+00
5200.50 1.755600e+00
5200.90 1.765800e+00
5201.30 1.738300e+00
5201.70 1.691000e+00
5202.10 1.745900e+00
5202.50 1.738800e+00
5202.90 1.720000e+00
5203.30 1.723900e+00
5203.70 1.683800e+00
5204.10 1.702500e+00
5204.50 1.690000e+00
5204.90 1.651900e+00
5205.30 1.708100e+00
5205.70 1.771600e+00
5206.10 1.748800e+00
5206.50 1.733000e+00
5206.90 1.691500e+00
5207.30 1.692700e+00
5207.70 1.728700e+00
5208.10 1.725800e+00
5208.50 1.745600e+00
5208.90 1.748900e+00
5209.30 1.727700e+00
5209.70 1.700000e+00
5210.10 1.648500e+00
5210.50 1.664500e+00
5210.90 1.644400e+00
5211.30 1.608900e+00
5211.70 1.671800e+00
5212.10 1.665900e+00
5212.50 1.689600e+00
5212.90 1.684700e+00
5213.30 1.643000e+00
5213.70 1.705100e+00
5214.10 1.698400e+00
5214.50 1.732800e+00
5214.90 1.680500e+00
5215.30 1.692800e+00
5215.70 1.652100e+00
5216.10 1.650600e+00
5216.50 1.647200e+00
5216.90 1.691000e+00
5217.30 1.670000e+00
5217.70 1.641600e+00
5218.10 1.639600e+00
5218.50 1.634700e+00
5218.90 1.631600e+00
5219.30 1.596200e+00
5219.70 1.695200e+00
5220.10 1.660300e+00
5220.50 1.668800e+00
5220.90 1.658100e+00
5221.30 1.656600e+00
5221.70 1.671100e+00
5222.10 1.687600e+00
5222.50 1.684100e+00
5222.90 1.704600e+00
5223.30 1.715600e+00
5223.70 1.686300e+00
5224.10 1.627700e+00
5224.50 1.581500e+00
5224.90 1.667100e+00
5225.30 1.667000e+00
5225.70 1.635900e+00
5226.10 1.597300e+00
5226.50 1.652900e+00
5226.90 1.656500e+00
5227.30 1.684600e+00
5227.70 1.647000e+00
5228.10 1.625700e+00
5228.50 1.646800e+00
5228.90 1.628500e+00
5229.30 1.611700e+00
5229.70 1.599600e+00
5230.10 1.630600e+00
5230.50 1.666300e+00
5230.90 1.631800e+00
5231.30 1.682000e+00
5231.70 1.633200e+00
5232.10 1.636100e+00
5232.50 1.648100e+00
5232.90 1.696900e+00
5233.30 1.695200e+00
5233.70 1.707800e+00
5234.10 1.670100e+00
5234.50 1.663000e+00
5234.90 1.599200e+00
5235.30 1.834200e+00
5235.70 1.750600e+00
5236.10 1.686900e+00
5236.50 1.768700e+00
5236.90 1.792600e+00
5237.30 1.694300e+00
5237.70 1.659600e+00
5238.10 1.629900e+00
5238.50 1.606000e+00
5238.90 1.651700e+00
5239.30 1.668100e+00
5239.70 1.659400e+00
5240.10 1.661300e+00
5240.50 1.601500e+00
5240.90 1.630400e+00
5241.30 1.681400e+00
5241.70 1.659600e+00
5242.10 1.633200e+00
5242.50 1.627000e+00
5242.90 1.640100e+00
5243.30 1.609100e+00
5243.70 1.630700e+00
5244.10 1.645700e+00
5244.50 1.658400e+00
5244.90 1.640500e+00
5245.30 1.665600e+00
5245.70 1.656100e+00
5246.10 1.655600e+00
5246.50 1.669000e+00
5246.90 1.706600e+00
5247.30 1.762100e+00
5247.70 1.714900e+00
5248.10 1.679400e+00
5248.50 1.656000e+00
5248.90 1.752000e+00
5249.30 1.721700e+00
5249.70 1.652400e+00
5250.10 1.631400e+00
5250.50 1.623900e+00
5250.90 1.656000e+00
5251.30 1.659900e+00
5251.70 1.681500e+00
5252.10 1.698400e+00
5252.50 1.675700e+00
5252.90 1.606100e+00
5253.30 1.640900e+00
5253.70 1.678600e+00
5254.10 1.727200e+00
5254.50 1.729200e+00
5254.90 1.642800e+00
5255.30 1.621000e+00
5255.70 1.596400e+00
5256.10 1.592000e+00
5256.50 1.618100e+00
5256.90 1.641900e+00
5257.30 1.697600e+00
5257.70 1.709800e+00
5258.10 1.638800e+00
5258.50 1.667500e+00
5258.90 1.649700e+00
5259.30 1.664800e+00
5259.70 1.653000e+00
5260.10 1.612500e+00
5260.50 1.679900e+00
5260.90 1.666300e+00
5261.30 1.666200e+00
5261.70 1.715100e+00
5262.10 1.749700e+00
5262.50 1.748100e+00
5262.90 1.697000e+00
5263.30 1.699100e+00
5263.70 1.631800e+00
5264.10 1.631900e+00
5264.50 1.635300e+00
5264.90 1.632700e+00
5265.30 1.624000e+00
5265.70 1.624800e+00
5266.10 1.619600e+00
5266.50 1.592000e+00
5266.90 1.585800e+00
5267.30 1.599600e+00
5267.70 1.579900e+00
5268.10 1.616100e+00
5268.50 1.611400e+00
5268.90 1.651900e+00
5269.30 1.600100e+00
5269.70 1.678800e+00
5270.10 1.707200e+00
5270.50 1.668700e+00
5270.90 1.596500e+00
5271.30 1.618200e+00
5271.70 1.627000e+00
5272.10 1.615900e+00
5272.50 1.650900e+00
5272.90 1.678000e+00
5273.30 1.709800e+00
5273.70 1.685600e+00
5274.10 1.640400e+00
5274.50 1.639500e+00
5274.90 1.640400e+00
5275.30 1.656100e+00
5275.70 1.662400e+00
5276.10 1.649500e+00
5276.50 1.626900e+00
5276.90 1.621800e+00
5277.30 1.627100e+00
5277.70 1.640000e+00
5278.10 1.619900e+00
5278.50 1.634100e+00
5278.90 1.597800e+00
5279.30 1.599600e+00
5279.70 1.603500e+00
5280.10 1.559700e+00
5280.50 1.630000e+00
5280.90 1.592300e+00
5281.30 1.539500e+00
5281.70 1.527500e+00
5282.10 1.509800e+00
5282.50 1.563800e+00
5282.90 1.596100e+00
5283.30 1.549900e+00
5283.70 1.552100e+00
5284.10 1.575200e+00
5284.50 1.612000e+00
5284.90 1.633800e+00
5285.30 1.653500e+00
5285.70 1.610800e+00
5286.10 1.628200e+00
5286.50 1.640500e+00
5286.90 1.579300e+00
5287.30 1.537000e+00
5287.70 1.549000e+00
5288.10 1.538100e+00
5288.50 1.531700e+00
5288.90 1.522600e+00
5289.30 1.583000e+00
5289.70 1.612500e+00
5290.10 1.598800e+00
5290.50 1.586900e+00
5290.90 1.606700e+00
5291.30 1.612700e+00
5291.70 1.594800e+00
5292.10 1.617500e+00
5292.50 1.633400e+00
5292.90 1.617000e+00
5293.30 1.642200e+00
5293.70 1.669900e+00
5294.10 1.863400e+00
5294.50 1.804100e+00
5294.90 1.619800e+00
5295.30 1.616800e+00
5295.70 1.555300e+00
5296.10 1.541500e+00
5296.50 1.506800e+00
5296.90 1.512900e+00
5297.30 1.504900e+00
5297.70 1.540300e+00
5298.10 1.532000e+00
5298.50 1.608300e+00
5298.90 1.600200e+00
5299.30 1.564600e+00
5299.70 1.574800e+00
5300.10 1.528200e+00
5300.50 1.553700e+00
5300.90 1.612900e+00
5301.30 1.616300e+00
5301.70 1.634300e+00
5302.10 1.641200e+00
5302.50 1.633800e+00
5302.90 1.651400e+00
5303.30 1.686500e+00
5303.70 1.676200e+00
5304.10 1.670700e+00
5304.50 1.664200e+00
5304.90 1.648700e+00
5305.30 1.593100e+00
5305.70 1.543000e+00
5306.10 1.619600e+00
5306.50 1.657600e+00
5306.90 1.656200e+00
5307.30 1.602400e+00
5307.70 1.573500e+00
5308.10 1.539700e+00
5308.50 1.543000e+00
5308.90 1.581200e+00
5309.30 1.616300e+00
5309.70 1.576000e+00
5310.10 1.630700e+00
5310.50 1.553000e+00
5310.90 1.565000e+00
5311.30 1.653000e+00
5311.70 1.629800e+00
5312.10 1.576700e+00
5312.50 1.608300e+00
5312.90 1.608000e+00
5313.30 1.528000e+00
5313.70 1.570500e+00
5314.10 1.590600e+00
5314.50 1.590300e+00
5314.90 1.630300e+00
5315.30 1.604200e+00
5315.70 1.540900e+00
5316.10 1.474900e+00
5316.50 1.518900e+00
5316.90 1.516800e+00
5317.30 1.544200e+00
5317.70 1.580600e+00
5318.10 1.552500e+00
5318.50 1.560400e+00
5318.90 1.636300e+00
5319.30 1.641500e+00
5319.70 1.647800e+00
5320.10 1.628100e+00
5320.50 1.556900e+00
5320.90 1.632400e+00
5321.30 1.576600e+00
5321.70 1.586800e+00
5322.10 1.619500e+00
5322.50 1.623000e+00
5322.90 1.637300e+00
5323.30 1.651500e+00
5323.70 1.583900e+00
5324.10 1.534000e+00
5324.50 1.544000e+00
5324.90 1.559400e+00
5325.30 1.590600e+00
5325.70 1.618700e+00
5326.10 1.589100e+00
5326.50 1.610500e+00
5326.90 1.598300e+00
5327.30 1.585600e+00
5327.70 1.576200e+00
5328.10 1.557700e+00
5328.50 1.558600e+00
5328.90 1.498500e+00
5329.30 1.504200e+00
5329.70 1.535600e+00
5330.10 1.566400e+00
5330.50 1.596600e+00
5330.90 1.628500e+00
5331.30 1.617300e+00
5331.70 1.587200e+00
5332.10 1.534500e+00
5332.50 1.498500e+00
5332.90 1.488300e+00
5333.30 1.460600e+00
5333.70 1.508900e+00
5334.10 1.505800e+00
5334.50 1.471800e+00
5334.90 1.490600e+00
5335.30 1.521500e+00
5335.70 1.578600e+00
5336.10 1.616200e+00
5336.50 1.561600e+00
5336.90 1.568800e+00
5337.30 1.503100e+00
5337.70 1.572000e+00
5338.10 1.587400e+00
5338.50 1.551000e+00
5338.90 1.550200e+00
5339.30 1.492300e+00
5339.70 1.500400e+00
5340.10 1.508900e+00
5340.50 1.456300e+00
5340.90 1.471400e+00
5341.30 1.473800e+00
5341.70 1.499700e+00
5342.10 1.436200e+00
5342.50 1.457000e+00
5342.90 1.465500e+00
5343.30 1.434600e+00
5343.70 1.497800e+00
5344.10 1.498600e+00
5344.50 1.481600e+00
5344.90 1.525700e+00
5345.30 1.536100e+00
5345.70 1.519100e+00
5346.10 1.467800e+00
5346.50 1.446100e+00
5346.90 1.526700e+00
5347.30 1.589200e+00
5347.70 1.615900e+00
5348.10 1.596900e+00
5348.50 1.574400e+00
5348.90 1.544500e+00
5349.30 1.568700e+00
5349.70 1.534400e+00
5350.10 1.504600e+00
5350.50 1.530600e+00
5350.90 1.517300e+00
5351.30 1.518100e+00
5351.70 1.516500e+00
5352.10 1.533000e+00
5352.50 1.516300e+00
5352.90 1.502700e+00
5353.30 1.510500e+00
5353.70 1.442900e+00
5354.10 1.446900e+00
5354.50 1.469000e+00
5354.90 1.472500e+00
5355.30 1.490200e+00
5355.70 1.504600e+00
5356.10 1.512900e+00
5356.50 1.518300e+00
5356.90 1.521700e+00
5357.30 1.479400e+00
5357.70 1.470100e+00
5358.10 1.457400e+00
5358.50 1.433700e+00
5358.90 1.498500e+00
5359.30 1.482000e+00
5359.70 1.505100e+00
5360.10 1.483100e+00
5360.50 1.494200e+00
5360.90 1.504700e+00
5361.30 1.509000e+00
5361.70 1.493900e+00
5362.10 1.491000e+00
5362.50 1.475500e+00
5362.90 1.474400e+00
5363.30 1.481600e+00
5363.70 1.475200e+00
5364.10 1.467200e+00
5364.50 1.450900e+00
5364.90 1.434700e+00
5365.30 1.495300e+00
5365.70 1.503900e+00
5366.10 1.498600e+00
5366.50 1.474100e+00
5366.90 1.479900e+00
5367.30 1.480300e+00
5367.70 1.471500e+00
5368.10 1.486000e+00
5368.50 1.473300e+00
5368.90 1.412200e+00
5369.30 1.436000e+00
5369.70 1.473600e+00
5370.10 1.449300e+00
5370.50 1.492000e+00
5370.90 1.463300e+00
5371.30 1.482000e+00
5371.70 1.434900e+00
5372.10 1.444800e+00
5372.50 1.455700e+00
5372.90 1.484000e+00
5373.30 1.482400e+00
5373.70 1.482800e+00
5374.10 1.520300e+00
5374.50 1.513700e+00
5374.90 1.493600e+00
5375.30 1.485500e+00
5375.70 1.477400e+00
5376.10 1.492900e+00
5376.50 1.478800e+00
5376.90 1.460600e+00
5377.30 1.451500e+00
5377.70 1.475200e+00
5378.10 1.529100e+00
5378.50 1.546700e+00
5378.90 1.527000e+00
5379.30 1.514900e+00
5379.70 1.465700e+00
5380.10 1.405500e+00
5380.50 1.569500e+00
5380.90 1.468000e+00
5381.30 1.457100e+00
5381.70 1.476600e+00
5382.10 1.440200e+00
5382.50 1.397900e+00
5382.90 1.367800e+00
5383.30 1.362500e+00
5383.70 1.362100e+00
5384.10 1.357700e+00
5384.50 1.363100e+00
5384.90 1.379400e+00
5385.30 1.377500e+00
5385.70 1.392300e+00
5386.10 1.398500e+00
5386.50 1.427100e+00
5386.90 1.413800e+00
5387.30 1.389000e+00
5387.70 1.389600e+00
5388.10 1.408000e+00
5388.50 1.378000e+00
5388.90 1.377300e+00
5389.30 1.401900e+00
5389.70 1.393900e+00
5390.10 1.364100e+00
5390.50 1.358200e+00
5390.90 1.380200e+00
5391.30 1.391000e+00
5391.70 1.430900e+00
5392.10 1.401000e+00
5392.50 1.377400e+00
5392.90 1.352700e+00
5393.30 1.417900e+00
5393.70 1.412000e+00
5394.10 1.401600e+00
5394.50 1.398400e+00
5394.90 1.390000e+00
5395.30 1.404400e+00
5395.70 1.368800e+00
5396.10 1.381800e+00
5396.50 1.392100e+00
5396.90 1.392100e+00
5397.30 1.376200e+00
5397.70 1.396900e+00
5398.10 1.367600e+00
5398.50 1.431400e+00
5398.90 1.406100e+00
5399.30 1.370000e+00
5399.70 1.342600e+00
5400.10 1.335500e+00
5400.50 1.315300e+00
5400.90 1.378900e+00
5401.30 1.391400e+00
5401.70 1.410500e+00
5402.10 1.411300e+00
5402.50 1.402700e+00
5402.90 1.406300e+00
5403.30 1.414800e+00
5403.70 1.446300e+00
5404.10 1.468000e+00
5404.50 1.473100e+00
5404.90 1.429200e+00
5405.30 1.401500e+00
5405.70 1.401200e+00
5406.10 1.370500e+00
5406.50 1.349200e+00
5406.90 1.293000e+00
5407.30 1.316400e+00
5407.70 1.357900e+00
5408.10 1.398600e+00
5408.50 1.395800e+00
5408.90 1.418300e+00
5409.30 1.394400e+00
5409.70 1.377400e+00
5410.10 1.384000e+00
5410.50 1.365600e+00
5410.90 1.324000e+00
5411.30 1.312600e+00
5411.70 1.359900e+00
5412.10 1.411100e+00
5412.50 1.398100e+00
5412.90 1.466800e+00
5413.30 1.428000e+00
5413.70 1.407700e+00
5414.10 1.404700e+00
5414.50 1.396500e+00
5414.90 1.390500e+00
5415.30 1.395800e+00
5415.70 1.343000e+00
5416.10 1.401900e+00
5416.50 1.391000e+00
5416.90 1.399400e+00
5417.30 1.390500e+00
5417.70 1.373900e+00
5418.10 1.364800e+00
5418.50 1.331800e+00
5418.90 1.333400e+00
5419.30 1.358100e+00
5419.70 1.332700e+00
5420.10 1.344700e+00
5420.50 1.331200e+00
5420.90 1.328900e+00
5421.30 1.337600e+00
5421.70 1.333300e+00
5422.10 1.440000e+00
5422.50 1.393000e+00
5422.90 1.394100e+00
5423.30 1.408000e+00
5423.70 1.386400e+00
5424.10 1.361800e+00
5424.50 1.345600e+00
5424.90 1.370400e+00
5425.30 1.348900e+00
5425.70 1.408600e+00
5426.10 1.399000e+00
5426.50 1.379300e+00
5426.90 1.365700e+00
5427.30 1.383500e+00
5427.70 1.379600e+00
5428.10 1.388800e+00
5428.50 1.360300e+00
5428.90 1.371700e+00
5429.30 1.361600e+00
5429.70 1.356800e+00
5430.10 1.352200e+00
5430.50 1.305100e+00
5430.90 1.327200e+00
5431.30 1.305200e+00
5431.70 1.368300e+00
5432.10 1.362100e+00
5432.50 1.337700e+00
5432.90 1.352300e+00
5433.30 1.347900e+00
5433.70 1.374800e+00
5434.10 1.374100e+00
5434.50 1.392100e+00
5434.90 1.379300e+00
5435.30 1.337100e+00
5435.70 1.387100e+00
5436.10 1.385800e+00
5436.50 1.403900e+00
5436.90 1.401100e+00
5437.30 1.392800e+00
5437.70 1.341300e+00
5438.10 1.389900e+00
5438.50 1.355900e+00
5438.90 1.338600e+00
5439.30 1.300000e+00
5439.70 1.303000e+00
5440.10 1.367500e+00
5440.50 1.388300e+00
5440.90 1.383600e+00
5441.30 1.378500e+00
5441.70 1.371800e+00
5442.10 1.326200e+00
5442.50 1.344800e+00
5442.90 1.352100e+00
5443.30 1.366400e+00
5443.70 1.331600e+00
5444.10 1.351200e+00
5444.50 1.345200e+00
5444.90 1.354800e+00
5445.30 1.368400e+00
5445.70 1.324300e+00
5446.10 1.334900e+00
5446.50 1.342600e+00
5446.90 1.266900e+00
5447.30 1.189500e+00
5447.70 1.442000e+00
5448.10 1.324000e+00
5448.50 1.310100e+00
5448.90 1.336900e+00
5449.30 1.351300e+00
5449.70 1.408400e+00
5450.10 1.408100e+00
5450.50 1.438700e+00
5450.90 1.410300e+00
5451.30 1.385700e+00
5451.70 1.360700e+00
5452.10 1.356900e+00
5452.50 1.363600e+00
5452.90 1.384100e+00
5453.30 1.367800e+00
5453.70 1.348800e+00
5454.10 1.342500e+00
5454.50 1.322800e+00
5454.90 1.328900e+00
5455.30 1.335300e+00
5455.70 1.337900e+00
5456.10 1.316000e+00
5456.50 1.314000e+00
5456.90 1.379200e+00
5457.30 1.385500e+00
5457.70 1.337400e+00
5458.10 1.396800e+00
5458.50 1.409200e+00
5458.90 1.350700e+00
5459.30 1.338800e+00
5459.70 1.314500e+00
5460.10 1.355800e+00
5460.50 1.298600e+00
5460.90 1.352400e+00
5461.30 1.352100e+00
5461.70 1.364000e+00
5462.10 1.371900e+00
5462.50 1.354200e+00
5462.90 1.365700e+00
5463.30 1.384300e+00
5463.70 1.357900e+00
5464.10 1.387500e+00
5464.50 1.358400e+00
5464.90 1.345800e+00
5465.30 1.359000e+00
5465.70 1.369200e+00
5466.10 1.374300e+00
5466.50 1.378600e+00
5466.90 1.374400e+00
5467.30 1.396400e+00
5467.70 1.374900e+00
5468.10 1.389400e+00
5468.50 1.352400e+00
5468.90 1.359100e+00
5469.30 1.349900e+00
5469.70 1.337200e+00
5470.10 1.350000e+00
5470.50 1.358800e+00
5470.90 1.329700e+00
5471.30 1.308500e+00
5471.70 1.298100e+00
5472.10 1.317600e+00
5472.50 1.311100e+00
5472.90 1.334500e+00
5473.30 1.373600e+00
5473.70 1.378100e+00
5474.10 1.367700e+00
5474.50 1.356500e+00
5474.90 1.338100e+00
5475.30 1.337000e+00
5475.70 1.350200e+00
5476.10 1.346500e+00
5476.50 1.327500e+00
5476.90 1.297800e+00
5477.30 1.354100e+00
5477.70 1.307900e+00
5478.10 1.324300e+00
5478.50 1.299100e+00
5478.90 1.302600e+00
5479.30 1.363100e+00
5479.70 1.354700e+00
5480.10 1.342000e+00
5480.50 1.357500e+00
5480.90 1.375600e+00
5481.30 1.376700e+00
5481.70 1.370300e+00
5482.10 1.335300e+00
5482.50 1.312100e+00
5482.90 1.378500e+00
5483.30 1.306400e+00
5483.70 1.319600e+00
5484.10 1.292800e+00
5484.50 1.487900e+00
5484.90 1.401500e+00
5485.30 1.421500e+00
5485.70 1.348700e+00
5486.10 1.314400e+00
5486.50 1.343700e+00
5486.90 1.364900e+00
5487.30 1.384300e+00
5487.70 1.377800e+00
5488.10 1.374100e+00
5488.50 1.381700e+00
5488.90 1.333600e+00
5489.30 1.421600e+00
5489.70 1.295900e+00
5490.10 1.319000e+00
5490.50 1.326000e+00
5490.90 1.393300e+00
5491.30 1.444000e+00
5491.70 1.381500e+00
5492.10 1.401600e+00
5492.50 1.395300e+00
5492.90 1.388600e+00
5493.30 1.365800e+00
5493.70 1.360000e+00
5494.10 1.325200e+00
5494.50 1.370200e+00
5494.90 1.377600e+00
5495.30 1.367400e+00
5495.70 1.364600e+00
5496.10 1.371800e+00
5496.50 1.344900e+00
5496.90 1.367900e+00
5497.30 1.316800e+00
5497.70 1.283000e+00
5498.10 1.313800e+00
5498.50 1.295100e+00
5498.90 1.303600e+00
5499.30 1.330600e+00
5499.70 1.329800e+00
5500.10 1.310500e+00
5500.50 1.359900e+00
5500.90 1.361600e+00
5501.30 1.352400e+00
5501.70 1.385400e+00
5502.10 1.359500e+00
5502.50 1.360300e+00
5502.90 1.337500e+00
5503.30 1.354000e+00
5503.70 1.318600e+00
5504.10 1.316000e+00
5504.50 1.311800e+00
5504.90 1.350500e+00
5505.30 1.348400e+00
5505.70 1.388500e+00
5506.10 1.337900e+00
5506.50 1.352900e+00
5506.90 1.400000e+00
5507.30 1.389300e+00
5507.70 1.359400e+00
5508.10 1.328800e+00
5508.50 1.327600e+00
5508.90 1.335000e+00
5509.30 1.357400e+00
5509.70 1.359600e+00
5510.10 1.354400e+00
5510.50 1.315900e+00
5510.90 1.323200e+00
5511.30 1.349800e+00
5511.70 1.332800e+00
5512.10 1.341600e+00
5512.50 1.315600e+00
5512.90 1.309800e+00
5513.30 1.290400e+00
5513.70 1.327400e+00
5514.10 1.311000e+00
5514.50 1.283700e+00
5514.90 1.281500e+00
5515.30 1.342500e+00
5515.70 1.315600e+00
5516.10 1.359500e+00
5516.50 1.361300e+00
5516.90 1.325500e+00
5517.30 1.357900e+00
5517.70 1.374400e+00
5518.10 1.373700e+00
5518.50 1.367000e+00
5518.90 1.385200e+00
5519.30 1.392300e+00
5519.70 1.391800e+00
5520.10 1.367700e+00
5520.50 1.368600e+00
5520.90 1.378500e+00
5521.30 1.397600e+00
5521.70 1.421400e+00
5522.10 1.358300e+00
5522.50 1.364800e+00
5522.90 1.355700e+00
5523.30 1.334100e+00
5523.70 1.370200e+00
5524.10 1.382500e+00
5524.50 1.316400e+00
5524.90 1.318700e+00
5525.30 1.300800e+00
5525.70 1.347000e+00
5526.10 1.328700e+00
5526.50 1.384400e+00
5526.90 1.384200e+00
5527.30 1.326200e+00
5527.70 1.311500e+00
5528.10 1.328700e+00
5528.50 1.348200e+00
5528.90 1.386300e+00
5529.30 1.368500e+00
5529.70 1.390000e+00
5530.10 1.362600e+00
5530.50 1.370000e+00
5530.90 1.337200e+00
5531.30 1.324000e+00
5531.70 1.380100e+00
5532.10 1.350400e+00
5532.50 1.341000e+00
5532.90 1.332200e+00
5533.30 1.352800e+00
5533.70 1.346000e+00
5534.10 1.380100e+00
5534.50 1.354100e+00
5534.90 1.389700e+00
5535.30 1.403300e+00
5535.70 1.380500e+00
5536.10 1.386800e+00
5536.50 1.387700e+00
5536.90 1.352500e+00
5537.30 1.334400e+00
5537.70 1.341000e+00
5538.10 1.347800e+00
5538.50 1.328200e+00
5538.90 1.319500e+00
5539.30 1.322400e+00
5539.70 1.319400e+00
5540.10 1.339600e+00
5540.50 1.344300e+00
5540.90 1.348300e+00
5541.30 1.315400e+00
5541.70 1.318200e+00
5542.10 1.323000e+00
5542.50 1.366000e+00
5542.90 1.362800e+00
5543.30 1.394300e+00
5543.70 1.379000e+00
5544.10 1.396700e+00
5544.50 1.368600e+00
5544.90 1.380300e+00
5545.30 1.374400e+00
5545.70 1.298100e+00
5546.10 1.313600e+00
5546.50 1.259700e+00
5546.90 1.296900e+00
5547.30 1.278400e+00
5547.70 1.235800e+00
5548.10 1.265800e+00
5548.50 1.261600e+00
5548.90 1.316300e+00
5549.30 1.354600e+00
5549.70 1.372800e+00
5550.10 1.400600e+00
5550.50 1.366800e+00
5550.90 1.359700e+00
5551.30 1.344400e+00
5551.70 1.297500e+00
5552.10 1.355500e+00
5552.50 1.384800e+00
5552.90 1.366400e+00
5553.30 1.343600e+00
5553.70 1.322600e+00
5554.10 1.305100e+00
5554.50 1.333300e+00
5554.90 1.311200e+00
5555.30 1.313600e+00
5555.70 1.310700e+00
5556.10 1.330700e+00
5556.50 1.348900e+00
5556.90 1.350700e+00
5557.30 1.363200e+00
5557.70 1.318700e+00
5558.10 1.315400e+00
5558.50 1.340000e+00
5558.90 1.311600e+00
5559.30 1.287200e+00
5559.70 1.281500e+00
5560.10 1.313900e+00
5560.50 1.324700e+00
5560.90 1.334700e+00
5561.30 1.331700e+00
5561.70 1.341500e+00
5562.10 1.318600e+00
5562.50 1.332500e+00
5562.90 1.322500e+00
5563.30 1.297300e+00
5563.70 1.309000e+00
5564.10 1.295800e+00
5564.50 1.296400e+00
5564.90 1.341900e+00
5565.30 1.299400e+00
5565.70 1.315200e+00
5566.10 1.311000e+00
5566.50 1.337600e+00
5566.90 1.291900e+00
5567.30 1.311600e+00
5567.70 1.306100e+00
5568.10 1.319000e+00
5568.50 1.331400e+00
5568.90 1.309500e+00
5569.30 1.296500e+00
5569.70 1.329700e+00
5570.10 1.345500e+00
5570.50 1.308400e+00
5570.90 1.305800e+00
5571.30 1.319100e+00
5571.70 1.281400e+00
5572.10 1.350600e+00
5572.50 1.329300e+00
5572.90 1.301700e+00
5573.30 1.285500e+00
5573.70 1.313200e+00
5574.10 1.319200e+00
5574.50 1.294400e+00
5574.90 1.295600e+00
5575.30 1.288900e+00
5575.70 1.292600e+00
5576.10 1.284600e+00
5576.50 1.271700e+00
5576.90 1.271900e+00
5577.30 1.277700e+00
5577.70 1.271600e+00
5578.10 1.257900e+00
5578.50 1.272100e+00
5578.90 1.272300e+00
5579.30 1.304000e+00
5579.70 1.313300e+00
5580.10 1.326900e+00
5580.50 1.309100e+00
5580.90 1.317900e+00
5581.30 1.283700e+00
5581.70 1.278500e+00
5582.10 1.280700e+00
5582.50 1.292900e+00
5582.90 1.284900e+00
5583.30 1.293000e+00
5583.70 1.278500e+00
5584.10 1.287800e+00
5584.50 1.306100e+00
5584.90 1.240900e+00
5585.30 1.250600e+00
5585.70 1.313600e+00
5586.10 1.237300e+00
5586.50 1.347700e+00
5586.90 1.326300e+00
5587.30 1.315800e+00
5587.70 1.322900e+00
5588.10 1.335000e+00
5588.50 1.363100e+00
5588.90 1.264100e+00
5589.30 1.283100e+00
5589.70 1.288600e+00
5590.10 1.284200e+00
5590.50 1.243700e+00
5590.90 1.242600e+00
5591.30 1.261800e+00
5591.70 1.274400e+00
5592.10 1.296300e+00
5592.50 1.282000e+00
5592.90 1.274500e+00
5593.30 1.276300e+00
5593.70 1.291500e+00
5594.10 1.281900e+00
5594.50 1.257600e+00
5594.90 1.272200e+00
5595.30 1.237100e+00
5595.70 1.286100e+00
5596.10 1.262600e+00
5596.50 1.245500e+00
5596.90 1.253800e+00
5597.30 1.269500e+00
5597.70 1.258100e+00
5598.10 1.269500e+00
5598.50 1.277700e+00
5598.90 1.280900e+00
5599.30 1.278700e+00
5599.70 1.258700e+00
5600.10 1.252400e+00
5600.50 1.255400e+00
5600.90 1.251900e+00
5601.30 1.250100e+00
5601.70 1.268800e+00
5602.10 1.250300e+00
5602.50 1.265300e+00
5602.90 1.273200e+00
5603.30 1.282400e+00
5603.70 1.291800e+00
5604.10 1.287800e+00
5604.50 1.269000e+00
5604.90 1.256300e+00
5605.30 1.243900e+00
5605.70 1.253800e+00
5606.10 1.253800e+00
5606.50 1.253300e+00
5606.90 1.273100e+00
5607.30 1.276100e+00
5607.70 1.272100e+00
5608.10 1.280000e+00
5608.50 1.252100e+00
5608.90 1.244300e+00
5609.30 1.240500e+00
5609.70 1.228000e+00
5610.10 1.238700e+00
5610.50 1.255600e+00
5610.90 1.241300e+00
5611.30 1.242100e+00
5611.70 1.241200e+00
5612.10 1.238300e+00
5612.50 1.249600e+00
5612.90 1.238300e+00
5613.30 1.263600e+00
5613.70 1.258700e+00
5614.10 1.236600e+00
5614.50 1.243600e+00
5614.90 1.248600e+00
5615.30 1.240200e+00
5615.70 1.252600e+00
5616.10 1.261900e+00
5616.50 1.254900e+00
5616.90 1.292600e+00
5617.30 1.269000e+00
5617.70 1.232800e+00
5618.10 1.232800e+00
5618.50 1.243000e+00
5618.90 1.249000e+00
5619.30 1.267300e+00
5619.70 1.253000e+00
5620.10 1.264100e+00
5620.50 1.259300e+00
5620.90 1.242300e+00
5621.30 1.243700e+00
5621.70 1.283100e+00
5622.10 1.310900e+00
5622.50 1.284400e+00
5622.90 1.218700e+00
5623.30 1.243200e+00
5623.70 1.226700e+00
5624.10 1.209200e+00
5624.50 1.220400e+00
5624.90 1.225700e+00
5625.30 1.247900e+00
5625.70 1.234700e+00
5626.10 1.229300e+00
5626.50 1.235500e+00
5626.90 1.251500e+00
5627.30 1.251400e+00
5627.70 1.248700e+00
5628.10 1.261400e+00
5628.50 1.251600e+00
5628.90 1.250600e+00
5629.30 1.243200e+00
5629.70 1.259200e+00
5630.10 1.221400e+00
5630.50 1.235000e+00
5630.90 1.248700e+00
5631.30 1.250400e+00
5631.70 1.220300e+00
5632.10 1.227200e+00
5632.50 1.221800e+00
5632.90 1.231000e+00
5633.30 1.191400e+00
5633.70 1.230600e+00
5634.10 1.246800e+00
5634.50 1.276800e+00
5634.90 1.228300e+00
5635.30 1.230200e+00
5635.70 1.180500e+00
5636.10 1.204200e+00
5636.50 1.210900e+00
5636.90 1.233700e+00
5637.30 1.273800e+00
5637.70 1.272400e+00
5638.10 1.258400e+00
5638.50 1.243500e+00
5638.90 1.249400e+00
5639.30 1.232100e+00
5639.70 1.232300e+00
5640.10 1.241500e+00
5640.50 1.223900e+00
5640.90 1.222400e+00
5641.30 1.193200e+00
5641.70 1.205900e+00
5642.10 1.216100e+00
5642.50 1.224700e+00
5642.90 1.226400e+00
5643.30 1.230200e+00
5643.70 1.233600e+00
5644.10 1.227100e+00
5644.50 1.231600e+00
5644.90 1.248500e+00
5645.30 1.247900e+00
5645.70 1.226500e+00
5646.10 1.226900e+00
5646.50 1.225300e+00
5646.90 1.163300e+00
5647.30 1.175200e+00
5647.70 1.200400e+00
5648.10 1.222600e+00
5648.50 1.228000e+00
5648.90 1.211400e+00
5649.30 1.231500e+00
5649.70 1.210800e+00
5650.10 1.219200e+00
5650.50 1.229100e+00
5650.90 1.260000e+00
5651.30 1.230900e+00
5651.70 1.233400e+00
5652.10 1.244200e+00
5652.50 1.228500e+00
5652.90 1.225800e+00
5653.30 1.204700e+00
5653.70 1.212700e+00
5654.10 1.220800e+00
5654.50 1.201900e+00
5654.90 1.221600e+00
5655.30 1.246400e+00
5655.70 1.231000e+00
5656.10 1.223000e+00
5656.50 1.214000e+00
5656.90 1.221700e+00
5657.30 1.221600e+00
5657.70 1.227300e+00
5658.10 1.213900e+00
5658.50 1.206300e+00
5658.90 1.225400e+00
5659.30 1.223200e+00
5659.70 1.207200e+00
5660.10 1.234800e+00
5660.50 1.226300e+00
5660.90 1.212600e+00
5661.30 1.199100e+00
5661.70 1.187400e+00
5662.10 1.191000e+00
5662.50 1.205900e+00
5662.90 1.221100e+00
5663.30 1.213300e+00
5663.70 1.204900e+00
5664.10 1.227900e+00
5664.50 1.247800e+00
5664.90 1.242600e+00
5665.30 1.274100e+00
5665.70 1.256600e+00
5666.10 1.246200e+00
5666.50 1.217500e+00
5666.90 1.220500e+00
5667.30 1.213300e+00
5667.70 1.218400e+00
5668.10 1.228800e+00
5668.50 1.212800e+00
5668.90 1.223600e+00
5669.30 1.210100e+00
5669.70 1.236400e+00
5670.10 1.233100e+00
5670.50 1.188900e+00
5670.90 1.198500e+00
5671.30 1.169900e+00
5671.70 1.161000e+00
5672.10 1.192200e+00
5672.50 1.206500e+00
5672.90 1.223900e+00
5673.30 1.229600e+00
5673.70 1.222500e+00
5674.10 1.165800e+00
5674.50 1.208500e+00
5674.90 1.191100e+00
5675.30 1.211100e+00
5675.70 1.217100e+00
5676.10 1.215500e+00
5676.50 1.229600e+00
5676.90 1.215200e+00
5677.30 1.213000e+00
5677.70 1.218600e+00
5678.10 1.229100e+00
5678.50 1.247400e+00
5678.90 1.227400e+00
5679.30 1.222300e+00
5679.70 1.218400e+00
5680.10 1.218300e+00
5680.50 1.216200e+00
5680.90 1.224900e+00
5681.30 1.219300e+00
5681.70 1.196300e+00
5682.10 1.207600e+00
5682.50 1.220800e+00
5682.90 1.227800e+00
5683.30 1.275400e+00
5683.70 1.282600e+00
5684.10 1.281400e+00
5684.50 1.289800e+00
5684.90 1.234200e+00
5685.30 1.239200e+00
5685.70 1.232100e+00
5686.10 1.197400e+00
5686.50 1.205100e+00
5686.90 1.225500e+00
5687.30 1.259000e+00
5687.70 1.274100e+00
5688.10 1.173300e+00
5688.50 1.201700e+00
5688.90 1.208700e+00
5689.30 1.197500e+00
5689.70 1.211100e+00
5690.10 1.203600e+00
5690.50 1.218100e+00
5690.90 1.251700e+00
5691.30 1.234500e+00
5691.70 1.223600e+00
5692.10 1.248600e+00
5692.50 1.282300e+00
5692.90 1.224200e+00
5693.30 1.202700e+00
5693.70 1.177500e+00
5694.10 1.194700e+00
5694.50 1.212500e+00
5694.90 1.211300e+00
5695.30 1.223600e+00
5695.70 1.263600e+00
5696.10 1.273500e+00
5696.50 1.253900e+00
5696.90 1.264300e+00
5697.30 1.218500e+00
5697.70 1.211900e+00
5698.10 1.213200e+00
5698.50 1.211300e+00
5698.90 1.202900e+00
5699.30 1.226100e+00
5699.70 1.205100e+00
5700.10 1.248300e+00
5700.50 1.219700e+00
5700.90 1.212500e+00
5701.30 1.225200e+00
5701.70 1.231500e+00
5702.10 1.171200e+00
5702.50 1.193200e+00
5702.90 1.195000e+00
5703.30 1.203900e+00
5703.70 1.206600e+00
5704.10 1.206700e+00
5704.50 1.186200e+00
5704.90 1.171000e+00
5705.30 1.164900e+00
5705.70 1.195200e+00
5706.10 1.214400e+00
5706.50 1.203200e+00
5706.90 1.226000e+00
5707.30 1.241500e+00
5707.70 1.192200e+00
5708.10 1.203000e+00
5708.50 1.204500e+00
5708.90 1.210100e+00
5709.30 1.227600e+00
5709.70 1.211800e+00
5710.10 1.196600e+00
5710.50 1.189200e+00
5710.90 1.185500e+00
5711.30 1.194400e+00
5711.70 1.213400e+00
5712.10 1.199800e+00
5712.50 1.173700e+00
5712.90 1.193300e+00
5713.30 1.207800e+00
5713.70 1.193000e+00
5714.10 1.216800e+00
5714.50 1.215800e+00
5714.90 1.261200e+00
5715.30 1.249800e+00
5715.70 1.195400e+00
5716.10 1.203600e+00
5716.50 1.205300e+00
5716.90 1.192800e+00
5717.30 1.170800e+00
5717.70 1.183500e+00
5718.10 1.214400e+00
5718.50 1.228200e+00
5718.90 1.221200e+00
5719.30 1.248800e+00
5719.70 1.294000e+00
5720.10 1.226900e+00
5720.50 1.227900e+00
5720.90 1.234400e+00
5721.30 1.173500e+00
5721.70 1.198000e+00
5722.10 1.221900e+00
5722.50 1.222500e+00
5722.90 1.224300e+00
5723.30 1.236100e+00
5723.70 1.212400e+00
5724.10 1.212700e+00
5724.50 1.203600e+00
5724.90 1.238200e+00
5725.30 1.232400e+00
5725.70 1.197500e+00
5726.10 1.195700e+00
5726.50 1.213700e+00
5726.90 1.213000e+00
5727.30 1.223800e+00
5727.70 1.201900e+00
5728.10 1.200200e+00
5728.50 1.220400e+00
5728.90 1.198300e+00
5729.30 1.170000e+00
5729.70 1.197200e+00
5730.10 1.221100e+00
5730.50 1.226200e+00
5730.90 1.222300e+00
5731.30 1.219200e+00
5731.70 1.206400e+00
5732.10 1.249400e+00
5732.50 1.236000e+00
5732.90 1.211100e+00
5733.30 1.235100e+00
5733.70 1.213400e+00
5734.10 1.193000e+00
5734.50 1.215800e+00
5734.90 1.230700e+00
5735.30 1.210400e+00
5735.70 1.235800e+00
5736.10 1.187100e+00
5736.50 1.202500e+00
5736.90 1.225800e+00
5737.30 1.221400e+00
5737.70 1.227400e+00
5738.10 1.187100e+00
5738.50 1.192700e+00
5738.90 1.192900e+00
5739.30 1.184200e+00
5739.70 1.195800e+00
5740.10 1.223400e+00
5740.50 1.176300e+00
5740.90 1.192600e+00
5741.30 1.203100e+00
5741.70 1.201100e+00
5742.10 1.204900e+00
5742.50 1.194300e+00
5742.90 1.207100e+00
5743.30 1.225000e+00
5743.70 1.236500e+00
5744.10 1.228800e+00
5744.50 1.231600e+00
5744.90 1.264100e+00
5745.30 1.234900e+00
5745.70 1.243600e+00
5746.10 1.248700e+00
5746.50 1.232600e+00
5746.90 1.248800e+00
5747.30 1.243300e+00
5747.70 1.210800e+00
5748.10 1.238600e+00
5748.50 1.249200e+00
5748.90 1.231800e+00
5749.30 1.211000e+00
5749.70 1.234700e+00
5750.10 1.244000e+00
5750.50 1.262600e+00
5750.90 1.247800e+00
5751.30 1.183700e+00
5751.70 1.178500e+00
5752.10 1.210800e+00
5752.50 1.235800e+00
5752.90 1.227200e+00
5753.30 1.241800e+00
5753.70 1.174200e+00
5754.10 1.224300e+00
5754.50 1.255000e+00
5754.90 1.179100e+00
5755.30 1.173200e+00
5755.70 1.193700e+00
5756.10 1.199200e+00
5756.50 1.198000e+00
5756.90 1.189500e+00
5757.30 1.216000e+00
5757.70 1.230300e+00
5758.10 1.221900e+00
5758.50 1.229400e+00
5758.90 1.231800e+00
5759.30 1.219000e+00
5759.70 1.241700e+00
5760.10 1.194800e+00
5760.50 1.232800e+00
5760.90 1.221400e+00
5761.30 1.267800e+00
5761.70 1.265900e+00
5762.10 1.228300e+00
5762.50 1.196100e+00
5762.90 1.251300e+00
5763.30 1.252300e+00
5763.70 1.260000e+00
5764.10 1.233100e+00
5764.50 1.182400e+00
5764.90 1.239800e+00
5765.30 1.243300e+00
5765.70 1.237600e+00
5766.10 1.246800e+00
5766.50 1.242500e+00
5766.90 1.209800e+00
5767.30 1.208000e+00
5767.70 1.224600e+00
5768.10 1.269200e+00
5768.50 1.299200e+00
5768.90 1.187000e+00
5769.30 1.209800e+00
5769.70 1.193100e+00
5770.10 1.213700e+00
5770.50 1.215700e+00
5770.90 1.209900e+00
5771.30 1.201800e+00
5771.70 1.188000e+00
5772.10 1.184000e+00
5772.50 1.209800e+00
5772.90 1.199700e+00
5773.30 1.233900e+00
5773.70 1.257900e+00
5774.10 1.231400e+00
5774.50 1.187900e+00
5774.90 1.172200e+00
5775.30 1.239500e+00
5775.70 1.242700e+00
5776.10 1.208000e+00
5776.50 1.187500e+00
5776.90 1.235100e+00
5777.30 1.232900e+00
5777.70 1.228600e+00
5778.10 1.220500e+00
5778.50 1.204100e+00
5778.90 1.224500e+00
5779.30 1.251100e+00
5779.70 1.234400e+00
5780.10 1.189400e+00
5780.50 1.227100e+00
5780.90 1.239400e+00
5781.30 1.212900e+00
5781.70 1.198100e+00
5782.10 1.203500e+00
5782.50 1.207500e+00
5782.90 1.243000e+00
5783.30 1.295300e+00
5783.70 1.251300e+00
5784.10 1.235700e+00
5784.50 1.250200e+00
5784.90 1.188400e+00
5785.30 1.242700e+00
5785.70 1.224700e+00
5786.10 1.225900e+00
5786.50 1.205200e+00
5786.90 1.209100e+00
5787.30 1.195000e+00
5787.70 1.228100e+00
5788.10 1.231400e+00
5788.50 1.234800e+00
5788.90 1.227400e+00
5789.30 1.221500e+00
5789.70 1.253200e+00
5790.10 1.276500e+00
5790.50 1.241000e+00
5790.90 1.222500e+00
5791.30 1.208700e+00
5791.70 1.237900e+00
5792.10 1.245400e+00
5792.50 1.264200e+00
5792.90 1.283200e+00
5793.30 1.196400e+00
5793.70 1.226600e+00
5794.10 1.217700e+00
5794.50 1.214700e+00
5794.90 1.176100e+00
5795.30 1.185700e+00
5795.70 1.253900e+00
5796.10 1.196800e+00
5796.50 1.176600e+00
5796.90 1.209700e+00
5797.30 1.213800e+00
5797.70 1.253600e+00
5798.10 1.278300e+00
5798.50 1.262900e+00
5798.90 1.192800e+00
5799.30 1.208100e+00
5799.70 1.216900e+00
5800.10 1.213700e+00
5800.50 1.218900e+00
5800.90 1.238000e+00
5801.30 1.256100e+00
5801.70 1.292900e+00
5802.10 1.273100e+00
5802.50 1.269900e+00
5802.90 1.237800e+00
5803.30 1.284700e+00
5803.70 1.273700e+00
5804.10 1.252300e+00
5804.50 1.271500e+00
5804.90 1.243000e+00
5805.30 1.257200e+00
5805.70 1.228800e+00
5806.10 1.248100e+00
5806.50 1.254100e+00
5806.90 1.271300e+00
5807.30 1.241300e+00
5807.70 1.264700e+00
5808.10 1.294000e+00
5808.50 1.272700e+00
5808.90 1.206500e+00
5809.30 1.216600e+00
5809.70 1.233600e+00
5810.10 1.256800e+00
5810.50 1.211500e+00
5810.90 1.241000e+00
5811.30 1.234400e+00
5811.70 1.230600e+00
5812.10 1.192700e+00
5812.50 1.264800e+00
5812.90 1.325600e+00
5813.30 1.216000e+00
5813.70 1.134400e+00
5814.10 1.204900e+00
5814.50 1.206700e+00
5814.90 1.214700e+00
5815.30 1.248800e+00
5815.70 1.220200e+00
5816.10 1.209100e+00
5816.50 1.237200e+00
5816.90 1.258600e+00
5817.30 1.264300e+00
5817.70 1.276300e+00
5818.10 1.251700e+00
5818.50 1.262100e+00
5818.90 1.297500e+00
5819.30 1.282900e+00
5819.70 1.213700e+00
5820.10 1.232400e+00
5820.50 1.243700e+00
5820.90 1.240000e+00
5821.30 1.243200e+00
5821.70 1.221200e+00
5822.10 1.252600e+00
5822.50 1.200000e+00
5822.90 1.200800e+00
5823.30 1.236700e+00
5823.70 1.240900e+00
5824.10 1.245600e+00
5824.50 1.256400e+00
5824.90 1.312900e+00
5825.30 1.266400e+00
5825.70 1.277300e+00
5826.10 1.268600e+00
5826.50 1.286500e+00
5826.90 1.272800e+00
5827.30 1.273500e+00
5827.70 1.272800e+00
5828.10 1.245700e+00
5828.50 1.253900e+00
5828.90 1.260600e+00
5829.30 1.283000e+00
5829.70 1.280400e+00
5830.10 1.263800e+00
5830.50 1.234900e+00
5830.90 1.244500e+00
5831.30 1.198600e+00
5831.70 1.220500e+00
5832.10 1.243600e+00
5832.50 1.285600e+00
5832.90 1.221600e+00
5833.30 1.205000e+00
5833.70 1.233900e+00
5834.10 1.237200e+00
5834.50 1.260400e+00
5834.90 1.250000e+00
5835.30 1.256100e+00
5835.70 1.242400e+00
5836.10 1.229400e+00
5836.50 1.202500e+00
5836.90 1.232400e+00
5837.30 1.244000e+00
5837.70 1.256200e+00
5838.10 1.268100e+00
5838.50 1.255300e+00
5838.90 1.290000e+00
5839.30 1.291500e+00
5839.70 1.265300e+00
5840.10 1.253900e+00
5840.50 1.216300e+00
5840.90 1.276700e+00
5841.30 1.275000e+00
5841.70 1.253100e+00
5842.10 1.238000e+00
5842.50 1.263100e+00
5842.90 1.268500e+00
5843.30 1.245100e+00
5843.70 1.260600e+00
5844.10 1.295600e+00
5844.50 1.281900e+00
5844.90 1.275100e+00
5845.30 1.295500e+00
5845.70 1.308500e+00
5846.10 1.318300e+00
5846.50 1.312600e+00
5846.90 1.348100e+00
5847.30 1.300500e+00
5847.70 1.233300e+00
5848.10 1.233100e+00
5848.50 1.243600e+00
5848.90 1.249100e+00
5849.30 1.254100e+00
5849.70 1.252100e+00
5850.10 1.235100e+00
5850.50 1.263100e+00
5850.90 1.280700e+00
5851.30 1.269100e+00
5851.70 1.249000e+00
5852.10 1.256900e+00
5852.50 1.262000e+00
5852.90 1.293300e+00
5853.30 1.266600e+00
5853.70 1.251900e+00
5854.10 1.244600e+00
5854.50 1.272500e+00
5854.90 1.297100e+00
5855.30 1.289300e+00
5855.70 1.296500e+00
5856.10 1.292700e+00
5856.50 1.281500e+00
5856.90 1.301600e+00
5857.30 1.278500e+00
5857.70 1.282400e+00
5858.10 1.297700e+00
5858.50 1.278100e+00
5858.90 1.297300e+00
5859.30 1.300700e+00
5859.70 1.311400e+00
5860.10 1.281200e+00
5860.50 1.313700e+00
5860.90 1.291800e+00
5861.30 1.268200e+00
5861.70 1.249900e+00
5862.10 1.299400e+00
5862.50 1.253400e+00
5862.90 1.276800e+00
5863.30 1.278000e+00
5863.70 1.270900e+00
5864.10 1.288200e+00
5864.50 1.318200e+00
5864.90 1.295800e+00
5865.30 1.303600e+00
5865.70 1.300800e+00
5866.10 1.281300e+00
5866.50 1.313500e+00
5866.90 1.303700e+00
5867.30 1.324400e+00
5867.70 1.308200e+00
5868.10 1.306500e+00
5868.50 1.315300e+00
5868.90 1.308700e+00
5869.30 1.315800e+00
5869.70 1.323700e+00
5870.10 1.329200e+00
5870.50 1.346700e+00
5870.90 1.337800e+00
5871.30 1.299700e+00
5871.70 1.316800e+00
5872.10 1.289800e+00
5872.50 1.304700e+00
5872.90 1.311000e+00
5873.30 1.266500e+00
5873.70 1.289300e+00
5874.10 1.326500e+00
5874.50 1.350600e+00
5874.90 1.369200e+00
5875.30 1.377000e+00
5875.70 1.321400e+00
5876.10 1.281800e+00
5876.50 1.339800e+00
5876.90 1.316000e+00
5877.30 1.302400e+00
5877.70 1.294700e+00
5878.10 1.299300e+00
5878.50 1.312000e+00
5878.90 1.327700e+00
5879.30 1.306400e+00
5879.70 1.288100e+00
5880.10 1.302700e+00
5880.50 1.307500e+00
5880.90 1.314000e+00
5881.30 1.322700e+00
5881.70 1.299400e+00
5882.10 1.292100e+00
5882.50 1.303900e+00
5882.90 1.318200e+00
5883.30 1.294500e+00
5883.70 1.339100e+00
5884.10 1.336500e+00
5884.50 1.370900e+00
5884.90 1.327200e+00
5885.30 1.313300e+00
5885.70 1.315500e+00
5886.10 1.333900e+00
5886.50 1.319900e+00
5886.90 1.312700e+00
5887.30 1.329900e+00
5887.70 1.320600e+00
5888.10 1.290000e+00
5888.50 1.313800e+00
5888.90 1.311800e+00
5889.30 1.316900e+00
5889.70 1.282200e+00
5890.10 1.324400e+00
5890.50 1.309500e+00
5890.90 1.322200e+00
5891.30 1.308400e+00
5891.70 1.302900e+00
5892.10 1.291000e+00
5892.50 1.316400e+00
5892.90 1.320200e+00
5893.30 1.288500e+00
5893.70 1.320000e+00
5894.10 1.289000e+00
5894.50 1.292100e+00
5894.90 1.352900e+00
5895.30 1.308200e+00
5895.70 1.311200e+00
5896.10 1.270600e+00
5896.50 1.319400e+00
5896.90 1.323100e+00
5897.30 1.318400e+00
5897.70 1.290400e+00
5898.10 1.277200e+00
5898.50 1.293800e+00
5898.90 1.294500e+00
5899.30 1.290900e+00
5899.70 1.297100e+00
5900.10 1.295100e+00
5900.50 1.300700e+00
5900.90 1.303300e+00
5901.30 1.286500e+00
5901.70 1.300500e+00
5902.10 1.294400e+00
5902.50 1.317300e+00
5902.90 1.291300e+00
5903.30 1.302700e+00
5903.70 1.308400e+00
5904.10 1.320300e+00
5904.50 1.326100e+00
5904.90 1.305700e+00
5905.30 1.279100e+00
5905.70 1.288100e+00
5906.10 1.291900e+00
5906.50 1.285700e+00
5906.90 1.283100e+00
5907.30 1.286300e+00
5907.70 1.301700e+00
5908.10 1.333500e+00
5908.50 1.292200e+00
5908.90 1.302600e+00
5909.30 1.311800e+00
5909.70 1.278200e+00
5910.10 1.259200e+00
5910.50 1.283600e+00
5910.90 1.290800e+00
5911.30 1.291800e+00
5911.70 1.305300e+00
5912.10 1.322200e+00
5912.50 1.286400e+00
5912.90 1.312100e+00
5913.30 1.268100e+00
5913.70 1.278000e+00
5914.10 1.282100e+00
5914.50 1.278900e+00
5914.90 1.294500e+00
5915.30 1.295100e+00
5915.70 1.273200e+00
5916.10 1.247700e+00
5916.50 1.301500e+00
5916.90 1.321700e+00
5917.30 1.269900e+00
5917.70 1.269500e+00
5918.10 1.279800e+00
5918.50 1.281800e+00
5918.90 1.283400e+00
5919.30 1.280500e+00
5919.70 1.288500e+00
5920.10 1.305600e+00
5920.50 1.281400e+00
5920.90 1.276300e+00
5921.30 1.252600e+00
5921.70 1.298100e+00
5922.10 1.246200e+00
5922.50 1.267900e+00
5922.90 1.269800e+00
5923.30 1.277100e+00
5923.70 1.277000e+00
5924.10 1.283500e+00
5924.50 1.296900e+00
5924.90 1.281400e+00
5925.30 1.306600e+00
5925.70 1.323300e+00
5926.10 1.304200e+00
5926.50 1.279900e+00
5926.90 1.237100e+00
5927.30 1.229100e+00
5927.70 1.260700e+00
5928.10 1.269900e+00
5928.50 1.252400e+00
5928.90 1.288800e+00
5929.30 1.287200e+00
5929.70 1.273200e+00
5930.10 1.259700e+00
5930.50 1.273000e+00
5930.90 1.258000e+00
5931.30 1.257500e+00
5931.70 1.249600e+00
5932.10 1.238600e+00
5932.50 1.259100e+00
5932.90 1.227200e+00
5933.30 1.255700e+00
5933.70 1.289600e+00
5934.10 1.293400e+00
5934.50 1.249200e+00
5934.90 1.260100e+00
5935.30 1.246900e+00
5935.70 1.307500e+00
5936.10 1.300500e+00
5936.50 1.278400e+00
5936.90 1.248200e+00
5937.30 1.280100e+00
5937.70 1.307400e+00
5938.10 1.290900e+00
5938.50 1.287600e+00
5938.90 1.292800e+00
5939.30 1.257700e+00
5939.70 1.282800e+00
5940.10 1.251400e+00
5940.50 1.236300e+00
5940.90 1.251100e+00
5941.30 1.211000e+00
5941.70 1.253200e+00
5942.10 1.295400e+00
5942.50 1.252000e+00
5942.90 1.265100e+00
5943.30 1.262600e+00
5943.70 1.274900e+00
5944.10 1.274500e+00
5944.50 1.238400e+00
5944.90 1.235600e+00
5945.30 1.250500e+00
5945.70 1.261000e+00
5946.10 1.285300e+00
5946.50 1.252800e+00
5946.90 1.265700e+00
5947.30 1.253800e+00
5947.70 1.245200e+00
5948.10 1.270500e+00
5948.50 1.232500e+00
5948.90 1.258700e+00
5949.30 1.267700e+00
5949.70 1.253000e+00
5950.10 1.245300e+00
5950.50 1.246400e+00
5950.90 1.269900e+00
5951.30 1.233600e+00
5951.70 1.238500e+00
5952.10 1.236700e+00
5952.50 1.251900e+00
5952.90 1.266900e+00
5953.30 1.259800e+00
5953.70 1.256500e+00
5954.10 1.253900e+00
5954.50 1.180200e+00
5954.90 1.189500e+00
5955.30 1.201000e+00
5955.70 1.261900e+00
5956.10 1.262100e+00
5956.50 1.249500e+00
5956.90 1.260700e+00
5957.30 1.286400e+00
5957.70 1.262600e+00
5958.10 1.279800e+00
5958.50 1.269700e+00
5958.90 1.241100e+00
5959.30 1.231700e+00
5959.70 1.259200e+00
5960.10 1.284900e+00
5960.50 1.269900e+00
5960.90 1.238600e+00
5961.30 1.254300e+00
5961.70 1.276100e+00
5962.10 1.309400e+00
5962.50 1.291000e+00
5962.90 1.267100e+00
5963.30 1.284600e+00
5963.70 1.209100e+00
5964.10 1.194500e+00
5964.50 1.199600e+00
5964.90 1.207800e+00
5965.30 1.220900e+00
5965.70 1.255700e+00
5966.10 1.263000e+00
5966.50 1.249400e+00
5966.90 1.255700e+00
5967.30 1.231500e+00
5967.70 1.227200e+00
5968.10 1.275200e+00
5968.50 1.261700e+00
5968.90 1.254700e+00
5969.30 1.261100e+00
5969.70 1.282900e+00
5970.10 1.291200e+00
5970.50 1.243300e+00
5970.90 1.256100e+00
5971.30 1.230000e+00
5971.70 1.231000e+00
5972.10 1.253300e+00
5972.50 1.262700e+00
5972.90 1.234600e+00
5973.30 1.207700e+00
5973.70 1.176100e+00
5974.10 1.227600e+00
5974.50 1.252400e+00
5974.90 1.265900e+00
5975.30 1.276200e+00
5975.70 1.261400e+00
5976.10 1.250000e+00
5976.50 1.281100e+00
5976.90 1.249300e+00
5977.30 1.267300e+00
5977.70 1.253400e+00
5978.10 1.253000e+00
5978.50 1.256600e+00
5978.90 1.271100e+00
5979.30 1.246300e+00
5979.70 1.263500e+00
5980.10 1.241500e+00
5980.50 1.256500e+00
5980.90 1.265300e+00
5981.30 1.230600e+00
5981.70 1.256900e+00
5982.10 1.296900e+00
5982.50 1.268900e+00
5982.90 1.233500e+00
5983.30 1.254900e+00
5983.70 1.251200e+00
5984.10 1.210000e+00
5984.50 1.236200e+00
5984.90 1.254300e+00
5985.30 1.275800e+00
5985.70 1.254700e+00
5986.10 1.221600e+00
5986.50 1.252100e+00
5986.90 1.254100e+00
5987.30 1.255600e+00
5987.70 1.241600e+00
5988.10 1.255900e+00
5988.50 1.292600e+00
5988.90 1.252900e+00
5989.30 1.238500e+00
5989.70 1.209600e+00
5990.10 1.276400e+00
5990.50 1.253400e+00
5990.90 1.263800e+00
5991.30 1.219600e+00
5991.70 1.181300e+00
5992.10 1.222400e+00
5992.50 1.231000e+00
5992.90 1.238900e+00
5993.30 1.238500e+00
5993.70 1.256200e+00
5994.10 1.217000e+00
5994.50 1.248900e+00
5994.90 1.230100e+00
5995.30 1.264100e+00
5995.70 1.224800e+00
5996.10 1.252900e+00
5996.50 1.250300e+00
5996.90 1.219600e+00
5997.30 1.234000e+00
5997.70 1.240200e+00
5998.10 1.271400e+00
5998.50 1.311200e+00
5998.90 1.253900e+00
5999.30 1.270800e+00
5999.70 1.253100e+00
6000.10 1.213400e+00
6000.50 1.258600e+00
6000.90 1.213600e+00
6001.30 1.255200e+00
6001.70 1.202600e+00
6002.10 1.233700e+00
6002.50 1.198600e+00
6002.90 1.215100e+00
6003.30 1.236400e+00
6003.70 1.215700e+00
6004.10 1.191600e+00
6004.50 1.227600e+00
6004.90 1.220700e+00
6005.30 1.211100e+00
6005.70 1.213500e+00
6006.10 1.217700e+00
6006.50 1.236200e+00
6006.90 1.271800e+00
6007.30 1.293500e+00
6007.70 1.225700e+00
6008.10 1.223900e+00
6008.50 1.231000e+00
6008.90 1.236000e+00
6009.30 1.253800e+00
6009.70 1.269200e+00
6010.10 1.242600e+00
6010.50 1.241900e+00
6010.90 1.230400e+00
6011.30 1.222900e+00
6011.70 1.203800e+00
6012.10 1.175400e+00
6012.50 1.215100e+00
6012.90 1.197500e+00
6013.30 1.230900e+00
6013.70 1.304000e+00
6014.10 1.223100e+00
6014.50 1.200000e+00
6014.90 1.162200e+00
6015.30 1.205800e+00
6015.70 1.219400e+00
6016.10 1.221700e+00
6016.50 1.246800e+00
6016.90 1.203300e+00
6017.30 1.223500e+00
6017.70 1.221400e+00
6018.10 1.213400e+00
6018.50 1.202100e+00
6018.90 1.200000e+00
6019.30 1.225800e+00
6019.70 1.209900e+00
6020.10 1.206400e+00
6020.50 1.205600e+00
6020.90 1.186900e+00
6021.30 1.209900e+00
6021.70 1.221800e+00
6022.10 1.230900e+00
6022.50 1.233400e+00
6022.90 1.211200e+00
6023.30 1.183200e+00
6023.70 1.197200e+00
6024.10 1.177200e+00
6024.50 1.218900e+00
6024.90 1.249900e+00
6025.30 1.213400e+00
6025.70 1.211800e+00
6026.10 1.217900e+00
6026.50 1.173800e+00
6026.90 1.200700e+00
6027.30 1.239200e+00
6027.70 1.242500e+00
6028.10 1.229200e+00
6028.50 1.228400e+00
6028.90 1.213600e+00
6029.30 1.226400e+00
6029.70 1.227700e+00
6030.10 1.232700e+00
6030.50 1.233600e+00
6030.90 1.231800e+00
6031.30 1.246900e+00
6031.70 1.211700e+00
6032.10 1.195300e+00
6032.50 1.224700e+00
6032.90 1.203800e+00
6033.30 1.199500e+00
6033.70 1.210100e+00
6034.10 1.207200e+00
6034.50 1.202400e+00
6034.90 1.212900e+00
6035.30 1.191700e+00
6035.70 1.176200e+00
6036.10 1.213100e+00
6036.50 1.145800e+00
6036.90 1.187500e+00
6037.30 1.229000e+00
6037.70 1.258200e+00
6038.10 1.208500e+00
6038.50 1.197600e+00
6038.90 1.201900e+00
6039.30 1.209600e+00
6039.70 1.259300e+00
6040.10 1.217900e+00
6040.50 1.206900e+00
6040.90 1.249000e+00
6041.30 1.208100e+00
6041.70 1.193100e+00
6042.10 1.185600e+00
6042.50 1.172500e+00
6042.90 1.166400e+00
6043.30 1.179900e+00
6043.70 1.192100e+00
6044.10 1.220400e+00
6044.50 1.210300e+00
6044.90 1.199800e+00
6045.30 1.233200e+00
6045.70 1.239100e+00
6046.10 1.226800e+00
6046.50 1.205400e+00
6046.90 1.203000e+00
6047.30 1.202800e+00
6047.70 1.220400e+00
6048.10 1.170700e+00
6048.50 1.190100e+00
6048.90 1.208500e+00
6049.30 1.202500e+00
6049.70 1.194000e+00
6050.10 1.190300e+00
6050.50 1.138400e+00
6050.90 1.201300e+00
6051.30 1.195400e+00
6051.70 1.189100e+00
6052.10 1.189800e+00
6052.50 1.197200e+00
6052.90 1.225000e+00
6053.30 1.237100e+00
6053.70 1.215500e+00
6054.10 1.192000e+00
6054.50 1.209900e+00
6054.90 1.199200e+00
6055.30 1.204900e+00
6055.70 1.188500e+00
6056.10 1.196200e+00
6056.50 1.197600e+00
6056.90 1.167000e+00
6057.30 1.194700e+00
6057.70 1.213000e+00
6058.10 1.211500e+00
6058.50 1.203600e+00
6058.90 1.250300e+00
6059.30 1.240900e+00
6059.70 1.243100e+00
6060.10 1.226500e+00
6060.50 1.200400e+00
6060.90 1.230900e+00
6061.30 1.208100e+00
6061.70 1.210800e+00
6062.10 1.212800e+00
6062.50 1.226800e+00
6062.90 1.204300e+00
6063.30 1.171900e+00
6063.70 1.202800e+00
6064.10 1.189200e+00
6064.50 1.193200e+00
6064.90 1.170300e+00
6065.30 1.163000e+00
6065.70 1.206100e+00
6066.10 1.212000e+00
6066.50 1.214500e+00
6066.90 1.232600e+00
6067.30 1.218600e+00
6067.70 1.215600e+00
6068.10 1.225800e+00
6068.50 1.228200e+00
6068.90 1.209500e+00
6069.30 1.177400e+00
6069.70 1.163300e+00
6070.10 1.207900e+00
6070.50 1.211100e+00
6070.90 1.193900e+00
6071.30 1.186400e+00
6071.70 1.227800e+00
6072.10 1.186400e+00
6072.50 1.240900e+00
6072.90 1.202400e+00
6073.30 1.241000e+00
6073.70 1.235300e+00
6074.10 1.219800e+00
6074.50 1.250100e+00
6074.90 1.240300e+00
6075.30 1.203100e+00
6075.70 1.159000e+00
6076.10 1.168800e+00
6076.50 1.200200e+00
6076.90 1.237500e+00
6077.30 1.240800e+00
6077.70 1.239900e+00
6078.10 1.240300e+00
6078.50 1.208000e+00
6078.90 1.220700e+00
6079.30 1.207300e+00
6079.70 1.223400e+00
6080.10 1.221500e+00
6080.50 1.259200e+00
6080.90 1.254600e+00
6081.30 1.209100e+00
6081.70 1.236100e+00
6082.10 1.239600e+00
6082.50 1.199900e+00
6082.90 1.203300e+00
6083.30 1.205100e+00
6083.70 1.194000e+00
6084.10 1.185100e+00
6084.50 1.204000e+00
6084.90 1.215400e+00
6085.30 1.220200e+00
6085.70 1.206500e+00
6086.10 1.224800e+00
6086.50 1.237300e+00
6086.90 1.166400e+00
6087.30 1.216800e+00
6087.70 1.205800e+00
6088.10 1.203300e+00
6088.50 1.204300e+00
6088.90 1.233200e+00
6089.30 1.194000e+00
6089.70 1.224500e+00
6090.10 1.221000e+00
6090.50 1.229800e+00
6090.90 1.248500e+00
6091.30 1.208400e+00
6091.70 1.218300e+00
6092.10 1.236200e+00
6092.50 1.243500e+00
6092.90 1.209500e+00
6093.30 1.211300e+00
6093.70 1.232700e+00
6094.10 1.224900e+00
6094.50 1.223000e+00
6094.90 1.220200e+00
6095.30 1.228400e+00
6095.70 1.177000e+00
6096.10 1.157600e+00
6096.50 1.205500e+00
6096.90 1.212400e+00
6097.30 1.226700e+00
6097.70 1.211500e+00
6098.10 1.215500e+00
6098.50 1.202900e+00
6098.90 1.206500e+00
6099.30 1.214800e+00
6099.70 1.216800e+00
6100.10 1.207300e+00
6100.50 1.209900e+00
6100.90 1.210400e+00
6101.30 1.183500e+00
6101.70 1.231300e+00
6102.10 1.211800e+00
6102.50 1.221500e+00
6102.90 1.207800e+00
6103.30 1.219100e+00
6103.70 1.224400e+00
6104.10 1.204400e+00
6104.50 1.208100e+00
6104.90 1.234200e+00
6105.30 1.221100e+00
6105.70 1.218000e+00
6106.10 1.230600e+00
6106.50 1.253800e+00
6106.90 1.217300e+00
6107.30 1.218800e+00
6107.70 1.207100e+00
6108.10 1.212200e+00
6108.50 1.221300e+00
6108.90 1.207900e+00
6109.30 1.229200e+00
6109.70 1.207700e+00
6110.10 1.218300e+00
6110.50 1.236000e+00
6110.90 1.224600e+00
6111.30 1.217200e+00
6111.70 1.242500e+00
6112.10 1.138100e+00
6112.50 1.190000e+00
6112.90 1.181100e+00
6113.30 1.211300e+00
6113.70 1.213200e+00
6114.10 1.244500e+00
6114.50 1.220900e+00
6114.90 1.221800e+00
6115.30 1.204100e+00
6115.70 1.181500e+00
6116.10 1.153900e+00
6116.50 1.147600e+00
6116.90 1.179700e+00
6117.30 1.201200e+00
6117.70 1.169300e+00
6118.10 1.172000e+00
6118.50 1.178100e+00
6118.90 1.215700e+00
6119.30 1.233600e+00
6119.70 1.231300e+00
6120.10 1.235100e+00
6120.50 1.226900e+00
6120.90 1.231700e+00
6121.30 1.234500e+00
6121.70 1.237800e+00
6122.10 1.244700e+00
6122.50 1.251000e+00
6122.90 1.209100e+00
6123.30 1.228800e+00
6123.70 1.243000e+00
6124.10 1.232200e+00
6124.50 1.230600e+00
6124.90 1.234100e+00
6125.30 1.228700e+00
6125.70 1.245900e+00
6126.10 1.238800e+00
6126.50 1.226300e+00
6126.90 1.202500e+00
6127.30 1.270200e+00
6127.70 1.237400e+00
6128.10 1.240000e+00
6128.50 1.196200e+00
6128.90 1.121200e+00
6129.30 1.183900e+00
6129.70 1.229800e+00
6130.10 1.238800e+00
6130.50 1.208800e+00
6130.90 1.227300e+00
6131.30 1.192200e+00
6131.70 1.238200e+00
6132.10 1.232200e+00
6132.50 1.219900e+00
6132.90 1.224300e+00
6133.30 1.194500e+00
6133.70 1.165200e+00
6134.10 1.213700e+00
6134.50 1.223000e+00
6134.90 1.226700e+00
6135.30 1.233600e+00
6135.70 1.182000e+00
6136.10 1.178500e+00
6136.50 1.249400e+00
6136.90 1.271700e+00
6137.30 1.252500e+00
6137.70 1.227300e+00
6138.10 1.224600e+00
6138.50 1.248800e+00
6138.90 1.244100e+00
6139.30 1.255300e+00
6139.70 1.251300e+00
6140.10 1.252500e+00
6140.50 1.244400e+00
6140.90 1.186200e+00
6141.30 1.244200e+00
6141.70 1.271300e+00
6142.10 1.261700e+00
6142.50 1.245000e+00
6142.90 1.246700e+00
6143.30 1.246800e+00
6143.70 1.270400e+00
6144.10 1.252000e+00
6144.50 1.227000e+00
6144.90 1.228600e+00
6145.30 1.250600e+00
6145.70 1.245100e+00
6146.10 1.231800e+00
6146.50 1.258100e+00
6146.90 1.254700e+00
6147.30 1.228500e+00
6147.70 1.219800e+00
6148.10 1.240000e+00
6148.50 1.154200e+00
6148.90 1.238500e+00
6149.30 1.239600e+00
6149.70 1.237200e+00
6150.10 1.246600e+00
6150.50 1.254900e+00
6150.90 1.250500e+00
6151.30 1.223900e+00
6151.70 1.250600e+00
6152.10 1.261900e+00
6152.50 1.254900e+00
6152.90 1.256600e+00
6153.30 1.257400e+00
6153.70 1.243400e+00
6154.10 1.246200e+00
6154.50 1.269300e+00
6154.90 1.267900e+00
6155.30 1.188800e+00
6155.70 1.163600e+00
6156.10 1.191000e+00
6156.50 1.200600e+00
6156.90 1.189700e+00
6157.30 1.218600e+00
6157.70 1.132900e+00
6158.10 1.161500e+00
6158.50 1.208500e+00
6158.90 1.239600e+00
6159.30 1.218600e+00
6159.70 1.248000e+00
6160.10 1.261300e+00
6160.50 1.258000e+00
6160.90 1.245500e+00
6161.30 1.274300e+00
6161.70 1.252600e+00
6162.10 1.270700e+00
6162.50 1.275700e+00
6162.90 1.287400e+00
6163.30 1.257500e+00
6163.70 1.267600e+00
6164.10 1.270100e+00
6164.50 1.228100e+00
6164.90 1.230200e+00
6165.30 1.220900e+00
6165.70 1.250200e+00
6166.10 1.263700e+00
6166.50 1.278600e+00
6166.90 1.215400e+00
6167.30 1.190600e+00
6167.70 1.181800e+00
6168.10 1.177500e+00
6168.50 1.242400e+00
6168.90 1.245100e+00
6169.30 1.261000e+00
6169.70 1.182100e+00
6170.10 1.213400e+00
6170.50 1.266800e+00
6170.90 1.297200e+00
6171.30 1.290800e+00
6171.70 1.269300e+00
6172.10 1.260100e+00
6172.50 1.267600e+00
6172.90 1.266800e+00
6173.30 1.248500e+00
6173.70 1.262700e+00
6174.10 1.176800e+00
6174.50 1.178800e+00
6174.90 1.212200e+00
6175.30 1.212400e+00
6175.70 1.250300e+00
6176.10 1.247000e+00
6176.50 1.231900e+00
6176.90 1.217000e+00
6177.30 1.233600e+00
6177.70 1.178500e+00
6178.10 1.181100e+00
6178.50 1.223400e+00
6178.90 1.219300e+00
6179.30 1.222900e+00
6179.70 1.230400e+00
6180.10 1.258700e+00
6180.50 1.227600e+00
6180.90 1.248200e+00
6181.30 1.257400e+00
6181.70 1.274000e+00
6182.10 1.235700e+00
6182.50 1.229100e+00
6182.90 1.252400e+00
6183.30 1.259500e+00
6183.70 1.248300e+00
6184.10 1.246200e+00
6184.50 1.211800e+00
6184.90 1.214300e+00
6185.30 1.179700e+00
6185.70 1.194400e+00
6186.10 1.210900e+00
6186.50 1.208300e+00
6186.90 1.256200e+00
6187.30 1.206900e+00
6187.70 1.199500e+00
6188.10 1.213100e+00
6188.50 1.209000e+00
6188.90 1.229800e+00
6189.30 1.226100e+00
6189.70 1.168000e+00
6190.10 1.226100e+00
6190.50 1.229600e+00
6190.90 1.218200e+00
6191.30 1.228500e+00
6191.70 1.221100e+00
6192.10 1.118200e+00
6192.50 1.143200e+00
6192.90 1.133600e+00
6193.30 1.159900e+00
6193.70 1.186300e+00
6194.10 1.181000e+00
6194.50 1.222000e+00
6194.90 1.248600e+00
6195.30 1.229500e+00
6195.70 1.231400e+00
6196.10 1.236800e+00
6196.50 1.245400e+00
6196.90 1.257700e+00
6197.30 1.247100e+00
6197.70 1.231300e+00
6198.10 1.221800e+00
6198.50 1.252300e+00
6198.90 1.198800e+00
6199.30 1.212100e+00
6199.70 1.176600e+00
6200.10 1.230000e+00
6200.50 1.242200e+00
6200.90 1.251800e+00
6201.30 1.245200e+00
6201.70 1.221400e+00
6202.10 1.224800e+00
6202.50 1.198000e+00
6202.90 1.244300e+00
6203.30 1.236000e+00
6203.70 1.193700e+00
6204.10 1.166300e+00
6204.50 1.154400e+00
6204.90 1.136400e+00
6205.30 1.142400e+00
6205.70 1.178000e+00
6206.10 1.169300e+00
6206.50 1.197000e+00
6206.90 1.248700e+00
6207.30 1.252700e+00
6207.70 1.150500e+00
6208.10 1.184000e+00
6208.50 1.222900e+00
6208.90 1.216900e+00
6209.30 1.210200e+00
6209.70 1.216300e+00
6210.10 1.227300e+00
6210.50 1.235400e+00
6210.90 1.232700e+00
6211.30 1.259000e+00
6211.70 1.249500e+00
6212.10 1.203500e+00
6212.50 1.131200e+00
6212.90 1.198700e+00
6213.30 1.242500e+00
6213.70 1.238300e+00
6214.10 1.220100e+00
6214.50 1.235400e+00
6214.90 1.226900e+00
6215.30 1.208700e+00
6215.70 1.235000e+00
6216.10 1.243800e+00
6216.50 1.289100e+00
6216.90 1.263100e+00
6217.30 1.259900e+00
6217.70 1.261400e+00
6218.10 1.243700e+00
6218.50 1.164000e+00
6218.90 1.196100e+00
6219.30 1.181800e+00
6219.70 1.177800e+00
6220.10 1.207500e+00
6220.50 1.186300e+00
6220.90 1.226400e+00
6221.30 1.235100e+00
6221.70 1.221000e+00
6222.10 1.257100e+00
6222.50 1.257400e+00
6222.90 1.254800e+00
6223.30 1.226700e+00
6223.70 1.234800e+00
6224.10 1.230700e+00
6224.50 1.263800e+00
6224.90 1.258500e+00
6225.30 1.272200e+00
6225.70 1.261800e+00
6226.10 1.197700e+00
6226.50 1.177700e+00
6226.90 1.150100e+00
6227.30 1.181500e+00
6227.70 1.242100e+00
6228.10 1.224200e+00
6228.50 1.267900e+00
6228.90 1.057600e+00
6229.30 1.122600e+00
6229.70 1.181400e+00
6230.10 1.201000e+00
6230.50 1.169600e+00
6230.90 1.179500e+00
6231.30 1.260800e+00
6231.70 1.234800e+00
6232.10 1.300700e+00
6232.50 1.262600e+00
6232.90 1.261800e+00
6233.30 1.253000e+00
6233.70 1.177200e+00
6234.10 1.212400e+00
6234.50 1.226500e+00
6234.90 1.204300e+00
6235.30 1.220300e+00
6235.70 1.272100e+00
6236.10 1.271600e+00
6236.50 1.264700e+00
6236.90 1.278300e+00
6237.30 1.187900e+00
6237.70 1.219800e+00
6238.10 1.199800e+00
6238.50 1.206400e+00
6238.90 1.193800e+00
6239.30 1.178700e+00
6239.70 1.210400e+00
6240.10 1.284100e+00
6240.50 1.276400e+00
6240.90 1.280600e+00
6241.30 1.262600e+00
6241.70 1.275900e+00
6242.10 1.167200e+00
6242.50 1.281200e+00
6242.90 1.092300e+00
6243.30 1.245000e+00
6243.70 1.260200e+00
6244.10 1.214300e+00
6244.50 1.173900e+00
6244.90 1.192300e+00
6245.30 1.178500e+00
6245.70 1.207600e+00
6246.10 1.248700e+00
6246.50 1.212600e+00
6246.90 1.238700e+00
6247.30 1.296300e+00
6247.70 1.278200e+00
6248.10 1.312700e+00
6248.50 1.137100e+00
6248.90 1.161200e+00
6249.30 1.190500e+00
6249.70 1.195400e+00
6250.10 1.216400e+00
6250.50 1.196000e+00
6250.90 1.160200e+00
6251.30 1.197100e+00
6251.70 1.239300e+00
6252.10 1.226800e+00
6252.50 1.211000e+00
6252.90 1.303000e+00
6253.30 1.232100e+00
6253.70 1.304800e+00
6254.10 1.153400e+00
6254.50 1.177800e+00
6254.90 1.186100e+00
6255.30 1.175700e+00
6255.70 1.193600e+00
6256.10 1.213000e+00
6256.50 1.267200e+00
6256.90 1.287400e+00
6257.30 1.277700e+00
6257.70 1.289400e+00
6258.10 1.322000e+00
6258.50 1.299400e+00
6258.90 1.293100e+00
6259.30 1.243300e+00
6259.70 1.263300e+00
6260.10 1.277300e+00
6260.50 1.264700e+00
6260.90 1.252300e+00
6261.30 1.312500e+00
6261.70 1.165600e+00
6262.10 1.191200e+00
6262.50 1.193100e+00
6262.90 1.181200e+00
6263.30 1.218100e+00
6263.70 1.271500e+00
6264.10 1.312300e+00
6264.50 1.280000e+00
6264.90 1.241400e+00
6265.30 1.279300e+00
6265.70 1.278200e+00
6266.10 1.198700e+00
6266.50 1.196200e+00
6266.90 1.165700e+00
6267.30 1.127200e+00
6267.70 1.121600e+00
6268.10 1.141500e+00
6268.50 1.159600e+00
6268.90 1.194200e+00
6269.30 1.253900e+00
6269.70 1.312000e+00
6270.10 1.277200e+00
6270.50 1.094500e+00
6270.90 1.120300e+00
6271.30 1.147200e+00
6271.70 1.211300e+00
6272.10 1.208500e+00
6272.50 1.185700e+00
6272.90 1.169200e+00
6273.30 1.171600e+00
6273.70 1.181000e+00
6274.10 1.174800e+00
6274.50 1.179400e+00
6274.90 1.185300e+00
6275.30 1.220500e+00
6275.70 1.205400e+00
6276.10 1.201800e+00
6276.50 1.243300e+00
6276.90 1.268900e+00
6277.30 1.163600e+00
6277.70 1.286300e+00
6278.10 1.248700e+00
6278.50 1.267400e+00
6278.90 1.296100e+00
6279.30 1.245200e+00
6279.70 1.286900e+00
6280.10 1.315300e+00
6280.50 1.266200e+00
6280.90 1.277500e+00
6281.30 1.296800e+00
6281.70 1.277900e+00
6282.10 1.256500e+00
6282.50 1.281600e+00
6282.90 1.290800e+00
6283.30 1.270100e+00
6283.70 1.274100e+00
6284.10 1.154800e+00
6284.50 1.163000e+00
6284.90 1.234500e+00
6285.30 1.267400e+00
6285.70 1.276800e+00
6286.10 1.309100e+00
6286.50 1.313800e+00
6286.90 1.313300e+00
6287.30 1.250600e+00
6287.70 1.210000e+00
6288.10 1.181000e+00
6288.50 1.234500e+00
6288.90 1.230900e+00
6289.30 1.222700e+00
6289.70 1.258700e+00
6290.10 1.311700e+00
6290.50 1.267400e+00
6290.90 1.288800e+00
6291.30 1.166900e+00
6291.70 1.187000e+00
6292.10 1.200400e+00
6292.50 1.201300e+00
6292.90 1.208300e+00
6293.30 1.245600e+00
6293.70 1.224300e+00
6294.10 1.324100e+00
6294.50 1.314200e+00
6294.90 1.218200e+00
6295.30 1.199100e+00
6295.70 1.189800e+00
6296.10 1.210800e+00
6296.50 1.229400e+00
6296.90 1.172500e+00
6297.30 1.168400e+00
6297.70 1.186000e+00
6298.10 1.204500e+00
6298.50 1.210000e+00
6298.90 1.173000e+00
6299.30 1.164400e+00
6299.70 1.238900e+00
6300.10 1.204100e+00
6300.50 1.257300e+00
6300.90 1.261000e+00
6301.30 1.267100e+00
6301.70 1.205300e+00
6302.10 1.225100e+00
6302.50 1.194700e+00
6302.90 1.204000e+00
6303.30 1.216000e+00
6303.70 1.217900e+00
6304.10 1.259100e+00
6304.50 1.257500e+00
6304.90 1.273800e+00
6305.30 1.264500e+00
6305.70 1.274800e+00
6306.10 1.296900e+00
6306.50 1.245300e+00
6306.90 1.225300e+00
6307.30 1.265300e+00
6307.70 1.212900e+00
6308.10 1.188700e+00
6308.50 1.197300e+00
6308.90 1.269900e+00
6309.30 1.232700e+00
6309.70 1.222900e+00
6310.10 1.245900e+00
6310.50 1.301200e+00
6310.90 1.315300e+00
6311.30 1.279400e+00
6311.70 1.129500e+00
6312.10 1.185300e+00
6312.50 1.215100e+00
6312.90 1.230500e+00
6313.30 1.224100e+00
6313.70 1.225300e+00
6314.10 1.229200e+00
6314.50 1.217100e+00
6314.90 1.210000e+00
6315.30 1.186100e+00
6315.70 1.166500e+00
6316.10 1.193000e+00
6316.50 1.210300e+00
6316.90 1.208000e+00
6317.30 1.200800e+00
6317.70 1.217100e+00
6318.10 1.235000e+00
6318.50 1.215400e+00
6318.90 1.220100e+00
6319.30 1.221000e+00
6319.70 1.231100e+00
6320.10 1.246300e+00
6320.50 1.215300e+00
6320.90 1.210700e+00
6321.30 1.231100e+00
6321.70 1.273700e+00
6322.10 1.284000e+00
6322.50 1.282800e+00
6322.90 1.297600e+00
6323.30 1.289000e+00
6323.70 1.268600e+00
6324.10 1.219500e+00
6324.50 1.229800e+00
6324.90 1.198600e+00
6325.30 1.205700e+00
6325.70 1.274600e+00
6326.10 1.291300e+00
6326.50 1.306700e+00
6326.90 1.322500e+00
6327.30 1.306300e+00
6327.70 1.202600e+00
6328.10 1.249400e+00
6328.50 1.232100e+00
6328.90 1.216800e+00
6329.30 1.211300e+00
6329.70 1.225000e+00
6330.10 1.219700e+00
6330.50 1.212300e+00
6330.90 1.208700e+00
6331.30 1.225500e+00
6331.70 1.259900e+00
6332.10 1.218900e+00
6332.50 1.200600e+00
6332.90 1.254300e+00
6333.30 1.304900e+00
6333.70 1.274000e+00
6334.10 1.288300e+00
6334.50 1.304300e+00
6334.90 1.293500e+00
6335.30 1.278700e+00
6335.70 1.226800e+00
6336.10 1.211800e+00
6336.50 1.206300e+00
6336.90 1.207200e+00
6337.30 1.229200e+00
6337.70 1.251600e+00
6338.10 1.221900e+00
6338.50 1.164700e+00
6338.90 1.222400e+00
6339.30 1.222500e+00
6339.70 1.231700e+00
6340.10 1.233000e+00
6340.50 1.230500e+00
6340.90 1.233500e+00
6341.30 1.226700e+00
6341.70 1.221500e+00
6342.10 1.209800e+00
6342.50 1.263300e+00
6342.90 1.344900e+00
6343.30 1.334800e+00
6343.70 1.369800e+00
6344.10 1.310700e+00
6344.50 1.307700e+00
6344.90 1.193900e+00
6345.30 1.205200e+00
6345.70 1.228400e+00
6346.10 1.289600e+00
6346.50 1.309800e+00
6346.90 1.321000e+00
6347.30 1.310900e+00
6347.70 1.155800e+00
6348.10 1.294500e+00
6348.50 1.302600e+00
6348.90 1.317600e+00
6349.30 1.289300e+00
6349.70 1.321700e+00
6350.10 1.272600e+00
6350.50 1.238600e+00
6350.90 1.315000e+00
6351.30 1.297300e+00
6351.70 1.267100e+00
6352.10 1.324000e+00
6352.50 1.191800e+00
6352.90 1.232000e+00
6353.30 1.240100e+00
6353.70 1.238200e+00
6354.10 1.316000e+00
6354.50 1.323500e+00
6354.90 1.303700e+00
6355.30 1.299300e+00
6355.70 1.338000e+00
6356.10 1.214700e+00
6356.50 1.238800e+00
6356.90 1.233800e+00
6357.30 1.262400e+00
6357.70 1.251300e+00
6358.10 1.211800e+00
6358.50 1.219900e+00
6358.90 1.227800e+00
6359.30 1.245300e+00
6359.70 1.273200e+00
6360.10 1.311100e+00
6360.50 1.302100e+00
6360.90 1.314900e+00
6361.30 1.229600e+00
6361.70 1.312800e+00
6362.10 1.415500e+00
6362.50 1.338800e+00
6362.90 1.286200e+00
6363.30 1.290100e+00
6363.70 1.365700e+00
6364.10 1.316700e+00
6364.50 1.287800e+00
6364.90 1.290900e+00
6365.30 1.333900e+00
6365.70 1.317900e+00
6366.10 1.323500e+00
6366.50 1.293600e+00
6366.90 1.298500e+00
6367.30 1.336400e+00
6367.70 1.301700e+00
6368.10 1.300400e+00
6368.50 1.322700e+00
6368.90 1.354800e+00
6369.30 1.351900e+00
6369.70 1.355100e+00
6370.10 1.232600e+00
6370.50 1.238700e+00
6370.90 1.286400e+00
6371.30 1.314500e+00
6371.70 1.320900e+00
6372.10 1.267200e+00
6372.50 1.256500e+00
6372.90 1.268600e+00
6373.30 1.298000e+00
6373.70 1.353700e+00
6374.10 1.323700e+00
6374.50 1.325500e+00
6374.90 1.337500e+00
6375.30 1.305800e+00
6375.70 1.305400e+00
6376.10 1.170400e+00
6376.50 1.216100e+00
6376.90 1.267000e+00
6377.30 1.270400e+00
6377.70 1.280100e+00
6378.10 1.373700e+00
6378.50 1.368200e+00
6378.90 1.206900e+00
6379.30 1.276900e+00
6379.70 1.344900e+00
6380.10 1.349700e+00
6380.50 1.291800e+00
6380.90 1.293100e+00
6381.30 1.284900e+00
6381.70 1.303800e+00
6382.10 1.305700e+00
6382.50 1.307900e+00
6382.90 1.291700e+00
6383.30 1.310600e+00
6383.70 1.292900e+00
6384.10 1.300300e+00
6384.50 1.310800e+00
6384.90 1.240700e+00
6385.30 1.226100e+00
6385.70 1.246600e+00
6386.10 1.273200e+00
6386.50 1.283100e+00
6386.90 1.257000e+00
6387.30 1.267900e+00
6387.70 1.304100e+00
6388.10 1.318000e+00
6388.50 1.355000e+00
6388.90 1.346000e+00
6389.30 1.346900e+00
6389.70 1.355300e+00
6390.10 1.296400e+00
6390.50 1.239300e+00
6390.90 1.272700e+00
6391.30 1.251800e+00
6391.70 1.274400e+00
6392.10 1.280700e+00
6392.50 1.289100e+00
6392.90 1.335100e+00
6393.30 1.347800e+00
6393.70 1.292400e+00
6394.10 1.329200e+00
6394.50 1.370600e+00
6394.90 1.375100e+00
6395.30 1.335200e+00
6395.70 1.344700e+00
6396.10 1.332800e+00
6396.50 1.317100e+00
6396.90 1.347500e+00
6397.30 1.339100e+00
6397.70 1.361700e+00
6398.10 1.333600e+00
6398.50 1.383700e+00
6398.90 1.373600e+00
6399.30 1.378400e+00
6399.70 1.328700e+00
6400.10 1.361700e+00
6400.50 1.398200e+00
6400.90 1.359200e+00
6401.30 1.406200e+00
6401.70 1.319500e+00
6402.10 1.336200e+00
6402.50 1.333000e+00
6402.90 1.328400e+00
6403.30 1.255800e+00
6403.70 1.299000e+00
6404.10 1.348100e+00
6404.50 1.354900e+00
6404.90 1.391700e+00
6405.30 1.416200e+00
6405.70 1.394100e+00
6406.10 1.250400e+00
6406.50 1.286600e+00
6406.90 1.337500e+00
6407.30 1.430000e+00
6407.70 1.368300e+00
6408.10 1.376200e+00
6408.50 1.359600e+00
6408.90 1.355200e+00
6409.30 1.396600e+00
6409.70 1.418600e+00
6410.10 1.387100e+00
6410.50 1.369200e+00
6410.90 1.379100e+00
6411.30 1.386400e+00
6411.70 1.320600e+00
6412.10 1.333500e+00
6412.50 1.350700e+00
6412.90 1.334800e+00
6413.30 1.337100e+00
6413.70 1.349800e+00
6414.10 1.394800e+00
6414.50 1.419300e+00
6414.90 1.415700e+00
6415.30 1.377300e+00
6415.70 1.399300e+00
6416.10 1.346900e+00
6416.50 1.432000e+00
6416.90 1.408900e+00
6417.30 1.251900e+00
6417.70 1.149000e+00
6418.10 1.432800e+00
6418.50 1.353700e+00
6418.90 1.296000e+00
6419.30 1.329400e+00
6419.70 1.337300e+00
6420.10 1.364200e+00
6420.50 1.385200e+00
6420.90 1.367900e+00
6421.30 1.410500e+00
6421.70 1.450600e+00
6422.10 1.440800e+00
6422.50 1.403000e+00
6422.90 1.397000e+00
6423.30 1.334600e+00
6423.70 1.364800e+00
6424.10 1.374900e+00
6424.50 1.345700e+00
6424.90 1.372000e+00
6425.30 1.394800e+00
6425.70 1.388600e+00
6426.10 1.459500e+00
6426.50 1.453200e+00
6426.90 1.453600e+00
6427.30 1.310900e+00
6427.70 1.347900e+00
6428.10 1.349400e+00
6428.50 1.362300e+00
6428.90 1.370000e+00
6429.30 1.362500e+00
6429.70 1.472300e+00
6430.10 1.495000e+00
6430.50 1.474800e+00
6430.90 1.396300e+00
6431.30 1.460600e+00
6431.70 1.380300e+00
6432.10 1.346500e+00
6432.50 1.393400e+00
6432.90 1.411300e+00
6433.30 1.447800e+00
6433.70 1.501300e+00
6434.10 1.419900e+00
6434.50 1.402800e+00
6434.90 1.463400e+00
6435.30 1.482400e+00
6435.70 1.489200e+00
6436.10 1.491500e+00
6436.50 1.475900e+00
6436.90 1.542400e+00
6437.30 1.515500e+00
6437.70 1.450100e+00
6438.10 1.486100e+00
6438.50 1.426700e+00
6438.90 1.364600e+00
6439.30 1.398600e+00
6439.70 1.472100e+00
6440.10 1.417600e+00
6440.50 1.377600e+00
6440.90 1.397000e+00
6441.30 1.480000e+00
6441.70 1.527200e+00
6442.10 1.534200e+00
6442.50 1.362600e+00
6442.90 1.409300e+00
6443.30 1.432500e+00
6443.70 1.309900e+00
6444.10 1.321700e+00
6444.50 1.442800e+00
6444.90 1.473200e+00
6445.30 1.516900e+00
6445.70 1.515400e+00
6446.10 1.479200e+00
6446.50 1.514200e+00
6446.90 1.441200e+00
6447.30 1.436800e+00
6447.70 1.455600e+00
6448.10 1.478500e+00
6448.50 1.484700e+00
6448.90 1.603500e+00
6449.30 1.548200e+00
6449.70 1.533000e+00
6450.10 1.440600e+00
6450.50 1.487300e+00
6450.90 1.463300e+00
6451.30 1.484000e+00
6451.70 1.494800e+00
6452.10 1.485000e+00
6452.50 1.502900e+00
6452.90 1.512500e+00
6453.30 1.505900e+00
6453.70 1.479600e+00
6454.10 1.493000e+00
6454.50 1.522400e+00
6454.90 1.521200e+00
6455.30 1.553700e+00
6455.70 1.512000e+00
6456.10 1.535100e+00
6456.50 1.606700e+00
6456.90 1.618300e+00
6457.30 1.601100e+00
6457.70 1.386400e+00
6458.10 1.476400e+00
6458.50 1.514100e+00
6458.90 1.535600e+00
6459.30 1.551200e+00
6459.70 1.524000e+00
6460.10 1.458700e+00
6460.50 1.477600e+00
6460.90 1.535600e+00
6461.30 1.578700e+00
6461.70 1.547800e+00
6462.10 1.546400e+00
6462.50 1.573800e+00
6462.90 1.617500e+00
6463.30 1.592600e+00
6463.70 1.513600e+00
6464.10 1.536800e+00
6464.50 1.585200e+00
6464.90 1.649300e+00
6465.30 1.629900e+00
6465.70 1.614000e+00
6466.10 1.576100e+00
6466.50 1.568100e+00
6466.90 1.579300e+00
6467.30 1.600200e+00
6467.70 1.614300e+00
6468.10 1.574000e+00
6468.50 1.580000e+00
6468.90 1.581500e+00
6469.30 1.624900e+00
6469.70 1.621600e+00
6470.10 1.591700e+00
6470.50 1.591500e+00
6470.90 1.628200e+00
6471.30 1.661400e+00
6471.70 1.712600e+00
6472.10 1.697600e+00
6472.50 1.617800e+00
6472.90 1.684500e+00
6473.30 1.615000e+00
6473.70 1.628500e+00
6474.10 1.663200e+00
6474.50 1.669200e+00
6474.90 1.680600e+00
6475.30 1.733800e+00
6475.70 1.762200e+00
6476.10 1.631200e+00
6476.50 1.616300e+00
6476.90 1.663700e+00
6477.30 1.683500e+00
6477.70 1.698700e+00
6478.10 1.720400e+00
6478.50 1.779200e+00
6478.90 1.822300e+00
6479.30 1.854600e+00
6479.70 1.674100e+00
6480.10 1.692800e+00
6480.50 1.706300e+00
6480.90 1.733100e+00
6481.30 1.740300e+00
6481.70 1.769900e+00
6482.10 1.756300e+00
6482.50 1.748300e+00
6482.90 1.783800e+00
6483.30 1.816100e+00
6483.70 1.762300e+00
6484.10 1.756600e+00
6484.50 1.767700e+00
6484.90 1.813300e+00
6485.30 1.884200e+00
6485.70 1.849900e+00
6486.10 1.715400e+00
6486.50 1.726000e+00
6486.90 1.773600e+00
6487.30 1.805600e+00
6487.70 1.840100e+00
6488.10 1.810500e+00
6488.50 1.813800e+00
6488.90 1.819800e+00
6489.30 1.833600e+00
6489.70 1.860700e+00
6490.10 1.899000e+00
6490.50 1.885100e+00
6490.90 1.859600e+00
6491.30 1.872600e+00
6491.70 1.857700e+00
6492.10 1.881900e+00
6492.50 1.932100e+00
6492.90 1.877500e+00
6493.30 1.872600e+00
6493.70 1.904200e+00
6494.10 1.917700e+00
6494.50 1.962800e+00
6494.90 1.973700e+00
6495.30 1.927800e+00
6495.70 1.987200e+00
6496.10 1.996500e+00
6496.50 2.036300e+00
6496.90 2.041000e+00
6497.30 2.044000e+00
6497.70 2.022200e+00
6498.10 2.040400e+00
6498.50 2.083100e+00
6498.90 2.039700e+00
6499.30 2.059000e+00
6499.70 2.060000e+00
6500.10 2.083100e+00
6500.50 2.104700e+00
6500.90 2.125600e+00
6501.30 2.104400e+00
6501.70 2.131700e+00
6502.10 2.084700e+00
6502.50 2.032100e+00
6502.90 2.092700e+00
6503.30 2.096500e+00
6503.70 2.137400e+00
6504.10 2.147900e+00
6504.50 2.152000e+00
6504.90 2.189100e+00
6505.30 2.210500e+00
6505.70 2.241500e+00
6506.10 2.157500e+00
6506.50 2.123800e+00
6506.90 2.151200e+00
6507.30 2.222100e+00
6507.70 2.229700e+00
6508.10 2.235300e+00
6508.50 2.235300e+00
6508.90 2.256700e+00
6509.30 2.258200e+00
6509.70 2.282800e+00
6510.10 2.329000e+00
6510.50 2.367900e+00
6510.90 2.342700e+00
6511.30 2.316300e+00
6511.70 2.248200e+00
6512.10 2.241700e+00
6512.50 2.371000e+00
6512.90 2.398700e+00
6513.30 2.344100e+00
6513.70 2.334200e+00
6514.10 2.427500e+00
6514.50 2.449200e+00
6514.90 2.403100e+00
6515.30 2.390200e+00
6515.70 2.451500e+00
6516.10 2.521500e+00
6516.50 2.552400e+00
6516.90 2.631200e+00
6517.30 2.633200e+00
6517.70 2.595800e+00
6518.10 2.623400e+00
6518.50 2.662500e+00
6518.90 2.693900e+00
6519.30 2.669000e+00
6519.70 2.609900e+00
6520.10 2.586500e+00
6520.50 2.622200e+00
6520.90 2.651700e+00
6521.30 2.675200e+00
6521.70 2.755300e+00
6522.10 2.739100e+00
6522.50 2.735600e+00
6522.90 2.756900e+00
6523.30 2.810600e+00
6523.70 2.847400e+00
6524.10 2.863400e+00
6524.50 2.899500e+00
6524.90 2.916900e+00
6525.30 2.764400e+00
6525.70 2.694400e+00
6526.10 2.704900e+00
6526.50 2.822600e+00
6526.90 2.833900e+00
6527.30 2.813700e+00
6527.70 2.852100e+00
6528.10 2.836100e+00
6528.50 2.831500e+00
6528.90 2.829800e+00
6529.30 2.898000e+00
6529.70 2.961300e+00
6530.10 2.922100e+00
6530.50 2.963200e+00
6530.90 2.995300e+00
6531.30 3.041600e+00
6531.70 3.105300e+00
6532.10 3.170900e+00
6532.50 3.217000e+00
6532.90 3.148900e+00
6533.30 3.080300e+00
6533.70 3.056000e+00
6534.10 3.058900e+00
6534.50 3.065000e+00
6534.90 3.080900e+00
6535.30 3.075700e+00
6535.70 3.071200e+00
6536.10 3.095700e+00
6536.50 3.125100e+00
6536.90 3.062400e+00
6537.30 3.077200e+00
6537.70 3.120100e+00
6538.10 3.196400e+00
6538.50 3.219700e+00
6538.90 3.190500e+00
6539.30 3.191700e+00
6539.70 3.236500e+00
6540.10 3.279700e+00
6540.50 3.292800e+00
6540.90 3.334700e+00
6541.30 3.275000e+00
6541.70 3.174000e+00
6542.10 3.129200e+00
6542.50 3.147300e+00
6542.90 3.199500e+00
6543.30 3.295100e+00
6543.70 3.352800e+00
6544.10 3.405200e+00
6544.50 3.449400e+00
6544.90 3.433000e+00
6545.30 3.567900e+00
6545.70 3.527000e+00
6546.10 3.459000e+00
6546.50 3.480200e+00
6546.90 3.530700e+00
6547.30 3.605400e+00
6547.70 3.495100e+00
6548.10 3.459400e+00
6548.50 3.510800e+00
6548.90 3.552100e+00
6549.30 3.608000e+00
6549.70 3.605500e+00
6550.10 3.633800e+00
6550.50 3.563200e+00
6550.90 3.595600e+00
6551.30 3.612900e+00
6551.70 3.663800e+00
6552.10 3.708600e+00
6552.50 3.744000e+00
6552.90 3.792100e+00
6553.30 3.853900e+00
6553.70 3.814100e+00
6554.10 3.783700e+00
6554.50 3.816600e+00
6554.90 3.864700e+00
6555.30 3.821000e+00
6555.70 3.824500e+00
6556.10 3.832200e+00
6556.50 3.898200e+00
6556.90 3.853700e+00
6557.30 3.847200e+00
6557.70 3.851700e+00
6558.10 3.920800e+00
6558.50 3.828700e+00
6558.90 3.866100e+00
6559.30 3.851300e+00
6559.70 3.880800e+00
6560.10 3.868200e+00
6560.50 3.875400e+00
6560.90 3.815200e+00
6561.30 3.799000e+00
6561.70 3.798300e+00
6562.10 3.842600e+00
6562.50 3.844500e+00
6562.90 3.831600e+00
6563.30 3.877700e+00
6563.70 3.927800e+00
6564.10 3.945100e+00
6564.50 3.933800e+00
6564.90 3.897000e+00
6565.30 3.938000e+00
6565.70 3.934500e+00
6566.10 3.957500e+00
6566.50 3.967300e+00
6566.90 3.936900e+00
6567.30 3.929600e+00
6567.70 3.900500e+00
6568.10 3.875900e+00
6568.50 3.901100e+00
6568.90 3.927500e+00
6569.30 3.913500e+00
6569.70 3.963200e+00
6570.10 3.926500e+00
6570.50 3.885800e+00
6570.90 3.832000e+00
6571.30 3.846400e+00
6571.70 3.844700e+00
6572.10 3.855100e+00
6572.50 3.870100e+00
6572.90 3.891400e+00
6573.30 3.853400e+00
6573.70 3.785500e+00
6574.10 3.733100e+00
6574.50 3.692100e+00
6574.90 3.671500e+00
6575.30 3.582300e+00
6575.70 3.594100e+00
6576.10 3.672700e+00
6576.50 3.936300e+00
6576.90 3.914600e+00
6577.30 3.845800e+00
6577.70 3.916700e+00
6578.10 3.908100e+00
6578.50 3.869200e+00
6578.90 3.808200e+00
6579.30 3.731100e+00
6579.70 3.762200e+00
6580.10 3.722300e+00
6580.50 3.740900e+00
6580.90 3.691800e+00
6581.30 3.652900e+00
6581.70 3.655000e+00
6582.10 3.691000e+00
6582.50 3.684100e+00
6582.90 3.704600e+00
6583.30 3.734800e+00
6583.70 3.675600e+00
6584.10 3.651300e+00
6584.50 3.610500e+00
6584.90 3.521200e+00
6585.30 3.529900e+00
6585.70 3.540400e+00
6586.10 3.604700e+00
6586.50 3.542800e+00
6586.90 3.564000e+00
6587.30 3.558000e+00
6587.70 3.535600e+00
6588.10 3.508200e+00
6588.50 3.531900e+00
6588.90 3.474700e+00
6589.30 3.434900e+00
6589.70 3.463600e+00
6590.10 3.491500e+00
6590.50 3.490600e+00
6590.90 3.456400e+00
6591.30 3.402900e+00
6591.70 3.389000e+00
6592.10 3.423400e+00
6592.50 3.441500e+00
6592.90 3.419700e+00
6593.30 3.387900e+00
6593.70 3.333000e+00
6594.10 3.359500e+00
6594.50 3.308200e+00
6594.90 3.298700e+00
6595.30 3.290100e+00
6595.70 3.234200e+00
6596.10 3.206900e+00
6596.50 3.198700e+00
6596.90 3.214800e+00
6597.30 3.183600e+00
6597.70 3.061500e+00
6598.10 2.998400e+00
6598.50 2.995400e+00
6598.90 2.975000e+00
6599.30 2.956300e+00
6599.70 2.953300e+00
6600.10 3.130000e+00
6600.50 3.084100e+00
6600.90 3.101200e+00
6601.30 3.098200e+00
6601.70 3.063400e+00
6602.10 3.040100e+00
6602.50 3.000600e+00
6602.90 2.949300e+00
6603.30 3.005100e+00
6603.70 2.976200e+00
6604.10 3.022300e+00
6604.50 2.987400e+00
6604.90 2.927200e+00
6605.30 2.924800e+00
6605.70 2.883500e+00
6606.10 2.964300e+00
6606.50 2.896000e+00
6606.90 2.880600e+00
6607.30 2.867100e+00
6607.70 2.843500e+00
6608.10 2.872800e+00
6608.50 2.888500e+00
6608.90 2.903300e+00
6609.30 2.879900e+00
6609.70 2.866500e+00
6610.10 2.798500e+00
6610.50 2.745300e+00
6610.90 2.712200e+00
6611.30 2.709200e+00
6611.70 2.717800e+00
6612.10 2.701400e+00
6612.50 2.679500e+00
6612.90 2.677900e+00
6613.30 2.668100e+00
6613.70 2.669100e+00
6614.10 2.573400e+00
6614.50 2.534000e+00
6614.90 2.550300e+00
6615.30 2.625100e+00
6615.70 2.643000e+00
6616.10 2.611800e+00
6616.50 2.593700e+00
6616.90 2.557200e+00
6617.30 2.550300e+00
6617.70 2.529800e+00
6618.10 2.460900e+00
6618.50 2.461700e+00
6618.90 2.431800e+00
6619.30 2.378800e+00
6619.70 2.352100e+00
6620.10 2.434200e+00
6620.50 2.472600e+00
6620.90 2.465300e+00
6621.30 2.472000e+00
6621.70 2.457200e+00
6622.10 2.456300e+00
6622.50 2.430300e+00
6622.90 2.412000e+00
6623.30 2.414700e+00
6623.70 2.386400e+00
6624.10 2.372300e+00
6624.50 2.362800e+00
6624.90 2.340900e+00
6625.30 2.357500e+00
6625.70 2.360400e+00
6626.10 2.382300e+00
6626.50 2.378900e+00
6626.90 2.347300e+00
6627.30 2.361300e+00
6627.70 2.351700e+00
6628.10 2.335700e+00
6628.50 2.322100e+00
6628.90 2.260800e+00
6629.30 2.270200e+00
6629.70 2.228100e+00
6630.10 2.229900e+00
6630.50 2.214000e+00
6630.90 2.201900e+00
6631.30 2.209400e+00
6631.70 2.203800e+00
6632.10 2.187500e+00
6632.50 2.180500e+00
6632.90 2.169300e+00
6633.30 2.178800e+00
6633.70 2.181700e+00
6634.10 2.166500e+00
6634.50 2.139100e+00
6634.90 2.142700e+00
6635.30 2.137700e+00
6635.70 2.127800e+00
6636.10 2.103600e+00
6636.50 2.098800e+00
6636.90 2.050000e+00
6637.30 1.958900e+00
6637.70 1.933600e+00
6638.10 1.893600e+00
6638.50 1.891000e+00
6638.90 1.900900e+00
6639.30 1.941500e+00
6639.70 2.019200e+00
6640.10 2.035500e+00
6640.50 2.023500e+00
6640.90 2.043900e+00
6641.30 2.054900e+00
6641.70 2.031100e+00
6642.10 2.032800e+00
6642.50 2.026800e+00
6642.90 2.015700e+00
6643.30 2.001900e+00
6643.70 1.981200e+00
6644.10 1.964500e+00
6644.50 1.971100e+00
6644.90 1.948800e+00
6645.30 1.943300e+00
6645.70 1.928100e+00
6646.10 1.927300e+00
6646.50 1.926000e+00
6646.90 1.931700e+00
6647.30 1.928800e+00
6647.70 1.909500e+00
6648.10 1.907800e+00
6648.50 1.889100e+00
6648.90 1.872600e+00
6649.30 1.888600e+00
6649.70 1.869900e+00
6650.10 1.853300e+00
6650.50 1.848900e+00
6650.90 1.852800e+00
6651.30 1.855200e+00
6651.70 1.852100e+00
6652.10 1.829800e+00
6652.50 1.759800e+00
6652.90 1.799600e+00
6653.30 1.822400e+00
6653.70 1.794800e+00
6654.10 1.792100e+00
6654.50 1.814700e+00
6654.90 1.820000e+00
6655.30 1.800700e+00
6655.70 1.788000e+00
6656.10 1.732000e+00
6656.50 1.733000e+00
6656.90 1.695700e+00
6657.30 1.701200e+00
6657.70 1.695900e+00
6658.10 1.713600e+00
6658.50 1.714000e+00
6658.90 1.724500e+00
6659.30 1.732700e+00
6659.70 1.735400e+00
6660.10 1.735000e+00
6660.50 1.729600e+00
6660.90 1.741100e+00
6661.30 1.713700e+00
6661.70 1.690500e+00
6662.10 1.687800e+00
6662.50 1.666100e+00
6662.90 1.659700e+00
6663.30 1.666600e+00
6663.70 1.663800e+00
6664.10 1.650900e+00
6664.50 1.624500e+00
6664.90 1.633200e+00
6665.30 1.593300e+00
6665.70 1.618000e+00
6666.10 1.638000e+00
6666.50 1.611700e+00
6666.90 1.627200e+00
6667.30 1.645600e+00
6667.70 1.643100e+00
6668.10 1.630200e+00
6668.50 1.630800e+00
6668.90 1.637100e+00
6669.30 1.615200e+00
6669.70 1.548500e+00
6670.10 1.570500e+00
6670.50 1.489100e+00
6670.90 1.500500e+00
6671.30 1.596100e+00
6671.70 1.592600e+00
6672.10 1.559700e+00
6672.50 1.599400e+00
6672.90 1.590000e+00
6673.30 1.603700e+00
6673.70 1.593000e+00
6674.10 1.568100e+00
6674.50 1.564600e+00
6674.90 1.588000e+00
6675.30 1.585000e+00
6675.70 1.587500e+00
6676.10 1.593400e+00
6676.50 1.568800e+00
6676.90 1.554700e+00
6677.30 1.552000e+00
6677.70 1.544200e+00
6678.10 1.536400e+00
6678.50 1.545500e+00
6678.90 1.558600e+00
6679.30 1.570500e+00
6679.70 1.530800e+00
6680.10 1.493900e+00
6680.50 1.479600e+00
6680.90 1.441900e+00
6681.30 1.454100e+00
6681.70 1.463500e+00
6682.10 1.444700e+00
6682.50 1.460500e+00
6682.90 1.482500e+00
6683.30 1.493300e+00
6683.70 1.485000e+00
6684.10 1.471600e+00
6684.50 1.486500e+00
6684.90 1.494100e+00
6685.30 1.486800e+00
6685.70 1.481900e+00
6686.10 1.480000e+00
6686.50 1.467400e+00
6686.90 1.484300e+00
6687.30 1.493500e+00
6687.70 1.483900e+00
6688.10 1.473600e+00
6688.50 1.474900e+00
6688.90 1.476000e+00
6689.30 1.474800e+00
6689.70 1.463300e+00
6690.10 1.450100e+00
6690.50 1.455100e+00
6690.90 1.453200e+00
6691.30 1.447400e+00
6691.70 1.422600e+00
6692.10 1.431100e+00
6692.50 1.431300e+00
6692.90 1.413900e+00
6693.30 1.421300e+00
6693.70 1.414800e+00
6694.10 1.416800e+00
6694.50 1.407200e+00
6694.90 1.407700e+00
6695.30 1.423000e+00
6695.70 1.432800e+00
6696.10 1.419800e+00
6696.50 1.417500e+00
6696.90 1.412300e+00
6697.30 1.362000e+00
6697.70 1.354400e+00
6698.10 1.347200e+00
6698.50 1.366500e+00
6698.90 1.346100e+00
6699.30 1.366600e+00
6699.70 1.375900e+00
6700.10 1.392700e+00
6700.50 1.388800e+00
6700.90 1.399000e+00
6701.30 1.398700e+00
6701.70 1.392600e+00
6702.10 1.375200e+00
6702.50 1.384100e+00
6702.90 1.383900e+00
6703.30 1.374200e+00
6703.70 1.361800e+00
6704.10 1.355700e+00
6704.50 1.364300e+00
6704.90 1.388700e+00
6705.30 1.367500e+00
6705.70 1.372300e+00
6706.10 1.367900e+00
6706.50 1.373000e+00
6706.90 1.379100e+00
6707.30 1.360000e+00
6707.70 1.368600e+00
6708.10 1.353900e+00
6708.50 1.342100e+00
6708.90 1.331700e+00
6709.30 1.312000e+00
6709.70 1.332500e+00
6710.10 1.332300e+00
6710.50 1.315300e+00
6710.90 1.288500e+00
6711.30 1.315000e+00
6711.70 1.305800e+00
6712.10 1.327300e+00
6712.50 1.324900e+00
6712.90 1.348600e+00
6713.30 1.333800e+00
6713.70 1.335700e+00
6714.10 1.316600e+00
6714.50 1.297800e+00
6714.90 1.297100e+00
6715.30 1.306700e+00
6715.70 1.321700e+00
6716.10 1.358900e+00
6716.50 1.315000e+00
6716.90 1.300500e+00
6717.30 1.301500e+00
6717.70 1.311800e+00
6718.10 1.315500e+00
6718.50 1.317800e+00
6718.90 1.328000e+00
6719.30 1.305000e+00
6719.70 1.302800e+00
6720.10 1.301200e+00
6720.50 1.324400e+00
6720.90 1.347400e+00
6721.30 1.345500e+00
6721.70 1.310600e+00
6722.10 1.331300e+00
6722.50 1.323700e+00
6722.90 1.308200e+00
6723.30 1.307100e+00
6723.70 1.304700e+00
6724.10 1.317300e+00
6724.50 1.308600e+00
6724.90 1.305800e+00
6725.30 1.327800e+00
6725.70 1.323600e+00
6726.10 1.326400e+00
6726.50 1.329600e+00
6726.90 1.332700e+00
6727.30 1.285900e+00
6727.70 1.241800e+00
6728.10 1.267100e+00
6728.50 1.300100e+00
6728.90 1.296800e+00
6729.30 1.255900e+00
6729.70 1.259600e+00
6730.10 1.216800e+00
6730.50 1.212400e+00
6730.90 1.217900e+00
6731.30 1.205900e+00
6731.70 1.238800e+00
6732.10 1.248300e+00
6732.50 1.258700e+00
6732.90 1.266800e+00
6733.30 1.254900e+00
6733.70 1.240500e+00
6734.10 1.254400e+00
6734.50 1.249200e+00
6734.90 1.253100e+00
6735.30 1.253700e+00
6735.70 1.265200e+00
6736.10 1.252300e+00
6736.50 1.237900e+00
6736.90 1.244700e+00
6737.30 1.234800e+00
6737.70 1.247700e+00
6738.10 1.230800e+00
6738.50 1.240200e+00
6738.90 1.231100e+00
6739.30 1.244500e+00
6739.70 1.237600e+00
6740.10 1.226000e+00
6740.50 1.221200e+00
6740.90 1.211900e+00
6741.30 1.207700e+00
6741.70 1.215000e+00
6742.10 1.178600e+00
6742.50 1.215000e+00
6742.90 1.215000e+00
6743.30 1.219800e+00
6743.70 1.212100e+00
6744.10 1.225000e+00
6744.50 1.209900e+00
6744.90 1.191900e+00
6745.30 1.208500e+00
6745.70 1.199300e+00
6746.10 1.210700e+00
6746.50 1.235900e+00
6746.90 1.207600e+00
6747.30 1.210600e+00
6747.70 1.191100e+00
6748.10 1.205800e+00
6748.50 1.197300e+00
6748.90 1.203700e+00
6749.30 1.198000e+00
6749.70 1.171400e+00
6750.10 1.184800e+00
6750.50 1.198100e+00
6750.90 1.196600e+00
6751.30 1.164100e+00
6751.70 1.182600e+00
6752.10 1.164400e+00
6752.50 1.143100e+00
6752.90 1.143900e+00
6753.30 1.193200e+00
6753.70 1.162300e+00
6754.10 1.175500e+00
6754.50 1.161400e+00
6754.90 1.155000e+00
6755.30 1.164800e+00
6755.70 1.178300e+00
6756.10 1.174900e+00
6756.50 1.148700e+00
6756.90 1.166800e+00
6757.30 1.158500e+00
6757.70 1.169700e+00
6758.10 1.172800e+00
6758.50 1.167800e+00
6758.90 1.157800e+00
6759.30 1.156600e+00
6759.70 1.139500e+00
6760.10 1.134900e+00
6760.50 1.158000e+00
6760.90 1.156800e+00
6761.30 1.147900e+00
6761.70 1.161200e+00
6762.10 1.160300e+00
6762.50 1.146400e+00
6762.90 1.146100e+00
6763.30 1.158800e+00
6763.70 1.150100e+00
6764.10 1.158100e+00
6764.50 1.153500e+00
6764.90 1.122300e+00
6765.30 1.094600e+00
6765.70 1.132500e+00
6766.10 1.132500e+00
6766.50 1.143100e+00
6766.90 1.115800e+00
6767.30 1.134300e+00
6767.70 1.124200e+00
6768.10 1.109800e+00
6768.50 1.104500e+00
6768.90 1.117700e+00
6769.30 1.122200e+00
6769.70 1.128100e+00
6770.10 1.112500e+00
6770.50 1.121000e+00
6770.90 1.130600e+00
6771.30 1.119700e+00
6771.70 1.122800e+00
6772.10 1.117700e+00
6772.50 1.119400e+00
6772.90 1.151900e+00
6773.30 1.137600e+00
6773.70 1.121400e+00
6774.10 1.100100e+00
6774.50 1.117600e+00
6774.90 1.123200e+00
6775.30 1.135900e+00
6775.70 1.116200e+00
6776.10 1.119800e+00
6776.50 1.115900e+00
6776.90 1.088900e+00
6777.30 1.093500e+00
6777.70 1.105800e+00
6778.10 1.075700e+00
6778.50 1.044600e+00
6778.90 1.067600e+00
6779.30 1.092500e+00
6779.70 1.087800e+00
6780.10 1.107700e+00
6780.50 1.088100e+00
6780.90 1.051000e+00
6781.30 1.062700e+00
6781.70 1.076800e+00
6782.10 1.096100e+00
6782.50 1.096800e+00
6782.90 1.083900e+00
6783.30 1.087900e+00
6783.70 1.121100e+00
6784.10 1.108700e+00
6784.50 1.097900e+00
6784.90 1.090400e+00
6785.30 1.087600e+00
6785.70 1.092300e+00
6786.10 1.094400e+00
6786.50 1.094100e+00
6786.90 1.091200e+00
6787.30 1.101500e+00
6787.70 1.082300e+00
6788.10 1.092500e+00
6788.50 1.095200e+00
6788.90 1.095200e+00
6789.30 1.097400e+00
6789.70 1.093900e+00
6790.10 1.073800e+00
6790.50 1.085900e+00
6790.90 1.079500e+00
6791.30 1.091000e+00
6791.70 1.080300e+00
6792.10 1.077500e+00
6792.50 1.096600e+00
6792.90 1.077100e+00
6793.30 1.080600e+00
6793.70 1.069600e+00
6794.10 1.063700e+00
6794.50 1.075200e+00
6794.90 1.075900e+00
6795.30 1.077200e+00
6795.70 1.067700e+00
6796.10 1.074300e+00
6796.50 1.084700e+00
6796.90 1.086300e+00
6797.30 1.052400e+00
6797.70 1.061600e+00
6798.10 1.055300e+00
6798.50 1.080000e+00
6798.90 1.069000e+00
6799.30 1.051700e+00
6799.70 1.058100e+00
6800.10 1.060700e+00
6800.50 1.071900e+00
6800.90 1.056300e+00
6801.30 1.053700e+00
6801.70 1.076700e+00
6802.10 1.054300e+00
6802.50 1.031100e+00
6802.90 1.084000e+00
6803.30 1.045600e+00
6803.70 1.037800e+00
6804.10 1.055900e+00
6804.50 1.060200e+00
6804.90 1.052000e+00
6805.30 1.062200e+00
6805.70 1.078700e+00
6806.10 1.049600e+00
6806.50 1.034600e+00
6806.90 1.074800e+00
6807.30 1.035100e+00
6807.70 1.019600e+00
6808.10 1.057600e+00
6808.50 1.061700e+00
6808.90 1.026200e+00
6809.30 1.029800e+00
6809.70 1.066500e+00
6810.10 1.067300e+00
6810.50 1.039000e+00
6810.90 1.048800e+00
6811.30 1.055100e+00
6811.70 1.032000e+00
6812.10 1.029500e+00
6812.50 1.034100e+00
6812.90 1.049000e+00
6813.30 1.016100e+00
6813.70 1.015700e+00
6814.10 1.038500e+00
6814.50 1.051700e+00
6814.90 1.016700e+00
6815.30 1.012400e+00
6815.70 1.042200e+00
6816.10 1.040000e+00
6816.50 1.007100e+00
6816.90 1.000600e+00
6817.30 1.026900e+00
6817.70 1.040100e+00
6818.10 1.009200e+00
6818.50 1.017700e+00
6818.90 1.018000e+00
6819.30 1.023300e+00
6819.70 1.013200e+00
6820.10 1.023800e+00
6820.50 1.033400e+00
6820.90 1.017100e+00
6821.30 1.001000e+00
6821.70 1.001500e+00
6822.10 1.026500e+00
6822.50 1.026200e+00
6822.90 1.011600e+00
6823.30 1.034200e+00
6823.70 1.041400e+00
6824.10 1.033100e+00
6824.50 1.010800e+00
6824.90 1.006600e+00
6825.30 1.017200e+00
6825.70 1.019500e+00
6826.10 1.003900e+00
6826.50 1.024100e+00
6826.90 1.019300e+00
6827.30 1.028400e+00
6827.70 9.975000e-01
6828.10 1.011900e+00
6828.50 1.030800e+00
6828.90 1.041400e+00
6829.30 1.012200e+00
6829.70 9.983000e-01
6830.10 1.021100e+00
6830.50 1.028400e+00
6830.90 1.011100e+00
6831.30 1.005300e+00
6831.70 1.014200e+00
6832.10 1.033500e+00
6832.50 1.030400e+00
6832.90 1.021700e+00
6833.30 1.005500e+00
6833.70 1.043000e+00
6834.10 1.065000e+00
6834.50 1.042900e+00
6834.90 1.004200e+00
6835.30 1.011500e+00
6835.70 1.026600e+00
6836.10 1.055200e+00
6836.50 1.031400e+00
6836.90 9.963000e-01
6837.30 9.940000e-01
6837.70 1.007700e+00
6838.10 1.021400e+00
6838.50 1.018200e+00
6838.90 1.006300e+00
6839.30 1.019000e+00
6839.70 1.017900e+00
6840.10 1.018900e+00
6840.50 1.013600e+00
6840.90 1.009200e+00
6841.30 1.004700e+00
6841.70 1.003800e+00
6842.10 1.014200e+00
6842.50 1.008400e+00
6842.90 1.002200e+00
6843.30 1.005500e+00
6843.70 1.028500e+00
6844.10 1.015900e+00
6844.50 9.819000e-01
6844.90 9.875000e-01
6845.30 9.828000e-01
6845.70 1.003900e+00
6846.10 9.943000e-01
6846.50 1.014700e+00
6846.90 1.016300e+00
6847.30 9.889000e-01
6847.70 1.008100e+00
6848.10 1.014200e+00
6848.50 1.008900e+00
6848.90 9.893000e-01
6849.30 9.871000e-01
6849.70 9.337000e-01
6850.10 9.973000e-01
6850.50 1.009200e+00
6850.90 1.010300e+00
6851.30 9.992000e-01
6851.70 9.931000e-01
6852.10 9.962000e-01
6852.50 1.008200e+00
6852.90 9.858000e-01
6853.30 9.893000e-01
6853.70 9.867000e-01
6854.10 9.865000e-01
6854.50 9.987000e-01
6854.90 9.742000e-01
6855.30 9.867000e-01
6855.70 9.854000e-01
6856.10 9.768000e-01
6856.50 9.734000e-01
6856.90 9.923000e-01
6857.30 1.009300e+00
6857.70 9.945000e-01
6858.10 9.887000e-01
6858.50 1.005900e+00
6858.90 9.945000e-01
6859.30 9.954000e-01
6859.70 1.000000e+00
6860.10 9.525000e-01
6860.50 9.746000e-01
6860.90 9.927000e-01
6861.30 1.006500e+00
6861.70 9.950000e-01
6862.10 9.922000e-01
6862.50 1.010600e+00
6862.90 9.907000e-01
6863.30 9.896000e-01
6863.70 9.860000e-01
6864.10 9.952000e-01
6864.50 1.001300e+00
6864.90 9.809000e-01
6865.30 9.982000e-01
6865.70 9.951000e-01
6866.10 9.926000e-01
6866.50 9.766000e-01
6866.90 9.874000e-01
6867.30 9.848000e-01
6867.70 9.717000e-01
6868.10 9.751000e-01
6868.50 9.841000e-01
6868.90 9.880000e-01
6869.30 9.952000e-01
6869.70 9.984000e-01
6870.10 9.778000e-01
6870.50 9.890000e-01
6870.90 9.995000e-01
6871.30 1.007700e+00
6871.70 9.826000e-01
6872.10 9.615000e-01
6872.50 9.680000e-01
6872.90 9.800000e-01
6873.30 9.684000e-01
6873.70 9.804000e-01
6874.10 9.732000e-01
6874.50 9.697000e-01
6874.90 9.802000e-01
6875.30 9.899000e-01
6875.70 9.745000e-01
6876.10 9.891000e-01
6876.50 9.599000e-01
6876.90 9.559000e-01
6877.30 9.613000e-01
6877.70 9.642000e-01
6878.10 9.698000e-01
6878.50 9.643000e-01
6878.90 9.579000e-01
6879.30 9.553000e-01
6879.70 9.600000e-01
6880.10 9.715000e-01
6880.50 9.488000e-01
6880.90 9.427000e-01
6881.30 9.481000e-01
6881.70 9.742000e-01
6882.10 9.670000e-01
6882.50 9.694000e-01
6882.90 9.761000e-01
6883.30 9.702000e-01
6883.70 9.840000e-01
6884.10 9.708000e-01
6884.50 9.562000e-01
6884.90 9.626000e-01
6885.30 9.628000e-01
6885.70 9.496000e-01
6886.10 9.562000e-01
6886.50 9.622000e-01
6886.90 9.577000e-01
6887.30 9.434000e-01
6887.70 9.511000e-01
6888.10 9.148000e-01
6888.50 9.375000e-01
6888.90 9.530000e-01
6889.30 9.665000e-01
6889.70 9.673000e-01
6890.10 9.773000e-01
6890.50 9.893000e-01
6890.90 9.629000e-01
6891.30 9.651000e-01
6891.70 9.627000e-01
6892.10 9.660000e-01
6892.50 9.638000e-01
6892.90 9.574000e-01
6893.30 9.580000e-01
6893.70 9.530000e-01
6894.10 9.652000e-01
6894.50 9.631000e-01
6894.90 9.552000e-01
6895.30 9.687000e-01
6895.70 9.644000e-01
6896.10 9.648000e-01
6896.50 9.540000e-01
6896.90 9.468000e-01
6897.30 9.446000e-01
6897.70 9.474000e-01
6898.10 9.515000e-01
6898.50 9.460000e-01
6898.90 9.357000e-01
6899.30 9.412000e-01
6899.70 9.397000e-01
6900.10 9.173000e-01
6900.50 9.268000e-01
6900.90 9.308000e-01
6901.30 9.366000e-01
6901.70 9.535000e-01
6902.10 9.477000e-01
6902.50 9.387000e-01
6902.90 9.269000e-01
6903.30 9.353000e-01
6903.70 9.444000e-01
6904.10 9.360000e-01
6904.50 9.434000e-01
6904.90 9.378000e-01
6905.30 9.329000e-01
6905.70 9.360000e-01
6906.10 9.348000e-01
6906.50 9.590000e-01
6906.90 9.415000e-01
6907.30 9.263000e-01
6907.70 9.239000e-01
6908.10 9.234000e-01
6908.50 9.268000e-01
6908.90 9.398000e-01
6909.30 9.388000e-01
6909.70 9.471000e-01
6910.10 9.335000e-01
6910.50 9.259000e-01
6910.90 9.326000e-01
6911.30 9.327000e-01
6911.70 9.329000e-01
6912.10 9.283000e-01
6912.50 9.300000e-01
6912.90 9.268000e-01
6913.30 9.386000e-01
6913.70 9.272000e-01
6914.10 9.213000e-01
6914.50 9.354000e-01
6914.90 9.429000e-01
6915.30 9.413000e-01
6915.70 9.467000e-01
6916.10 9.274000e-01
6916.50 9.238000e-01
6916.90 9.282000e-01
6917.30 9.044000e-01
6917.70 9.121000e-01
6918.10 9.234000e-01
6918.50 9.207000e-01
6918.90 9.330000e-01
6919.30 9.299000e-01
6919.70 9.226000e-01
6920.10 9.220000e-01
6920.50 9.241000e-01
6920.90 9.504000e-01
6921.30 9.230000e-01
6921.70 9.463000e-01
6922.10 9.384000e-01
6922.50 9.170000e-01
6922.90 9.203000e-01
6923.30 9.249000e-01
6923.70 9.122000e-01
6924.10 9.456000e-01
6924.50 9.851000e-01
6924.90 9.400000e-01
6925.30 9.273000e-01
6925.70 9.199000e-01
6926.10 9.257000e-01
6926.50 9.162000e-01
6926.90 9.254000e-01
6927.30 9.318000e-01
6927.70 9.463000e-01
6928.10 9.286000e-01
6928.50 8.952000e-01
6928.90 9.014000e-01
6929.30 9.265000e-01
6929.70 9.279000e-01
6930.10 8.475000e-01
6930.50 9.454000e-01
6930.90 9.578000e-01
6931.30 9.581000e-01
6931.70 9.379000e-01
6932.10 9.339000e-01
6932.50 9.236000e-01
6932.90 9.139000e-01
6933.30 9.212000e-01
6933.70 9.349000e-01
6934.10 9.043000e-01
6934.50 9.173000e-01
6934.90 9.362000e-01
6935.30 8.989000e-01
6935.70 8.853000e-01
6936.10 9.138000e-01
6936.50 9.059000e-01
6936.90 9.014000e-01
6937.30 9.069000e-01
6937.70 9.273000e-01
6938.10 9.144000e-01
6938.50 9.111000e-01
6938.90 9.325000e-01
6939.30 9.440000e-01
6939.70 9.197000e-01
6940.10 9.332000e-01
6940.50 9.493000e-01
6940.90 9.638000e-01
6941.30 9.332000e-01
6941.70 9.313000e-01
6942.10 9.394000e-01
6942.50 9.341000e-01
6942.90 9.221000e-01
6943.30 9.121000e-01
6943.70 9.266000e-01
6944.10 9.196000e-01
6944.50 9.108000e-01
6944.90 9.189000e-01
6945.30 9.300000e-01
6945.70 9.025000e-01
6946.10 9.102000e-01
6946.50 9.151000e-01
6946.90 9.144000e-01
6947.30 9.122000e-01
6947.70 9.083000e-01
6948.10 9.253000e-01
6948.50 9.253000e-01
6948.90 9.324000e-01
6949.30 9.185000e-01
6949.70 9.180000e-01
6950.10 9.165000e-01
6950.50 8.988000e-01
6950.90 9.113000e-01
6951.30 9.190000e-01
6951.70 9.186000e-01
6952.10 9.006000e-01
6952.50 9.081000e-01
6952.90 9.196000e-01
6953.30 9.054000e-01
6953.70 9.191000e-01
6954.10 9.001000e-01
6954.50 9.065000e-01
6954.90 8.995000e-01
6955.30 9.005000e-01
6955.70 8.990000e-01
6956.10 9.112000e-01
6956.50 9.252000e-01
6956.90 9.029000e-01
6957.30 9.010000e-01
6957.70 9.109000e-01
6958.10 9.157000e-01
6958.50 9.367000e-01
6958.90 8.906000e-01
6959.30 9.129000e-01
6959.70 9.058000e-01
6960.10 9.073000e-01
6960.50 9.243000e-01
6960.90 9.204000e-01
6961.30 9.471000e-01
6961.70 9.189000e-01
6962.10 9.366000e-01
6962.50 9.429000e-01
6962.90 9.110000e-01
6963.30 8.954000e-01
6963.70 9.044000e-01
6964.10 9.180000e-01
6964.50 8.853000e-01
6964.90 8.677000e-01
6965.30 8.738000e-01
6965.70 8.953000e-01
6966.10 9.042000e-01
6966.50 8.909000e-01
6966.90 8.733000e-01
6967.30 8.833000e-01
6967.70 9.033000e-01
6968.10 9.075000e-01
6968.50 8.860000e-01
6968.90 8.818000e-01
6969.30 9.006000e-01
6969.70 8.903000e-01
6970.10 9.037000e-01
6970.50 8.949000e-01
6970.90 8.727000e-01
6971.30 8.880000e-01
6971.70 8.996000e-01
6972.10 9.095000e-01
6972.50 8.990000e-01
6972.90 8.773000e-01
6973.30 8.691000e-01
6973.70 8.872000e-01
6974.10 9.042000e-01
6974.50 9.074000e-01
6974.90 8.919000e-01
6975.30 8.849000e-01
6975.70 8.824000e-01
6976.10 8.979000e-01
6976.50 9.003000e-01
6976.90 8.847000e-01
6977.30 8.985000e-01
6977.70 9.036000e-01
6978.10 8.952000e-01
6978.50 9.191000e-01
6978.90 9.010000e-01
6979.30 8.962000e-01
6979.70 8.902000e-01
6980.10 8.970000e-01
6980.50 9.061000e-01
6980.90 9.127000e-01
6981.30 8.919000e-01
6981.70 9.251000e-01
6982.10 9.598000e-01
6982.50 9.282000e-01
6982.90 9.452000e-01
6983.30 9.444000e-01
6983.70 9.350000e-01
6984.10 9.079000e-01
6984.50 9.044000e-01
6984.90 9.142000e-01
6985.30 9.120000e-01
6985.70 8.917000e-01
6986.10 8.868000e-01
6986.50 8.920000e-01
6986.90 8.823000e-01
6987.30 8.927000e-01
6987.70 8.926000e-01
6988.10 9.066000e-01
6988.50 9.097000e-01
6988.90 9.120000e-01
6989.30 8.886000e-01
6989.70 8.879000e-01
6990.10 8.895000e-01
6990.50 8.812000e-01
6990.90 8.658000e-01
6991.30 8.905000e-01
6991.70 8.921000e-01
6992.10 9.139000e-01
6992.50 9.073000e-01
6992.90 9.266000e-01
6993.30 8.932000e-01
6993.70 8.794000e-01
6994.10 8.963000e-01
6994.50 8.827000e-01
6994.90 8.833000e-01
6995.30 8.927000e-01
6995.70 8.846000e-01
6996.10 9.173000e-01
6996.50 9.217000e-01
6996.90 8.944000e-01
6997.30 8.885000e-01
6997.70 8.962000e-01
6998.10 8.873000e-01
6998.50 8.953000e-01
6998.90 8.842000e-01
6999.30 8.950000e-01
6999.70 9.013000e-01
7000.10 9.024000e-01
7000.50 9.037000e-01
7000.90 8.970000e-01
7001.30 9.091000e-01
7001.70 9.081000e-01
7002.10 8.833000e-01
7002.50 8.928000e-01
7002.90 8.963000e-01
7003.30 9.465000e-01
7003.70 9.282000e-01
7004.10 9.357000e-01
7004.50 9.405000e-01
7004.90 9.010000e-01
7005.30 8.892000e-01
7005.70 8.908000e-01
7006.10 8.814000e-01
7006.50 8.790000e-01
7006.90 8.690000e-01
7007.30 8.672000e-01
7007.70 8.682000e-01
7008.10 8.956000e-01
7008.50 9.068000e-01
7008.90 8.962000e-01
7009.30 8.926000e-01
7009.70 8.967000e-01
7010.10 8.815000e-01
7010.50 8.946000e-01
7010.90 9.081000e-01
7011.30 9.248000e-01
7011.70 9.134000e-01
7012.10 9.182000e-01
7012.50 9.418000e-01
7012.90 8.933000e-01
7013.30 8.792000e-01
7013.70 9.248000e-01
7014.10 8.921000e-01
7014.50 9.026000e-01
7014.90 8.954000e-01
7015.30 8.729000e-01
7015.70 8.761000e-01
7016.10 8.668000e-01
7016.50 8.747000e-01
7016.90 8.735000e-01
7017.30 8.777000e-01
7017.70 8.941000e-01
7018.10 9.023000e-01
7018.50 8.855000e-01
7018.90 8.901000e-01
7019.30 8.974000e-01
7019.70 8.971000e-01
7020.10 8.928000e-01
7020.50 9.045000e-01
7020.90 8.911000e-01
7021.30 8.868000e-01
7021.70 8.824000e-01
7022.10 8.931000e-01
7022.50 9.015000e-01
7022.90 9.024000e-01
7023.30 8.999000e-01
7023.70 8.900000e-01
7024.10 8.931000e-01
7024.50 8.962000e-01
7024.90 8.917000e-01
7025.30 8.728000e-01
7025.70 8.719000e-01
7026.10 8.814000e-01
7026.50 8.885000e-01
7026.90 8.820000e-01
7027.30 8.794000e-01
7027.70 8.933000e-01
7028.10 8.718000e-01
7028.50 9.037000e-01
7028.90 9.166000e-01
7029.30 9.042000e-01
7029.70 9.166000e-01
7030.10 9.047000e-01
7030.50 9.102000e-01
7030.90 8.747000e-01
7031.30 8.780000e-01
7031.70 8.707000e-01
7032.10 8.699000e-01
7032.50 8.801000e-01
7032.90 8.916000e-01
7033.30 8.974000e-01
7033.70 9.151000e-01
7034.10 9.053000e-01
7034.50 9.107000e-01
7034.90 8.933000e-01
7035.30 8.926000e-01
7035.70 8.942000e-01
7036.10 8.925000e-01
7036.50 8.807000e-01
7036.90 8.797000e-01
7037.30 8.895000e-01
7037.70 8.851000e-01
7038.10 8.839000e-01
7038.50 8.898000e-01
7038.90 8.897000e-01
7039.30 8.826000e-01
7039.70 8.954000e-01
7040.10 8.854000e-01
7040.50 8.943000e-01
7040.90 8.797000e-01
7041.30 8.844000e-01
7041.70 8.855000e-01
7042.10 8.886000e-01
7042.50 8.795000e-01
7042.90 8.792000e-01
7043.30 8.956000e-01
7043.70 9.060000e-01
7044.10 8.967000e-01
7044.50 9.117000e-01
7044.90 9.161000e-01
7045.30 9.202000e-01
7045.70 8.910000e-01
7046.10 8.790000e-01
7046.50 8.922000e-01
7046.90 8.815000e-01
7047.30 8.788000e-01
7047.70 8.753000e-01
7048.10 8.950000e-01
7048.50 8.971000e-01
7048.90 8.932000e-01
7049.30 8.902000e-01
7049.70 8.876000e-01
7050.10 8.842000e-01
7050.50 8.897000e-01
7050.90 8.783000e-01
7051.30 8.572000e-01
7051.70 8.560000e-01
7052.10 8.875000e-01
7052.50 9.103000e-01
7052.90 9.209000e-01
7053.30 9.114000e-01
7053.70 9.190000e-01
7054.10 9.124000e-01
7054.50 9.056000e-01
7054.90 8.852000e-01
7055.30 8.845000e-01
7055.70 8.880000e-01
7056.10 8.876000e-01
7056.50 8.884000e-01
7056.90 8.849000e-01
7057.30 8.884000e-01
7057.70 8.916000e-01
7058.10 8.977000e-01
7058.50 9.068000e-01
7058.90 9.276000e-01
7059.30 9.021000e-01
7059.70 9.008000e-01
7060.10 9.014000e-01
7060.50 8.906000e-01
7060.90 8.962000e-01
7061.30 8.886000e-01
7061.70 8.905000e-01
7062.10 8.876000e-01
7062.50 8.791000e-01
7062.90 8.972000e-01
7063.30 8.978000e-01
7063.70 9.031000e-01
7064.10 9.261000e-01
7064.50 9.368000e-01
7064.90 9.088000e-01
7065.30 9.228000e-01
7065.70 9.022000e-01
7066.10 8.927000e-01
7066.50 8.919000e-01
7066.90 8.791000e-01
7067.30 8.781000e-01
7067.70 8.794000e-01
7068.10 8.721000e-01
7068.50 8.839000e-01
7068.90 8.879000e-01
7069.30 8.887000e-01
7069.70 8.797000e-01
7070.10 8.836000e-01
7070.50 8.933000e-01
7070.90 8.678000e-01
7071.30 8.690000e-01
7071.70 8.856000e-01
7072.10 8.979000e-01
7072.50 8.855000e-01
7072.90 8.780000e-01
7073.30 8.847000e-01
7073.70 8.918000e-01
7074.10 8.923000e-01
7074.50 9.037000e-01
7074.90 8.984000e-01
7075.30 8.948000e-01
7075.70 9.103000e-01
7076.10 9.047000e-01
7076.50 8.915000e-01
7076.90 8.770000e-01
7077.30 8.687000e-01
7077.70 8.751000e-01
7078.10 8.778000e-01
7078.50 9.008000e-01
7078.90 9.196000e-01
7079.30 8.731000e-01
7079.70 9.035000e-01
7080.10 9.293000e-01
7080.50 9.323000e-01
7080.90 8.687000e-01
7081.30 8.636000e-01
7081.70 8.761000e-01
7082.10 8.749000e-01
7082.50 8.970000e-01
7082.90 9.182000e-01
7083.30 8.994000e-01
7083.70 9.058000e-01
7084.10 8.822000e-01
7084.50 8.813000e-01
7084.90 9.037000e-01
7085.30 9.254000e-01
7085.70 8.917000e-01
7086.10 8.842000e-01
7086.50 8.594000e-01
7086.90 8.542000e-01
7087.30 8.522000e-01
7087.70 8.582000e-01
7088.10 8.641000e-01
7088.50 8.578000e-01
7088.90 8.615000e-01
7089.30 8.824000e-01
7089.70 8.782000e-01
7090.10 8.725000e-01
7090.50 8.705000e-01
7090.90 8.619000e-01
7091.30 8.583000e-01
7091.70 8.600000e-01
7092.10 8.646000e-01
7092.50 8.666000e-01
7092.90 8.565000e-01
7093.30 8.564000e-01
7093.70 8.671000e-01
7094.10 8.592000e-01
7094.50 8.888000e-01
7094.90 8.844000e-01
7095.30 8.954000e-01
7095.70 8.840000e-01
7096.10 8.878000e-01
7096.50 8.794000e-01
7096.90 8.582000e-01
7097.30 8.609000e-01
7097.70 8.595000e-01
7098.10 8.657000e-01
7098.50 8.587000e-01
7098.90 8.581000e-01
7099.30 8.754000e-01
7099.70 8.505000e-01
7100.10 8.467000e-01
7100.50 8.481000e-01
7100.90 8.649000e-01
7101.30 8.732000e-01
7101.70 8.463000e-01
7102.10 8.323000e-01
7102.50 8.437000e-01
7102.90 8.584000e-01
7103.30 8.595000e-01
7103.70 8.615000e-01
7104.10 8.573000e-01
7104.50 8.513000e-01
7104.90 8.749000e-01
7105.30 8.629000e-01
7105.70 8.675000e-01
7106.10 8.564000e-01
7106.50 8.661000e-01
7106.90 8.924000e-01
7107.30 8.711000e-01
7107.70 8.722000e-01
7108.10 8.706000e-01
7108.50 8.563000e-01
7108.90 8.577000e-01
7109.30 8.592000e-01
7109.70 8.505000e-01
7110.10 8.461000e-01
7110.50 8.502000e-01
7110.90 8.365000e-01
7111.30 8.479000e-01
7111.70 8.574000e-01
7112.10 8.770000e-01
7112.50 8.790000e-01
7112.90 8.691000e-01
7113.30 8.495000e-01
7113.70 8.558000e-01
7114.10 8.478000e-01
7114.50 8.533000e-01
7114.90 8.689000e-01
7115.30 8.425000e-01
7115.70 8.547000e-01
7116.10 8.624000e-01
7116.50 8.698000e-01
7116.90 8.665000e-01
7117.30 8.648000e-01
7117.70 8.568000e-01
7118.10 8.559000e-01
7118.50 8.677000e-01
7118.90 8.929000e-01
7119.30 8.962000e-01
7119.70 8.920000e-01
7120.10 8.644000e-01
7120.50 8.803000e-01
7120.90 8.791000e-01
7121.30 8.733000e-01
7121.70 8.877000e-01
7122.10 8.795000e-01
7122.50 8.584000e-01
7122.90 8.464000e-01
7123.30 8.381000e-01
7123.70 8.685000e-01
7124.10 8.657000e-01
7124.50 8.464000e-01
7124.90 8.568000e-01
7125.30 8.794000e-01
7125.70 8.515000e-01
7126.10 8.540000e-01
7126.50 8.551000e-01
7126.90 8.537000e-01
7127.30 8.610000e-01
7127.70 8.674000e-01
7128.10 8.374000e-01
7128.50 8.509000e-01
7128.90 8.662000e-01
7129.30 8.676000e-01
7129.70 8.508000e-01
7130.10 8.295000e-01
7130.50 8.336000e-01
7130.90 8.467000e-01
7131.30 8.551000e-01
7131.70 8.534000e-01
7132.10 8.631000e-01
7132.50 8.851000e-01
7132.90 9.105000e-01
7133.30 8.854000e-01
7133.70 8.662000e-01
7134.10 8.643000e-01
7134.50 8.904000e-01
7134.90 8.659000e-01
7135.30 8.806000e-01
7135.70 9.020000e-01
7136.10 8.373000e-01
7136.50 8.559000e-01
7136.90 8.543000e-01
7137.30 8.509000e-01
7137.70 8.617000e-01
7138.10 8.606000e-01
7138.50 8.965000e-01
7138.90 8.447000e-01
7139.30 8.480000e-01
7139.70 8.607000e-01
7140.10 8.642000e-01
7140.50 8.689000e-01
7140.90 8.617000e-01
7141.30 8.695000e-01
7141.70 8.605000e-01
7142.10 8.572000e-01
7142.50 8.602000e-01
7142.90 8.614000e-01
7143.30 8.563000e-01
7143.70 8.694000e-01
7144.10 8.891000e-01
7144.50 8.974000e-01
7144.90 8.787000e-01
7145.30 8.800000e-01
7145.70 8.882000e-01
7146.10 8.688000e-01
7146.50 8.481000e-01
7146.90 8.563000e-01
7147.30 8.741000e-01
7147.70 8.398000e-01
7148.10 8.350000e-01
7148.50 8.424000e-01
7148.90 8.530000e-01
7149.30 8.533000e-01
7149.70 8.425000e-01
7150.10 8.401000e-01
7150.50 8.505000e-01
7150.90 8.517000e-01
7151.30 8.605000e-01
7151.70 8.482000e-01
7152.10 8.508000e-01
7152.50 8.404000e-01
7152.90 8.464000e-01
7153.30 8.478000e-01
7153.70 8.595000e-01
7154.10 8.619000e-01
7154.50 8.453000e-01
7154.90 8.428000e-01
7155.30 8.425000e-01
7155.70 8.382000e-01
7156.10 8.472000e-01
7156.50 8.528000e-01
7156.90 8.631000e-01
7157.30 8.614000e-01
7157.70 8.572000e-01
7158.10 8.507000e-01
7158.50 8.459000e-01
7158.90 8.441000e-01
7159.30 8.500000e-01
7159.70 8.410000e-01
7160.10 8.486000e-01
7160.50 8.437000e-01
7160.90 8.504000e-01
7161.30 8.529000e-01
7161.70 8.478000e-01
7162.10 8.403000e-01
7162.50 8.516000e-01
7162.90 8.523000e-01
7163.30 8.438000e-01
7163.70 8.398000e-01
7164.10 8.374000e-01
7164.50 8.349000e-01
7164.90 8.404000e-01
7165.30 8.343000e-01
7165.70 8.463000e-01
7166.10 8.703000e-01
7166.50 8.606000e-01
7166.90 8.744000e-01
7167.30 8.716000e-01
7167.70 8.843000e-01
7168.10 8.478000e-01
7168.50 8.328000e-01
7168.90 8.403000e-01
7169.30 8.243000e-01
7169.70 8.327000e-01
7170.10 8.275000e-01
7170.50 8.313000e-01
7170.90 8.441000e-01
7171.30 8.407000e-01
7171.70 8.309000e-01
7172.10 8.068000e-01
7172.50 8.221000e-01
7172.90 8.221000e-01
7173.30 8.423000e-01
7173.70 8.216000e-01
7174.10 8.297000e-01
7174.50 8.164000e-01
7174.90 8.341000e-01
7175.30 8.369000e-01
7175.70 8.455000e-01
7176.10 8.388000e-01
7176.50 8.410000e-01
7176.90 8.247000e-01
7177.30 8.392000e-01
7177.70 8.402000e-01
7178.10 8.444000e-01
7178.50 8.593000e-01
7178.90 8.588000e-01
7179.30 8.397000e-01
7179.70 8.308000e-01
7180.10 8.414000e-01
7180.50 8.526000e-01
7180.90 8.187000e-01
7181.30 8.410000e-01
7181.70 8.485000e-01
7182.10 8.595000e-01
7182.50 8.467000e-01
7182.90 8.488000e-01
7183.30 8.455000e-01
7183.70 8.380000e-01
7184.10 8.390000e-01
7184.50 8.246000e-01
7184.90 8.359000e-01
7185.30 8.409000e-01
7185.70 8.373000e-01
7186.10 8.268000e-01
7186.50 8.327000e-01
7186.90 8.464000e-01
7187.30 8.419000e-01
7187.70 8.289000e-01
7188.10 8.244000e-01
7188.50 8.373000e-01
7188.90 8.423000e-01
7189.30 8.540000e-01
7189.70 8.460000e-01
7190.10 8.444000e-01
7190.50 8.484000e-01
7190.90 8.601000e-01
7191.30 8.454000e-01
7191.70 8.577000e-01
7192.10 8.615000e-01
7192.50 8.485000e-01
7192.90 8.359000e-01
7193.30 8.158000e-01
7193.70 8.286000e-01
7194.10 8.227000e-01
7194.50 8.277000e-01
7194.90 8.231000e-01
7195.30 8.268000e-01
7195.70 8.236000e-01
7196.10 8.087000e-01
7196.50 8.089000e-01
7196.90 8.260000e-01
7197.30 8.293000e-01
7197.70 8.505000e-01
7198.10 8.333000e-01
7198.50 8.315000e-01
7198.90 8.354000e-01
7199.30 8.442000e-01
7199.70 8.451000e-01
7200.10 8.356000e-01
7200.50 8.253000e-01
7200.90 8.351000e-01
7201.30 8.346000e-01
7201.70 8.444000e-01
7202.10 8.314000e-01
7202.50 8.379000e-01
7202.90 8.430000e-01
7203.30 8.313000e-01
7203.70 8.241000e-01
7204.10 8.341000e-01
7204.50 8.278000e-01
7204.90 8.301000e-01
7205.30 8.327000e-01
7205.70 8.244000e-01
7206.10 8.135000e-01
7206.50 8.176000e-01
7206.90 8.315000e-01
7207.30 8.340000e-01
7207.70 8.142000e-01
7208.10 8.241000e-01
7208.50 8.080000e-01
7208.90 7.969000e-01
7209.30 8.165000e-01
7209.70 8.348000e-01
7210.10 8.403000e-01
7210.50 8.402000e-01
7210.90 8.358000e-01
7211.30 8.292000e-01
7211.70 8.260000e-01
7212.10 8.399000e-01
7212.50 8.462000e-01
7212.90 8.298000e-01
7213.30 8.459000e-01
7213.70 8.375000e-01
7214.10 8.066000e-01
7214.50 8.339000e-01
7214.90 8.002000e-01
7215.30 8.088000e-01
7215.70 8.084000e-01
7216.10 8.235000e-01
7216.50 7.789000e-01
7216.90 7.826000e-01
7217.30 8.063000e-01
7217.70 8.111000e-01
7218.10 8.217000e-01
7218.50 8.323000e-01
7218.90 8.398000e-01
7219.30 8.289000e-01
7219.70 8.398000e-01
7220.10 8.316000e-01
7220.50 8.229000e-01
7220.90 8.297000e-01
7221.30 8.451000e-01
7221.70 8.412000e-01
7222.10 8.254000e-01
7222.50 8.158000e-01
7222.90 8.187000e-01
7223.30 8.075000e-01
7223.70 8.114000e-01
7224.10 8.058000e-01
7224.50 8.258000e-01
7224.90 8.763000e-01
7225.30 8.643000e-01
7225.70 8.675000e-01
7226.10 8.665000e-01
7226.50 8.719000e-01
7226.90 8.682000e-01
7227.30 8.594000e-01
7227.70 8.653000e-01
7228.10 8.711000e-01
7228.50 8.390000e-01
7228.90 8.511000e-01
7229.30 8.536000e-01
7229.70 8.479000e-01
7230.10 8.557000e-01
7230.50 8.362000e-01
7230.90 8.785000e-01
7231.30 8.707000e-01
7231.70 8.571000e-01
7232.10 8.610000e-01
7232.50 8.450000e-01
7232.90 8.449000e-01
7233.30 8.536000e-01
7233.70 8.854000e-01
7234.10 8.797000e-01
7234.50 8.722000e-01
7234.90 8.766000e-01
7235.30 8.210000e-01
7235.70 8.325000e-01
7236.10 8.238000e-01
7236.50 8.158000e-01
7236.90 8.097000e-01
7237.30 8.221000e-01
7237.70 8.320000e-01
7238.10 8.495000e-01
7238.50 8.544000e-01
7238.90 8.300000e-01
7239.30 8.410000e-01
7239.70 8.323000e-01
7240.10 8.471000e-01
7240.50 8.473000e-01
7240.90 8.319000e-01
7241.30 8.394000e-01
7241.70 8.314000e-01
7242.10 8.267000e-01
7242.50 8.093000e-01
7242.90 8.153000e-01
7243.30 8.173000e-01
7243.70 8.591000e-01
7244.10 8.293000e-01
7244.50 8.233000e-01
7244.90 7.685000e-01
7245.30 8.042000e-01
7245.70 8.204000e-01
7246.10 8.211000e-01
7246.50 8.119000e-01
7246.90 8.194000e-01
7247.30 8.383000e-01
7247.70 8.378000e-01
7248.10 8.429000e-01
7248.50 8.390000e-01
7248.90 8.415000e-01
7249.30 8.510000e-01
7249.70 8.167000e-01
7250.10 8.004000e-01
7250.50 8.221000e-01
7250.90 8.370000e-01
7251.30 8.236000e-01
7251.70 8.266000e-01
7252.10 8.235000e-01
7252.50 8.198000e-01
7252.90 8.489000e-01
7253.30 8.512000e-01
7253.70 8.486000e-01
7254.10 8.493000e-01
7254.50 8.329000e-01
7254.90 8.438000e-01
7255.30 8.524000e-01
7255.70 8.381000e-01
7256.10 8.450000e-01
7256.50 8.499000e-01
7256.90 8.583000e-01
7257.30 8.471000e-01
7257.70 8.549000e-01
7258.10 8.319000e-01
7258.50 8.458000e-01
7258.90 8.457000e-01
7259.30 8.488000e-01
7259.70 8.265000e-01
7260.10 8.259000e-01
7260.50 8.242000e-01
7260.90 8.299000e-01
7261.30 8.148000e-01
7261.70 7.986000e-01
7262.10 7.943000e-01
7262.50 8.100000e-01
7262.90 8.062000e-01
7263.30 7.946000e-01
7263.70 7.979000e-01
7264.10 8.192000e-01
7264.50 8.289000e-01
7264.90 8.213000e-01
7265.30 8.213000e-01
7265.70 8.119000e-01
7266.10 8.127000e-01
7266.50 7.893000e-01
7266.90 8.223000e-01
7267.30 8.366000e-01
7267.70 8.441000e-01
7268.10 8.329000e-01
7268.50 8.337000e-01
7268.90 8.318000e-01
7269.30 8.281000e-01
7269.70 8.193000e-01
7270.10 8.173000e-01
7270.50 8.311000e-01
7270.90 8.264000e-01
7271.30 8.231000e-01
7271.70 8.106000e-01
7272.10 8.203000e-01
7272.50 8.178000e-01
7272.90 8.217000e-01
7273.30 8.337000e-01
7273.70 8.177000e-01
7274.10 8.149000e-01
7274.50 8.229000e-01
7274.90 8.225000e-01
7275.30 8.095000e-01
7275.70 8.023000e-01
7276.10 8.204000e-01
7276.50 7.936000e-01
7276.90 7.972000e-01
7277.30 7.944000e-01
7277.70 8.057000e-01
7278.10 8.248000e-01
7278.50 8.272000e-01
7278.90 8.227000e-01
7279.30 8.158000e-01
7279.70 8.150000e-01
7280.10 8.049000e-01
7280.50 8.101000e-01
7280.90 8.103000e-01
7281.30 8.098000e-01
7281.70 8.102000e-01
7282.10 7.988000e-01
7282.50 7.992000e-01
7282.90 7.952000e-01
7283.30 8.004000e-01
7283.70 8.059000e-01
7284.10 8.146000e-01
7284.50 8.254000e-01
7284.90 8.324000e-01
7285.30 8.260000e-01
7285.70 8.274000e-01
7286.10 8.192000e-01
7286.50 8.249000e-01
7286.90 8.308000e-01
7287.30 8.175000e-01
7287.70 8.194000e-01
7288.10 8.112000e-01
7288.50 8.004000e-01
7288.90 8.049000e-01
7289.30 7.991000e-01
7289.70 8.092000e-01
7290.10 8.285000e-01
7290.50 8.615000e-01
7290.90 8.576000e-01
7291.30 8.672000e-01
7291.70 8.654000e-01
7292.10 8.451000e-01
7292.50 8.320000e-01
7292.90 8.340000e-01
7293.30 8.314000e-01
7293.70 8.173000e-01
7294.10 8.021000e-01
7294.50 7.920000e-01
7294.90 8.102000e-01
7295.30 8.081000e-01
7295.70 8.165000e-01
7296.10 8.158000e-01
7296.50 8.253000e-01
7296.90 8.314000e-01
7297.30 8.276000e-01
7297.70 8.228000e-01
7298.10 8.031000e-01
7298.50 8.046000e-01
7298.90 7.953000e-01
7299.30 8.053000e-01
7299.70 8.652000e-01
7300.10 6.974000e-01
7300.50 7.545000e-01
7300.90 8.184000e-01
7301.30 8.186000e-01
7301.70 8.283000e-01
7302.10 8.155000e-01
7302.50 8.136000e-01
7302.90 8.006000e-01
7303.30 8.009000e-01
7303.70 8.126000e-01
7304.10 8.332000e-01
7304.50 8.436000e-01
7304.90 8.384000e-01
7305.30 8.198000e-01
7305.70 8.277000e-01
7306.10 8.322000e-01
7306.50 8.510000e-01
7306.90 8.485000e-01
7307.30 8.440000e-01
7307.70 8.329000e-01
7308.10 8.322000e-01
7308.50 8.412000e-01
7308.90 8.319000e-01
7309.30 8.160000e-01
7309.70 8.329000e-01
7310.10 8.301000e-01
7310.50 8.369000e-01
7310.90 8.251000e-01
7311.30 8.219000e-01
7311.70 7.982000e-01
7312.10 7.924000e-01
7312.50 7.756000e-01
7312.90 7.879000e-01
7313.30 8.007000e-01
7313.70 7.968000e-01
7314.10 7.893000e-01
7314.50 7.742000e-01
7314.90 7.724000e-01
7315.30 7.851000e-01
7315.70 8.049000e-01
7316.10 8.101000e-01
7316.50 7.834000e-01
7316.90 7.875000e-01
7317.30 8.239000e-01
7317.70 8.701000e-01
7318.10 8.961000e-01
7318.50 8.955000e-01
7318.90 8.843000e-01
7319.30 9.086000e-01
7319.70 8.792000e-01
7320.10 8.521000e-01
7320.50 8.631000e-01
7320.90 8.500000e-01
7321.30 8.395000e-01
7321.70 8.482000e-01
7322.10 8.420000e-01
7322.50 8.467000e-01
7322.90 8.458000e-01
7323.30 8.384000e-01
7323.70 8.243000e-01
7324.10 8.306000e-01
7324.50 8.319000e-01
7324.90 8.292000e-01
7325.30 8.304000e-01
7325.70 8.440000e-01
7326.10 8.480000e-01
7326.50 8.332000e-01
7326.90 8.159000e-01
7327.30 8.188000e-01
7327.70 8.119000e-01
7328.10 8.056000e-01
7328.50 7.975000e-01
7328.90 8.129000e-01
7329.30 8.360000e-01
7329.70 8.195000e-01
7330.10 8.368000e-01
7330.50 8.324000e-01
7330.90 8.463000e-01
7331.30 8.412000e-01
7331.70 8.282000e-01
7332.10 8.266000e-01
7332.50 8.234000e-01
7332.90 8.192000e-01
7333.30 8.228000e-01
7333.70 8.416000e-01
7334.10 8.420000e-01
7334.50 8.360000e-01
7334.90 8.330000e-01
7335.30 8.311000e-01
7335.70 8.294000e-01
7336.10 8.419000e-01
7336.50 8.265000e-01
7336.90 8.156000e-01
7337.30 8.310000e-01
7337.70 8.314000e-01
7338.10 8.261000e-01
7338.50 8.232000e-01
7338.90 8.225000e-01
7339.30 8.020000e-01
7339.70 7.881000e-01
7340.10 7.406000e-01
7340.50 8.545000e-01
7340.90 8.669000e-01
7341.30 8.595000e-01
7341.70 8.277000e-01
7342.10 8.186000e-01
7342.50 8.274000e-01
7342.90 8.284000e-01
7343.30 8.291000e-01
7343.70 8.302000e-01
7344.10 8.234000e-01
7344.50 8.298000e-01
7344.90 8.333000e-01
7345.30 8.265000e-01
7345.70 8.199000e-01
7346.10 8.290000e-01
7346.50 8.227000e-01
7346.90 8.028000e-01
7347.30 7.872000e-01
7347.70 7.987000e-01
7348.10 8.053000e-01
7348.50 7.988000e-01
7348.90 7.860000e-01
7349.30 8.167000e-01
7349.70 8.144000e-01
7350.10 8.185000e-01
7350.50 8.101000e-01
7350.90 7.972000e-01
7351.30 8.029000e-01
7351.70 8.147000e-01
7352.10 8.248000e-01
7352.50 8.018000e-01
7352.90 8.067000e-01
7353.30 8.220000e-01
7353.70 8.273000e-01
7354.10 8.130000e-01
7354.50 8.060000e-01
7354.90 8.063000e-01
7355.30 7.651000e-01
7355.70 7.735000e-01
7356.10 7.821000e-01
7356.50 7.677000e-01
7356.90 7.694000e-01
7357.30 7.799000e-01
7357.70 7.961000e-01
7358.10 8.003000e-01
7358.50 8.150000e-01
7358.90 8.118000e-01
7359.30 8.002000e-01
7359.70 7.974000e-01
7360.10 7.995000e-01
7360.50 7.884000e-01
7360.90 7.984000e-01
7361.30 8.219000e-01
7361.70 7.904000e-01
7362.10 7.999000e-01
7362.50 8.169000e-01
7362.90 8.575000e-01
7363.30 8.618000e-01
7363.70 8.498000e-01
7364.10 8.555000e-01
7364.50 8.578000e-01
7364.90 8.592000e-01
7365.30 8.390000e-01
7365.70 7.900000e-01
7366.10 7.891000e-01
7366.50 7.821000e-01
7366.90 7.792000e-01
7367.30 7.709000e-01
7367.70 7.739000e-01
7368.10 7.641000e-01
7368.50 7.651000e-01
7368.90 7.766000e-01
7369.30 7.773000e-01
7369.70 7.740000e-01
7370.10 7.809000e-01
7370.50 7.716000e-01
7370.90 7.757000e-01
7371.30 7.938000e-01
7371.70 7.803000e-01
7372.10 7.906000e-01
7372.50 7.781000e-01
7372.90 7.894000e-01
7373.30 8.145000e-01
7373.70 8.007000e-01
7374.10 7.915000e-01
7374.50 7.908000e-01
7374.90 7.923000e-01
7375.30 8.019000e-01
7375.70 7.988000e-01
7376.10 7.906000e-01
7376.50 7.733000e-01
7376.90 7.705000e-01
7377.30 8.438000e-01
7377.70 8.107000e-01
7378.10 7.883000e-01
7378.50 7.833000e-01
7378.90 7.841000e-01
7379.30 7.882000e-01
7379.70 7.916000e-01
7380.10 7.925000e-01
7380.50 7.798000e-01
7380.90 7.833000e-01
7381.30 7.887000e-01
7381.70 7.883000e-01
7382.10 7.956000e-01
7382.50 7.955000e-01
7382.90 7.921000e-01
7383.30 7.942000e-01
7383.70 8.119000e-01
7384.10 8.218000e-01
7384.50 8.062000e-01
7384.90 7.978000e-01
7385.30 7.966000e-01
7385.70 8.036000e-01
7386.10 7.924000e-01
7386.50 8.071000e-01
7386.90 7.755000e-01
7387.30 7.695000e-01
7387.70 7.731000e-01
7388.10 7.743000e-01
7388.50 7.760000e-01
7388.90 7.667000e-01
7389.30 7.624000e-01
7389.70 7.603000e-01
7390.10 7.552000e-01
7390.50 7.573000e-01
7390.90 7.699000e-01
7391.30 8.023000e-01
7391.70 7.978000e-01
7392.10 7.924000e-01
7392.50 7.886000e-01
7392.90 8.006000e-01
7393.30 8.399000e-01
7393.70 8.167000e-01
7394.10 8.495000e-01
7394.50 8.374000e-01
7394.90 8.104000e-01
7395.30 8.288000e-01
7395.70 7.860000e-01
7396.10 7.795000e-01
7396.50 7.922000e-01
7396.90 7.846000e-01
7397.30 7.709000e-01
7397.70 7.715000e-01
7398.10 7.656000e-01
7398.50 7.663000e-01
7398.90 7.596000e-01
7399.30 7.564000e-01
7399.70 7.518000e-01
7400.10 7.638000e-01
7400.50 7.631000e-01
7400.90 7.662000e-01
7401.30 7.617000e-01
7401.70 7.628000e-01
7402.10 7.712000e-01
7402.50 7.747000e-01
7402.90 7.778000e-01
7403.30 8.021000e-01
7403.70 7.789000e-01
7404.10 7.670000e-01
7404.50 7.745000e-01
7404.90 7.737000e-01
7405.30 7.662000e-01
7405.70 7.512000e-01
7406.10 7.671000e-01
7406.50 7.576000e-01
7406.90 7.557000e-01
7407.30 7.552000e-01
7407.70 7.703000e-01
7408.10 7.840000e-01
7408.50 7.689000e-01
7408.90 7.652000e-01
7409.30 7.678000e-01
7409.70 7.703000e-01
7410.10 7.820000e-01
7410.50 7.823000e-01
7410.90 7.712000e-01
7411.30 7.675000e-01
7411.70 7.701000e-01
7412.10 7.592000e-01
7412.50 7.707000e-01
7412.90 7.966000e-01
7413.30 8.031000e-01
7413.70 7.946000e-01
7414.10 8.243000e-01
7414.50 8.258000e-01
7414.90 8.326000e-01
7415.30 8.072000e-01
7415.70 7.864000e-01
7416.10 7.862000e-01
7416.50 7.909000e-01
7416.90 7.674000e-01
7417.30 7.489000e-01
7417.70 7.405000e-01
7418.10 7.377000e-01
7418.50 7.577000e-01
7418.90 7.593000e-01
7419.30 7.766000e-01
7419.70 7.713000e-01
7420.10 7.707000e-01
7420.50 7.534000e-01
7420.90 7.605000e-01
7421.30 7.764000e-01
7421.70 7.947000e-01
7422.10 7.810000e-01
7422.50 7.672000e-01
7422.90 7.870000e-01
7423.30 7.634000e-01
7423.70 7.594000e-01
7424.10 7.584000e-01
7424.50 7.598000e-01
7424.90 7.644000e-01
7425.30 7.776000e-01
7425.70 7.690000e-01
7426.10 7.650000e-01
7426.50 7.540000e-01
7426.90 7.550000e-01
7427.30 7.430000e-01
7427.70 7.636000e-01
7428.10 7.600000e-01
7428.50 7.529000e-01
7428.90 7.706000e-01
7429.30 7.767000e-01
7429.70 7.733000e-01
7430.10 7.572000e-01
7430.50 7.677000e-01
7430.90 7.675000e-01
7431.30 7.746000e-01
7431.70 7.823000e-01
7432.10 7.656000e-01
7432.50 7.559000e-01
7432.90 7.486000e-01
7433.30 7.622000e-01
7433.70 7.864000e-01
7434.10 7.950000e-01
7434.50 7.947000e-01
7434.90 7.831000e-01
7435.30 7.816000e-01
7435.70 7.674000e-01
7436.10 7.988000e-01
7436.50 7.863000e-01
7436.90 7.715000e-01
7437.30 7.579000e-01
7437.70 7.601000e-01
7438.10 7.698000e-01
7438.50 7.755000e-01
7438.90 7.597000e-01
7439.30 7.297000e-01
7439.70 7.359000e-01
7440.10 7.366000e-01
7440.50 7.469000e-01
7440.90 7.761000e-01
7441.30 7.865000e-01
7441.70 8.059000e-01
7442.10 7.924000e-01
7442.50 8.067000e-01
7442.90 7.898000e-01
7443.30 7.808000e-01
7443.70 7.725000e-01
7444.10 7.754000e-01
7444.50 7.699000e-01
7444.90 7.692000e-01
7445.30 7.766000e-01
7445.70 7.851000e-01
7446.10 7.764000e-01
7446.50 7.631000e-01
7446.90 7.620000e-01
7447.30 7.545000e-01
7447.70 7.554000e-01
7448.10 7.359000e-01
7448.50 7.474000e-01
7448.90 7.582000e-01
7449.30 7.424000e-01
7449.70 7.270000e-01
7450.10 7.364000e-01
7450.50 7.282000e-01
7450.90 7.590000e-01
7451.30 7.665000e-01
7451.70 7.803000e-01
7452.10 8.005000e-01
7452.50 7.953000e-01
7452.90 7.583000e-01
7453.30 7.360000e-01
7453.70 7.964000e-01
7454.10 7.884000e-01
7454.50 7.529000e-01
7454.90 7.407000e-01
7455.30 7.454000e-01
7455.70 7.469000e-01
7456.10 7.513000e-01
7456.50 7.538000e-01
7456.90 7.505000e-01
7457.30 7.086000e-01
7457.70 7.314000e-01
7458.10 7.249000e-01
7458.50 7.261000e-01
7458.90 7.276000e-01
7459.30 7.201000e-01
7459.70 7.354000e-01
7460.10 7.531000e-01
7460.50 7.694000e-01
7460.90 7.741000e-01
7461.30 7.732000e-01
7461.70 7.996000e-01
7462.10 7.899000e-01
7462.50 7.778000e-01
7462.90 7.683000e-01
7463.30 7.573000e-01
7463.70 7.567000e-01
7464.10 7.498000e-01
7464.50 7.749000e-01
7464.90 7.781000e-01
7465.30 7.905000e-01
7465.70 7.840000e-01
7466.10 7.914000e-01
7466.50 8.138000e-01
7466.90 7.887000e-01
7467.30 7.645000e-01
7467.70 7.799000e-01
7468.10 7.723000e-01
7468.50 7.810000e-01
7468.90 7.589000e-01
7469.30 7.434000e-01
7469.70 7.409000e-01
7470.10 7.510000e-01
7470.50 7.567000e-01
7470.90 7.668000e-01
7471.30 7.925000e-01
7471.70 7.902000e-01
7472.10 8.119000e-01
7472.50 7.826000e-01
7472.90 7.863000e-01
7473.30 7.704000e-01
7473.70 7.595000e-01
7474.10 7.657000e-01
7474.50 7.678000e-01
7474.90 7.610000e-01
7475.30 7.512000e-01
7475.70 7.602000e-01
7476.10 7.766000e-01
7476.50 7.522000e-01
7476.90 7.459000e-01
7477.30 7.442000e-01
7477.70 7.476000e-01
7478.10 7.515000e-01
7478.50 7.661000e-01
7478.90 7.875000e-01
7479.30 7.696000e-01
7479.70 7.605000e-01
7480.10 7.410000e-01
7480.50 7.523000e-01
7480.90 7.468000e-01
7481.30 7.414000e-01
7481.70 7.468000e-01
7482.10 7.688000e-01
7482.50 8.082000e-01
7482.90 7.878000e-01
7483.30 8.009000e-01
7483.70 8.233000e-01
7484.10 7.968000e-01
7484.50 8.059000e-01
7484.90 7.970000e-01
7485.30 7.827000e-01
7485.70 7.730000e-01
7486.10 7.725000e-01
7486.50 7.609000e-01
7486.90 7.566000e-01
7487.30 7.560000e-01
7487.70 7.567000e-01
7488.10 7.524000e-01
7488.50 7.484000e-01
7488.90 7.488000e-01
7489.30 7.434000e-01
7489.70 7.440000e-01
7490.10 7.506000e-01
7490.50 7.625000e-01
7490.90 7.782000e-01
7491.30 7.771000e-01
7491.70 7.850000e-01
7492.10 8.092000e-01
7492.50 7.883000e-01
7492.90 7.633000e-01
7493.30 7.631000e-01
7493.70 7.600000e-01
7494.10 7.553000e-01
7494.50 7.526000e-01
7494.90 7.577000e-01
7495.30 7.382000e-01
7495.70 7.530000e-01
7496.10 7.593000e-01
7496.50 7.600000e-01
7496.90 7.577000e-01
7497.30 7.471000e-01
7497.70 7.488000e-01
7498.10 7.660000e-01
7498.50 7.723000e-01
7498.90 7.477000e-01
7499.30 7.519000e-01
7499.70 8.000000e-01
7500.10 7.705000e-01
7500.50 7.286000e-01
7500.90 7.340000e-01
7501.30 7.397000e-01
7501.70 7.560000e-01
7502.10 7.699000e-01
7502.50 7.908000e-01
7502.90 8.131000e-01
7503.30 8.074000e-01
7503.70 8.172000e-01
7504.10 8.069000e-01
7504.50 7.952000e-01
7504.90 7.442000e-01
7505.30 7.462000e-01
7505.70 7.370000e-01
7506.10 7.368000e-01
7506.50 7.400000e-01
7506.90 7.389000e-01
7507.30 7.497000e-01
7507.70 7.379000e-01
7508.10 7.616000e-01
7508.50 7.469000e-01
7508.90 7.624000e-01
7509.30 7.396000e-01
7509.70 7.447000e-01
7510.10 7.462000e-01
7510.50 7.458000e-01
7510.90 7.472000e-01
7511.30 7.781000e-01
7511.70 8.080000e-01
7512.10 8.149000e-01
7512.50 7.928000e-01
7512.90 7.897000e-01
7513.30 7.777000e-01
7513.70 7.784000e-01
7514.10 7.472000e-01
7514.50 7.342000e-01
7514.90 7.607000e-01
7515.30 7.819000e-01
7515.70 7.431000e-01
7516.10 7.724000e-01
7516.50 7.696000e-01
7516.90 7.356000e-01
7517.30 7.259000e-01
7517.70 7.181000e-01
7518.10 7.394000e-01
7518.50 7.506000e-01
7518.90 7.518000e-01
7519.30 7.313000e-01
7519.70 7.285000e-01
7520.10 7.331000e-01
7520.50 7.353000e-01
7520.90 7.409000e-01
7521.30 7.400000e-01
7521.70 7.354000e-01
7522.10 7.331000e-01
7522.50 7.306000e-01
7522.90 7.299000e-01
7523.30 7.348000e-01
7523.70 7.397000e-01
7524.10 7.418000e-01
7524.50 7.368000e-01
7524.90 7.584000e-01
7525.30 7.798000e-01
7525.70 7.880000e-01
7526.10 8.049000e-01
7526.50 8.228000e-01
7526.90 8.294000e-01
7527.30 8.215000e-01
7527.70 8.183000e-01
7528.10 8.173000e-01
7528.50 8.052000e-01
7528.90 7.984000e-01
7529.30 7.808000e-01
7529.70 7.543000e-01
7530.10 7.472000e-01
7530.50 7.416000e-01
7530.90 7.480000e-01
7531.30 7.508000e-01
7531.70 7.546000e-01
7532.10 7.583000e-01
7532.50 7.401000e-01
7532.90 7.225000e-01
7533.30 7.358000e-01
7533.70 7.447000e-01
7534.10 7.341000e-01
7534.50 7.416000e-01
7534.90 7.506000e-01
7535.30 7.520000e-01
7535.70 7.586000e-01
7536.10 7.497000e-01
7536.50 7.386000e-01
7536.90 7.533000e-01
7537.30 7.717000e-01
7537.70 7.893000e-01
7538.10 7.977000e-01
7538.50 7.924000e-01
7538.90 7.625000e-01
7539.30 7.700000e-01
7539.70 7.780000e-01
7540.10 7.962000e-01
7540.50 7.852000e-01
7540.90 7.754000e-01
7541.30 7.873000e-01
7541.70 7.865000e-01
7542.10 7.778000e-01
7542.50 7.483000e-01
7542.90 7.553000e-01
7543.30 7.651000e-01
7543.70 7.542000e-01
7544.10 7.371000e-01
7544.50 7.511000e-01
7544.90 7.144000e-01
7545.30 7.324000e-01
7545.70 7.376000e-01
7546.10 7.108000e-01
7546.50 7.558000e-01
7546.90 7.243000e-01
7547.30 7.311000e-01
7547.70 7.357000e-01
7548.10 7.386000e-01
7548.50 7.266000e-01
7548.90 7.228000e-01
7549.30 7.320000e-01
7549.70 7.234000e-01
7550.10 7.185000e-01
7550.50 7.188000e-01
7550.90 7.334000e-01
7551.30 7.374000e-01
7551.70 7.588000e-01
7552.10 7.696000e-01
7552.50 7.516000e-01
7552.90 7.239000e-01
7553.30 7.293000e-01
7553.70 7.501000e-01
7554.10 7.920000e-01
7554.50 7.973000e-01
7554.90 7.986000e-01
7555.30 7.948000e-01
7555.70 7.946000e-01
7556.10 7.809000e-01
7556.50 7.499000e-01
7556.90 7.293000e-01
7557.30 7.212000e-01
7557.70 7.303000e-01
7558.10 7.235000e-01
7558.50 7.322000e-01
7558.90 7.370000e-01
7559.30 7.314000e-01
7559.70 7.272000e-01
7560.10 7.514000e-01
7560.50 7.516000e-01
7560.90 7.517000e-01
7561.30 7.557000e-01
7561.70 7.655000e-01
7562.10 7.510000e-01
7562.50 7.086000e-01
7562.90 7.049000e-01
7563.30 7.344000e-01
7563.70 7.559000e-01
7564.10 7.240000e-01
7564.50 6.990000e-01
7564.90 7.102000e-01
7565.30 7.300000e-01
7565.70 7.064000e-01
7566.10 6.952000e-01
7566.50 7.020000e-01
7566.90 7.047000e-01
7567.30 7.116000e-01
7567.70 7.183000e-01
7568.10 7.122000e-01
7568.50 7.191000e-01
7568.90 7.048000e-01
7569.30 7.490000e-01
7569.70 7.487000e-01
7570.10 7.332000e-01
7570.50 7.401000e-01
7570.90 7.331000e-01
7571.30 7.448000e-01
7571.70 7.391000e-01
7572.10 7.376000e-01
7572.50 7.269000e-01
7572.90 7.372000e-01
7573.30 7.361000e-01
7573.70 7.296000e-01
7574.10 7.273000e-01
7574.50 7.237000e-01
7574.90 7.250000e-01
7575.30 7.270000e-01
7575.70 7.401000e-01
7576.10 7.390000e-01
7576.50 7.423000e-01
7576.90 7.590000e-01
7577.30 7.774000e-01
7577.70 7.736000e-01
7578.10 7.498000e-01
7578.50 7.678000e-01
7578.90 7.902000e-01
7579.30 7.766000e-01
7579.70 7.845000e-01
7580.10 7.770000e-01
7580.50 7.463000e-01
7580.90 7.309000e-01
7581.30 7.642000e-01
7581.70 7.371000e-01
7582.10 7.368000e-01
7582.50 7.714000e-01
7582.90 7.740000e-01
7583.30 7.211000e-01
7583.70 6.972000e-01
7584.10 7.114000e-01
7584.50 7.266000e-01
7584.90 7.118000e-01
7585.30 7.209000e-01
7585.70 7.137000e-01
7586.10 7.110000e-01
7586.50 7.126000e-01
7586.90 7.147000e-01
7587.30 7.195000e-01
7587.70 7.256000e-01
7588.10 7.440000e-01
7588.50 7.558000e-01
7588.90 7.096000e-01
7589.30 7.106000e-01
7589.70 6.990000e-01
7590.10 7.155000e-01
7590.50 7.019000e-01
7590.90 7.007000e-01
7591.30 7.101000e-01
7591.70 7.153000e-01
7592.10 6.994000e-01
7592.50 7.243000e-01
7592.90 7.185000e-01
7593.30 7.276000e-01
7593.70 7.261000e-01
7594.10 7.449000e-01
7594.50 7.399000e-01
7594.90 7.287000e-01
7595.30 7.418000e-01
7595.70 7.441000e-01
7596.10 7.384000e-01
7596.50 7.297000e-01
7596.90 7.248000e-01
7597.30 7.197000e-01
7597.70 7.309000e-01
7598.10 7.680000e-01
7598.50 7.720000e-01
7598.90 7.339000e-01
7599.30 7.180000e-01
7599.70 7.151000e-01
7600.10 7.293000e-01
7600.50 7.289000e-01
7600.90 7.234000e-01
7601.30 7.362000e-01
7601.70 7.349000e-01
7602.10 7.166000e-01
7602.50 7.274000e-01
7602.90 7.199000e-01
7603.30 7.220000e-01
7603.70 7.340000e-01
7604.10 7.473000e-01
7604.50 7.501000e-01
7604.90 7.624000e-01
7605.30 7.234000e-01
7605.70 7.035000e-01
7606.10 7.138000e-01
7606.50 6.756000e-01
7606.90 7.044000e-01
7607.30 7.136000e-01
7607.70 7.395000e-01
7608.10 7.664000e-01
7608.50 7.734000e-01
7608.90 7.195000e-01
7609.30 7.023000e-01
7609.70 7.165000e-01
7610.10 7.144000e-01
7610.50 7.207000e-01
7610.90 7.223000e-01
7611.30 7.261000e-01
7611.70 7.351000e-01
7612.10 7.307000e-01
7612.50 7.204000e-01
7612.90 7.120000e-01
7613.30 7.146000e-01
7613.70 7.169000e-01
7614.10 7.075000e-01
7614.50 7.223000e-01
7614.90 7.288000e-01
7615.30 7.290000e-01
7615.70 7.309000e-01
7616.10 7.396000e-01
7616.50 7.358000e-01
7616.90 7.375000e-01
7617.30 7.435000e-01
7617.70 7.287000e-01
7618.10 7.328000e-01
7618.50 7.276000e-01
7618.90 7.272000e-01
7619.30 7.267000e-01
7619.70 7.252000e-01
7620.10 7.193000e-01
7620.50 7.103000e-01
7620.90 7.029000e-01
7621.30 7.010000e-01
7621.70 6.930000e-01
7622.10 7.072000e-01
7622.50 7.094000e-01
7622.90 7.179000e-01
7623.30 7.346000e-01
7623.70 7.731000e-01
7624.10 7.807000e-01
7624.50 7.359000e-01
7624.90 7.356000e-01
7625.30 7.372000e-01
7625.70 7.258000e-01
7626.10 7.316000e-01
7626.50 7.342000e-01
7626.90 7.225000e-01
7627.30 7.126000e-01
7627.70 7.244000e-01
7628.10 7.115000e-01
7628.50 7.146000e-01
7628.90 7.222000e-01
7629.30 7.173000e-01
7629.70 7.386000e-01
7630.10 7.626000e-01
7630.50 7.380000e-01
7630.90 7.179000e-01
7631.30 7.156000e-01
7631.70 7.257000e-01
7632.10 7.474000e-01
7632.50 7.477000e-01
7632.90 7.235000e-01
7633.30 6.976000e-01
7633.70 7.013000e-01
7634.10 7.029000e-01
7634.50 7.037000e-01
7634.90 7.057000e-01
7635.30 7.218000e-01
7635.70 7.186000e-01
7636.10 7.197000e-01
7636.50 7.275000e-01
7636.90 7.094000e-01
7637.30 7.052000e-01
7637.70 7.051000e-01
7638.10 7.078000e-01
7638.50 7.189000e-01
7638.90 7.150000e-01
7639.30 7.013000e-01
7639.70 7.025000e-01
7640.10 6.965000e-01
7640.50 7.384000e-01
7640.90 7.462000e-01
7641.30 7.124000e-01
7641.70 7.166000e-01
7642.10 7.620000e-01
7642.50 7.947000e-01
7642.90 7.781000e-01
7643.30 7.651000e-01
7643.70 7.696000e-01
7644.10 7.725000e-01
7644.50 7.547000e-01
7644.90 7.848000e-01
7645.30 7.729000e-01
7645.70 7.731000e-01
7646.10 7.906000e-01
7646.50 7.759000e-01
7646.90 7.267000e-01
7647.30 7.503000e-01
7647.70 7.576000e-01
7648.10 7.395000e-01
7648.50 7.482000e-01
7648.90 7.285000e-01
7649.30 7.383000e-01
7649.70 7.281000e-01
7650.10 7.729000e-01
7650.50 7.587000e-01
7650.90 7.507000e-01
7651.30 7.633000e-01
7651.70 7.811000e-01
7652.10 7.626000e-01
7652.50 7.531000e-01
7652.90 7.326000e-01
7653.30 7.332000e-01
7653.70 7.349000e-01
7654.10 7.343000e-01
7654.50 7.309000e-01
7654.90 7.422000e-01
7655.30 7.361000e-01
7655.70 7.393000e-01
7656.10 7.401000e-01
7656.50 7.378000e-01
7656.90 7.565000e-01
7657.30 7.450000e-01
7657.70 7.398000e-01
7658.10 7.431000e-01
7658.50 7.508000e-01
7658.90 7.639000e-01
7659.30 7.467000e-01
7659.70 7.400000e-01
7660.10 7.250000e-01
7660.50 7.282000e-01
7660.90 7.239000e-01
7661.30 7.264000e-01
7661.70 7.487000e-01
7662.10 7.623000e-01
7662.50 7.668000e-01
7662.90 7.681000e-01
7663.30 7.801000e-01
7663.70 7.666000e-01
7664.10 7.544000e-01
7664.50 7.335000e-01
7664.90 7.375000e-01
7665.30 7.481000e-01
7665.70 7.714000e-01
7666.10 7.623000e-01
7666.50 7.746000e-01
7666.90 7.082000e-01
7667.30 7.138000e-01
7667.70 7.222000e-01
7668.10 7.357000e-01
7668.50 7.162000e-01
7668.90 7.168000e-01
7669.30 7.364000e-01
7669.70 7.356000e-01
7670.10 7.291000e-01
7670.50 7.329000e-01
7670.90 7.347000e-01
7671.30 7.274000e-01
7671.70 7.237000e-01
7672.10 7.202000e-01
7672.50 7.247000e-01
7672.90 7.303000e-01
7673.30 7.223000e-01
7673.70 7.288000e-01
7674.10 7.081000e-01
7674.50 7.102000e-01
7674.90 7.154000e-01
7675.30 7.151000e-01
7675.70 7.191000e-01
7676.10 7.399000e-01
7676.50 7.508000e-01
7676.90 7.548000e-01
7677.30 7.464000e-01
7677.70 7.668000e-01
7678.10 7.247000e-01
7678.50 7.197000e-01
7678.90 7.315000e-01
7679.30 7.298000e-01
7679.70 7.680000e-01
7680.10 7.759000e-01
7680.50 7.053000e-01
7680.90 6.996000e-01
7681.30 7.220000e-01
7681.70 7.687000e-01
7682.10 7.546000e-01
7682.50 7.116000e-01
7682.90 7.276000e-01
7683.30 7.327000e-01
7683.70 7.444000e-01
7684.10 7.446000e-01
7684.50 7.426000e-01
7684.90 7.411000e-01
7685.30 7.371000e-01
7685.70 7.452000e-01
7686.10 7.407000e-01
7686.50 7.440000e-01
7686.90 7.430000e-01
7687.30 7.431000e-01
7687.70 7.559000e-01
7688.10 7.492000e-01
7688.50 7.385000e-01
7688.90 7.364000e-01
7689.30 7.385000e-01
7689.70 7.934000e-01
7690.10 8.507000e-01
7690.50 8.140000e-01
7690.90 6.793000e-01
7691.30 7.089000e-01
7691.70 6.977000e-01
7692.10 7.141000e-01
7692.50 7.294000e-01
7692.90 7.447000e-01
7693.30 7.363000e-01
7693.70 7.264000e-01
7694.10 6.929000e-01
7694.50 7.162000e-01
7694.90 7.217000e-01
7695.30 7.279000e-01
7695.70 7.096000e-01
7696.10 7.209000e-01
7696.50 7.232000e-01
7696.90 7.476000e-01
7697.30 7.489000e-01
7697.70 7.307000e-01
7698.10 7.319000e-01
7698.50 7.386000e-01
7698.90 7.548000e-01
7699.30 7.571000e-01
7699.70 7.201000e-01
7700.10 7.289000e-01
7700.50 7.582000e-01
7700.90 7.934000e-01
7701.30 7.927000e-01
7701.70 8.146000e-01
7702.10 7.869000e-01
7702.50 7.163000e-01
7702.90 7.104000e-01
7703.30 7.120000e-01
7703.70 7.163000e-01
7704.10 7.341000e-01
7704.50 7.243000e-01
7704.90 7.310000e-01
7705.30 7.424000e-01
7705.70 7.320000e-01
7706.10 7.401000e-01
7706.50 7.434000e-01
7706.90 7.428000e-01
7707.30 7.364000e-01
7707.70 7.403000e-01
7708.10 7.439000e-01
7708.50 7.420000e-01
7708.90 7.501000e-01
7709.30 7.475000e-01
7709.70 7.554000e-01
7710.10 7.516000e-01
7710.50 7.758000e-01
7710.90 7.952000e-01
7711.30 8.155000e-01
7711.70 7.846000e-01
7712.10 7.872000e-01
7712.50 6.642000e-01
7712.90 6.897000e-01
7713.30 7.302000e-01
7713.70 8.005000e-01
7714.10 7.860000e-01
7714.50 7.480000e-01
7714.90 7.546000e-01
7715.30 7.477000e-01
7715.70 7.476000e-01
7716.10 7.499000e-01
7716.50 7.543000e-01
7716.90 7.590000e-01
7717.30 7.672000e-01
7717.70 7.514000e-01
7718.10 7.487000e-01
7718.50 7.581000e-01
7718.90 7.747000e-01
7719.30 7.853000e-01
7719.70 7.862000e-01
7720.10 7.835000e-01
7720.50 7.891000e-01
7720.90 7.707000e-01
7721.30 7.653000e-01
7721.70 7.695000e-01
7722.10 7.602000e-01
7722.50 7.451000e-01
7722.90 7.595000e-01
7723.30 7.430000e-01
7723.70 7.257000e-01
7724.10 7.452000e-01
7724.50 7.825000e-01
7724.90 7.275000e-01
7725.30 6.870000e-01
7725.70 7.302000e-01
7726.10 7.993000e-01
7726.50 7.918000e-01
7726.90 8.013000e-01
7727.30 7.986000e-01
7727.70 7.605000e-01
7728.10 7.834000e-01
7728.50 7.615000e-01
7728.90 7.596000e-01
7729.30 7.655000e-01
7729.70 7.768000e-01
7730.10 7.727000e-01
7730.50 7.800000e-01
7730.90 7.801000e-01
7731.30 7.646000e-01
7731.70 7.743000e-01
7732.10 7.730000e-01
7732.50 7.412000e-01
7732.90 7.373000e-01
7733.30 7.552000e-01
7733.70 7.548000e-01
7734.10 7.642000e-01
7734.50 7.559000e-01
7734.90 7.391000e-01
7735.30 7.415000e-01
7735.70 7.440000e-01
7736.10 7.476000e-01
7736.50 7.804000e-01
7736.90 7.909000e-01
7737.30 8.246000e-01
7737.70 0.000000e+00
7738.10 6.547000e-01
7738.50 7.263000e-01
7738.90 7.080000e-01
7739.30 6.973000e-01
7739.70 7.287000e-01
7740.10 7.424000e-01
7740.50 6.894000e-01
7740.90 7.017000e-01
7741.30 7.023000e-01
7741.70 0.000000e+00
7742.10 7.647000e-01
7742.50 7.787000e-01
7742.90 7.647000e-01
7743.30 7.608000e-01
7743.70 7.589000e-01
7744.10 7.909000e-01
7744.50 7.788000e-01
7744.90 7.160000e-01
7745.30 7.269000e-01
7745.70 7.395000e-01
7746.10 7.387000e-01
7746.50 7.470000e-01
7746.90 7.525000e-01
7747.30 7.407000e-01
7747.70 7.509000e-01
7748.10 7.522000e-01
7748.50 7.560000e-01
7748.90 7.695000e-01
7749.30 7.570000e-01
7749.70 7.360000e-01
7750.10 7.268000e-01
7750.50 7.121000e-01
7750.90 7.358000e-01
7751.30 7.479000e-01
7751.70 7.790000e-01
7752.10 7.739000e-01
7752.50 7.348000e-01
7752.90 8.060000e-01
7753.30 7.017000e-01
7753.70 7.806000e-01
7754.10 6.747000e-01
7754.50 6.778000e-01
7754.90 7.102000e-01
7755.30 7.978000e-01
7755.70 7.465000e-01
7756.10 7.947000e-01
7756.50 6.827000e-01
7756.90 7.270000e-01
7757.30 7.616000e-01
7757.70 7.759000e-01
7758.10 7.734000e-01
7758.50 7.593000e-01
7758.90 7.460000e-01
7759.30 7.653000e-01
7759.70 7.419000e-01
7760.10 7.356000e-01
7760.50 7.346000e-01
7760.90 7.705000e-01
7761.30 8.019000e-01
7761.70 7.817000e-01
7762.10 6.845000e-01
7762.50 7.075000e-01
7762.90 7.376000e-01
7763.30 7.417000e-01
7763.70 7.529000e-01
7764.10 8.034000e-01
7764.50 8.391000e-01
7764.90 6.856000e-01
7765.30 6.402000e-01
7765.70 7.092000e-01
7766.10 7.252000e-01
7766.50 0.000000e+00
7766.90 7.574000e-01
7767.30 5.990000e-01
7767.70 6.888000e-01
7768.10 7.331000e-01
7768.50 7.348000e-01
7768.90 7.386000e-01
7769.30 7.317000e-01
7769.70 7.317000e-01
7770.10 7.434000e-01
7770.50 7.283000e-01
7770.90 7.352000e-01
7771.30 7.589000e-01
7771.70 7.720000e-01
7772.10 7.864000e-01
7772.50 7.771000e-01
7772.90 7.943000e-01
7773.30 7.053000e-01
7773.70 7.313000e-01
7774.10 7.418000e-01
7774.50 7.407000e-01
7774.90 7.567000e-01
7775.30 7.789000e-01
7775.70 7.750000e-01
7776.10 7.787000e-01
7776.50 7.711000e-01
7776.90 7.631000e-01
7777.30 7.155000e-01
7777.70 6.971000e-01
7778.10 7.214000e-01
7778.50 7.542000e-01
7778.90 7.763000e-01
7779.30 8.112000e-01
7779.70 7.538000e-01
7780.10 7.740000e-01
7780.50 7.939000e-01
7780.90 7.866000e-01
7781.30 7.311000e-01
7781.70 7.433000e-01
7782.10 7.410000e-01
7782.50 7.354000e-01
7782.90 7.248000e-01
7783.30 7.252000e-01
7783.70 7.538000e-01
7784.10 7.899000e-01
7784.50 8.324000e-01
7784.90 7.808000e-01
7785.30 7.709000e-01
7785.70 6.727000e-01
7786.10 7.010000e-01
7786.50 7.245000e-01
7786.90 7.452000e-01
7787.30 7.477000e-01
7787.70 7.443000e-01
7788.10 7.294000e-01
7788.50 7.315000e-01
7788.90 7.416000e-01
7789.30 7.342000e-01
7789.70 7.380000e-01
7790.10 8.116000e-01
7790.50 7.412000e-01
7790.90 7.795000e-01
7791.30 7.991000e-01
7791.70 8.526000e-01
7792.10 7.678000e-01
7792.50 7.821000e-01
7792.90 7.789000e-01
7793.30 6.797000e-01
7793.70 8.025000e-01
7794.10 7.879000e-01
7794.50 7.680000e-01
7794.90 7.745000e-01
7795.30 7.762000e-01
7795.70 7.762000e-01
7796.10 7.744000e-01
7796.50 7.741000e-01
7796.90 7.870000e-01
7797.30 7.836000e-01
7797.70 7.692000e-01
7798.10 7.648000e-01
7798.50 7.650000e-01
7798.90 7.651000e-01
7799.30 7.719000e-01
7799.70 7.723000e-01
7800.10 7.961000e-01
7800.50 7.813000e-01
7800.90 7.735000e-01
7801.30 7.417000e-01
7801.70 7.657000e-01
7802.10 7.748000e-01
7802.50 7.781000e-01
7802.90 7.591000e-01
7803.30 7.230000e-01
7803.70 7.622000e-01
7804.10 7.526000e-01
7804.50 7.763000e-01
7804.90 7.546000e-01
7805.30 7.705000e-01
7805.70 7.935000e-01
7806.10 7.680000e-01
7806.50 7.190000e-01
7806.90 7.219000e-01
7807.30 7.710000e-01
7807.70 7.593000e-01
7808.10 7.608000e-01
7808.50 7.702000e-01
7808.90 7.788000e-01
7809.30 7.664000e-01
7809.70 7.544000e-01
7810.10 7.522000e-01
7810.50 7.598000e-01
7810.90 7.060000e-01
7811.30 7.248000e-01
7811.70 7.539000e-01
7812.10 7.649000e-01
7812.50 7.587000e-01
7812.90 7.534000e-01
7813.30 7.216000e-01
7813.70 7.134000e-01
7814.10 7.290000e-01
7814.50 7.433000e-01
7814.90 7.391000e-01
7815.30 7.369000e-01
7815.70 7.294000e-01
7816.10 7.249000e-01
7816.50 7.633000e-01
7816.90 7.640000e-01
7817.30 8.051000e-01
7817.70 7.702000e-01
7818.10 7.299000e-01
7818.50 6.864000e-01
7818.90 7.630000e-01
7819.30 7.646000e-01
7819.70 7.702000e-01
7820.10 7.558000e-01
7820.50 7.509000e-01
7820.90 7.487000e-01
7821.30 7.443000e-01
7821.70 7.635000e-01
7822.10 7.657000e-01
7822.50 7.619000e-01
7822.90 7.460000e-01
7823.30 7.455000e-01
7823.70 7.413000e-01
7824.10 7.684000e-01
7824.50 7.774000e-01
7824.90 7.698000e-01
7825.30 7.613000e-01
7825.70 7.561000e-01
7826.10 7.629000e-01
7826.50 7.552000e-01
7826.90 7.609000e-01
7827.30 7.618000e-01
7827.70 7.046000e-01
7828.10 7.178000e-01
7828.50 7.146000e-01
7828.90 7.202000e-01
7829.30 7.498000e-01
7829.70 7.721000e-01
7830.10 7.415000e-01
7830.50 6.990000e-01
7830.90 7.630000e-01
7831.30 7.566000e-01
7831.70 7.492000e-01
7832.10 7.477000e-01
7832.50 6.790000e-01
7832.90 6.910000e-01
7833.30 7.031000e-01
7833.70 7.379000e-01
7834.10 7.272000e-01
7834.50 7.028000e-01
7834.90 7.015000e-01
7835.30 7.137000e-01
7835.70 7.330000e-01
7836.10 7.489000e-01
7836.50 7.281000e-01
7836.90 7.126000e-01
7837.30 7.574000e-01
7837.70 7.385000e-01
7838.10 7.490000e-01
7838.50 7.606000e-01
7838.90 7.629000e-01
7839.30 7.655000e-01
7839.70 7.520000e-01
7840.10 7.504000e-01
7840.50 7.686000e-01
7840.90 7.589000e-01
7841.30 7.540000e-01
7841.70 7.389000e-01
7842.10 7.303000e-01
7842.50 7.550000e-01
7842.90 7.115000e-01
7843.30 7.246000e-01
7843.70 7.251000e-01
7844.10 7.527000e-01
7844.50 7.720000e-01
7844.90 7.598000e-01
7845.30 7.606000e-01
7845.70 7.451000e-01
7846.10 7.422000e-01
7846.50 7.500000e-01
7846.90 7.592000e-01
7847.30 7.627000e-01
7847.70 7.519000e-01
7848.10 7.553000e-01
7848.50 7.546000e-01
7848.90 7.560000e-01
7849.30 7.496000e-01
7849.70 7.557000e-01
7850.10 7.560000e-01
7850.50 7.215000e-01
7850.90 7.485000e-01
7851.30 7.535000e-01
7851.70 7.533000e-01
7852.10 7.638000e-01
7852.50 6.837000e-01
7852.90 6.580000e-01
7853.30 6.907000e-01
7853.70 6.877000e-01
7854.10 7.056000e-01
7854.50 7.040000e-01
7854.90 6.882000e-01
7855.30 6.944000e-01
7855.70 6.926000e-01
7856.10 6.961000e-01
7856.50 7.120000e-01
7856.90 7.509000e-01
7857.30 7.762000e-01
7857.70 7.941000e-01
7858.10 7.530000e-01
7858.50 7.023000e-01
7858.90 7.559000e-01
7859.30 7.518000e-01
7859.70 7.847000e-01
7860.10 7.529000e-01
7860.50 7.653000e-01
7860.90 7.695000e-01
7861.30 7.675000e-01
7861.70 7.786000e-01
7862.10 7.781000e-01
7862.50 6.981000e-01
7862.90 7.414000e-01
7863.30 7.642000e-01
7863.70 7.427000e-01
7864.10 7.693000e-01
7864.50 7.316000e-01
7864.90 7.484000e-01
7865.30 7.032000e-01
7865.70 7.542000e-01
7866.10 7.539000e-01
7866.50 7.441000e-01
7866.90 7.631000e-01
7867.30 7.216000e-01
7867.70 6.836000e-01
7868.10 6.351000e-01
7868.50 6.517000e-01
7868.90 6.845000e-01
7869.30 6.873000e-01
7869.70 7.023000e-01
7870.10 7.065000e-01
7870.50 7.121000e-01
7870.90 6.879000e-01
7871.30 7.193000e-01
7871.70 7.505000e-01
7872.10 7.695000e-01
7872.50 7.694000e-01
7872.90 7.391000e-01
7873.30 7.488000e-01
7873.70 7.853000e-01
7874.10 7.596000e-01
7874.50 7.610000e-01
7874.90 7.388000e-01
7875.30 7.403000e-01
7875.70 6.516000e-01
7876.10 6.872000e-01
7876.50 7.235000e-01
7876.90 7.256000e-01
7877.30 7.401000e-01
7877.70 7.641000e-01
7878.10 7.612000e-01
7878.50 7.529000e-01
7878.90 7.505000e-01
7879.30 7.586000e-01
7879.70 7.733000e-01
7880.10 7.767000e-01
7880.50 7.577000e-01
7880.90 7.628000e-01
7881.30 7.655000e-01
7881.70 7.741000e-01
7882.10 7.625000e-01
7882.50 7.763000e-01
7882.90 7.682000e-01
7883.30 7.751000e-01
7883.70 7.738000e-01
7884.10 7.950000e-01
7884.50 7.484000e-01
7884.90 7.631000e-01
7885.30 7.687000e-01
7885.70 7.600000e-01
7886.10 7.676000e-01
7886.50 7.717000e-01
7886.90 7.804000e-01
7887.30 7.610000e-01
7887.70 7.925000e-01
7888.10 7.882000e-01
7888.50 7.863000e-01
7888.90 7.769000e-01
7889.30 7.835000e-01
7889.70 7.595000e-01
7890.10 7.865000e-01
7890.50 7.547000e-01
7890.90 7.627000e-01
7891.30 7.582000e-01
7891.70 7.578000e-01
7892.10 7.570000e-01
7892.50 7.616000e-01
7892.90 7.715000e-01
7893.30 7.174000e-01
7893.70 7.247000e-01
7894.10 7.511000e-01
7894.50 7.233000e-01
7894.90 7.583000e-01
7895.30 6.505000e-01
7895.70 7.586000e-01
7896.10 7.477000e-01
7896.50 7.220000e-01
7896.90 7.218000e-01
7897.30 7.311000e-01
7897.70 7.316000e-01
7898.10 7.085000e-01
7898.50 7.204000e-01
7898.90 7.412000e-01
7899.30 7.381000e-01
7899.70 7.466000e-01
7900.10 7.743000e-01
7900.50 7.643000e-01
7900.90 7.766000e-01
7901.30 7.645000e-01
7901.70 7.721000e-01
7902.10 7.631000e-01
7902.50 7.657000e-01
7902.90 7.683000e-01
7903.30 7.741000e-01
7903.70 7.741000e-01
7904.10 7.740000e-01
7904.50 7.717000e-01
7904.90 7.752000e-01
7905.30 7.799000e-01
7905.70 7.938000e-01
7906.10 7.934000e-01
7906.50 7.810000e-01
7906.90 7.956000e-01
7907.30 7.901000e-01
7907.70 7.854000e-01
7908.10 8.002000e-01
7908.50 7.794000e-01
7908.90 7.753000e-01
7909.30 7.670000e-01
7909.70 7.744000e-01
7910.10 7.407000e-01
7910.50 7.319000e-01
7910.90 7.548000e-01
7911.30 7.347000e-01
7911.70 7.482000e-01
7912.10 7.621000e-01
7912.50 7.473000e-01
7912.90 7.488000e-01
7913.30 7.273000e-01
7913.70 7.178000e-01
7914.10 7.283000e-01
7914.50 7.255000e-01
7914.90 7.275000e-01
7915.30 7.464000e-01
7915.70 7.536000e-01
7916.10 7.429000e-01
7916.50 7.416000e-01
7916.90 7.500000e-01
7917.30 7.520000e-01
7917.70 7.492000e-01
7918.10 7.428000e-01
7918.50 7.503000e-01
7918.90 7.480000e-01
7919.30 7.285000e-01
7919.70 7.506000e-01
7920.10 7.376000e-01
7920.50 7.409000e-01
7920.90 7.391000e-01
7921.30 7.513000e-01
7921.70 7.403000e-01
7922.10 7.552000e-01
7922.50 7.383000e-01
7922.90 7.452000e-01
7923.30 7.412000e-01
7923.70 7.399000e-01
7924.10 7.388000e-01
7924.50 7.832000e-01
7924.90 7.500000e-01
7925.30 7.236000e-01
7925.70 8.366000e-01
7926.10 6.628000e-01
7926.50 8.051000e-01
7926.90 7.464000e-01
7927.30 7.394000e-01
7927.70 7.479000e-01
7928.10 7.426000e-01
7928.50 7.537000e-01
7928.90 7.499000e-01
7929.30 7.364000e-01
7929.70 7.340000e-01
7930.10 7.360000e-01
7930.50 7.142000e-01
7930.90 7.417000e-01
7931.30 7.260000e-01
7931.70 7.199000e-01
7932.10 7.311000e-01
7932.50 7.425000e-01
7932.90 7.329000e-01
7933.30 7.262000e-01
7933.70 7.344000e-01
7934.10 7.490000e-01
7934.50 7.348000e-01
7934.90 6.860000e-01
7935.30 6.779000e-01
7935.70 7.015000e-01
7936.10 7.328000e-01
7936.50 7.309000e-01
7936.90 7.320000e-01
7937.30 7.249000e-01
7937.70 7.235000e-01
7938.10 7.282000e-01
7938.50 7.165000e-01
7938.90 7.154000e-01
7939.30 7.268000e-01
7939.70 7.334000e-01
7940.10 7.372000e-01
7940.50 7.233000e-01
7940.90 7.314000e-01
7941.30 7.255000e-01
7941.70 7.230000e-01
7942.10 7.229000e-01
7942.50 7.414000e-01
7942.90 7.345000e-01
7943.30 7.308000e-01
7943.70 7.375000e-01
7944.10 7.435000e-01
7944.50 7.350000e-01
7944.90 7.379000e-01
7945.30 7.299000e-01
7945.70 7.337000e-01
7946.10 7.360000e-01
7946.50 7.274000e-01
7946.90 7.340000e-01
7947.30 7.332000e-01
7947.70 7.384000e-01
7948.10 7.072000e-01
7948.50 6.765000e-01
7948.90 7.001000e-01
7949.30 7.314000e-01
7949.70 7.149000e-01
7950.10 7.083000e-01
7950.50 7.325000e-01
7950.90 7.250000e-01
7951.30 7.222000e-01
7951.70 7.319000e-01
7952.10 7.490000e-01
7952.50 7.437000e-01
7952.90 7.371000e-01
7953.30 6.938000e-01
7953.70 0.000000e+00
7954.10 8.446000e-01
7954.50 7.667000e-01
7954.90 0.000000e+00
7955.30 0.000000e+00
7955.70 6.598000e-01
7956.10 8.383000e-01
7956.50 8.263000e-01
7956.90 8.056000e-01
7957.30 6.967000e-01
7957.70 7.263000e-01
7958.10 7.330000e-01
7958.50 7.279000e-01
7958.90 7.213000e-01
7959.30 7.326000e-01
7959.70 7.327000e-01
7960.10 7.185000e-01
7960.50 7.016000e-01
7960.90 7.081000e-01
7961.30 7.246000e-01
7961.70 7.119000e-01
7962.10 7.139000e-01
7962.50 7.158000e-01
7962.90 7.277000e-01
7963.30 7.388000e-01
7963.70 7.240000e-01
7964.10 7.108000e-01
7964.50 7.064000e-01
7964.90 7.062000e-01
7965.30 7.232000e-01
7965.70 7.144000e-01
7966.10 7.140000e-01
7966.50 7.097000e-01
7966.90 7.158000e-01
7967.30 7.211000e-01
7967.70 7.216000e-01
7968.10 7.188000e-01
7968.50 7.263000e-01
7968.90 7.203000e-01
7969.30 7.173000e-01
7969.70 7.201000e-01
7970.10 7.184000e-01
7970.50 7.155000e-01
7970.90 7.107000e-01
7971.30 7.181000e-01
7971.70 7.158000e-01
7972.10 7.079000e-01
7972.50 7.054000e-01
7972.90 7.215000e-01
7973.30 7.238000e-01
7973.70 7.188000e-01
7974.10 7.054000e-01
7974.50 7.055000e-01
7974.90 7.126000e-01
7975.30 7.225000e-01
7975.70 7.189000e-01
7976.10 7.121000e-01
7976.50 7.129000e-01
7976.90 7.104000e-01
7977.30 7.238000e-01
7977.70 7.255000e-01
7978.10 7.894000e-01
7978.50 8.818000e-01
7978.90 7.723000e-01
7979.30 0.000000e+00
7979.70 7.720000e-01
7980.10 6.996000e-01
7980.50 6.947000e-01
7980.90 6.584000e-01
7981.30 6.987000e-01
7981.70 7.139000e-01
7982.10 7.105000e-01
7982.50 7.106000e-01
7982.90 7.144000e-01
7983.30 7.119000e-01
7983.70 7.023000e-01
7984.10 6.950000e-01
7984.50 7.203000e-01
7984.90 7.320000e-01
7985.30 7.386000e-01
7985.70 6.978000e-01
7986.10 6.795000e-01
7986.50 6.809000e-01
7986.90 6.847000e-01
7987.30 7.028000e-01
7987.70 7.064000e-01
7988.10 6.737000e-01
7988.50 6.785000e-01
7988.90 6.954000e-01
7989.30 7.013000e-01
7989.70 6.804000e-01
7990.10 6.857000e-01
7990.50 7.077000e-01
7990.90 7.087000e-01
7991.30 7.181000e-01
7991.70 7.251000e-01
7992.10 7.092000e-01
7992.50 7.229000e-01
7992.90 7.135000e-01
7993.30 7.171000e-01
7993.70 7.141000e-01
7994.10 7.182000e-01
7994.50 7.044000e-01
7994.90 7.116000e-01
7995.30 6.996000e-01
7995.70 6.787000e-01
7996.10 6.964000e-01
7996.50 7.093000e-01
7996.90 7.144000e-01
7997.30 7.029000e-01
7997.70 7.117000e-01
7998.10 7.124000e-01
7998.50 6.857000e-01
7998.90 7.183000e-01
7999.30 7.168000e-01
7999.70 6.875000e-01
8000.10 7.120000e-01
8000.50 6.982000e-01
8000.90 6.937000e-01
8001.30 7.185000e-01
8001.70 7.173000e-01
8002.10 7.089000e-01
8002.50 6.953000e-01
8002.90 7.084000e-01
8003.30 7.748000e-01
8003.70 0.000000e+00
8004.10 0.000000e+00
8004.50 5.967000e-01
8004.90 7.323000e-01
8005.30 7.354000e-01
8005.70 7.162000e-01
8006.10 6.142000e-01
8006.50 6.700000e-01
8006.90 6.762000e-01
8007.30 6.966000e-01
8007.70 6.840000e-01
8008.10 7.222000e-01
8008.50 7.170000e-01
8008.90 7.114000e-01
8009.30 6.975000e-01
8009.70 7.162000e-01
8010.10 7.244000e-01
8010.50 7.028000e-01
8010.90 7.079000e-01
8011.30 7.081000e-01
8011.70 7.219000e-01
8012.10 7.089000e-01
8012.50 7.109000e-01
8012.90 7.064000e-01
8013.30 6.943000e-01
8013.70 7.042000e-01
8014.10 7.217000e-01
8014.50 7.092000e-01
8014.90 7.166000e-01
8015.30 7.140000e-01
8015.70 6.858000e-01
8016.10 6.816000e-01
8016.50 6.944000e-01
8016.90 6.897000e-01
8017.30 6.878000e-01
8017.70 6.974000e-01
8018.10 7.027000e-01
8018.50 7.075000e-01
8018.90 7.292000e-01
8019.30 7.049000e-01
8019.70 7.027000e-01
8020.10 7.047000e-01
8020.50 7.006000e-01
8020.90 6.932000e-01
8021.30 6.985000e-01
8021.70 6.938000e-01
8022.10 6.949000e-01
8022.50 7.026000e-01
8022.90 6.985000e-01
8023.30 7.143000e-01
8023.70 7.072000e-01
8024.10 7.180000e-01
8024.50 7.137000e-01
8024.90 6.959000e-01
8025.30 7.049000e-01
8025.70 7.259000e-01
8026.10 6.924000e-01
8026.50 6.891000e-01
8026.90 6.858000e-01
8027.30 6.783000e-01
8027.70 6.918000e-01
8028.10 6.941000e-01
8028.50 7.374000e-01
8028.90 6.956000e-01
8029.30 6.847000e-01
8029.70 6.873000e-01
8030.10 6.991000e-01
8030.50 7.025000e-01
8030.90 7.071000e-01
8031.30 7.194000e-01
8031.70 7.057000e-01
8032.10 6.736000e-01
8032.50 7.116000e-01
8032.90 7.175000e-01
8033.30 6.755000e-01
8033.70 6.789000e-01
8034.10 6.829000e-01
8034.50 6.882000e-01
8034.90 6.839000e-01
8035.30 7.138000e-01
8035.70 6.856000e-01
8036.10 6.924000e-01
8036.50 6.679000e-01
8036.90 0.000000e+00
8037.30 7.344000e-01
8037.70 5.642000e-01
8038.10 6.636000e-01
8038.50 7.041000e-01
8038.90 6.821000e-01
8039.30 6.904000e-01
8039.70 6.954000e-01
8040.10 7.195000e-01
8040.50 6.916000e-01
8040.90 6.948000e-01
8041.30 6.927000e-01
8041.70 6.839000e-01
8042.10 6.960000e-01
8042.50 6.996000e-01
8042.90 7.007000e-01
8043.30 7.030000e-01
8043.70 6.867000e-01
8044.10 7.054000e-01
8044.50 6.955000e-01
8044.90 6.765000e-01
8045.30 6.882000e-01
8045.70 6.924000e-01
8046.10 7.017000e-01
8046.50 7.042000e-01
8046.90 7.181000e-01
8047.30 7.014000e-01
8047.70 6.865000e-01
8048.10 6.934000e-01
8048.50 7.118000e-01
8048.90 7.024000e-01
8049.30 7.076000e-01
8049.70 6.910000e-01
8050.10 6.998000e-01
8050.50 6.960000e-01
8050.90 6.815000e-01
8051.30 6.960000e-01
8051.70 7.324000e-01
8052.10 7.023000e-01
8052.50 7.114000e-01
8052.90 6.819000e-01
8053.30 6.872000e-01
8053.70 7.027000e-01
8054.10 7.160000e-01
8054.50 7.030000e-01
8054.90 6.960000e-01
8055.30 7.165000e-01
8055.70 6.871000e-01
8056.10 6.857000e-01
8056.50 6.847000e-01
8056.90 6.547000e-01
8057.30 7.112000e-01
8057.70 7.615000e-01
8058.10 7.325000e-01
8058.50 6.828000e-01
8058.90 6.346000e-01
8059.30 5.665000e-01
8059.70 6.029000e-01
8060.10 6.004000e-01
8060.50 6.454000e-01
8060.90 6.936000e-01
8061.30 6.806000e-01
8061.70 6.583000e-01
8062.10 6.691000e-01
8062.50 6.700000e-01
8062.90 6.951000e-01
8063.30 7.034000e-01
8063.70 6.929000e-01
8064.10 6.998000e-01
8064.50 6.958000e-01
8064.90 6.981000e-01
8065.30 7.079000e-01
8065.70 6.973000e-01
8066.10 7.088000e-01
8066.50 7.047000e-01
8066.90 7.025000e-01
8067.30 7.006000e-01
8067.70 6.959000e-01
8068.10 6.902000e-01
8068.50 6.949000e-01
8068.90 6.846000e-01
8069.30 6.852000e-01
8069.70 7.002000e-01
8070.10 7.020000e-01
8070.50 6.958000e-01
8070.90 7.016000e-01
8071.30 6.943000e-01
8071.70 6.903000e-01
8072.10 6.931000e-01
8072.50 6.978000e-01
8072.90 6.938000e-01
8073.30 7.103000e-01
8073.70 6.966000e-01
8074.10 6.944000e-01
8074.50 6.926000e-01
8074.90 6.913000e-01
8075.30 7.065000e-01
8075.70 6.960000e-01
8076.10 6.815000e-01
8076.50 6.836000e-01
8076.90 6.650000e-01
8077.30 6.949000e-01
8077.70 6.984000e-01
8078.10 6.744000e-01
8078.50 6.647000e-01
8078.90 6.628000e-01
8079.30 6.721000e-01
8079.70 6.772000e-01
8080.10 6.858000e-01
8080.50 6.868000e-01
8080.90 7.064000e-01
8081.30 6.845000e-01
8081.70 7.217000e-01
8082.10 6.778000e-01
8082.50 6.694000e-01
8082.90 6.837000e-01
8083.30 6.855000e-01
8083.70 7.205000e-01
8084.10 7.048000e-01
8084.50 6.980000e-01
8084.90 7.033000e-01
8085.30 7.043000e-01
8085.70 6.944000e-01
8086.10 7.036000e-01
8086.50 6.989000e-01
8086.90 7.044000e-01
8087.30 7.030000e-01
8087.70 7.041000e-01
8088.10 7.226000e-01
8088.50 6.742000e-01
8088.90 7.001000e-01
8089.30 6.799000e-01
8089.70 6.943000e-01
8090.10 7.072000e-01
8090.50 7.094000e-01
8090.90 6.936000e-01
8091.30 6.891000e-01
8091.70 7.094000e-01
8092.10 7.009000e-01
8092.50 6.996000e-01
8092.90 6.836000e-01
8093.30 6.865000e-01
8093.70 6.882000e-01
8094.10 7.080000e-01
8094.50 6.991000e-01
8094.90 6.894000e-01
8095.30 6.867000e-01
8095.70 6.886000e-01
8096.10 6.835000e-01
8096.50 6.940000e-01
8096.90 7.028000e-01
8097.30 6.910000e-01
8097.70 6.972000e-01
8098.10 6.780000e-01
8098.50 6.829000e-01
8098.90 7.090000e-01
8099.30 7.137000e-01
8099.70 7.677000e-01
8100.10 7.548000e-01
8100.50 7.068000e-01
8100.90 6.931000e-01
8101.30 6.828000e-01
8101.70 7.188000e-01
8102.10 6.938000e-01
8102.50 6.810000e-01
8102.90 6.942000e-01
8103.30 7.045000e-01
8103.70 6.956000e-01
8104.10 7.057000e-01
8104.50 7.027000e-01
8104.90 6.948000e-01
8105.30 6.866000e-01
8105.70 6.869000e-01
8106.10 6.898000e-01
8106.50 6.942000e-01
8106.90 6.924000e-01
8107.30 7.046000e-01
8107.70 7.236000e-01
8108.10 7.164000e-01
8108.50 6.943000e-01
8108.90 6.982000e-01
8109.30 7.005000e-01
8109.70 6.949000e-01
8110.10 7.002000e-01
8110.50 6.971000e-01
8110.90 6.921000e-01
8111.30 6.826000e-01
8111.70 7.038000e-01
8112.10 6.994000e-01
8112.50 7.026000e-01
8112.90 6.985000e-01
8113.30 6.934000e-01
8113.70 7.069000e-01
8114.10 7.275000e-01
8114.50 7.334000e-01
8114.90 7.131000e-01
8115.30 6.881000e-01
8115.70 7.253000e-01
8116.10 7.679000e-01
8116.50 7.311000e-01
8116.90 6.929000e-01
8117.30 6.744000e-01
8117.70 7.364000e-01
8118.10 6.668000e-01
8118.50 6.830000e-01
8118.90 7.053000e-01
8119.30 6.952000e-01
8119.70 6.795000e-01
8120.10 7.106000e-01
8120.50 7.021000e-01
8120.90 6.939000e-01
8121.30 7.213000e-01
8121.70 7.159000e-01
8122.10 7.007000e-01
8122.50 7.104000e-01
8122.90 7.134000e-01
8123.30 6.986000e-01
8123.70 7.029000e-01
8124.10 6.990000e-01
8124.50 6.989000e-01
8124.90 7.057000e-01
8125.30 7.052000e-01
8125.70 6.877000e-01
8126.10 7.149000e-01
8126.50 7.337000e-01
8126.90 6.900000e-01
8127.30 6.928000e-01
8127.70 7.050000e-01
8128.10 7.081000e-01
8128.50 7.259000e-01
8128.90 7.248000e-01
8129.30 7.360000e-01
8129.70 6.892000e-01
8130.10 7.030000e-01
8130.50 6.969000e-01
8130.90 7.122000e-01
8131.30 7.009000e-01
8131.70 6.857000e-01
8132.10 6.887000e-01
8132.50 6.996000e-01
8132.90 6.703000e-01
8133.30 6.067000e-01
8133.70 7.118000e-01
8134.10 6.195000e-01
8134.50 6.319000e-01
8134.90 6.671000e-01
8135.30 6.802000e-01
8135.70 6.786000e-01
8136.10 6.867000e-01
8136.50 7.191000e-01
8136.90 7.202000e-01
8137.30 7.087000e-01
8137.70 6.993000e-01
8138.10 6.761000e-01
8138.50 6.804000e-01
8138.90 6.889000e-01
8139.30 6.633000e-01
8139.70 6.819000e-01
8140.10 6.814000e-01
8140.50 6.994000e-01
8140.90 6.898000e-01
8141.30 6.824000e-01
8141.70 6.977000e-01
8142.10 6.970000e-01
8142.50 6.955000e-01
8142.90 7.189000e-01
8143.30 7.200000e-01
8143.70 7.140000e-01
8144.10 7.232000e-01
8144.50 7.112000e-01
8144.90 6.926000e-01
8145.30 6.939000e-01
8145.70 6.924000e-01
8146.10 7.022000e-01
8146.50 6.933000e-01
8146.90 7.083000e-01
8147.30 6.925000e-01
8147.70 6.894000e-01
8148.10 6.850000e-01
8148.50 6.659000e-01
8148.90 6.528000e-01
8149.30 6.649000e-01
8149.70 6.792000e-01
8150.10 6.968000e-01
8150.50 7.017000e-01
8150.90 6.980000e-01
8151.30 6.850000e-01
8151.70 6.950000e-01
8152.10 6.210000e-01
8152.50 6.895000e-01
8152.90 6.716000e-01
8153.30 6.961000e-01
8153.70 7.025000e-01
8154.10 6.961000e-01
8154.50 6.918000e-01
8154.90 6.780000e-01
8155.30 7.330000e-01
8155.70 6.999000e-01
8156.10 6.444000e-01
8156.50 7.016000e-01
8156.90 0.000000e+00
8157.30 7.175000e-01
8157.70 6.816000e-01
8158.10 7.035000e-01
8158.50 7.072000e-01
8158.90 6.962000e-01
8159.30 6.882000e-01
8159.70 6.957000e-01
8160.10 6.928000e-01
8160.50 7.094000e-01
8160.90 7.137000e-01
8161.30 7.063000e-01
8161.70 7.023000e-01
8162.10 6.829000e-01
8162.50 6.990000e-01
8162.90 7.056000e-01
8163.30 6.934000e-01
8163.70 6.864000e-01
8164.10 6.846000e-01
8164.50 6.834000e-01
8164.90 7.215000e-01
8165.30 7.183000e-01
8165.70 6.362000e-01
8166.10 6.221000e-01
8166.50 6.327000e-01
8166.90 6.655000e-01
8167.30 7.023000e-01
8167.70 6.999000e-01
8168.10 6.861000e-01
8168.50 6.890000e-01
8168.90 7.388000e-01
8169.30 7.069000e-01
8169.70 6.134000e-01
8170.10 6.830000e-01
8170.50 5.536000e-01
8170.90 7.067000e-01
8171.30 6.808000e-01
8171.70 7.144000e-01
8172.10 6.646000e-01
8172.50 6.567000e-01
8172.90 6.557000e-01
8173.30 6.621000e-01
8173.70 6.683000e-01
8174.10 6.600000e-01
8174.50 6.669000e-01
8174.90 6.647000e-01
8175.30 6.778000e-01
8175.70 6.707000e-01
8176.10 6.659000e-01
8176.50 6.702000e-01
8176.90 6.639000e-01
8177.30 6.759000e-01
8177.70 6.823000e-01
8178.10 6.752000e-01
8178.50 6.915000e-01
8178.90 6.870000e-01
8179.30 6.940000e-01
8179.70 6.872000e-01
8180.10 6.741000e-01
8180.50 6.850000e-01
8180.90 7.190000e-01
8181.30 7.072000e-01
8181.70 7.165000e-01
8182.10 7.430000e-01
8182.50 7.899000e-01
8182.90 7.275000e-01
8183.30 7.183000e-01
8183.70 7.484000e-01
8184.10 6.726000e-01
8184.50 6.788000e-01
8184.90 6.916000e-01
8185.30 6.853000e-01
8185.70 6.714000e-01
8186.10 6.843000e-01
8186.50 6.898000e-01
8186.90 6.897000e-01
8187.30 6.717000e-01
8187.70 6.730000e-01
8188.10 6.728000e-01
8188.50 6.894000e-01
8188.90 6.886000e-01
8189.30 6.918000e-01
8189.70 6.831000e-01
8190.10 6.706000e-01
8190.50 6.666000e-01
8190.90 6.693000e-01
8191.30 6.845000e-01
8191.70 6.957000e-01
8192.10 6.898000e-01
8192.50 6.879000e-01
8192.90 6.879000e-01
8193.30 6.940000e-01
8193.70 6.890000e-01
8194.10 6.823000e-01
8194.50 6.643000e-01
8194.90 6.769000e-01
8195.30 6.773000e-01
8195.70 6.794000e-01
8196.10 6.955000e-01
8196.50 6.831000e-01
8196.90 6.668000e-01
8197.30 6.856000e-01
8197.70 6.844000e-01
8198.10 6.848000e-01
8198.50 6.852000e-01
8198.90 6.931000e-01
8199.30 6.843000e-01
8199.70 6.916000e-01
8200.10 6.936000e-01
8200.50 7.473000e-01
8200.90 7.214000e-01
8201.30 6.157000e-01
8201.70 5.922000e-01
8202.10 6.204000e-01
8202.50 6.640000e-01
8202.90 6.886000e-01
8203.30 6.923000e-01
8203.70 7.031000e-01
8204.10 6.542000e-01
8204.50 6.830000e-01
8204.90 6.458000e-01
8205.30 6.564000e-01
8205.70 6.511000e-01
8206.10 6.719000e-01
8206.50 6.731000e-01
8206.90 6.754000e-01
8207.30 6.855000e-01
8207.70 7.016000e-01
8208.10 7.098000e-01
8208.50 7.038000e-01
8208.90 7.051000e-01
8209.30 6.727000e-01
8209.70 6.804000e-01
8210.10 6.983000e-01
8210.50 6.815000e-01
8210.90 7.175000e-01
8211.30 6.798000e-01
8211.70 6.950000e-01
8212.10 6.566000e-01
8212.50 6.487000e-01
8212.90 6.576000e-01
8213.30 6.715000e-01
8213.70 6.597000e-01
8214.10 7.072000e-01
8214.50 7.046000e-01
8214.90 6.861000e-01
8215.30 6.920000e-01
8215.70 7.046000e-01
8216.10 6.909000e-01
8216.50 6.821000e-01
8216.90 7.027000e-01
8217.30 7.054000e-01
8217.70 7.053000e-01
8218.10 6.999000e-01
8218.50 7.142000e-01
8218.90 7.103000e-01
8219.30 7.182000e-01
8219.70 7.053000e-01
8220.10 6.731000e-01
8220.50 6.878000e-01
8220.90 7.158000e-01
8221.30 7.061000e-01
8221.70 6.955000e-01
8222.10 6.955000e-01
8222.50 6.958000e-01
8222.90 7.010000e-01
8223.30 7.021000e-01
8223.70 7.033000e-01
8224.10 6.947000e-01
8224.50 6.997000e-01
8224.90 7.019000e-01
8225.30 6.976000e-01
8225.70 7.160000e-01
8226.10 7.001000e-01
8226.50 7.004000e-01
8226.90 7.121000e-01
8227.30 7.049000e-01
8227.70 7.130000e-01
8228.10 7.134000e-01
8228.50 7.095000e-01
8228.90 7.164000e-01
8229.30 7.070000e-01
8229.70 7.269000e-01
8230.10 7.304000e-01
8230.50 7.178000e-01
8230.90 6.956000e-01
8231.30 6.972000e-01
8231.70 7.033000e-01
8232.10 7.085000e-01
8232.50 7.151000e-01
8232.90 7.164000e-01
8233.30 7.008000e-01
8233.70 7.079000e-01
8234.10 7.130000e-01
8234.50 6.939000e-01
8234.90 7.023000e-01
8235.30 6.976000e-01
8235.70 7.249000e-01
8236.10 7.451000e-01
8236.50 7.290000e-01
8236.90 7.180000e-01
8237.30 7.310000e-01
8237.70 7.106000e-01
8238.10 7.157000e-01
8238.50 7.231000e-01
8238.90 7.371000e-01
8239.30 7.441000e-01
8239.70 7.445000e-01
8240.10 7.164000e-01
8240.50 7.320000e-01
8240.90 7.469000e-01
8241.30 7.247000e-01
8241.70 7.321000e-01
8242.10 7.308000e-01
8242.50 7.088000e-01
8242.90 6.788000e-01
8243.30 6.888000e-01
8243.70 7.104000e-01
8244.10 7.148000e-01
8244.50 7.111000e-01
8244.90 7.105000e-01
8245.30 7.224000e-01
8245.70 7.227000e-01
8246.10 7.146000e-01
8246.50 7.211000e-01
8246.90 7.209000e-01
8247.30 7.221000e-01
8247.70 7.338000e-01
8248.10 7.314000e-01
8248.50 7.174000e-01
8248.90 7.024000e-01
8249.30 7.297000e-01
8249.70 7.341000e-01
8250.10 7.333000e-01
8250.50 6.869000e-01
8250.90 7.164000e-01
8251.30 7.217000e-01
8251.70 7.112000e-01
8252.10 7.025000e-01
8252.50 6.984000e-01
8252.90 7.180000e-01
8253.30 7.077000e-01
8253.70 7.092000e-01
8254.10 7.038000e-01
8254.50 7.098000e-01
8254.90 7.028000e-01
8255.30 7.169000e-01
8255.70 7.288000e-01
8256.10 7.180000e-01
8256.50 7.145000e-01
8256.90 7.145000e-01
8257.30 7.149000e-01
8257.70 7.172000e-01
8258.10 7.084000e-01
8258.50 7.166000e-01
8258.90 7.352000e-01
8259.30 7.011000e-01
8259.70 6.557000e-01
8260.10 6.702000e-01
8260.50 6.992000e-01
8260.90 7.056000e-01
8261.30 7.024000e-01
8261.70 7.064000e-01
8262.10 6.901000e-01
8262.50 7.104000e-01
8262.90 7.203000e-01
8263.30 7.268000e-01
8263.70 7.173000e-01
8264.10 7.239000e-01
8264.50 7.189000e-01
8264.90 7.099000e-01
8265.30 7.073000e-01
8265.70 7.074000e-01
8266.10 6.784000e-01
8266.50 7.162000e-01
8266.90 6.993000e-01
8267.30 6.769000e-01
8267.70 6.858000e-01
8268.10 7.060000e-01
8268.50 7.202000e-01
8268.90 7.312000e-01
8269.30 7.255000e-01
8269.70 7.151000e-01
8270.10 7.022000e-01
8270.50 6.811000e-01
8270.90 6.941000e-01
8271.30 6.998000e-01
8271.70 7.043000e-01
8272.10 7.164000e-01
8272.50 7.272000e-01
8272.90 7.068000e-01
8273.30 6.994000e-01
8273.70 7.100000e-01
8274.10 7.025000e-01
8274.50 7.060000e-01
8274.90 7.114000e-01
8275.30 6.963000e-01
8275.70 6.813000e-01
8276.10 6.959000e-01
8276.50 6.980000e-01
8276.90 7.089000e-01
8277.30 7.126000e-01
8277.70 7.070000e-01
8278.10 6.913000e-01
8278.50 7.139000e-01
8278.90 7.198000e-01
8279.30 6.951000e-01
8279.70 7.106000e-01
8280.10 7.195000e-01
8280.50 7.250000e-01
8280.90 7.172000e-01
8281.30 7.001000e-01
8281.70 6.918000e-01
8282.10 7.020000e-01
8282.50 7.128000e-01
8282.90 7.076000e-01
8283.30 7.049000e-01
8283.70 7.152000e-01
8284.10 7.044000e-01
8284.50 7.043000e-01
8284.90 7.181000e-01
8285.30 7.140000e-01
8285.70 7.107000e-01
8286.10 7.083000e-01
8286.50 7.119000e-01
8286.90 7.016000e-01
8287.30 6.816000e-01
8287.70 6.859000e-01
8288.10 7.132000e-01
8288.50 7.111000e-01
8288.90 7.115000e-01
8289.30 6.972000e-01
8289.70 7.093000e-01
8290.10 7.072000e-01
8290.50 7.033000e-01
8290.90 7.115000e-01
8291.30 7.283000e-01
8291.70 7.071000e-01
8292.10 7.017000e-01
8292.50 7.071000e-01
8292.90 7.097000e-01
8293.30 6.803000e-01
8293.70 6.914000e-01
8294.10 6.880000e-01
8294.50 7.084000e-01
8294.90 7.040000e-01
8295.30 6.942000e-01
8295.70 7.056000e-01
8296.10 7.194000e-01
8296.50 7.045000e-01
8296.90 7.019000e-01
8297.30 6.810000e-01
8297.70 7.017000e-01
8298.10 6.924000e-01
8298.50 7.114000e-01
8298.90 7.022000e-01
8299.30 7.008000e-01
8299.70 6.918000e-01
8300.10 7.028000e-01
8300.50 7.141000e-01
8300.90 7.229000e-01
8301.30 7.081000e-01
8301.70 7.046000e-01
8302.10 6.738000e-01
8302.50 6.903000e-01
8302.90 6.936000e-01
8303.30 6.796000e-01
8303.70 6.880000e-01
8304.10 6.901000e-01
8304.50 6.750000e-01
8304.90 6.265000e-01
8305.30 6.415000e-01
8305.70 6.361000e-01
8306.10 6.522000e-01
8306.50 6.614000e-01
8306.90 6.537000e-01
8307.30 6.190000e-01
8307.70 6.380000e-01
8308.10 6.200000e-01
8308.50 6.581000e-01
8308.90 7.006000e-01
8309.30 7.106000e-01
8309.70 7.736000e-01
8310.10 7.281000e-01
8310.50 6.309000e-01
8310.90 6.641000e-01
8311.30 6.928000e-01
8311.70 6.907000e-01
8312.10 7.150000e-01
8312.50 7.227000e-01
8312.90 7.033000e-01
8313.30 6.968000e-01
8313.70 7.026000e-01
8314.10 6.796000e-01
8314.50 6.906000e-01
8314.90 7.317000e-01
8315.30 7.121000e-01
8315.70 6.954000e-01
8316.10 7.290000e-01
8316.50 7.253000e-01
8316.90 7.047000e-01
8317.30 7.020000e-01
8317.70 7.134000e-01
8318.10 7.071000e-01
8318.50 7.049000e-01
8318.90 6.871000e-01
8319.30 6.875000e-01
8319.70 6.908000e-01
8320.10 6.981000e-01
8320.50 6.987000e-01
8320.90 6.977000e-01
8321.30 6.624000e-01
8321.70 6.808000e-01
8322.10 6.848000e-01
8322.50 6.576000e-01
8322.90 6.292000e-01
8323.30 6.359000e-01
8323.70 6.525000e-01
8324.10 6.908000e-01
8324.50 6.919000e-01
8324.90 6.890000e-01
8325.30 6.473000e-01
8325.70 6.481000e-01
8326.10 6.744000e-01
8326.50 6.769000e-01
8326.90 6.635000e-01
8327.30 6.796000e-01
8327.70 6.874000e-01
8328.10 6.820000e-01
8328.50 7.565000e-01
8328.90 7.027000e-01
8329.30 6.650000e-01
8329.70 6.896000e-01
8330.10 6.788000e-01
8330.50 7.028000e-01
8330.90 7.104000e-01
8331.30 6.930000e-01
8331.70 7.105000e-01
8332.10 7.159000e-01
8332.50 6.847000e-01
8332.90 6.566000e-01
8333.30 6.713000e-01
8333.70 6.894000e-01
8334.10 6.967000e-01
8334.50 6.847000e-01
8334.90 6.657000e-01
8335.30 6.712000e-01
8335.70 6.679000e-01
8336.10 6.730000e-01
8336.50 6.608000e-01
8336.90 6.764000e-01
8337.30 6.830000e-01
8337.70 6.683000e-01
8338.10 6.808000e-01
8338.50 7.011000e-01
8338.90 6.945000e-01
8339.30 6.848000e-01
8339.70 6.537000e-01
8340.10 6.635000e-01
8340.50 6.719000e-01
8340.90 6.795000e-01
8341.30 6.872000e-01
8341.70 6.944000e-01
8342.10 6.860000e-01
8342.50 6.841000e-01
8342.90 6.865000e-01
8343.30 6.966000e-01
8343.70 6.880000e-01
8344.10 7.067000e-01
8344.50 7.046000e-01
8344.90 6.809000e-01
8345.30 6.904000e-01
8345.70 7.193000e-01
8346.10 7.017000e-01
8346.50 6.971000e-01
8346.90 6.760000e-01
8347.30 6.894000e-01
8347.70 7.075000e-01
8348.10 6.850000e-01
8348.50 6.956000e-01
8348.90 7.014000e-01
8349.30 7.045000e-01
8349.70 6.946000e-01
8350.10 6.872000e-01
8350.50 6.938000e-01
8350.90 6.934000e-01
8351.30 6.911000e-01
8351.70 6.820000e-01
8352.10 6.733000e-01
8352.50 7.023000e-01
8352.90 6.765000e-01
8353.30 6.652000e-01
8353.70 6.715000e-01
8354.10 6.698000e-01
8354.50 6.692000e-01
8354.90 6.709000e-01
8355.30 6.763000e-01
8355.70 6.901000e-01
8356.10 7.073000e-01
8356.50 7.035000e-01
8356.90 7.072000e-01
8357.30 7.110000e-01
8357.70 7.035000e-01
8358.10 7.156000e-01
8358.50 7.021000e-01
8358.90 6.619000e-01
8359.30 6.803000e-01
8359.70 6.960000e-01
8360.10 6.974000e-01
8360.50 6.840000e-01
8360.90 6.878000e-01
8361.30 6.848000e-01
8361.70 7.153000e-01
8362.10 7.013000e-01
8362.50 6.862000e-01
8362.90 6.755000e-01
8363.30 7.008000e-01
8363.70 6.707000e-01
8364.10 6.814000e-01
8364.50 7.093000e-01
8364.90 6.926000e-01
8365.30 6.810000e-01
8365.70 6.170000e-01
8366.10 6.475000e-01
8366.50 6.612000e-01
8366.90 6.800000e-01
8367.30 6.991000e-01
8367.70 7.006000e-01
8368.10 7.064000e-01
8368.50 6.957000e-01
8368.90 6.790000e-01
8369.30 6.647000e-01
8369.70 6.937000e-01
8370.10 6.619000e-01
8370.50 6.465000e-01
8370.90 6.468000e-01
8371.30 6.750000e-01
8371.70 6.914000e-01
8372.10 6.969000e-01
8372.50 6.864000e-01
8372.90 7.030000e-01
8373.30 6.931000e-01
8373.70 6.902000e-01
8374.10 6.850000e-01
8374.50 6.752000e-01
8374.90 6.979000e-01
8375.30 6.981000e-01
8375.70 6.900000e-01
8376.10 6.888000e-01
8376.50 6.843000e-01
8376.90 6.820000e-01
8377.30 6.885000e-01
8377.70 6.946000e-01
8378.10 6.733000e-01
8378.50 6.868000e-01
8378.90 6.784000e-01
8379.30 6.800000e-01
8379.70 7.041000e-01
8380.10 6.998000e-01
8380.50 6.850000e-01
8380.90 6.537000e-01
8381.30 6.040000e-01
8381.70 6.375000e-01
8382.10 6.520000e-01
8382.50 6.813000e-01
8382.90 7.044000e-01
8383.30 7.104000e-01
8383.70 7.140000e-01
8384.10 7.120000e-01
8384.50 6.963000e-01
8384.90 7.167000e-01
8385.30 6.854000e-01
8385.70 6.869000e-01
8386.10 6.752000e-01
8386.50 6.575000e-01
8386.90 6.745000e-01
8387.30 7.078000e-01
8387.70 7.213000e-01
8388.10 6.484000e-01
8388.50 6.304000e-01
8388.90 6.620000e-01
8389.30 6.852000e-01
8389.70 6.811000e-01
8390.10 6.802000e-01
8390.50 7.059000e-01
8390.90 7.072000e-01
8391.30 6.959000e-01
8391.70 7.048000e-01
8392.10 6.825000e-01
8392.50 6.807000e-01
8392.90 7.110000e-01
8393.30 6.712000e-01
8393.70 6.987000e-01
8394.10 7.017000e-01
8394.50 6.842000e-01
8394.90 6.955000e-01
8395.30 6.844000e-01
8395.70 7.026000e-01
8396.10 7.162000e-01
8396.50 6.778000e-01
8396.90 6.932000e-01
8397.30 6.947000e-01
8397.70 7.101000e-01
8398.10 7.101000e-01
8398.50 7.429000e-01
8398.90 7.201000e-01
8399.30 0.000000e+00
8399.70 6.918000e-01
8400.10 7.072000e-01
8400.50 6.604000e-01
8400.90 6.511000e-01
8401.30 6.265000e-01
8401.70 6.620000e-01
8402.10 6.923000e-01
8402.50 6.880000e-01
8402.90 7.127000e-01
8403.30 7.007000e-01
8403.70 6.877000e-01
8404.10 7.284000e-01
8404.50 6.929000e-01
8404.90 6.274000e-01
8405.30 7.071000e-01
8405.70 6.997000e-01
8406.10 7.010000e-01
8406.50 7.135000e-01
8406.90 6.999000e-01
8407.30 7.220000e-01
8407.70 6.809000e-01
8408.10 6.468000e-01
8408.50 6.378000e-01
8408.90 6.656000e-01
8409.30 6.678000e-01
8409.70 6.521000e-01
8410.10 6.674000e-01
8410.50 6.516000e-01
8410.90 6.928000e-01
8411.30 6.872000e-01
8411.70 7.122000e-01
8412.10 6.545000e-01
8412.50 6.603000e-01
8412.90 6.541000e-01
8413.30 6.460000e-01
8413.70 6.995000e-01
8414.10 7.624000e-01
8414.50 8.104000e-01
8414.90 7.180000e-01
8415.30 7.145000e-01
8415.70 7.399000e-01
8416.10 7.311000e-01
8416.50 7.275000e-01
8416.90 6.886000e-01
8417.30 7.075000e-01
8417.70 7.046000e-01
8418.10 6.893000e-01
8418.50 6.861000e-01
8418.90 7.025000e-01
8419.30 7.278000e-01
8419.70 7.176000e-01
8420.10 7.164000e-01
8420.50 7.157000e-01
8420.90 6.998000e-01
8421.30 7.120000e-01
8421.70 7.240000e-01
8422.10 6.954000e-01
8422.50 6.633000e-01
8422.90 6.767000e-01
8423.30 6.783000e-01
8423.70 6.946000e-01
8424.10 6.896000e-01
8424.50 6.949000e-01
8424.90 6.550000e-01
8425.30 6.732000e-01
8425.70 6.673000e-01
8426.10 6.993000e-01
8426.50 7.109000e-01
8426.90 6.905000e-01
8427.30 6.740000e-01
8427.70 6.557000e-01
8428.10 6.667000e-01
8428.50 7.026000e-01
8428.90 7.223000e-01
8429.30 7.488000e-01
8429.70 7.494000e-01
8430.10 7.356000e-01
8430.50 7.272000e-01
8430.90 7.418000e-01
8431.30 7.315000e-01
8431.70 7.497000e-01
8432.10 7.026000e-01
8432.50 6.749000e-01
8432.90 6.960000e-01
8433.30 7.492000e-01
8433.70 7.910000e-01
8434.10 7.629000e-01
8434.50 7.357000e-01
8434.90 7.272000e-01
8435.30 7.313000e-01
8435.70 7.511000e-01
8436.10 7.534000e-01
8436.50 6.854000e-01
8436.90 6.767000e-01
8437.30 7.021000e-01
8437.70 7.259000e-01
8438.10 7.543000e-01
8438.50 7.571000e-01
8438.90 7.427000e-01
8439.30 7.687000e-01
8439.70 7.910000e-01
8440.10 7.349000e-01
8440.50 6.745000e-01
8440.90 7.085000e-01
8441.30 7.792000e-01
8441.70 7.348000e-01
8442.10 7.033000e-01
8442.50 7.065000e-01
8442.90 7.071000e-01
8443.30 7.159000e-01
8443.70 7.545000e-01
8444.10 7.593000e-01
8444.50 7.757000e-01
8444.90 7.388000e-01
8445.30 7.739000e-01
8445.70 7.741000e-01
8446.10 7.686000e-01
8446.50 7.654000e-01
8446.90 7.359000e-01
8447.30 7.960000e-01
8447.70 7.870000e-01
8448.10 7.284000e-01
8448.50 6.836000e-01
8448.90 7.120000e-01
8449.30 7.535000e-01
8449.70 7.762000e-01
8450.10 7.844000e-01
8450.50 7.666000e-01
8450.90 7.931000e-01
8451.30 8.177000e-01
8451.70 7.927000e-01
8452.10 7.744000e-01
8452.50 7.947000e-01
8452.90 8.150000e-01
8453.30 7.664000e-01
8453.70 7.657000e-01
8454.10 8.080000e-01
8454.50 7.909000e-01
8454.90 8.055000e-01
8455.30 8.477000e-01
8455.70 8.534000e-01
8456.10 7.855000e-01
8456.50 7.372000e-01
8456.90 7.819000e-01
8457.30 7.938000e-01
8457.70 8.016000e-01
8458.10 8.228000e-01
8458.50 7.913000e-01
8458.90 7.734000e-01
8459.30 8.113000e-01
8459.70 8.132000e-01
8460.10 8.271000e-01
8460.50 8.469000e-01
8460.90 8.577000e-01
8461.30 8.624000e-01
8461.70 7.950000e-01
8462.10 7.424000e-01
8462.50 7.788000e-01
8462.90 8.094000e-01
8463.30 8.278000e-01
8463.70 8.090000e-01
8464.10 8.264000e-01
8464.50 8.301000e-01
8464.90 8.331000e-01
8465.30 8.403000e-01
8465.70 8.451000e-01
8466.10 8.425000e-01
8466.50 8.254000e-01
8466.90 5.970000e-01
8467.30 6.308000e-01
8467.70 7.534000e-01
8468.10 7.507000e-01
8468.50 9.471000e-01
8468.90 0.000000e+00
8469.30 7.002000e-01
8469.70 7.418000e-01
8470.10 7.698000e-01
8470.50 7.608000e-01
8470.90 8.212000e-01
8471.30 8.175000e-01
8471.70 8.267000e-01
8472.10 8.375000e-01
8472.50 7.442000e-01
8472.90 7.617000e-01
8473.30 9.123000e-01
8473.70 8.528000e-01
8474.10 8.388000e-01
8474.50 7.629000e-01
8474.90 8.426000e-01
8475.30 7.790000e-01
8475.70 8.026000e-01
8476.10 8.092000e-01
8476.50 7.029000e-01
8476.90 6.657000e-01
8477.30 6.733000e-01
8477.70 8.476000e-01
8478.10 8.579000e-01
8478.50 7.768000e-01
8478.90 7.730000e-01
8479.30 8.088000e-01
8479.70 8.121000e-01
8480.10 8.056000e-01
8480.50 8.307000e-01
8480.90 8.091000e-01
8481.30 7.411000e-01
8481.70 7.408000e-01
8482.10 7.897000e-01
8482.50 8.220000e-01
8482.90 8.220000e-01
8483.30 7.817000e-01
8483.70 7.574000e-01
8484.10 7.244000e-01
8484.50 8.081000e-01
8484.90 7.480000e-01
8485.30 7.909000e-01
8485.70 7.668000e-01
8486.10 8.138000e-01
8486.50 6.583000e-01
8486.90 6.671000e-01
8487.30 6.895000e-01
8487.70 7.267000e-01
8488.10 7.117000e-01
8488.50 7.357000e-01
8488.90 7.425000e-01
8489.30 7.854000e-01
8489.70 7.785000e-01
8490.10 8.011000e-01
8490.50 8.008000e-01
8490.90 8.155000e-01
8491.30 7.533000e-01
8491.70 7.841000e-01
8492.10 7.597000e-01
8492.50 7.881000e-01
8492.90 7.043000e-01
8493.30 7.325000e-01
8493.70 7.636000e-01
8494.10 8.041000e-01
8494.50 7.829000e-01
8494.90 7.902000e-01
8495.30 8.023000e-01
8495.70 7.447000e-01
8496.10 7.491000e-01
8496.50 8.544000e-01
8496.90 7.996000e-01
8497.30 7.727000e-01
8497.70 7.042000e-01
8498.10 7.531000e-01
8498.50 7.824000e-01
8498.90 7.695000e-01
8499.30 7.517000e-01
8499.70 8.272000e-01
8500.10 7.975000e-01
8500.50 8.058000e-01
8500.90 5.994000e-01
8501.30 6.240000e-01
8501.70 6.436000e-01
8502.10 8.854000e-01
8502.50 8.024000e-01
8502.90 0.000000e+00
8503.30 7.871000e-01
8503.70 8.414000e-01
8504.10 7.393000e-01
8504.50 7.868000e-01
8504.90 7.897000e-01
8505.30 7.770000e-01
8505.70 7.205000e-01
8506.10 7.958000e-01
8506.50 6.417000e-01
8506.90 6.104000e-01
8507.30 6.678000e-01
8507.70 7.184000e-01
8508.10 7.839000e-01
8508.50 7.748000e-01
8508.90 7.793000e-01
8509.30 7.955000e-01
8509.70 7.551000e-01
8510.10 7.681000e-01
8510.50 7.972000e-01
8510.90 7.949000e-01
8511.30 7.979000e-01
8511.70 8.169000e-01
8512.10 7.407000e-01
8512.50 6.754000e-01
8512.90 6.635000e-01
8513.30 6.576000e-01
8513.70 7.264000e-01
8514.10 7.870000e-01
8514.50 7.976000e-01
8514.90 8.142000e-01
8515.30 7.219000e-01
8515.70 7.153000e-01
8516.10 7.514000e-01
8516.50 7.837000e-01
8516.90 8.109000e-01
8517.30 8.219000e-01
8517.70 8.225000e-01
8518.10 7.270000e-01
8518.50 7.480000e-01
8518.90 8.119000e-01
8519.30 7.972000e-01
8519.70 7.973000e-01
8520.10 8.274000e-01
8520.50 6.804000e-01
8520.90 8.949000e-01
8521.30 8.247000e-01
8521.70 5.114000e-01
8522.10 8.326000e-01
8522.50 6.807000e-01
8522.90 7.599000e-01
8523.30 7.546000e-01
8523.70 7.363000e-01
8524.10 5.922000e-01
8524.50 6.694000e-01
8524.90 6.827000e-01
8525.30 7.023000e-01
8525.70 7.571000e-01
8526.10 7.183000e-01
8526.50 7.592000e-01
8526.90 5.790000e-01
8527.30 6.322000e-01
8527.70 6.618000e-01
8528.10 6.535000e-01
8528.50 6.832000e-01
8528.90 7.303000e-01
8529.30 7.457000e-01
8529.70 7.321000e-01
8530.10 6.860000e-01
8530.50 6.751000e-01
8530.90 6.864000e-01
8531.30 6.674000e-01
8531.70 6.746000e-01
8532.10 7.185000e-01
8532.50 7.089000e-01
8532.90 6.941000e-01
8533.30 6.949000e-01
8533.70 6.717000e-01
8534.10 6.705000e-01
8534.50 6.688000e-01
8534.90 7.719000e-01
8535.30 7.558000e-01
8535.70 7.666000e-01
8536.10 7.867000e-01
8536.50 7.164000e-01
8536.90 7.089000e-01
8537.30 7.105000e-01
8537.70 7.174000e-01
8538.10 7.895000e-01
8538.50 7.716000e-01
8538.90 7.574000e-01
8539.30 7.777000e-01
8539.70 6.675000e-01
8540.10 6.737000e-01
8540.50 6.526000e-01
8540.90 6.485000e-01
8541.30 6.824000e-01
8541.70 6.915000e-01
8542.10 7.053000e-01
8542.50 6.406000e-01
8542.90 6.027000e-01
8543.30 6.213000e-01
8543.70 6.250000e-01
8544.10 6.448000e-01
8544.50 6.514000e-01
8544.90 6.949000e-01
8545.30 7.137000e-01
8545.70 6.690000e-01
8546.10 6.832000e-01
8546.50 6.905000e-01
8546.90 6.783000e-01
8547.30 6.262000e-01
8547.70 6.027000e-01
8548.10 6.478000e-01
8548.50 6.935000e-01
8548.90 6.674000e-01
8549.30 6.599000e-01
8549.70 6.508000e-01
8550.10 6.594000e-01
8550.50 6.415000e-01
8550.90 6.468000e-01
8551.30 6.859000e-01
8551.70 6.149000e-01
8552.10 6.951000e-01
8552.50 7.223000e-01
8552.90 6.966000e-01
8553.30 6.991000e-01
8553.70 7.355000e-01
8554.10 7.368000e-01
8554.50 7.182000e-01
8554.90 7.115000e-01
8555.30 7.104000e-01
8555.70 6.914000e-01
8556.10 6.606000e-01
8556.50 6.633000e-01
8556.90 6.475000e-01
8557.30 6.339000e-01
8557.70 6.345000e-01
8558.10 6.412000e-01
8558.50 6.561000e-01
8558.90 6.338000e-01
8559.30 6.298000e-01
8559.70 6.180000e-01
8560.10 7.410000e-01
8560.50 7.870000e-01
8560.90 7.677000e-01
8561.30 7.640000e-01
8561.70 7.131000e-01
8562.10 6.770000e-01
8562.50 6.580000e-01
8562.90 6.352000e-01
8563.30 6.385000e-01
8563.70 6.272000e-01
8564.10 6.130000e-01
8564.50 6.195000e-01
8564.90 5.868000e-01
8565.30 6.246000e-01
8565.70 6.446000e-01
8566.10 6.131000e-01
8566.50 6.152000e-01
8566.90 6.204000e-01
8567.30 6.226000e-01
8567.70 6.309000e-01
8568.10 6.188000e-01
8568.50 6.237000e-01
8568.90 6.256000e-01
8569.30 6.201000e-01
8569.70 6.214000e-01
8570.10 6.435000e-01
8570.50 6.911000e-01
8570.90 7.255000e-01
8571.30 7.216000e-01
8571.70 6.550000e-01
8572.10 6.444000e-01
8572.50 5.421000e-01
8572.90 6.217000e-01
8573.30 6.042000e-01
8573.70 6.850000e-01
8574.10 6.537000e-01
8574.50 5.671000e-01
8574.90 5.681000e-01
8575.30 5.657000e-01
8575.70 6.017000e-01
8576.10 6.110000e-01
8576.50 6.211000e-01
8576.90 6.229000e-01
8577.30 6.281000e-01
8577.70 6.179000e-01
8578.10 6.227000e-01
8578.50 6.407000e-01
8578.90 6.137000e-01
8579.30 6.246000e-01
8579.70 6.310000e-01
8580.10 6.259000e-01
8580.50 6.348000e-01
8580.90 6.342000e-01
8581.30 5.856000e-01
8581.70 6.021000e-01
8582.10 6.256000e-01
8582.50 6.607000e-01
8582.90 6.697000e-01
8583.30 6.632000e-01
8583.70 6.686000e-01
8584.10 6.736000e-01
8584.50 6.694000e-01
8584.90 6.709000e-01
8585.30 6.791000e-01
8585.70 6.624000e-01
8586.10 6.504000e-01
8586.50 6.479000e-01
8586.90 6.460000e-01
8587.30 6.211000e-01
8587.70 6.146000e-01
8588.10 6.031000e-01
8588.50 6.150000e-01
8588.90 6.334000e-01
8589.30 6.598000e-01
8589.70 6.403000e-01
8590.10 6.233000e-01
8590.50 6.248000e-01
8590.90 6.067000e-01
8591.30 6.093000e-01
8591.70 5.993000e-01
8592.10 6.049000e-01
8592.50 6.030000e-01
8592.90 6.071000e-01
8593.30 5.906000e-01
8593.70 6.056000e-01
8594.10 6.403000e-01
8594.50 6.507000e-01
8594.90 6.029000e-01
8595.30 5.854000e-01
8595.70 6.065000e-01
8596.10 6.014000e-01
8596.50 5.856000e-01
8596.90 6.072000e-01
8597.30 6.093000e-01
8597.70 6.004000e-01
8598.10 6.089000e-01
8598.50 6.061000e-01
8598.90 6.180000e-01
8599.30 6.205000e-01
8599.70 6.258000e-01
8600.10 6.431000e-01
8600.50 6.293000e-01
8600.90 6.267000e-01
8601.30 6.455000e-01
8601.70 6.576000e-01
8602.10 6.963000e-01
8602.50 6.865000e-01
8602.90 6.225000e-01
8603.30 8.248000e-01
8603.70 5.516000e-01
8604.10 5.817000e-01
8604.50 6.107000e-01
8604.90 6.080000e-01
8605.30 5.977000e-01
8605.70 6.020000e-01
8606.10 5.969000e-01
8606.50 6.037000e-01
8606.90 5.964000e-01
8607.30 5.817000e-01
8607.70 6.294000e-01
8608.10 6.260000e-01
8608.50 6.165000e-01
8608.90 6.207000e-01
8609.30 6.078000e-01
8609.70 6.119000e-01
8610.10 6.066000e-01
8610.50 6.103000e-01
8610.90 6.135000e-01
8611.30 6.021000e-01
8611.70 5.960000e-01
8612.10 5.952000e-01
8612.50 6.030000e-01
8612.90 6.091000e-01
8613.30 6.337000e-01
8613.70 6.341000e-01
8614.10 6.328000e-01
8614.50 6.338000e-01
8614.90 6.113000e-01
8615.30 6.215000e-01
8615.70 6.655000e-01
8616.10 6.720000e-01
8616.50 0.000000e+00
8616.90 5.333000e-01
8617.30 5.789000e-01
8617.70 6.125000e-01
8618.10 6.227000e-01
8618.50 5.997000e-01
8618.90 5.804000e-01
8619.30 5.799000e-01
8619.70 5.915000e-01
8620.10 6.084000e-01
8620.50 6.111000e-01
8620.90 6.004000e-01
8621.30 6.031000e-01
8621.70 6.034000e-01
8622.10 5.872000e-01
8622.50 6.363000e-01
8622.90 6.318000e-01
8623.30 6.033000e-01
8623.70 5.877000e-01
8624.10 6.025000e-01
8624.50 5.747000e-01
8624.90 5.937000e-01
8625.30 5.965000e-01
8625.70 5.892000e-01
8626.10 6.003000e-01
8626.50 5.946000e-01
8626.90 5.860000e-01
8627.30 6.019000e-01
8627.70 6.068000e-01
8628.10 5.973000e-01
8628.50 5.962000e-01
8628.90 6.025000e-01
8629.30 6.053000e-01
8629.70 6.089000e-01
8630.10 6.065000e-01
8630.50 6.036000e-01
8630.90 6.019000e-01
8631.30 5.967000e-01
8631.70 5.974000e-01
8632.10 5.904000e-01
8632.50 6.000000e-01
8632.90 6.243000e-01
8633.30 6.600000e-01
8633.70 5.997000e-01
8634.10 5.593000e-01
8634.50 5.595000e-01
8634.90 5.843000e-01
8635.30 5.971000e-01
8635.70 5.946000e-01
8636.10 5.900000e-01
8636.50 5.936000e-01
8636.90 5.843000e-01
8637.30 5.933000e-01
8637.70 6.009000e-01
8638.10 6.063000e-01
8638.50 6.044000e-01
8638.90 6.051000e-01
8639.30 6.209000e-01
8639.70 6.426000e-01
8640.10 5.908000e-01
8640.50 5.673000e-01
8640.90 5.821000e-01
8641.30 6.130000e-01
8641.70 6.081000e-01
8642.10 6.074000e-01
8642.50 6.047000e-01
8642.90 5.997000e-01
8643.30 6.001000e-01
8643.70 5.836000e-01
8644.10 6.101000e-01
8644.50 6.202000e-01
8644.90 5.886000e-01
8645.30 5.705000e-01
8645.70 5.679000e-01
8646.10 5.906000e-01
8646.50 6.027000e-01
8646.90 5.765000e-01
8647.30 5.897000e-01
8647.70 6.106000e-01
8648.10 6.255000e-01
8648.50 6.264000e-01
8648.90 6.481000e-01
8649.30 6.552000e-01
8649.70 6.315000e-01
8650.10 6.329000e-01
8650.50 6.758000e-01
8650.90 6.472000e-01
8651.30 5.930000e-01
8651.70 5.448000e-01
8652.10 0.000000e+00
8652.50 6.379000e-01
8652.90 7.190000e-01
8653.30 5.302000e-01
8653.70 5.977000e-01
8654.10 6.604000e-01
8654.50 6.171000e-01
8654.90 5.871000e-01
8655.30 5.894000e-01
8655.70 0.000000e+00
8656.10 6.277000e-01
8656.50 5.882000e-01
8656.90 5.588000e-01
8657.30 0.000000e+00
8657.70 6.592000e-01
8658.10 7.229000e-01
8658.50 7.246000e-01
8658.90 6.023000e-01
8659.30 6.578000e-01
8659.70 5.597000e-01
8660.10 6.182000e-01
8660.50 5.980000e-01
8660.90 0.000000e+00
8661.30 6.768000e-01
8661.70 7.491000e-01
8662.10 0.000000e+00
8662.50 0.000000e+00
8662.90 5.841000e-01
8663.30 5.686000e-01
8663.70 0.000000e+00
8664.10 5.866000e-01
8664.50 5.758000e-01
8664.90 5.671000e-01
8665.30 6.409000e-01
8665.70 5.821000e-01
8666.10 6.108000e-01
8666.50 6.154000e-01
8666.90 6.625000e-01
8667.30 6.299000e-01
8667.70 5.954000e-01
8668.10 6.076000e-01
8668.50 6.288000e-01
8668.90 6.591000e-01
8669.30 6.080000e-01
8669.70 4.829000e-01
8670.10 0.000000e+00
8670.50 6.388000e-01
8670.90 6.114000e-01
8671.30 0.000000e+00
8671.70 5.249000e-01
8672.10 5.445000e-01
8672.50 5.489000e-01
8672.90 7.220000e-01
8673.30 7.453000e-01
8673.70 5.212000e-01
8674.10 6.448000e-01
8674.50 6.442000e-01
8674.90 6.981000e-01
8675.30 0.000000e+00
8675.70 0.000000e+00
8676.10 7.051000e-01
8676.50 6.519000e-01
8676.90 6.609000e-01
8677.30 0.000000e+00
8677.70 5.814000e-01
8678.10 6.033000e-01
8678.50 6.153000e-01
8678.90 5.840000e-01
8679.30 5.688000e-01
8679.70 6.776000e-01
8680.10 6.626000e-01
8680.50 6.630000e-01
8680.90 7.309000e-01
8681.30 7.096000e-01
8681.70 6.960000e-01
8682.10 6.828000e-01
8682.50 6.515000e-01
8682.90 6.643000e-01
8683.30 6.668000e-01
8683.70 7.464000e-01
8684.10 7.581000e-01
8684.50 6.716000e-01
8684.90 6.182000e-01
8685.30 7.685000e-01
8685.70 6.488000e-01
8686.10 5.553000e-01
8686.50 5.641000e-01
8686.90 5.746000e-01
8687.30 6.010000e-01
8687.70 6.815000e-01
8688.10 6.286000e-01
8688.50 6.485000e-01
8688.90 0.000000e+00
8689.30 0.000000e+00
8689.70 6.963000e-01
8690.10 6.481000e-01
8690.50 5.903000e-01
8690.90 5.723000e-01
8691.30 5.956000e-01
8691.70 5.697000e-01
8692.10 5.977000e-01
8692.50 6.528000e-01
8692.90 7.529000e-01
8693.30 0.000000e+00
8693.70 6.492000e-01
8694.10 6.430000e-01
8694.50 0.000000e+00
8694.90 6.097000e-01
8695.30 6.304000e-01
8695.70 6.169000e-01
8696.10 5.565000e-01
8696.50 5.535000e-01
8696.90 5.502000e-01
8697.30 5.533000e-01
8697.70 5.348000e-01
8698.10 5.628000e-01
8698.50 6.095000e-01
8698.90 6.352000e-01
8699.30 6.541000e-01
8699.70 6.603000e-01
8700.10 5.757000e-01
8700.50 5.303000e-01
8700.90 5.133000e-01
8701.30 5.441000e-01
8701.70 6.074000e-01
8702.10 5.900000e-01
8702.50 6.927000e-01
8702.90 6.055000e-01
8703.30 6.844000e-01
8703.70 4.922000e-01
8704.10 5.242000e-01
8704.50 5.890000e-01
8704.90 7.932000e-01
8705.30 6.830000e-01
8705.70 0.000000e+00
8706.10 7.087000e-01
8706.50 7.151000e-01
8706.90 5.781000e-01
8707.30 6.305000e-01
8707.70 6.293000e-01
8708.10 5.854000e-01
8708.50 6.072000e-01
8708.90 6.145000e-01
8709.30 4.702000e-01
8709.70 4.916000e-01
8710.10 5.290000e-01
8710.50 0.000000e+00
8710.90 0.000000e+00
8711.30 6.181000e-01
8711.70 0.000000e+00
8712.10 4.953000e-01
8712.50 6.250000e-01
8712.90 6.775000e-01
8713.30 6.428000e-01
8713.70 6.728000e-01
8714.10 6.617000e-01
8714.50 6.807000e-01
8714.90 6.306000e-01
8715.30 6.342000e-01
8715.70 5.649000e-01
8716.10 6.738000e-01
8716.50 6.447000e-01
8716.90 0.000000e+00
8717.30 0.000000e+00
8717.70 6.487000e-01
8718.10 0.000000e+00
8718.50 6.541000e-01
8718.90 0.000000e+00
8719.30 0.000000e+00
8719.70 6.326000e-01
8720.10 0.000000e+00
8720.50 6.578000e-01
8720.90 6.951000e-01
8721.30 6.565000e-01
8721.70 6.567000e-01
8722.10 0.000000e+00
8722.50 6.059000e-01
8722.90 6.536000e-01
8723.30 7.183000e-01
8723.70 6.730000e-01
8724.10 6.052000e-01
8724.50 5.782000e-01
8724.90 6.048000e-01
8725.30 5.766000e-01
8725.70 6.073000e-01
8726.10 6.320000e-01
8726.50 0.000000e+00
8726.90 6.778000e-01
8727.30 5.946000e-01
8727.70 6.022000e-01
8728.10 5.412000e-01
8728.50 5.612000e-01
8728.90 5.688000e-01
8729.30 6.162000e-01
8729.70 6.471000e-01
8730.10 5.389000e-01
8730.50 5.649000e-01
8730.90 6.254000e-01
8731.30 6.674000e-01
8731.70 5.883000e-01
8732.10 6.218000e-01
8732.50 5.614000e-01
8732.90 6.281000e-01
8733.30 6.555000e-01
8733.70 6.462000e-01
8734.10 0.000000e+00
8734.50 0.000000e+00
8734.90 7.125000e-01
8735.30 5.705000e-01
8735.70 6.294000e-01
8736.10 6.278000e-01
8736.50 6.488000e-01
8736.90 7.052000e-01
8737.30 0.000000e+00
8737.70 6.614000e-01
8738.10 4.727000e-01
8738.50 5.509000e-01
8738.90 5.653000e-01
8739.30 5.705000e-01
8739.70 6.258000e-01
8740.10 6.284000e-01
8740.50 0.000000e+00
8740.90 5.188000e-01
8741.30 5.363000e-01
8741.70 5.883000e-01
8742.10 6.633000e-01
8742.50 5.379000e-01
8742.90 0.000000e+00
8743.30 6.601000e-01
8743.70 6.142000e-01
8744.10 6.004000e-01
8744.50 6.711000e-01
8744.90 5.309000e-01
8745.30 5.606000e-01
8745.70 5.534000e-01
8746.10 5.610000e-01
8746.50 5.658000e-01
8746.90 0.000000e+00
8747.30 7.626000e-01
8747.70 0.000000e+00
8748.10 0.000000e+00
8748.50 4.967000e-01
8748.90 5.360000e-01
8749.30 5.777000e-01
8749.70 5.772000e-01
8750.10 5.862000e-01
8750.50 6.019000e-01
8750.90 6.212000e-01
8751.30 5.273000e-01
8751.70 0.000000e+00
8752.10 5.069000e-01
8752.50 5.381000e-01
8752.90 5.753000e-01
8753.30 5.936000e-01
8753.70 5.948000e-01
8754.10 6.506000e-01
8754.50 6.495000e-01
8754.90 0.000000e+00
8755.30 4.919000e-01
8755.70 6.401000e-01
8756.10 5.796000e-01
8756.50 6.059000e-01
8756.90 6.181000e-01
8757.30 6.255000e-01
8757.70 5.927000e-01
8758.10 6.126000e-01
8758.50 6.161000e-01
8758.90 0.000000e+00
8759.30 4.939000e-01
8759.70 5.173000e-01
8760.10 5.330000e-01
8760.50 5.428000e-01
8760.90 5.663000e-01
8761.30 5.881000e-01
8761.70 6.357000e-01
8762.10 6.375000e-01
8762.50 6.321000e-01
8762.90 6.134000e-01
8763.30 5.415000e-01
8763.70 5.624000e-01
8764.10 5.784000e-01
8764.50 5.638000e-01
8764.90 5.863000e-01
8765.30 5.876000e-01
8765.70 6.052000e-01
8766.10 5.449000e-01
8766.50 5.191000e-01
8766.90 5.132000e-01
8767.30 5.619000e-01
8767.70 5.911000e-01
8768.10 5.645000e-01
8768.50 5.629000e-01
8768.90 5.488000e-01
8769.30 5.795000e-01
8769.70 6.101000e-01
8770.10 5.755000e-01
8770.50 5.203000e-01
8770.90 5.457000e-01
8771.30 5.608000e-01
8771.70 5.580000e-01
8772.10 5.403000e-01
8772.50 5.220000e-01
8772.90 5.245000e-01
8773.30 5.613000e-01
8773.70 5.816000e-01
8774.10 5.316000e-01
8774.50 5.383000e-01
8774.90 5.439000e-01
8775.30 5.529000e-01
8775.70 5.638000e-01
8776.10 5.678000e-01
8776.50 5.579000e-01
8776.90 5.593000e-01
8777.30 6.146000e-01
8777.70 5.431000e-01
8778.10 5.303000e-01
8778.50 5.042000e-01
8778.90 0.000000e+00
8779.30 6.266000e-01
8779.70 6.071000e-01
8780.10 6.051000e-01
8780.50 5.891000e-01
8780.90 5.801000e-01
8781.30 5.833000e-01
8781.70 5.977000e-01
8782.10 5.904000e-01
8782.50 5.858000e-01
8782.90 5.935000e-01
8783.30 5.587000e-01
8783.70 5.562000e-01
8784.10 5.782000e-01
8784.50 5.581000e-01
8784.90 5.658000e-01
8785.30 5.935000e-01
8785.70 5.940000e-01
8786.10 5.792000e-01
8786.50 5.444000e-01
8786.90 5.231000e-01
8787.30 5.265000e-01
8787.70 5.336000e-01
8788.10 5.587000e-01
8788.50 5.585000e-01
8788.90 5.471000e-01
8789.30 5.691000e-01
8789.70 6.159000e-01
8790.10 5.785000e-01
8790.50 5.416000e-01
8790.90 5.298000e-01
8791.30 5.163000e-01
8791.70 5.479000e-01
8792.10 5.738000e-01
8792.50 5.508000e-01
8792.90 5.596000e-01
8793.30 5.744000e-01
8793.70 5.799000e-01
8794.10 6.049000e-01
8794.50 5.463000e-01
8794.90 5.439000e-01
8795.30 5.505000e-01
8795.70 5.710000e-01
8796.10 5.718000e-01
8796.50 5.510000e-01
8796.90 5.705000e-01
8797.30 5.927000e-01
8797.70 5.780000e-01
8798.10 5.656000e-01
8798.50 5.675000e-01
8798.90 5.373000e-01
8799.30 5.718000e-01
8799.70 5.643000e-01
8800.10 5.739000e-01
8800.50 5.746000e-01
8800.90 5.544000e-01
8801.30 5.586000e-01
8801.70 5.724000e-01
8802.10 5.742000e-01
8802.50 5.695000e-01
8802.90 5.660000e-01
8803.30 5.604000e-01
8803.70 5.328000e-01
8804.10 5.355000e-01
8804.50 5.595000e-01
8804.90 5.657000e-01
8805.30 5.538000e-01
8805.70 5.376000e-01
8806.10 4.858000e-01
8806.50 5.591000e-01
8806.90 5.818000e-01
8807.30 5.493000e-01
8807.70 5.393000e-01
8808.10 5.399000e-01
8808.50 5.354000e-01
8808.90 5.364000e-01
8809.30 5.204000e-01
8809.70 5.385000e-01
8810.10 5.381000e-01
8810.50 5.433000e-01
8810.90 5.454000e-01
8811.30 5.353000e-01
8811.70 5.389000e-01
8812.10 5.387000e-01
8812.50 5.658000e-01
8812.90 5.581000e-01
8813.30 5.654000e-01
8813.70 5.728000e-01
8814.10 5.528000e-01
8814.50 5.511000e-01
8814.90 5.426000e-01
8815.30 5.154000e-01
8815.70 5.494000e-01
8816.10 5.272000e-01
8816.50 5.503000e-01
8816.90 5.434000e-01
8817.30 5.427000e-01
8817.70 5.395000e-01
8818.10 5.375000e-01
8818.50 5.485000e-01
8818.90 5.461000e-01
8819.30 5.389000e-01
8819.70 5.535000e-01
8820.10 5.720000e-01
8820.50 5.730000e-01
8820.90 5.537000e-01
8821.30 5.457000e-01
8821.70 5.300000e-01
8822.10 5.504000e-01
8822.50 5.653000e-01
8822.90 5.591000e-01
8823.30 5.346000e-01
8823.70 5.344000e-01
8824.10 5.408000e-01
8824.50 5.631000e-01
8824.90 5.601000e-01
8825.30 5.423000e-01
8825.70 5.247000e-01
8826.10 5.319000e-01
8826.50 5.432000e-01
8826.90 5.426000e-01
8827.30 5.437000e-01
8827.70 5.476000e-01
8828.10 5.419000e-01
8828.50 5.654000e-01
8828.90 5.797000e-01
8829.30 5.606000e-01
8829.70 5.441000e-01
8830.10 5.431000e-01
8830.50 5.475000e-01
8830.90 5.692000e-01
8831.30 5.796000e-01
8831.70 5.194000e-01
8832.10 0.000000e+00
8832.50 0.000000e+00
8832.90 5.678000e-01
8833.30 5.400000e-01
8833.70 5.467000e-01
8834.10 5.421000e-01
8834.50 5.421000e-01
8834.90 5.218000e-01
8835.30 5.420000e-01
8835.70 5.778000e-01
8836.10 5.510000e-01
8836.50 5.219000e-01
8836.90 5.513000e-01
8837.30 5.377000e-01
8837.70 5.481000e-01
8838.10 6.090000e-01
8838.50 0.000000e+00
8838.90 5.521000e-01
8839.30 5.385000e-01
8839.70 5.408000e-01
8840.10 5.579000e-01
8840.50 5.566000e-01
8840.90 4.891000e-01
8841.30 5.822000e-01
8841.70 5.859000e-01
8842.10 5.426000e-01
8842.50 5.498000e-01
8842.90 5.470000e-01
8843.30 5.681000e-01
8843.70 5.455000e-01
8844.10 5.522000e-01
8844.50 5.590000e-01
8844.90 5.461000e-01
8845.30 5.850000e-01
8845.70 5.946000e-01
8846.10 5.723000e-01
8846.50 5.511000e-01
8846.90 5.434000e-01
8847.30 5.837000e-01
8847.70 5.874000e-01
8848.10 5.741000e-01
8848.50 5.497000e-01
8848.90 5.450000e-01
8849.30 5.580000e-01
8849.70 5.462000e-01
8850.10 5.420000e-01
8850.50 5.080000e-01
8850.90 5.392000e-01
8851.30 5.372000e-01
8851.70 5.241000e-01
8852.10 5.368000e-01
8852.50 5.446000e-01
8852.90 5.437000e-01
8853.30 5.516000e-01
8853.70 5.400000e-01
8854.10 5.063000e-01
8854.50 5.100000e-01
8854.90 5.261000e-01
8855.30 5.570000e-01
8855.70 5.367000e-01
8856.10 5.483000e-01
8856.50 5.381000e-01
8856.90 5.686000e-01
8857.30 5.862000e-01
8857.70 5.584000e-01
8858.10 5.501000e-01
8858.50 5.549000e-01
8858.90 5.539000e-01
8859.30 5.732000e-01
8859.70 5.646000e-01
8860.10 5.341000e-01
8860.50 5.410000e-01
8860.90 5.682000e-01
8861.30 5.879000e-01
8861.70 6.452000e-01
8862.10 5.307000e-01
8862.50 5.284000e-01
8862.90 5.516000e-01
8863.30 5.505000e-01
8863.70 5.743000e-01
8864.10 5.461000e-01
8864.50 5.451000e-01
8864.90 5.516000e-01
8865.30 5.651000e-01
8865.70 5.865000e-01
8866.10 5.758000e-01
8866.50 5.351000e-01
8866.90 5.576000e-01
8867.30 5.532000e-01
8867.70 5.662000e-01
8868.10 5.567000e-01
8868.50 5.356000e-01
8868.90 5.349000e-01
8869.30 5.544000e-01
8869.70 5.588000e-01
8870.10 5.936000e-01
8870.50 5.405000e-01
8870.90 5.232000e-01
8871.30 5.489000e-01
8871.70 5.601000e-01
8872.10 6.291000e-01
8872.50 7.059000e-01
8872.90 4.995000e-01
8873.30 4.971000e-01
8873.70 5.003000e-01
8874.10 5.449000e-01
8874.50 6.016000e-01
8874.90 5.563000e-01
8875.30 5.546000e-01
8875.70 5.766000e-01
8876.10 5.686000e-01
8876.50 5.787000e-01
8876.90 6.013000e-01
8877.30 5.696000e-01
8877.70 5.409000e-01
8878.10 5.521000e-01
8878.50 5.817000e-01
8878.90 6.291000e-01
8879.30 6.121000e-01
8879.70 0.000000e+00
8880.10 6.125000e-01
8880.50 5.309000e-01
8880.90 5.315000e-01
8881.30 6.010000e-01
8881.70 6.305000e-01
8882.10 5.678000e-01
8882.50 4.835000e-01
8882.90 5.280000e-01
8883.30 5.718000e-01
8883.70 6.013000e-01
8884.10 5.824000e-01
8884.50 5.490000e-01
8884.90 5.342000e-01
8885.30 5.605000e-01
8885.70 5.734000e-01
8886.10 5.736000e-01
8886.50 6.028000e-01
8886.90 5.631000e-01
8887.30 5.823000e-01
8887.70 5.144000e-01
8888.10 5.436000e-01
8888.50 6.088000e-01
8888.90 6.266000e-01
8889.30 6.210000e-01
8889.70 5.764000e-01
8890.10 0.000000e+00
8890.50 5.605000e-01
8890.90 6.009000e-01
8891.30 5.876000e-01
8891.70 5.407000e-01
8892.10 4.695000e-01
8892.50 4.800000e-01
8892.90 0.000000e+00
8893.30 0.000000e+00
8893.70 6.634000e-01
8894.10 0.000000e+00
8894.50 0.000000e+00
8894.90 4.711000e-01
8895.30 5.186000e-01
8895.70 5.741000e-01
8896.10 6.122000e-01
8896.50 6.125000e-01
8896.90 6.141000e-01
8897.30 0.000000e+00
8897.70 6.908000e-01
8898.10 5.502000e-01
8898.50 5.925000e-01
8898.90 6.175000e-01
8899.30 5.936000e-01
8899.70 6.573000e-01
8900.10 4.821000e-01
8900.50 4.894000e-01
8900.90 5.462000e-01
8901.30 6.041000e-01
8901.70 5.895000e-01
8902.10 5.956000e-01
8902.50 7.351000e-01
8902.90 0.000000e+00
8903.30 5.399000e-01
8903.70 5.565000e-01
8904.10 6.207000e-01
8904.50 5.511000e-01
8904.90 4.976000e-01
8905.30 4.978000e-01
8905.70 5.367000e-01
8906.10 5.440000e-01
8906.50 5.641000e-01
8906.90 0.000000e+00
8907.30 5.257000e-01
8907.70 5.184000e-01
8908.10 5.188000e-01
8908.50 5.074000e-01
8908.90 5.039000e-01
8909.30 5.305000e-01
8909.70 6.924000e-01
8910.10 5.410000e-01
8910.50 5.296000e-01
8910.90 0.000000e+00
8911.30 5.650000e-01
8911.70 4.898000e-01
8912.10 5.062000e-01
8912.50 4.372000e-01
8912.90 5.164000e-01
8913.30 5.810000e-01
8913.70 4.757000e-01
8914.10 5.004000e-01
8914.50 5.350000e-01
8914.90 5.642000e-01
8915.30 5.875000e-01
8915.70 5.703000e-01
8916.10 5.382000e-01
8916.50 5.123000e-01
8916.90 5.382000e-01
8917.30 5.484000e-01
8917.70 5.589000e-01
8918.10 5.915000e-01
8918.50 5.380000e-01
8918.90 5.226000e-01
8919.30 5.277000e-01
8919.70 5.407000e-01
8920.10 5.635000e-01
8920.50 5.761000e-01
8920.90 5.553000e-01
8921.30 5.385000e-01
8921.70 5.323000e-01
8922.10 5.794000e-01
8922.50 6.100000e-01
8922.90 5.853000e-01
8923.30 6.197000e-01
8923.70 6.283000e-01
8924.10 5.379000e-01
8924.50 5.443000e-01
8924.90 5.587000e-01
8925.30 5.962000e-01
8925.70 0.000000e+00
8926.10 6.249000e-01
8926.50 5.236000e-01
8926.90 5.515000e-01
8927.30 5.674000e-01
8927.70 5.566000e-01
8928.10 6.153000e-01
8928.50 6.297000e-01
8928.90 5.850000e-01
8929.30 4.423000e-01
8929.70 0.000000e+00
8930.10 5.500000e-01
8930.50 5.482000e-01
8930.90 5.855000e-01
8931.30 6.478000e-01
8931.70 0.000000e+00
8932.10 6.139000e-01
8932.50 5.410000e-01
8932.90 5.387000e-01
8933.30 5.400000e-01
8933.70 5.631000e-01
8934.10 6.105000e-01
8934.50 5.695000e-01
8934.90 0.000000e+00
8935.30 5.124000e-01
8935.70 4.860000e-01
8936.10 5.040000e-01
8936.50 5.161000e-01
8936.90 5.552000e-01
8937.30 0.000000e+00
8937.70 0.000000e+00
8938.10 4.750000e-01
8938.50 0.000000e+00
8938.90 5.162000e-01
8939.30 5.149000e-01
8939.70 0.000000e+00
8940.10 0.000000e+00
8940.50 0.000000e+00
8940.90 0.000000e+00
8941.30 4.598000e-01
8941.70 4.800000e-01
8942.10 5.027000e-01
8942.50 5.475000e-01
8942.90 5.727000e-01
8943.30 5.959000e-01
8943.70 0.000000e+00
8944.10 5.380000e-01
8944.50 4.388000e-01
8944.90 0.000000e+00
8945.30 5.130000e-01
8945.70 5.129000e-01
8946.10 5.610000e-01
8946.50 5.642000e-01
8946.90 5.890000e-01
8947.30 0.000000e+00
8947.70 4.346000e-01
8948.10 4.505000e-01
8948.50 5.012000e-01
8948.90 5.234000e-01
8949.30 5.647000e-01
8949.70 6.188000e-01
8950.10 5.937000e-01
8950.50 6.285000e-01
8950.90 6.059000e-01
8951.30 0.000000e+00
8951.70 5.052000e-01
8952.10 5.332000e-01
8952.50 5.755000e-01
8952.90 5.577000e-01
8953.30 5.760000e-01
8953.70 5.550000e-01
8954.10 4.412000e-01
8954.50 4.943000e-01
8954.90 5.322000e-01
8955.30 5.540000e-01
8955.70 5.773000e-01
8956.10 6.412000e-01
8956.50 0.000000e+00
8956.90 0.000000e+00
8957.30 0.000000e+00
8957.70 4.790000e-01
8958.10 5.290000e-01
8958.50 5.401000e-01
8958.90 5.235000e-01
8959.30 0.000000e+00
8959.70 3.986000e-01
8960.10 6.473000e-01
8960.50 5.787000e-01
8960.90 6.040000e-01
8961.30 5.155000e-01
8961.70 5.212000e-01
8962.10 5.546000e-01
8962.50 5.685000e-01
8962.90 5.905000e-01
8963.30 4.512000e-01
8963.70 0.000000e+00
8964.10 4.992000e-01
8964.50 5.523000e-01
8964.90 5.636000e-01
8965.30 5.297000e-01
8965.70 5.535000e-01
8966.10 6.032000e-01
8966.50 0.000000e+00
8966.90 0.000000e+00
8967.30 4.948000e-01
8967.70 5.234000e-01
8968.10 5.544000e-01
8968.50 5.503000e-01
8968.90 5.481000e-01
8969.30 5.705000e-01
8969.70 0.000000e+00
8970.10 4.934000e-01
8970.50 5.020000e-01
8970.90 4.953000e-01
8971.30 5.073000e-01
8971.70 5.197000e-01
8972.10 5.243000e-01
8972.50 5.831000e-01
8972.90 6.194000e-01
8973.30 0.000000e+00
8973.70 5.134000e-01
8974.10 0.000000e+00
8974.50 0.000000e+00
8974.90 0.000000e+00
8975.30 5.104000e-01
8975.70 4.971000e-01
8976.10 6.021000e-01
8976.50 5.271000e-01
8976.90 4.754000e-01
8977.30 4.847000e-01
8977.70 5.280000e-01
8978.10 5.649000e-01
8978.50 5.424000e-01
8978.90 5.339000e-01
8979.30 5.358000e-01
8979.70 5.487000e-01
8980.10 5.718000e-01
8980.50 5.616000e-01
8980.90 5.090000e-01
8981.30 5.207000e-01
8981.70 5.319000e-01
8982.10 5.261000e-01
8982.50 5.418000e-01
8982.90 5.586000e-01
8983.30 5.694000e-01
8983.70 5.185000e-01
8984.10 0.000000e+00
8984.50 0.000000e+00
8984.90 5.263000e-01
8985.30 5.327000e-01
8985.70 5.525000e-01
8986.10 5.515000e-01
8986.50 5.738000e-01
8986.90 5.163000e-01
8987.30 5.205000e-01
8987.70 5.033000e-01
8988.10 5.204000e-01
8988.50 5.221000e-01
8988.90 5.556000e-01
8989.30 5.372000e-01
8989.70 4.993000e-01
8990.10 5.464000e-01
8990.50 5.719000e-01
8990.90 5.377000e-01
8991.30 4.981000e-01
8991.70 5.034000e-01
8992.10 5.064000e-01
8992.50 5.458000e-01
8992.90 5.312000e-01
8993.30 5.448000e-01
8993.70 5.459000e-01
8994.10 5.567000e-01
8994.50 5.453000e-01
8994.90 5.347000e-01
8995.30 5.133000e-01
8995.70 5.169000e-01
8996.10 5.081000e-01
8996.50 5.315000e-01
8996.90 5.437000e-01
8997.30 5.633000e-01
8997.70 5.572000e-01
8998.10 5.432000e-01
8998.50 5.106000e-01
8998.90 5.388000e-01
8999.30 5.391000e-01
8999.70 5.176000e-01
9000.10 5.226000e-01
9000.50 5.607000e-01
9000.90 5.384000e-01
9001.30 5.489000e-01
9001.70 5.486000e-01
9002.10 5.134000e-01
9002.50 5.251000e-01
9002.90 5.313000e-01
9003.30 5.275000e-01
9003.70 5.417000e-01
9004.10 5.437000e-01
9004.50 5.606000e-01
9004.90 5.432000e-01
9005.30 5.454000e-01
9005.70 5.304000e-01
9006.10 5.567000e-01
9006.50 5.272000e-01
9006.90 5.435000e-01
9007.30 5.186000e-01
9007.70 5.216000e-01
9008.10 5.535000e-01
9008.50 5.194000e-01
9008.90 5.318000e-01
9009.30 5.543000e-01
9009.70 5.137000e-01
9010.10 5.537000e-01
9010.50 5.506000e-01
9010.90 5.400000e-01
9011.30 5.186000e-01
9011.70 5.059000e-01
9012.10 5.304000e-01
9012.50 5.177000e-01
9012.90 5.381000e-01
9013.30 5.410000e-01
9013.70 5.321000e-01
9014.10 5.473000e-01
9014.50 5.490000e-01
9014.90 5.470000e-01
9015.30 5.676000e-01
9015.70 5.440000e-01
9016.10 5.283000e-01
9016.50 5.403000e-01
9016.90 5.435000e-01
9017.30 5.376000e-01
9017.70 5.541000e-01
9018.10 5.423000e-01
9018.50 5.427000e-01
9018.90 5.155000e-01
9019.30 5.439000e-01
9019.70 5.256000e-01
9020.10 5.341000e-01
9020.50 5.238000e-01
9020.90 5.181000e-01
9021.30 5.300000e-01
9021.70 5.321000e-01
9022.10 5.241000e-01
9022.50 5.440000e-01
9022.90 5.301000e-01
9023.30 5.338000e-01
9023.70 5.404000e-01
9024.10 5.582000e-01
9024.50 5.742000e-01
9024.90 5.813000e-01
9025.30 5.802000e-01
9025.70 5.773000e-01
9026.10 5.574000e-01
9026.50 5.576000e-01
9026.90 5.599000e-01
9027.30 5.591000e-01
9027.70 5.686000e-01
9028.10 5.837000e-01
9028.50 5.729000e-01
9028.90 5.814000e-01
9029.30 5.606000e-01
9029.70 5.687000e-01
9030.10 5.744000e-01
9030.50 5.731000e-01
9030.90 6.036000e-01
9031.30 5.722000e-01
9031.70 5.269000e-01
9032.10 5.313000e-01
9032.50 5.486000e-01
9032.90 5.283000e-01
9033.30 5.334000e-01
9033.70 5.515000e-01
9034.10 5.473000e-01
9034.50 5.440000e-01
9034.90 5.332000e-01
9035.30 5.441000e-01
9035.70 5.420000e-01
9036.10 5.286000e-01
9036.50 5.355000e-01
9036.90 5.145000e-01
9037.30 5.407000e-01
9037.70 5.601000e-01
9038.10 5.644000e-01
9038.50 5.566000e-01
9038.90 5.554000e-01
9039.30 5.370000e-01
9039.70 5.274000e-01
9040.10 5.354000e-01
9040.50 5.266000e-01
9040.90 5.607000e-01
9041.30 5.482000e-01
9041.70 5.411000e-01
9042.10 5.934000e-01
9042.50 5.840000e-01
9042.90 5.264000e-01
9043.30 5.685000e-01
9043.70 5.511000e-01
9044.10 5.729000e-01
9044.50 5.450000e-01
9044.90 5.882000e-01
9045.30 5.646000e-01
9045.70 5.744000e-01
9046.10 5.651000e-01
9046.50 5.531000e-01
9046.90 5.585000e-01
9047.30 5.731000e-01
9047.70 5.660000e-01
9048.10 5.573000e-01
9048.50 5.720000e-01
9048.90 5.538000e-01
9049.30 5.503000e-01
9049.70 5.958000e-01
9050.10 5.833000e-01
9050.50 5.816000e-01
9050.90 5.755000e-01
9051.30 5.668000e-01
9051.70 5.223000e-01
9052.10 5.136000e-01
9052.50 4.979000e-01
9052.90 5.417000e-01
9053.30 5.256000e-01
9053.70 4.311000e-01
9054.10 6.177000e-01
9054.50 5.661000e-01
9054.90 4.663000e-01
9055.30 5.296000e-01
9055.70 5.330000e-01
9056.10 5.211000e-01
9056.50 5.293000e-01
9056.90 5.336000e-01
9057.30 5.323000e-01
9057.70 5.700000e-01
9058.10 5.591000e-01
9058.50 5.456000e-01
9058.90 5.265000e-01
9059.30 5.474000e-01
9059.70 5.364000e-01
9060.10 5.371000e-01
9060.50 5.459000e-01
9060.90 5.593000e-01
9061.30 5.554000e-01
9061.70 5.480000e-01
9062.10 5.569000e-01
9062.50 5.721000e-01
9062.90 5.834000e-01
9063.30 5.832000e-01
9063.70 5.449000e-01
9064.10 5.622000e-01
9064.50 5.594000e-01
9064.90 5.712000e-01
9065.30 5.746000e-01
9065.70 5.644000e-01
9066.10 5.617000e-01
9066.50 5.576000e-01
9066.90 5.639000e-01
9067.30 5.523000e-01
9067.70 5.423000e-01
9068.10 5.212000e-01
9068.50 5.497000e-01
9068.90 5.516000e-01
9069.30 5.367000e-01
9069.70 5.318000e-01
9070.10 5.316000e-01
9070.50 5.328000e-01
9070.90 5.412000e-01
9071.30 5.518000e-01
9071.70 5.473000e-01
9072.10 5.444000e-01
9072.50 5.568000e-01
9072.90 5.589000e-01
9073.30 5.700000e-01
9073.70 5.493000e-01
9074.10 5.229000e-01
9074.50 5.184000e-01
9074.90 5.395000e-01
9075.30 5.434000e-01
9075.70 5.443000e-01
9076.10 5.621000e-01
9076.50 5.530000e-01
9076.90 5.743000e-01
9077.30 5.725000e-01
9077.70 5.599000e-01
9078.10 5.671000e-01
9078.50 5.588000e-01
9078.90 5.657000e-01
9079.30 5.747000e-01
9079.70 5.543000e-01
9080.10 5.449000e-01
9080.50 5.546000e-01
9080.90 5.590000e-01
9081.30 5.636000e-01
9081.70 5.557000e-01
9082.10 5.569000e-01
9082.50 5.544000e-01
9082.90 5.442000e-01
9083.30 5.436000e-01
9083.70 5.525000e-01
9084.10 5.572000e-01
9084.50 5.551000e-01
9084.90 5.425000e-01
9085.30 5.578000e-01
9085.70 5.553000e-01
9086.10 5.548000e-01
9086.50 5.379000e-01
9086.90 5.289000e-01
9087.30 5.351000e-01
9087.70 5.415000e-01
9088.10 5.533000e-01
9088.50 5.432000e-01
9088.90 5.564000e-01
9089.30 5.325000e-01
9089.70 5.464000e-01
9090.10 5.591000e-01
9090.50 5.354000e-01
9090.90 5.179000e-01
9091.30 5.409000e-01
9091.70 5.473000e-01
9092.10 5.419000e-01
9092.50 5.314000e-01
9092.90 5.373000e-01
9093.30 5.550000e-01
9093.70 5.667000e-01
9094.10 5.520000e-01
9094.50 5.620000e-01
9094.90 5.361000e-01
9095.30 5.436000e-01
9095.70 5.408000e-01
9096.10 5.366000e-01
9096.50 5.360000e-01
9096.90 5.270000e-01
9097.30 5.440000e-01
9097.70 5.582000e-01
9098.10 5.720000e-01
9098.50 5.940000e-01
9098.90 5.880000e-01
9099.30 5.776000e-01
9099.70 5.693000e-01
9100.10 5.440000e-01
9100.50 5.343000e-01
9100.90 5.131000e-01
9101.30 4.965000e-01
9101.70 5.132000e-01
9102.10 5.097000e-01
9102.50 5.038000e-01
9102.90 5.390000e-01
9103.30 5.657000e-01
9103.70 5.477000e-01
9104.10 5.277000e-01
9104.50 5.371000e-01
9104.90 5.339000e-01
9105.30 5.506000e-01
9105.70 5.655000e-01
9106.10 5.345000e-01
9106.50 5.235000e-01
9106.90 5.369000e-01
9107.30 5.429000e-01
9107.70 5.708000e-01
9108.10 5.688000e-01
9108.50 5.592000e-01
9108.90 5.541000e-01
9109.30 5.496000e-01
9109.70 5.320000e-01
9110.10 5.144000e-01
9110.50 5.282000e-01
9110.90 5.477000e-01
9111.30 5.353000e-01
9111.70 5.355000e-01
9112.10 5.247000e-01
9112.50 5.187000e-01
9112.90 5.248000e-01
9113.30 5.235000e-01
9113.70 5.086000e-01
9114.10 5.271000e-01
9114.50 5.361000e-01
9114.90 5.158000e-01
9115.30 5.356000e-01
9115.70 5.658000e-01
9116.10 5.647000e-01
9116.50 5.531000e-01
9116.90 5.058000e-01
9117.30 5.511000e-01
9117.70 5.848000e-01
9118.10 5.946000e-01
9118.50 5.954000e-01
9118.90 5.725000e-01
9119.30 5.559000e-01
9119.70 5.471000e-01
9120.10 5.432000e-01
9120.50 5.492000e-01
9120.90 5.597000e-01
9121.30 5.365000e-01
9121.70 5.136000e-01
9122.10 5.083000e-01
9122.50 5.423000e-01
9122.90 5.534000e-01
9123.30 5.645000e-01
9123.70 5.390000e-01
9124.10 5.815000e-01
9124.50 5.357000e-01
9124.90 5.028000e-01
9125.30 4.647000e-01
9125.70 4.634000e-01
9126.10 0.000000e+00
9126.50 5.209000e-01
9126.90 5.344000e-01
9127.30 5.124000e-01
9127.70 5.292000e-01
9128.10 5.369000e-01
9128.50 5.321000e-01
9128.90 5.122000e-01
9129.30 5.332000e-01
9129.70 5.421000e-01
9130.10 5.309000e-01
9130.50 5.756000e-01
9130.90 5.779000e-01
9131.30 5.760000e-01
9131.70 5.800000e-01
9132.10 5.780000e-01
9132.50 5.703000e-01
9132.90 5.583000e-01
9133.30 5.688000e-01
9133.70 5.416000e-01
9134.10 5.416000e-01
9134.50 5.509000e-01
9134.90 5.349000e-01
9135.30 5.209000e-01
9135.70 5.324000e-01
9136.10 5.581000e-01
9136.50 5.415000e-01
9136.90 5.428000e-01
9137.30 5.801000e-01
9137.70 5.650000e-01
9138.10 5.297000e-01
9138.50 5.122000e-01
9138.90 5.337000e-01
9139.30 5.591000e-01
9139.70 6.003000e-01
9140.10 6.146000e-01
9140.50 6.120000e-01
9140.90 5.716000e-01
9141.30 5.815000e-01
9141.70 6.106000e-01
9142.10 6.021000e-01
9142.50 6.001000e-01
9142.90 5.747000e-01
9143.30 5.657000e-01
9143.70 5.798000e-01
9144.10 5.758000e-01
9144.50 5.812000e-01
9144.90 5.752000e-01
9145.30 5.797000e-01
9145.70 5.625000e-01
9146.10 5.218000e-01
9146.50 5.040000e-01
9146.90 5.292000e-01
9147.30 5.300000e-01
9147.70 5.227000e-01
9148.10 5.727000e-01
9148.50 5.607000e-01
9148.90 5.435000e-01
9149.30 5.482000e-01
9149.70 6.526000e-01
9150.10 5.482000e-01
9150.50 5.467000e-01
9150.90 5.056000e-01
9151.30 5.549000e-01
9151.70 5.635000e-01
9152.10 5.280000e-01
9152.50 5.165000e-01
9152.90 5.274000e-01
9153.30 5.385000e-01
9153.70 5.535000e-01
9154.10 5.372000e-01
9154.50 5.286000e-01
9154.90 5.569000e-01
9155.30 5.693000e-01
9155.70 5.653000e-01
9156.10 5.558000e-01
9156.50 5.474000e-01
9156.90 5.536000e-01
9157.30 5.666000e-01
9157.70 5.479000e-01
9158.10 5.185000e-01
9158.50 5.185000e-01
9158.90 5.303000e-01
9159.30 5.297000e-01
9159.70 5.826000e-01
9160.10 5.873000e-01
9160.50 5.529000e-01
9160.90 5.547000e-01
9161.30 5.629000e-01
9161.70 5.752000e-01
9162.10 5.584000e-01
9162.50 5.566000e-01
9162.90 5.326000e-01
9163.30 5.320000e-01
9163.70 5.230000e-01
9164.10 5.212000e-01
9164.50 5.291000e-01
9164.90 5.305000e-01
9165.30 5.315000e-01
9165.70 5.491000e-01
9166.10 5.391000e-01
9166.50 5.327000e-01
9166.90 5.459000e-01
9167.30 5.525000e-01
9167.70 5.618000e-01
9168.10 5.461000e-01
9168.50 5.005000e-01
9168.90 5.089000e-01
9169.30 5.202000e-01
9169.70 5.268000e-01
9170.10 5.315000e-01
9170.50 5.599000e-01
9170.90 5.617000e-01
9171.30 5.652000e-01
9171.70 5.742000e-01
9172.10 5.818000e-01
9172.50 5.366000e-01
9172.90 5.277000e-01
9173.30 5.212000e-01
9173.70 5.401000e-01
9174.10 5.483000e-01
9174.50 5.444000e-01
9174.90 5.419000e-01
9175.30 5.679000e-01
9175.70 5.714000e-01
9176.10 5.437000e-01
9176.50 5.318000e-01
9176.90 5.410000e-01
9177.30 5.487000e-01
9177.70 5.548000e-01
9178.10 5.557000e-01
9178.50 5.629000e-01
9178.90 5.405000e-01
9179.30 5.540000e-01
9179.70 5.902000e-01
9180.10 5.892000e-01
9180.50 5.453000e-01
9180.90 5.592000e-01
9181.30 5.595000e-01
9181.70 5.509000e-01
9182.10 5.567000e-01
9182.50 5.493000e-01
9182.90 5.720000e-01
9183.30 5.711000e-01
9183.70 5.585000e-01
9184.10 5.716000e-01
9184.50 5.750000e-01
9184.90 5.320000e-01
9185.30 5.449000e-01
9185.70 5.521000e-01
9186.10 5.386000e-01
9186.50 5.335000e-01
9186.90 5.274000e-01
9187.30 4.982000e-01
9187.70 5.347000e-01
9188.10 5.450000e-01
9188.50 5.520000e-01
9188.90 5.669000e-01
9189.30 5.533000e-01
9189.70 5.489000e-01
9190.10 5.654000e-01
9190.50 5.813000e-01
9190.90 5.497000e-01
9191.30 5.164000e-01
9191.70 5.354000e-01
9192.10 5.340000e-01
9192.50 5.808000e-01
9192.90 5.733000e-01
9193.30 5.375000e-01
9193.70 5.369000e-01
9194.10 5.523000e-01
9194.50 5.701000e-01
9194.90 5.694000e-01
9195.30 5.468000e-01
9195.70 5.543000e-01
9196.10 5.451000e-01
9196.50 5.381000e-01
9196.90 5.305000e-01
9197.30 5.333000e-01
9197.70 5.504000e-01
9198.10 5.358000e-01
9198.50 5.352000e-01
9198.90 5.787000e-01
9199.30 6.440000e-01
9199.70 6.433000e-01
9200.10 5.832000e-01
9200.50 5.200000e-01
9200.90 5.441000e-01
9201.30 4.991000e-01
9201.70 5.457000e-01
9202.10 5.758000e-01
9202.50 5.722000e-01
9202.90 5.441000e-01
9203.30 5.541000e-01
9203.70 5.404000e-01
9204.10 5.235000e-01
9204.50 5.380000e-01
9204.90 5.381000e-01
9205.30 5.450000e-01
9205.70 5.401000e-01
9206.10 5.489000e-01
9206.50 5.507000e-01
9206.90 5.327000e-01
9207.30 5.399000e-01
9207.70 5.372000e-01
9208.10 5.484000e-01
9208.50 5.365000e-01
9208.90 5.566000e-01
9209.30 5.678000e-01
9209.70 5.680000e-01
9210.10 5.784000e-01
9210.50 5.559000e-01
9210.90 5.603000e-01
9211.30 5.704000e-01
9211.70 5.719000e-01
9212.10 5.678000e-01
9212.50 5.328000e-01
9212.90 5.264000e-01
9213.30 5.578000e-01
9213.70 5.720000e-01
9214.10 5.886000e-01
9214.50 6.088000e-01
9214.90 5.890000e-01
9215.30 5.669000e-01
9215.70 5.494000e-01
9216.10 5.372000e-01
9216.50 5.822000e-01
9216.90 5.950000e-01
9217.30 5.993000e-01
9217.70 5.891000e-01
9218.10 5.460000e-01
9218.50 5.455000e-01
9218.90 5.551000e-01
9219.30 5.493000e-01
9219.70 5.327000e-01
9220.10 5.602000e-01
9220.50 5.562000e-01
9220.90 5.489000e-01
9221.30 5.621000e-01
9221.70 5.564000e-01
9222.10 5.670000e-01
9222.50 5.816000e-01
9222.90 5.864000e-01
9223.30 5.772000e-01
9223.70 5.788000e-01
9224.10 5.801000e-01
9224.50 5.879000e-01
9224.90 5.998000e-01
9225.30 6.107000e-01
9225.70 5.937000e-01
9226.10 5.889000e-01
9226.50 5.765000e-01
9226.90 5.943000e-01
9227.30 5.536000e-01
9227.70 5.733000e-01
9228.10 5.474000e-01
9228.50 5.652000e-01
9228.90 5.375000e-01
9229.30 5.905000e-01
9229.70 6.063000e-01
9230.10 5.974000e-01
9230.50 5.848000e-01
9230.90 5.708000e-01
9231.30 5.953000e-01
9231.70 5.850000e-01
9232.10 5.964000e-01
9232.50 5.926000e-01
9232.90 5.772000e-01
9233.30 5.802000e-01
9233.70 5.825000e-01
9234.10 5.764000e-01
9234.50 5.931000e-01
9234.90 5.749000e-01
9235.30 5.986000e-01
9235.70 6.095000e-01
9236.10 5.791000e-01
9236.50 5.553000e-01
9236.90 5.615000e-01
9237.30 5.340000e-01
9237.70 5.629000e-01
9238.10 6.007000e-01
9238.50 5.894000e-01
9238.90 5.744000e-01
9239.30 5.692000e-01
9239.70 5.702000e-01
9240.10 5.582000e-01
9240.50 5.603000e-01
9240.90 5.766000e-01
9241.30 5.798000e-01
9241.70 5.935000e-01
9242.10 5.851000e-01
9242.50 5.544000e-01
9242.90 5.543000e-01
9243.30 5.566000e-01
9243.70 5.528000e-01
9244.10 5.621000e-01
9244.50 5.452000e-01
9244.90 5.593000e-01
9245.30 5.515000e-01
9245.70 5.498000e-01
9246.10 5.400000e-01
9246.50 5.755000e-01
9246.90 5.936000e-01
9247.30 6.230000e-01
9247.70 5.954000e-01
9248.10 5.574000e-01
9248.50 5.706000e-01
9248.90 5.827000e-01
9249.30 5.779000e-01
9249.70 6.011000e-01
9250.10 5.998000e-01
9250.50 5.963000e-01
9250.90 5.921000e-01
9251.30 5.690000e-01
9251.70 5.561000e-01
9252.10 5.745000e-01
9252.50 5.909000e-01
9252.90 5.992000e-01
9253.30 6.066000e-01
9253.70 6.044000e-01
9254.10 6.098000e-01
9254.50 5.849000e-01
9254.90 5.550000e-01
9255.30 5.557000e-01
9255.70 6.032000e-01
9256.10 6.082000e-01
9256.50 5.920000e-01
9256.90 6.027000e-01
9257.30 5.914000e-01
9257.70 5.720000e-01
9258.10 5.671000e-01
9258.50 5.665000e-01
9258.90 5.875000e-01
9259.30 5.937000e-01
9259.70 5.671000e-01
9260.10 5.622000e-01
9260.50 5.474000e-01
9260.90 5.503000e-01
9261.30 5.425000e-01
9261.70 5.514000e-01
9262.10 5.565000e-01
9262.50 5.482000e-01
9262.90 5.767000e-01
9263.30 5.700000e-01
9263.70 5.737000e-01
9264.10 5.680000e-01
9264.50 5.708000e-01
9264.90 5.657000e-01
9265.30 5.713000e-01
9265.70 5.883000e-01
9266.10 6.028000e-01
9266.50 5.973000e-01
9266.90 5.897000e-01
9267.30 5.769000e-01
9267.70 5.786000e-01
9268.10 5.687000e-01
9268.50 5.705000e-01
9268.90 5.972000e-01
9269.30 5.805000e-01
9269.70 5.623000e-01
9270.10 5.795000e-01
9270.50 5.779000e-01
9270.90 5.496000e-01
9271.30 5.345000e-01
9271.70 5.379000e-01
9272.10 5.154000e-01
9272.50 5.382000e-01
9272.90 5.541000e-01
9273.30 5.573000e-01
9273.70 5.730000e-01
9274.10 6.022000e-01
9274.50 5.803000e-01
9274.90 5.293000e-01
9275.30 5.667000e-01
9275.70 5.792000e-01
9276.10 5.734000e-01
9276.50 5.874000e-01
9276.90 5.876000e-01
9277.30 5.827000e-01
9277.70 5.848000e-01
9278.10 5.588000e-01
9278.50 5.667000e-01
9278.90 5.691000e-01
9279.30 5.624000e-01
9279.70 5.746000e-01
9280.10 5.939000e-01
9280.50 5.820000e-01
9280.90 5.702000e-01
9281.30 5.565000e-01
9281.70 5.464000e-01
9282.10 5.633000e-01
9282.50 5.840000e-01
9282.90 6.048000e-01
9283.30 5.908000e-01
9283.70 5.878000e-01
9284.10 5.984000e-01
9284.50 5.935000e-01
9284.90 5.722000e-01
9285.30 5.703000e-01
9285.70 5.902000e-01
9286.10 5.820000e-01
9286.50 5.664000e-01
9286.90 5.670000e-01
9287.30 5.682000e-01
9287.70 5.694000e-01
9288.10 5.447000e-01
9288.50 5.301000e-01
9288.90 5.279000e-01
9289.30 5.458000e-01
9289.70 5.405000e-01
9290.10 5.423000e-01
9290.50 5.444000e-01
9290.90 5.555000e-01
9291.30 5.638000e-01
9291.70 5.635000e-01
9292.10 5.822000e-01
9292.50 5.622000e-01
9292.90 5.551000e-01
9293.30 5.770000e-01
9293.70 5.699000e-01
9294.10 5.698000e-01
9294.50 5.821000e-01
9294.90 5.650000e-01
9295.30 5.359000e-01
9295.70 5.172000e-01
9296.10 5.215000e-01
9296.50 5.389000e-01
9296.90 5.576000e-01
9297.30 5.804000e-01
9297.70 5.872000e-01
9298.10 5.997000e-01
9298.50 5.571000e-01
9298.90 5.374000e-01
9299.30 5.509000e-01
9299.70 5.606000e-01
9300.10 5.657000e-01
9300.50 5.637000e-01
9300.90 5.880000e-01
9301.30 5.834000e-01
9301.70 5.758000e-01
9302.10 5.485000e-01
9302.50 5.598000e-01
9302.90 5.580000e-01
9303.30 5.385000e-01
9303.70 5.407000e-01
9304.10 5.232000e-01
9304.50 5.215000e-01
9304.90 5.363000e-01
9305.30 5.271000e-01
9305.70 5.285000e-01
9306.10 5.271000e-01
9306.50 5.228000e-01
9306.90 5.266000e-01
9307.30 5.506000e-01
9307.70 5.561000e-01
9308.10 5.441000e-01
9308.50 5.437000e-01
9308.90 5.616000e-01
9309.30 5.776000e-01
9309.70 5.680000e-01
9310.10 5.699000e-01
9310.50 5.538000e-01
9310.90 5.715000e-01
9311.30 5.880000e-01
9311.70 5.747000e-01
9312.10 5.852000e-01
9312.50 5.714000e-01
9312.90 5.521000e-01
9313.30 5.479000e-01
9313.70 5.495000e-01
9314.10 5.608000e-01
9314.50 5.704000e-01
9314.90 5.579000e-01
9315.30 5.633000e-01
9315.70 5.528000e-01
9316.10 5.372000e-01
9316.50 5.292000e-01
9316.90 5.279000e-01
9317.30 5.064000e-01
9317.70 5.159000e-01
9318.10 5.499000e-01
9318.50 5.557000e-01
9318.90 5.579000e-01
9319.30 5.311000e-01
9319.70 5.185000e-01
9320.10 5.258000e-01
9320.50 5.343000e-01
9320.90 5.377000e-01
9321.30 5.365000e-01
9321.70 5.387000e-01
9322.10 5.590000e-01
9322.50 5.480000e-01
9322.90 5.343000e-01
9323.30 5.548000e-01
9323.70 5.643000e-01
9324.10 5.531000e-01
9324.50 5.644000e-01
9324.90 5.767000e-01
9325.30 5.716000e-01
9325.70 5.486000e-01
9326.10 5.570000e-01
9326.50 5.466000e-01
9326.90 5.429000e-01
9327.30 5.680000e-01
9327.70 5.540000e-01
9328.10 5.437000e-01
9328.50 5.528000e-01
9328.90 5.526000e-01
9329.30 5.581000e-01
9329.70 5.662000e-01
9330.10 5.394000e-01
9330.50 5.422000e-01
9330.90 5.538000e-01
9331.30 5.521000e-01
9331.70 5.372000e-01
9332.10 5.429000e-01
9332.50 5.453000e-01
9332.90 5.188000e-01
9333.30 5.273000e-01
9333.70 5.223000e-01
9334.10 5.358000e-01
9334.50 5.360000e-01
9334.90 5.397000e-01
9335.30 5.354000e-01
9335.70 5.240000e-01
9336.10 5.309000e-01
9336.50 5.092000e-01
9336.90 5.012000e-01
9337.30 5.063000e-01
9337.70 5.162000e-01
9338.10 5.150000e-01
9338.50 5.206000e-01
9338.90 5.237000e-01
9339.30 5.351000e-01
9339.70 5.494000e-01
9340.10 5.465000e-01
9340.50 5.339000e-01
9340.90 5.462000e-01
9341.30 5.626000e-01
9341.70 5.472000e-01
9342.10 5.399000e-01
9342.50 5.463000e-01
9342.90 5.627000e-01
9343.30 5.634000e-01
9343.70 5.473000e-01
9344.10 5.331000e-01
9344.50 5.238000e-01
9344.90 5.327000e-01
9345.30 5.323000e-01
9345.70 5.458000e-01
9346.10 5.301000e-01
9346.50 5.420000e-01
9346.90 5.304000e-01
9347.30 5.454000e-01
9347.70 5.404000e-01
9348.10 5.320000e-01
9348.50 5.267000e-01
9348.90 5.302000e-01
9349.30 5.323000e-01
9349.70 5.322000e-01
9350.10 5.249000e-01
9350.50 4.961000e-01
9350.90 5.336000e-01
9351.30 5.182000e-01
9351.70 5.121000e-01
9352.10 5.126000e-01
9352.50 5.325000e-01
9352.90 5.367000e-01
9353.30 5.301000e-01
9353.70 5.404000e-01
9354.10 5.328000e-01
9354.50 5.243000e-01
9354.90 5.386000e-01
9355.30 5.226000e-01
9355.70 5.087000e-01
9356.10 4.928000e-01
9356.50 5.457000e-01
9356.90 5.377000e-01
9357.30 5.239000e-01
9357.70 5.417000e-01
9358.10 5.514000e-01
9358.50 5.427000e-01
9358.90 5.250000e-01
9359.30 5.308000e-01
9359.70 5.355000e-01
9360.10 5.384000e-01
9360.50 5.306000e-01
9360.90 5.390000e-01
9361.30 5.276000e-01
9361.70 5.213000e-01
9362.10 5.227000e-01
9362.50 5.303000e-01
9362.90 5.276000e-01
9363.30 5.438000e-01
9363.70 5.119000e-01
9364.10 5.126000e-01
9364.50 5.179000e-01
9364.90 5.169000e-01
9365.30 5.197000e-01
9365.70 5.017000e-01
9366.10 4.771000e-01
9366.50 4.759000e-01
9366.90 4.974000e-01
9367.30 5.041000e-01
9367.70 4.976000e-01
9368.10 5.021000e-01
9368.50 5.087000e-01
9368.90 4.941000e-01
9369.30 5.093000e-01
9369.70 5.174000e-01
9370.10 5.246000e-01
9370.50 5.325000e-01
9370.90 5.226000e-01
9371.30 5.257000e-01
9371.70 5.368000e-01
9372.10 5.195000e-01
9372.50 5.221000e-01
9372.90 5.132000e-01
9373.30 5.234000e-01
9373.70 5.264000e-01
9374.10 5.247000e-01
9374.50 5.352000e-01
9374.90 5.216000e-01
9375.30 5.156000e-01
9375.70 5.377000e-01
9376.10 5.183000e-01
9376.50 5.088000e-01
9376.90 5.130000e-01
9377.30 5.302000e-01
9377.70 5.459000e-01
9378.10 5.271000e-01
9378.50 5.205000e-01
9378.90 5.282000e-01
9379.30 5.268000e-01
9379.70 5.220000e-01
9380.10 5.263000e-01
9380.50 5.238000e-01
9380.90 5.364000e-01
9381.30 5.359000e-01
9381.70 5.356000e-01
9382.10 5.285000e-01
9382.50 5.147000e-01
9382.90 5.152000e-01
9383.30 5.293000e-01
9383.70 5.253000e-01
9384.10 5.123000e-01
9384.50 5.111000e-01
9384.90 5.123000e-01
9385.30 5.343000e-01
9385.70 5.159000e-01
9386.10 5.127000e-01
9386.50 5.233000e-01
9386.90 5.137000e-01
9387.30 5.284000e-01
9387.70 5.298000e-01
9388.10 5.248000e-01
9388.50 5.205000e-01
9388.90 5.170000e-01
9389.30 5.154000e-01
9389.70 5.083000e-01
9390.10 5.122000e-01
9390.50 5.004000e-01
9390.90 5.081000e-01
9391.30 4.878000e-01
9391.70 4.939000e-01
9392.10 5.041000e-01
9392.50 5.175000e-01
9392.90 5.097000e-01
9393.30 5.196000e-01
9393.70 5.219000e-01
9394.10 5.210000e-01
9394.50 5.216000e-01
9394.90 5.213000e-01
9395.30 5.092000e-01
9395.70 5.115000e-01
9396.10 5.176000e-01
9396.50 5.102000e-01
9396.90 5.016000e-01
9397.30 5.184000e-01
9397.70 5.004000e-01
9398.10 4.971000e-01
9398.50 4.980000e-01
9398.90 5.123000e-01
9399.30 5.390000e-01
9399.70 5.667000e-01
9400.10 5.299000e-01
9400.50 5.245000e-01
9400.90 5.452000e-01
9401.30 5.377000e-01
9401.70 5.324000e-01
9402.10 5.151000e-01
9402.50 5.022000e-01
9402.90 4.966000e-01
9403.30 4.953000e-01
9403.70 4.801000e-01
9404.10 4.947000e-01
9404.50 5.146000e-01
9404.90 4.992000e-01
9405.30 4.915000e-01
9405.70 5.330000e-01
9406.10 4.961000e-01
9406.50 5.000000e-01
9406.90 4.941000e-01
9407.30 4.958000e-01
9407.70 4.985000e-01
9408.10 5.077000e-01
9408.50 5.055000e-01
9408.90 4.918000e-01
9409.30 4.868000e-01
9409.70 4.880000e-01
9410.10 4.835000e-01
9410.50 4.608000e-01
9410.90 4.808000e-01
9411.30 4.794000e-01
9411.70 4.895000e-01
9412.10 4.841000e-01
9412.50 4.702000e-01
9412.90 4.726000e-01
9413.30 4.962000e-01
9413.70 4.913000e-01
9414.10 4.848000e-01
9414.50 4.687000e-01
9414.90 4.612000e-01
9415.30 4.813000e-01
9415.70 4.866000e-01
9416.10 4.927000e-01
9416.50 4.622000e-01
9416.90 5.008000e-01
9417.30 4.949000e-01
9417.70 4.783000e-01
9418.10 5.000000e-01
9418.50 4.948000e-01
9418.90 4.933000e-01
9419.30 5.067000e-01
9419.70 5.277000e-01
9420.10 5.071000e-01
9420.50 5.303000e-01
9420.90 5.303000e-01
9421.30 5.094000e-01
9421.70 4.629000e-01
9422.10 4.844000e-01
9422.50 4.812000e-01
9422.90 4.342000e-01
9423.30 4.606000e-01
9423.70 4.818000e-01
9424.10 4.922000e-01
9424.50 4.861000e-01
9424.90 4.697000e-01
9425.30 4.566000e-01
9425.70 4.577000e-01
9426.10 4.511000e-01
9426.50 4.758000e-01
9426.90 4.799000e-01
9427.30 4.665000e-01
9427.70 4.599000e-01
9428.10 4.618000e-01
9428.50 4.814000e-01
9428.90 4.823000e-01
9429.30 4.672000e-01
9429.70 4.631000e-01
9430.10 4.767000e-01
9430.50 4.593000e-01
9430.90 4.596000e-01
9431.30 4.541000e-01
9431.70 4.749000e-01
9432.10 4.882000e-01
9432.50 4.641000e-01
9432.90 4.485000e-01
9433.30 4.626000e-01
9433.70 4.827000e-01
9434.10 4.748000e-01
9434.50 4.894000e-01
9434.90 4.811000e-01
9435.30 4.874000e-01
9435.70 4.440000e-01
9436.10 4.591000e-01
9436.50 4.766000e-01
9436.90 4.698000e-01
9437.30 4.848000e-01
9437.70 4.611000e-01
9438.10 4.934000e-01
9438.50 4.709000e-01
9438.90 0.000000e+00
9439.30 4.290000e-01
9439.70 0.000000e+00
9440.10 5.474000e-01
9440.50 4.710000e-01
9440.90 4.689000e-01
9441.30 4.666000e-01
9441.70 4.919000e-01
9442.10 4.990000e-01
9442.50 4.816000e-01
9442.90 4.842000e-01
9443.30 4.804000e-01
9443.70 4.634000e-01
9444.10 4.325000e-01
9444.50 4.494000e-01
9444.90 4.601000e-01
9445.30 4.560000e-01
9445.70 4.783000e-01
9446.10 4.918000e-01
9446.50 4.775000e-01
9446.90 4.498000e-01
9447.30 4.976000e-01
9447.70 4.878000e-01
9448.10 4.935000e-01
9448.50 4.711000e-01
9448.90 4.770000e-01
9449.30 4.760000e-01
9449.70 4.668000e-01
9450.10 4.982000e-01
9450.50 4.794000e-01
9450.90 5.081000e-01
9451.30 5.030000e-01
9451.70 4.985000e-01
9452.10 4.868000e-01
9452.50 4.862000e-01
9452.90 5.235000e-01
9453.30 4.381000e-01
9453.70 4.669000e-01
9454.10 4.817000e-01
9454.50 5.137000e-01
9454.90 5.363000e-01
9455.30 5.395000e-01
9455.70 5.106000e-01
9456.10 4.910000e-01
9456.50 4.964000e-01
9456.90 4.884000e-01
9457.30 4.881000e-01
9457.70 4.917000e-01
9458.10 4.920000e-01
9458.50 4.616000e-01
9458.90 5.065000e-01
9459.30 4.839000e-01
9459.70 4.615000e-01
9460.10 4.626000e-01
9460.50 4.908000e-01
9460.90 5.152000e-01
9461.30 5.062000e-01
9461.70 4.975000e-01
9462.10 4.940000e-01
9462.50 4.901000e-01
9462.90 5.137000e-01
9463.30 4.985000e-01
9463.70 4.973000e-01
9464.10 5.119000e-01
9464.50 4.971000e-01
9464.90 5.132000e-01
9465.30 5.086000e-01
9465.70 5.037000e-01
9466.10 4.741000e-01
9466.50 4.716000e-01
9466.90 4.704000e-01
9467.30 4.657000e-01
9467.70 4.554000e-01
9468.10 4.890000e-01
9468.50 4.987000e-01
9468.90 5.005000e-01
9469.30 4.760000e-01
9469.70 4.640000e-01
9470.10 4.669000e-01
9470.50 4.949000e-01
9470.90 5.475000e-01
9471.30 5.246000e-01
9471.70 4.779000e-01
9472.10 5.108000e-01
9472.50 5.451000e-01
9472.90 5.291000e-01
9473.30 4.889000e-01
9473.70 4.807000e-01
9474.10 4.676000e-01
9474.50 4.359000e-01
9474.90 4.588000e-01
9475.30 4.602000e-01
9475.70 4.836000e-01
9476.10 4.557000e-01
9476.50 4.621000e-01
9476.90 4.750000e-01
9477.30 5.128000e-01
9477.70 5.146000e-01
9478.10 4.988000e-01
9478.50 4.735000e-01
9478.90 4.934000e-01
9479.30 5.108000e-01
9479.70 5.070000e-01
9480.10 5.194000e-01
9480.50 4.932000e-01
9480.90 5.055000e-01
9481.30 5.098000e-01
9481.70 4.874000e-01
9482.10 4.616000e-01
9482.50 4.721000e-01
9482.90 0.000000e+00
9483.30 4.953000e-01
9483.70 5.293000e-01
9484.10 5.249000e-01
9484.50 5.052000e-01
9484.90 5.066000e-01
9485.30 5.090000e-01
9485.70 5.080000e-01
9486.10 5.013000e-01
9486.50 4.865000e-01
9486.90 4.774000e-01
9487.30 4.756000e-01
9487.70 4.779000e-01
9488.10 4.627000e-01
9488.50 4.670000e-01
9488.90 6.267000e-01
9489.30 0.000000e+00
9489.70 4.991000e-01
9490.10 4.589000e-01
9490.50 4.700000e-01
9490.90 4.804000e-01
9491.30 5.123000e-01
9491.70 5.103000e-01
9492.10 4.788000e-01
9492.50 5.056000e-01
9492.90 5.023000e-01
9493.30 5.034000e-01
9493.70 4.819000e-01
9494.10 4.702000e-01
9494.50 4.950000e-01
9494.90 5.175000e-01
9495.30 5.369000e-01
9495.70 5.199000e-01
9496.10 4.953000e-01
9496.50 4.966000e-01
9496.90 4.989000e-01
9497.30 4.774000e-01
9497.70 4.855000e-01
9498.10 4.919000e-01
9498.50 5.228000e-01
9498.90 4.885000e-01
9499.30 4.885000e-01
9499.70 5.014000e-01
9500.10 5.142000e-01
9500.50 4.917000e-01
9500.90 4.695000e-01
9501.30 4.648000e-01
9501.70 4.657000e-01
9502.10 5.151000e-01
9502.50 0.000000e+00
9502.90 4.691000e-01
9503.30 4.662000e-01
9503.70 4.889000e-01
9504.10 4.777000e-01
9504.50 4.924000e-01
9504.90 4.700000e-01
9505.30 4.571000e-01
9505.70 5.340000e-01
9506.10 5.590000e-01
9506.50 5.474000e-01
9506.90 5.364000e-01
9507.30 5.283000e-01
9507.70 5.185000e-01
9508.10 4.846000e-01
9508.50 4.872000e-01
9508.90 5.005000e-01
9509.30 4.984000e-01
9509.70 5.360000e-01
9510.10 5.185000e-01
9510.50 5.186000e-01
9510.90 5.194000e-01
9511.30 5.220000e-01
9511.70 5.238000e-01
9512.10 5.145000e-01
9512.50 5.334000e-01
9512.90 4.755000e-01
9513.30 5.035000e-01
9513.70 5.198000e-01
9514.10 5.393000e-01
9514.50 5.650000e-01
9514.90 5.573000e-01
9515.30 5.545000e-01
9515.70 5.254000e-01
9516.10 4.998000e-01
9516.50 5.080000e-01
9516.90 5.007000e-01
9517.30 5.080000e-01
9517.70 5.112000e-01
9518.10 5.384000e-01
9518.50 5.418000e-01
9518.90 5.427000e-01
9519.30 5.652000e-01
9519.70 5.636000e-01
9520.10 5.497000e-01
9520.50 5.830000e-01
9520.90 5.344000e-01
9521.30 5.056000e-01
9521.70 4.931000e-01
9522.10 5.228000e-01
9522.50 5.426000e-01
9522.90 5.581000e-01
9523.30 5.520000e-01
9523.70 5.554000e-01
9524.10 5.505000e-01
9524.50 5.391000e-01
9524.90 5.342000e-01
9525.30 5.619000e-01
9525.70 5.487000e-01
9526.10 5.429000e-01
9526.50 5.465000e-01
9526.90 5.484000e-01
9527.30 5.680000e-01
9527.70 5.754000e-01
9528.10 5.787000e-01
9528.50 5.428000e-01
9528.90 5.470000e-01
9529.30 5.682000e-01
9529.70 5.786000e-01
9530.10 5.705000e-01
9530.50 5.650000e-01
9530.90 5.395000e-01
9531.30 5.648000e-01
9531.70 5.754000e-01
9532.10 5.706000e-01
9532.50 5.557000e-01
9532.90 5.601000e-01
9533.30 5.687000e-01
9533.70 5.836000e-01
9534.10 5.822000e-01
9534.50 5.935000e-01
9534.90 5.878000e-01
9535.30 5.550000e-01
9535.70 5.494000e-01
9536.10 5.616000e-01
9536.50 5.507000e-01
9536.90 5.387000e-01
9537.30 5.571000e-01
9537.70 5.674000e-01
9538.10 5.778000e-01
9538.50 5.706000e-01
9538.90 5.572000e-01
9539.30 5.736000e-01
9539.70 5.731000e-01
9540.10 5.918000e-01
9540.50 5.542000e-01
9540.90 5.713000e-01
9541.30 5.474000e-01
9541.70 5.292000e-01
9542.10 0.000000e+00
9542.50 5.434000e-01
9542.90 5.830000e-01
9543.30 5.699000e-01
9543.70 5.628000e-01
9544.10 5.442000e-01
9544.50 5.464000e-01
9544.90 6.039000e-01
9545.30 5.750000e-01
9545.70 5.628000e-01
9546.10 5.465000e-01
9546.50 5.896000e-01
9546.90 5.559000e-01
9547.30 5.840000e-01
9547.70 5.777000e-01
9548.10 5.660000e-01
9548.50 5.955000e-01
9548.90 5.760000e-01
9549.30 5.543000e-01
9549.70 5.758000e-01
9550.10 5.322000e-01
9550.50 5.484000e-01
9550.90 5.757000e-01
9551.30 5.635000e-01
9551.70 5.592000e-01
9552.10 5.900000e-01
9552.50 5.810000e-01
9552.90 5.626000e-01
9553.30 5.599000e-01
9553.70 5.485000e-01
9554.10 5.357000e-01
9554.50 5.623000e-01
9554.90 5.698000e-01
9555.30 5.861000e-01
9555.70 5.514000e-01
9556.10 5.548000e-01
9556.50 5.768000e-01
9556.90 5.958000e-01
9557.30 5.751000e-01
9557.70 5.313000e-01
9558.10 5.883000e-01
9558.50 5.820000e-01
9558.90 5.578000e-01
9559.30 5.677000e-01
9559.70 5.670000e-01
9560.10 5.671000e-01
9560.50 5.726000e-01
9560.90 5.577000e-01
9561.30 5.449000e-01
9561.70 5.328000e-01
9562.10 5.327000e-01
9562.50 5.385000e-01
9562.90 5.407000e-01
9563.30 5.522000e-01
9563.70 5.376000e-01
9564.10 5.286000e-01
9564.50 5.520000e-01
9564.90 5.538000e-01
9565.30 5.604000e-01
9565.70 5.647000e-01
9566.10 5.716000e-01
9566.50 5.584000e-01
9566.90 5.613000e-01
9567.30 5.652000e-01
9567.70 5.397000e-01
9568.10 5.360000e-01
9568.50 5.203000e-01
9568.90 5.788000e-01
9569.30 5.914000e-01
9569.70 6.008000e-01
9570.10 5.431000e-01
9570.50 5.272000e-01
9570.90 5.195000e-01
9571.30 4.902000e-01
9571.70 4.897000e-01
9572.10 5.049000e-01
9572.50 5.055000e-01
9572.90 4.823000e-01
9573.30 4.686000e-01
9573.70 5.237000e-01
9574.10 5.441000e-01
9574.50 5.512000e-01
9574.90 5.357000e-01
9575.30 5.523000e-01
9575.70 5.667000e-01
9576.10 5.624000e-01
9576.50 5.563000e-01
9576.90 5.569000e-01
9577.30 5.579000e-01
9577.70 5.526000e-01
9578.10 5.592000e-01
9578.50 5.705000e-01
9578.90 5.692000e-01
9579.30 5.564000e-01
9579.70 5.605000e-01
9580.10 5.696000e-01
9580.50 5.617000e-01
9580.90 5.602000e-01
9581.30 5.621000e-01
9581.70 5.646000e-01
9582.10 5.682000e-01
9582.50 5.407000e-01
9582.90 5.323000e-01
9583.30 5.375000e-01
9583.70 5.603000e-01
9584.10 5.595000e-01
9584.50 5.406000e-01
9584.90 5.362000e-01
9585.30 5.585000e-01
9585.70 5.484000e-01
9586.10 5.553000e-01
9586.50 5.472000e-01
9586.90 5.326000e-01
9587.30 5.536000e-01
9587.70 5.574000e-01
9588.10 5.360000e-01
9588.50 5.465000e-01
9588.90 5.523000e-01
9589.30 5.524000e-01
9589.70 5.520000e-01
9590.10 5.445000e-01
9590.50 5.428000e-01
9590.90 5.863000e-01
9591.30 5.803000e-01
9591.70 5.745000e-01
9592.10 5.690000e-01
9592.50 5.195000e-01
9592.90 5.260000e-01
9593.30 5.533000e-01
9593.70 5.602000e-01
9594.10 5.432000e-01
9594.50 5.449000e-01
9594.90 5.294000e-01
9595.30 5.347000e-01
9595.70 5.337000e-01
9596.10 5.348000e-01
9596.50 5.317000e-01
9596.90 5.455000e-01
9597.30 5.318000e-01
9597.70 5.309000e-01
9598.10 5.389000e-01
9598.50 5.481000e-01
9598.90 5.409000e-01
9599.30 5.371000e-01
9599.70 5.433000e-01
9600.10 5.380000e-01
9600.50 5.366000e-01
9600.90 5.344000e-01
9601.30 5.487000e-01
9601.70 5.334000e-01
9602.10 5.271000e-01
9602.50 5.195000e-01
9602.90 5.448000e-01
9603.30 5.364000e-01
9603.70 5.060000e-01
9604.10 5.191000e-01
9604.50 5.152000e-01
9604.90 4.786000e-01
9605.30 4.791000e-01
9605.70 4.384000e-01
9606.10 4.720000e-01
9606.50 4.622000e-01
9606.90 4.511000e-01
9607.30 4.631000e-01
9607.70 4.493000e-01
9608.10 4.638000e-01
9608.50 4.656000e-01
9608.90 5.242000e-01
9609.30 5.224000e-01
9609.70 5.257000e-01
9610.10 4.927000e-01
9610.50 4.864000e-01
9610.90 4.780000e-01
9611.30 4.817000e-01
9611.70 5.283000e-01
9612.10 5.188000e-01
9612.50 5.175000e-01
9612.90 5.296000e-01
9613.30 5.266000e-01
9613.70 5.132000e-01
9614.10 5.155000e-01
9614.50 5.486000e-01
9614.90 5.447000e-01
9615.30 5.141000e-01
9615.70 5.156000e-01
9616.10 5.200000e-01
9616.50 5.293000e-01
9616.90 5.233000e-01
9617.30 5.302000e-01
9617.70 5.159000e-01
9618.10 5.048000e-01
9618.50 5.038000e-01
9618.90 5.568000e-01
9619.30 5.183000e-01
9619.70 5.182000e-01
9620.10 5.197000e-01
9620.50 5.307000e-01
9620.90 4.925000e-01
9621.30 5.009000e-01
9621.70 5.009000e-01
9622.10 5.076000e-01
9622.50 5.155000e-01
9622.90 5.149000e-01
9623.30 5.044000e-01
9623.70 4.969000e-01
9624.10 5.391000e-01
9624.50 5.349000e-01
9624.90 4.927000e-01
9625.30 4.898000e-01
9625.70 5.090000e-01
9626.10 5.100000e-01
9626.50 5.008000e-01
9626.90 4.949000e-01
9627.30 5.149000e-01
9627.70 5.257000e-01
9628.10 5.091000e-01
9628.50 5.145000e-01
9628.90 5.218000e-01
9629.30 5.122000e-01
9629.70 4.956000e-01
9630.10 5.077000e-01
9630.50 5.092000e-01
9630.90 5.106000e-01
9631.30 5.216000e-01
9631.70 5.133000e-01
9632.10 5.413000e-01
9632.50 5.068000e-01
9632.90 5.022000e-01
9633.30 5.274000e-01
9633.70 5.234000e-01
9634.10 5.238000e-01
9634.50 5.129000e-01
9634.90 5.003000e-01
9635.30 5.238000e-01
9635.70 5.149000e-01
9636.10 5.076000e-01
9636.50 4.969000e-01
9636.90 5.194000e-01
9637.30 5.113000e-01
9637.70 5.117000e-01
9638.10 5.121000e-01
9638.50 5.040000e-01
9638.90 4.937000e-01
9639.30 4.912000e-01
9639.70 4.894000e-01
9640.10 4.987000e-01
9640.50 5.063000e-01
9640.90 4.968000e-01
9641.30 4.819000e-01
9641.70 4.846000e-01
9642.10 4.672000e-01
9642.50 4.937000e-01
9642.90 5.343000e-01
9643.30 5.073000e-01
9643.70 4.735000e-01
9644.10 4.840000e-01
9644.50 4.615000e-01
9644.90 4.734000e-01
9645.30 4.877000e-01
9645.70 4.768000e-01
9646.10 4.721000e-01
9646.50 4.455000e-01
9646.90 4.652000e-01
9647.30 4.941000e-01
9647.70 4.815000e-01
9648.10 4.729000e-01
9648.50 4.836000e-01
9648.90 4.756000e-01
9649.30 4.906000e-01
9649.70 5.004000e-01
9650.10 4.967000e-01
9650.50 5.214000e-01
9650.90 5.277000e-01
9651.30 4.713000e-01
9651.70 0.000000e+00
9652.10 4.811000e-01
9652.50 4.939000e-01
9652.90 4.920000e-01
9653.30 5.103000e-01
9653.70 5.049000e-01
9654.10 4.907000e-01
9654.50 4.630000e-01
9654.90 4.492000e-01
9655.30 4.959000e-01
9655.70 4.970000e-01
9656.10 5.519000e-01
9656.50 5.029000e-01
9656.90 4.507000e-01
9657.30 4.426000e-01
9657.70 4.515000e-01
9658.10 4.708000e-01
9658.50 5.506000e-01
9658.90 4.432000e-01
9659.30 4.621000e-01
9659.70 4.595000e-01
9660.10 4.541000e-01
9660.50 4.797000e-01
9660.90 5.005000e-01
9661.30 5.049000e-01
9661.70 4.940000e-01
9662.10 4.852000e-01
9662.50 4.767000e-01
9662.90 4.740000e-01
9663.30 4.810000e-01
9663.70 4.777000e-01
9664.10 5.038000e-01
9664.50 4.789000e-01
9664.90 4.582000e-01
9665.30 4.867000e-01
9665.70 4.889000e-01
9666.10 4.781000e-01
9666.50 4.527000e-01
9666.90 5.024000e-01
9667.30 4.885000e-01
9667.70 4.268000e-01
9668.10 4.549000e-01
9668.50 4.709000e-01
9668.90 4.685000e-01
9669.30 4.756000e-01
9669.70 4.618000e-01
9670.10 4.520000e-01
9670.50 4.619000e-01
9670.90 4.399000e-01
9671.30 4.619000e-01
9671.70 4.704000e-01
9672.10 4.717000e-01
9672.50 5.266000e-01
9672.90 5.251000e-01
9673.30 4.563000e-01
9673.70 4.681000e-01
9674.10 4.681000e-01
9674.50 4.846000e-01
9674.90 4.933000e-01
9675.30 5.054000e-01
9675.70 4.662000e-01
9676.10 4.665000e-01
9676.50 4.361000e-01
9676.90 4.540000e-01
9677.30 4.629000e-01
9677.70 4.298000e-01
9678.10 4.480000e-01
9678.50 4.773000e-01
9678.90 4.338000e-01
9679.30 4.208000e-01
9679.70 4.267000e-01
9680.10 4.676000e-01
9680.50 4.744000e-01
9680.90 4.635000e-01
9681.30 4.354000e-01
9681.70 5.111000e-01
9682.10 4.567000e-01
9682.50 4.503000e-01
9682.90 4.390000e-01
9683.30 4.543000e-01
9683.70 4.586000e-01
9684.10 4.528000e-01
9684.50 4.721000e-01
9684.90 4.389000e-01
9685.30 4.542000e-01
9685.70 4.448000e-01
9686.10 4.128000e-01
9686.50 0.000000e+00
9686.90 4.302000e-01
9687.30 4.502000e-01
9687.70 4.020000e-01
9688.10 4.485000e-01
9688.50 4.642000e-01
9688.90 4.802000e-01
9689.30 4.849000e-01
9689.70 4.826000e-01
9690.10 4.919000e-01
9690.50 4.975000e-01
9690.90 4.566000e-01
9691.30 4.135000e-01
9691.70 5.010000e-01
9692.10 5.074000e-01
9692.50 4.673000e-01
9692.90 4.680000e-01
9693.30 4.838000e-01
9693.70 4.794000e-01
9694.10 4.583000e-01
9694.50 4.866000e-01
9694.90 4.977000e-01
9695.30 4.945000e-01
9695.70 4.767000e-01
9696.10 4.612000e-01
9696.50 4.882000e-01
9696.90 4.674000e-01
9697.30 4.884000e-01
9697.70 4.884000e-01
9698.10 4.959000e-01
9698.50 4.645000e-01
9698.90 4.585000e-01
9699.30 4.595000e-01
9699.70 4.926000e-01
9700.10 4.793000e-01
9700.50 5.155000e-01
9700.90 5.098000e-01
9701.30 5.139000e-01
9701.70 4.724000e-01
9702.10 4.582000e-01
9702.50 4.455000e-01
9702.90 0.000000e+00
9703.30 4.631000e-01
9703.70 4.637000e-01
9704.10 4.700000e-01
9704.50 4.842000e-01
9704.90 4.779000e-01
9705.30 5.031000e-01
9705.70 4.911000e-01
9706.10 4.703000e-01
9706.50 4.656000e-01
9706.90 4.694000e-01
9707.30 4.953000e-01
9707.70 5.053000e-01
9708.10 4.365000e-01
9708.50 4.257000e-01
9708.90 4.597000e-01
9709.30 4.598000e-01
9709.70 4.598000e-01
9710.10 4.679000e-01
9710.50 4.760000e-01
9710.90 4.158000e-01
9711.30 4.249000e-01
9711.70 0.000000e+00
9712.10 4.697000e-01
9712.50 4.734000e-01
9712.90 4.477000e-01
9713.30 4.882000e-01
9713.70 5.005000e-01
9714.10 4.850000e-01
9714.50 4.355000e-01
9714.90 4.476000e-01
9715.30 4.649000e-01
9715.70 4.379000e-01
9716.10 4.350000e-01
9716.50 4.689000e-01
9716.90 4.704000e-01
9717.30 4.724000e-01
9717.70 4.399000e-01
9718.10 4.425000e-01
9718.50 4.860000e-01
9718.90 4.516000e-01
9719.30 0.000000e+00
9719.70 4.557000e-01
9720.10 4.608000e-01
9720.50 4.643000e-01
9720.90 4.721000e-01
9721.30 4.581000e-01
9721.70 4.294000e-01
9722.10 4.198000e-01
9722.50 4.524000e-01
9722.90 4.446000e-01
9723.30 4.438000e-01
9723.70 4.487000e-01
9724.10 4.991000e-01
9724.50 4.595000e-01
9724.90 4.351000e-01
9725.30 4.609000e-01
9725.70 4.650000e-01
9726.10 4.626000e-01
9726.50 4.864000e-01
9726.90 4.816000e-01
9727.30 5.123000e-01
9727.70 4.611000e-01
9728.10 0.000000e+00
9728.50 4.306000e-01
9728.90 4.435000e-01
9729.30 4.358000e-01
9729.70 4.537000e-01
9730.10 4.677000e-01
9730.50 4.809000e-01
9730.90 0.000000e+00
9731.30 3.818000e-01
9731.70 0.000000e+00
9732.10 4.377000e-01
9732.50 4.354000e-01
9732.90 4.260000e-01
9733.30 4.575000e-01
9733.70 4.820000e-01
9734.10 4.663000e-01
9734.50 4.656000e-01
9734.90 4.032000e-01
9735.30 0.000000e+00
9735.70 4.215000e-01
9736.10 0.000000e+00
9736.50 4.224000e-01
9736.90 4.350000e-01
9737.30 4.815000e-01
9737.70 4.595000e-01
9738.10 4.884000e-01
9738.50 5.016000e-01
9738.90 4.959000e-01
9739.30 4.570000e-01
9739.70 4.847000e-01
9740.10 5.120000e-01
9740.50 4.832000e-01
9740.90 4.520000e-01
9741.30 4.497000e-01
9741.70 4.573000e-01
9742.10 4.800000e-01
9742.50 4.828000e-01
9742.90 4.410000e-01
9743.30 0.000000e+00
9743.70 4.622000e-01
9744.10 4.525000e-01
9744.50 4.638000e-01
9744.90 4.944000e-01
9745.30 4.777000e-01
9745.70 4.968000e-01
9746.10 4.839000e-01
9746.50 4.225000e-01
9746.90 4.553000e-01
9747.30 4.823000e-01
9747.70 4.939000e-01
9748.10 5.248000e-01
9748.50 0.000000e+00
9748.90 3.923000e-01
9749.30 4.827000e-01
9749.70 0.000000e+00
9750.10 4.255000e-01
9750.50 0.000000e+00
9750.90 0.000000e+00
9751.30 4.968000e-01
9751.70 4.800000e-01
9752.10 4.756000e-01
9752.50 4.526000e-01
9752.90 4.644000e-01
9753.30 0.000000e+00
9753.70 0.000000e+00
9754.10 4.713000e-01
9754.50 4.689000e-01
9754.90 4.312000e-01
9755.30 4.577000e-01
9755.70 4.177000e-01
9756.10 4.232000e-01
9756.50 4.531000e-01
9756.90 4.032000e-01
9757.30 3.776000e-01
9757.70 4.057000e-01
9758.10 4.647000e-01
9758.50 4.772000e-01
9758.90 4.672000e-01
9759.30 4.495000e-01
9759.70 4.330000e-01
9760.10 4.676000e-01
9760.50 4.646000e-01
9760.90 4.534000e-01
9761.30 4.719000e-01
9761.70 4.692000e-01
9762.10 4.684000e-01
9762.50 4.473000e-01
9762.90 4.374000e-01
9763.30 4.476000e-01
9763.70 4.843000e-01
9764.10 5.183000e-01
9764.50 5.252000e-01
9764.90 4.857000e-01
9765.30 4.473000e-01
9765.70 4.562000e-01
9766.10 4.834000e-01
9766.50 4.678000e-01
9766.90 4.677000e-01
9767.30 4.626000e-01
9767.70 4.534000e-01
9768.10 4.614000e-01
9768.50 4.247000e-01
9768.90 4.363000e-01
9769.30 4.628000e-01
9769.70 4.715000e-01
9770.10 4.583000e-01
9770.50 4.624000e-01
9770.90 4.641000e-01
9771.30 4.553000e-01
9771.70 4.711000e-01
9772.10 4.824000e-01
9772.50 4.690000e-01
9772.90 0.000000e+00
9773.30 4.972000e-01
9773.70 4.679000e-01
9774.10 4.207000e-01
9774.50 4.573000e-01
9774.90 4.670000e-01
9775.30 4.546000e-01
9775.70 4.636000e-01
9776.10 4.602000e-01
9776.50 4.328000e-01
9776.90 4.432000e-01
9777.30 4.710000e-01
9777.70 4.563000e-01
9778.10 4.412000e-01
9778.50 4.548000e-01
9778.90 4.590000e-01
9779.30 4.568000e-01
9779.70 4.604000e-01
9780.10 4.583000e-01
9780.50 4.579000e-01
9780.90 4.394000e-01
9781.30 4.562000e-01
9781.70 4.728000e-01
9782.10 4.574000e-01
9782.50 4.857000e-01
9782.90 4.503000e-01
9783.30 4.454000e-01
9783.70 4.738000e-01
9784.10 4.633000e-01
9784.50 4.585000e-01
9784.90 4.459000e-01
9785.30 4.567000e-01
9785.70 4.615000e-01
9786.10 4.968000e-01
9786.50 4.789000e-01
9786.90 4.608000e-01
9787.30 4.872000e-01
9787.70 4.858000e-01
9788.10 4.468000e-01
9788.50 4.621000e-01
9788.90 4.879000e-01
9789.30 4.738000e-01
9789.70 0.000000e+00
9790.10 0.000000e+00
9790.50 5.048000e-01
9790.90 5.067000e-01
9791.30 4.303000e-01
9791.70 4.715000e-01
9792.10 4.746000e-01
9792.50 5.078000e-01
9792.90 4.981000e-01
9793.30 4.598000e-01
9793.70 4.648000e-01
9794.10 4.455000e-01
9794.50 4.541000e-01
9794.90 4.836000e-01
9795.30 4.399000e-01
9795.70 4.442000e-01
9796.10 4.471000e-01
9796.50 4.565000e-01
9796.90 4.631000e-01
9797.30 4.384000e-01
9797.70 4.411000e-01
9798.10 4.943000e-01
9798.50 4.668000e-01
9798.90 4.689000e-01
9799.30 4.444000e-01
9799.70 0.000000e+00
9800.10 4.672000e-01
9800.50 4.565000e-01
9800.90 4.383000e-01
9801.30 4.276000e-01
9801.70 4.373000e-01
9802.10 4.395000e-01
9802.50 4.398000e-01
9802.90 4.554000e-01
9803.30 4.513000e-01
9803.70 4.500000e-01
9804.10 4.695000e-01
9804.50 4.649000e-01
9804.90 4.889000e-01
9805.30 4.508000e-01
9805.70 4.421000e-01
9806.10 4.669000e-01
9806.50 4.505000e-01
9806.90 4.513000e-01
9807.30 4.413000e-01
9807.70 4.448000e-01
9808.10 4.714000e-01
9808.50 5.036000e-01
9808.90 4.398000e-01
9809.30 4.482000e-01
9809.70 4.456000e-01
9810.10 4.546000e-01
9810.50 4.154000e-01
9810.90 4.807000e-01
9811.30 4.806000e-01
9811.70 4.524000e-01
9812.10 4.452000e-01
9812.50 4.637000e-01
9812.90 4.760000e-01
9813.30 4.861000e-01
9813.70 4.715000e-01
9814.10 4.563000e-01
9814.50 4.726000e-01
9814.90 4.562000e-01
9815.30 4.492000e-01
9815.70 4.717000e-01
9816.10 5.305000e-01
9816.50 3.373000e-01
9816.90 0.000000e+00
9817.30 4.297000e-01
9817.70 0.000000e+00
9818.10 5.211000e-01
9818.50 4.538000e-01
9818.90 4.639000e-01
9819.30 4.637000e-01
9819.70 5.039000e-01
9820.10 4.597000e-01
9820.50 4.764000e-01
9820.90 4.692000e-01
9821.30 4.758000e-01
9821.70 4.885000e-01
9822.10 4.971000e-01
9822.50 4.995000e-01
9822.90 4.885000e-01
9823.30 4.588000e-01
9823.70 4.452000e-01
9824.10 4.677000e-01
9824.50 4.594000e-01
9824.90 4.456000e-01
9825.30 4.471000e-01
9825.70 4.645000e-01
9826.10 4.925000e-01
9826.50 4.997000e-01
9826.90 4.680000e-01
9827.30 4.439000e-01
9827.70 4.677000e-01
9828.10 5.008000e-01
9828.50 4.978000e-01
9828.90 5.026000e-01
9829.30 4.605000e-01
9829.70 4.630000e-01
9830.10 4.771000e-01
9830.50 3.984000e-01
9830.90 4.709000e-01
9831.30 4.374000e-01
9831.70 4.278000e-01
9832.10 4.632000e-01
9832.50 4.454000e-01
9832.90 4.522000e-01
9833.30 4.693000e-01
9833.70 4.768000e-01
9834.10 4.690000e-01
9834.50 4.479000e-01
9834.90 4.697000e-01
9835.30 4.372000e-01
9835.70 4.541000e-01
9836.10 4.637000e-01
9836.50 4.423000e-01
9836.90 4.685000e-01
9837.30 4.818000e-01
9837.70 4.927000e-01
9838.10 4.869000e-01
9838.50 4.101000e-01
9838.90 4.027000e-01
9839.30 0.000000e+00
9839.70 0.000000e+00
9840.10 0.000000e+00
9840.50 0.000000e+00
9840.90 0.000000e+00
9841.30 0.000000e+00
9841.70 0.000000e+00
9842.10 0.000000e+00
9842.50 4.979000e-01
9842.90 4.554000e-01
9843.30 4.336000e-01
9843.70 4.350000e-01
9844.10 4.049000e-01
9844.50 4.071000e-01
9844.90 4.301000e-01
9845.30 4.694000e-01
9845.70 5.041000e-01
9846.10 4.909000e-01
9846.50 4.760000e-01
9846.90 4.959000e-01
9847.30 4.998000e-01
9847.70 4.873000e-01
9848.10 4.910000e-01
9848.50 4.769000e-01
9848.90 4.657000e-01
9849.30 4.727000e-01
9849.70 4.696000e-01
9850.10 4.619000e-01
9850.50 4.936000e-01
9850.90 4.651000e-01
9851.30 4.723000e-01
9851.70 4.741000e-01
9852.10 4.740000e-01
9852.50 4.733000e-01
9852.90 4.692000e-01
9853.30 4.853000e-01
9853.70 4.774000e-01
9854.10 4.837000e-01
9854.50 4.731000e-01
9854.90 4.644000e-01
9855.30 4.472000e-01
9855.70 4.507000e-01
9856.10 4.700000e-01
9856.50 4.774000e-01
9856.90 4.657000e-01
9857.30 4.681000e-01
9857.70 4.819000e-01
9858.10 4.789000e-01
9858.50 4.696000e-01
9858.90 4.621000e-01
9859.30 4.810000e-01
9859.70 4.866000e-01
9860.10 4.756000e-01
9860.50 4.843000e-01
9860.90 4.857000e-01
9861.30 4.800000e-01
9861.70 4.869000e-01
9862.10 4.815000e-01
9862.50 4.673000e-01
9862.90 4.654000e-01
9863.30 4.704000e-01
9863.70 4.755000e-01
9864.10 4.670000e-01
9864.50 4.831000e-01
9864.90 4.784000e-01
9865.30 4.825000e-01
9865.70 4.908000e-01
9866.10 4.824000e-01
9866.50 4.671000e-01
9866.90 4.606000e-01
9867.30 4.550000e-01
9867.70 4.698000e-01
9868.10 4.643000e-01
9868.50 4.508000e-01
9868.90 5.019000e-01
9869.30 5.101000e-01
9869.70 4.903000e-01
9870.10 4.782000e-01
9870.50 4.966000e-01
9870.90 4.864000e-01
9871.30 5.114000e-01
9871.70 4.603000e-01
9872.10 4.730000e-01
9872.50 4.988000e-01
9872.90 4.746000e-01
9873.30 4.691000e-01
9873.70 4.644000e-01
9874.10 4.802000e-01
9874.50 4.818000e-01
9874.90 4.771000e-01
9875.30 4.735000e-01
9875.70 4.533000e-01
9876.10 4.756000e-01
9876.50 4.864000e-01
9876.90 4.619000e-01
9877.30 4.417000e-01
9877.70 4.541000e-01
9878.10 4.863000e-01
9878.50 4.775000e-01
9878.90 4.917000e-01
9879.30 4.816000e-01
9879.70 4.657000e-01
9880.10 4.969000e-01
9880.50 4.878000e-01
9880.90 4.803000e-01
9881.30 4.838000e-01
9881.70 4.815000e-01
9882.10 4.633000e-01
9882.50 4.542000e-01
9882.90 4.567000e-01
9883.30 4.573000e-01
9883.70 4.613000e-01
9884.10 4.661000e-01
9884.50 4.783000e-01
9884.90 4.880000e-01
9885.30 4.761000e-01
9885.70 4.660000e-01
9886.10 4.663000e-01
9886.50 4.702000e-01
9886.90 4.735000e-01
9887.30 4.712000e-01
9887.70 4.484000e-01
9888.10 4.450000e-01
9888.50 4.518000e-01
9888.90 4.635000e-01
9889.30 4.609000e-01
9889.70 4.654000e-01
9890.10 4.709000e-01
9890.50 4.744000e-01
9890.90 4.611000e-01
9891.30 4.461000e-01
9891.70 4.650000e-01
9892.10 4.621000e-01
9892.50 4.320000e-01
9892.90 4.539000e-01
9893.30 4.530000e-01
9893.70 4.691000e-01
9894.10 4.845000e-01
9894.50 4.910000e-01
9894.90 4.735000e-01
9895.30 4.529000e-01
9895.70 4.510000e-01
9896.10 4.565000e-01
9896.50 4.525000e-01
9896.90 4.672000e-01
9897.30 4.638000e-01
9897.70 4.484000e-01
9898.10 4.213000e-01
9898.50 4.653000e-01
9898.90 4.634000e-01
9899.30 4.822000e-01
9899.70 4.688000e-01
9900.10 4.594000e-01
9900.50 4.557000e-01
9900.90 4.624000e-01
9901.30 4.727000e-01
9901.70 4.755000e-01
9902.10 4.439000e-01
9902.50 4.536000e-01
9902.90 4.586000e-01
9903.30 4.750000e-01
9903.70 4.666000e-01
9904.10 4.715000e-01
9904.50 4.544000e-01
9904.90 4.719000e-01
9905.30 4.545000e-01
9905.70 4.554000e-01
9906.10 4.624000e-01
9906.50 4.604000e-01
9906.90 4.668000e-01
9907.30 4.754000e-01
9907.70 4.668000e-01
9908.10 4.667000e-01
9908.50 4.627000e-01
9908.90 4.386000e-01
9909.30 4.435000e-01
9909.70 4.800000e-01
9910.10 4.697000e-01
9910.50 4.508000e-01
9910.90 4.584000e-01
9911.30 4.565000e-01
9911.70 4.442000e-01
9912.10 4.522000e-01
9912.50 4.136000e-01
9912.90 4.346000e-01
9913.30 4.564000e-01
9913.70 4.780000e-01
9914.10 4.677000e-01
9914.50 4.624000e-01
9914.90 4.700000e-01
9915.30 5.025000e-01
9915.70 4.127000e-01
9916.10 4.217000e-01
9916.50 4.413000e-01
9916.90 4.543000e-01
9917.30 4.491000e-01
9917.70 4.651000e-01
9918.10 4.655000e-01
9918.50 4.780000e-01
9918.90 4.813000e-01
9919.30 4.965000e-01
9919.70 4.602000e-01
9920.10 5.051000e-01
9920.50 4.939000e-01
9920.90 4.752000e-01
9921.30 4.666000e-01
9921.70 4.802000e-01
9922.10 4.731000e-01
9922.50 4.405000e-01
9922.90 4.644000e-01
9923.30 4.791000e-01
9923.70 4.813000e-01
9924.10 4.882000e-01
9924.50 4.794000e-01
9924.90 4.636000e-01
9925.30 4.547000e-01
9925.70 4.805000e-01
9926.10 4.865000e-01
9926.50 4.812000e-01
9926.90 4.593000e-01
9927.30 4.398000e-01
9927.70 4.635000e-01
9928.10 4.485000e-01
9928.50 5.018000e-01
9928.90 5.397000e-01
9929.30 4.740000e-01
9929.70 4.463000e-01
9930.10 4.537000e-01
9930.50 4.636000e-01
9930.90 4.672000e-01
9931.30 4.348000e-01
9931.70 4.241000e-01
9932.10 3.752000e-01
9932.50 4.407000e-01
9932.90 4.416000e-01
9933.30 4.508000e-01
9933.70 4.614000e-01
9934.10 4.592000e-01
9934.50 4.546000e-01
9934.90 4.373000e-01
9935.30 4.720000e-01
9935.70 4.728000e-01
9936.10 4.742000e-01
9936.50 4.536000e-01
9936.90 4.268000e-01
9937.30 4.240000e-01
9937.70 4.337000e-01
9938.10 4.661000e-01
9938.50 4.104000e-01
9938.90 4.554000e-01
9939.30 5.080000e-01
9939.70 5.115000e-01
9940.10 4.682000e-01
9940.50 4.789000e-01
9940.90 4.692000e-01
9941.30 4.611000e-01
9941.70 4.785000e-01
9942.10 4.880000e-01
9942.50 5.142000e-01
9942.90 4.785000e-01
9943.30 4.759000e-01
9943.70 4.598000e-01
9944.10 4.613000e-01
9944.50 4.601000e-01
9944.90 4.476000e-01
9945.30 4.647000e-01
9945.70 4.704000e-01
9946.10 4.654000e-01
9946.50 4.778000e-01
9946.90 4.672000e-01
9947.30 4.566000e-01
9947.70 4.831000e-01
9948.10 4.825000e-01
9948.50 4.821000e-01
9948.90 4.774000e-01
9949.30 4.767000e-01
9949.70 4.630000e-01
9950.10 4.610000e-01
9950.50 4.748000e-01
9950.90 4.766000e-01
9951.30 4.929000e-01
9951.70 4.923000e-01
9952.10 4.735000e-01
9952.50 4.713000e-01
9952.90 4.691000e-01
9953.30 4.850000e-01
9953.70 4.820000e-01
9954.10 4.674000e-01
9954.50 4.787000e-01
9954.90 4.907000e-01
9955.30 4.609000e-01
9955.70 4.489000e-01
9956.10 4.640000e-01
9956.50 4.586000e-01
9956.90 4.557000e-01
9957.30 5.005000e-01
9957.70 5.121000e-01
9958.10 4.925000e-01
9958.50 4.834000e-01
9958.90 4.779000e-01
9959.30 4.607000e-01
9959.70 5.063000e-01
9960.10 5.071000e-01
9960.50 4.856000e-01
9960.90 4.810000e-01
9961.30 5.233000e-01
9961.70 5.100000e-01
9962.10 5.162000e-01
9962.50 5.178000e-01
9962.90 4.817000e-01
9963.30 5.318000e-01
9963.70 5.368000e-01
9964.10 4.728000e-01
9964.50 4.646000e-01
9964.90 4.555000e-01
9965.30 4.401000e-01
9965.70 4.638000e-01
9966.10 4.731000e-01
9966.50 4.486000e-01
9966.90 4.375000e-01
9967.30 4.321000e-01
9967.70 4.367000e-01
9968.10 4.722000e-01
9968.50 4.883000e-01
9968.90 4.906000e-01
9969.30 4.868000e-01
9969.70 4.714000e-01
9970.10 4.554000e-01
9970.50 4.550000e-01
9970.90 4.611000e-01
9971.30 4.864000e-01
9971.70 5.078000e-01
9972.10 4.984000e-01
9972.50 4.739000e-01
9972.90 4.689000e-01
9973.30 4.728000e-01
9973.70 4.881000e-01
9974.10 4.841000e-01
9974.50 5.102000e-01
9974.90 5.192000e-01
9975.30 5.347000e-01
9975.70 5.121000e-01
9976.10 5.146000e-01
9976.50 5.117000e-01
9976.90 5.043000e-01
9977.30 5.216000e-01
9977.70 5.235000e-01
9978.10 5.062000e-01
9978.50 4.821000e-01
9978.90 4.785000e-01
9979.30 4.756000e-01
9979.70 4.569000e-01
9980.10 4.165000e-01
9980.50 5.069000e-01
9980.90 5.082000e-01
9981.30 5.058000e-01
9981.70 5.036000e-01
9982.10 4.876000e-01
9982.50 4.827000e-01
9982.90 4.870000e-01
9983.30 5.008000e-01
9983.70 4.929000e-01
9984.10 4.906000e-01
9984.50 5.337000e-01
9984.90 4.876000e-01
9985.30 4.813000e-01
9985.70 4.987000e-01
9986.10 5.000000e-01
9986.50 4.916000e-01
9986.90 5.021000e-01
9987.30 5.130000e-01
9987.70 5.357000e-01
9988.10 4.896000e-01
9988.50 4.933000e-01
9988.90 5.043000e-01
9989.30 5.109000e-01
9989.70 4.928000e-01
9990.10 5.317000e-01
9990.50 5.430000e-01
9990.90 5.121000e-01
9991.30 4.831000e-01
9991.70 4.549000e-01
9992.10 4.761000e-01
9992.50 4.848000e-01
9992.90 4.991000e-01
9993.30 4.956000e-01
9993.70 4.909000e-01
9994.10 5.075000e-01
9994.50 5.138000e-01
9994.90 4.852000e-01
9995.30 4.746000e-01
9995.70 5.128000e-01
9996.10 5.258000e-01
9996.50 5.143000e-01
9996.90 4.948000e-01
9997.30 4.935000e-01
9997.70 4.911000e-01
9998.10 4.949000e-01
9998.50 4.996000e-01
9998.90 4.951000e-01
9999.30 4.899000e-01
9999.70 4.931000e-01
10000.10 4.761000e-01
10000.50 4.972000e-01
10000.90 4.897000e-01
10001.30 4.591000e-01
10001.70 4.642000e-01
10002.10 4.851000e-01
10002.50 4.996000e-01
10002.90 5.277000e-01
10003.30 5.301000e-01
10003.70 5.275000e-01
10004.10 5.102000e-01
10004.50 5.190000e-01
10004.90 5.627000e-01
10005.30 5.465000e-01
10005.70 5.329000e-01
10006.10 5.165000e-01
10006.50 5.289000e-01
10006.90 5.297000e-01
10007.30 5.474000e-01
10007.70 5.316000e-01
10008.10 5.139000e-01
10008.50 5.320000e-01
10008.90 5.338000e-01
10009.30 5.320000e-01
10009.70 5.387000e-01
10010.10 5.378000e-01
10010.50 5.286000e-01
10010.90 5.613000e-01
10011.30 5.390000e-01
10011.70 5.273000e-01
10012.10 5.329000e-01
10012.50 5.255000e-01
10012.90 5.172000e-01
10013.30 5.103000e-01
10013.70 5.132000e-01
10014.10 5.133000e-01
10014.50 5.032000e-01
10014.90 5.447000e-01
10015.30 5.339000e-01
10015.70 5.363000e-01
10016.10 5.969000e-01
10016.50 5.080000e-01
10016.90 5.260000e-01
10017.30 5.523000e-01
10017.70 5.515000e-01
10018.10 5.642000e-01
10018.50 6.027000e-01
10018.90 5.261000e-01
10019.30 5.290000e-01
10019.70 5.308000e-01
10020.10 5.417000e-01
10020.50 5.437000e-01
10020.90 5.323000e-01
10021.30 5.287000e-01
10021.70 5.401000e-01
10022.10 5.343000e-01
10022.50 5.270000e-01
10022.90 5.200000e-01
10023.30 5.261000e-01
10023.70 5.410000e-01
10024.10 5.421000e-01
10024.50 5.290000e-01
10024.90 5.347000e-01
10025.30 5.349000e-01
10025.70 5.492000e-01
10026.10 5.471000e-01
10026.50 5.437000e-01
10026.90 5.886000e-01
10027.30 5.704000e-01
10027.70 5.907000e-01
10028.10 5.723000e-01
10028.50 5.506000e-01
10028.90 5.803000e-01
10029.30 5.548000e-01
10029.70 5.343000e-01
10030.10 5.838000e-01
10030.50 5.821000e-01
10030.90 5.597000e-01
10031.30 5.903000e-01
10031.70 6.404000e-01
10032.10 5.566000e-01
10032.50 5.335000e-01
10032.90 5.637000e-01
10033.30 5.510000e-01
10033.70 5.959000e-01
10034.10 6.038000e-01
10034.50 5.758000e-01
10034.90 5.685000e-01
10035.30 5.732000e-01
10035.70 5.548000e-01
10036.10 5.432000e-01
10036.50 5.319000e-01
10036.90 5.317000e-01
10037.30 5.472000e-01
10037.70 5.452000e-01
10038.10 5.414000e-01
10038.50 5.457000e-01
10038.90 5.690000e-01
10039.30 5.630000e-01
10039.70 6.069000e-01
10040.10 5.644000e-01
10040.50 5.402000e-01
10040.90 5.476000e-01
10041.30 6.144000e-01
10041.70 5.933000e-01
10042.10 5.861000e-01
10042.50 5.867000e-01
10042.90 5.590000e-01
10043.30 5.745000e-01
10043.70 5.679000e-01
10044.10 5.694000e-01
10044.50 5.800000e-01
10044.90 5.633000e-01
10045.30 5.469000e-01
10045.70 5.898000e-01
10046.10 6.020000e-01
10046.50 6.054000e-01
10046.90 6.080000e-01
10047.30 5.696000e-01
10047.70 5.500000e-01
10048.10 5.418000e-01
10048.50 5.435000e-01
10048.90 5.613000e-01
10049.30 5.658000e-01
10049.70 5.651000e-01
10050.10 5.570000e-01
10050.50 5.481000e-01
10050.90 5.537000e-01
10051.30 5.487000e-01
10051.70 5.598000e-01
10052.10 5.698000e-01
10052.50 5.683000e-01
10052.90 5.761000e-01
10053.30 5.665000e-01
10053.70 5.667000e-01
10054.10 5.438000e-01
10054.50 5.713000e-01
10054.90 5.757000e-01
10055.30 5.589000e-01
10055.70 5.477000e-01
10056.10 5.706000e-01
10056.50 5.750000e-01
10056.90 5.416000e-01
10057.30 5.445000e-01
10057.70 5.667000e-01
10058.10 5.680000e-01
10058.50 5.387000e-01
10058.90 5.433000e-01
10059.30 5.564000e-01
10059.70 5.778000e-01
10060.10 5.620000e-01
10060.50 5.468000e-01
10060.90 5.435000e-01
10061.30 5.471000e-01
10061.70 5.659000e-01
10062.10 5.563000e-01
10062.50 5.485000e-01
10062.90 5.651000e-01
10063.30 5.673000e-01
10063.70 5.608000e-01
10064.10 5.567000e-01
10064.50 5.511000e-01
10064.90 5.301000e-01
10065.30 5.484000e-01
10065.70 6.131000e-01
10066.10 6.046000e-01
10066.50 5.648000e-01
10066.90 5.439000e-01
10067.30 5.463000e-01
10067.70 6.090000e-01
10068.10 5.999000e-01
10068.50 5.549000e-01
10068.90 5.439000e-01
10069.30 5.427000e-01
10069.70 5.353000e-01
10070.10 5.522000e-01
10070.50 5.603000e-01
10070.90 5.509000e-01
10071.30 5.408000e-01
10071.70 5.393000e-01
10072.10 5.514000e-01
10072.50 5.720000e-01
10072.90 5.509000e-01
10073.30 5.456000e-01
10073.70 5.561000e-01
10074.10 5.488000e-01
10074.50 5.491000e-01
10074.90 5.674000e-01
10075.30 5.456000e-01
10075.70 5.479000e-01
10076.10 5.459000e-01
10076.50 5.663000e-01
10076.90 5.569000e-01
10077.30 5.651000e-01
10077.70 5.920000e-01
10078.10 5.189000e-01
10078.50 5.313000e-01
10078.90 5.332000e-01
10079.30 5.405000e-01
10079.70 5.427000e-01
10080.10 5.399000e-01
10080.50 5.514000e-01
10080.90 5.469000e-01
10081.30 5.513000e-01
10081.70 6.023000e-01
10082.10 5.622000e-01
10082.50 5.547000e-01
10082.90 5.417000e-01
10083.30 5.314000e-01
10083.70 5.389000e-01
10084.10 5.531000e-01
10084.50 5.577000e-01
10084.90 5.731000e-01
10085.30 5.688000e-01
10085.70 5.492000e-01
10086.10 5.576000e-01
10086.50 5.407000e-01
10086.90 5.201000e-01
10087.30 5.241000e-01
10087.70 5.389000e-01
10088.10 5.460000e-01
10088.50 5.523000e-01
10088.90 5.363000e-01
10089.30 5.279000e-01
10089.70 5.401000e-01
10090.10 5.222000e-01
10090.50 5.115000e-01
10090.90 5.259000e-01
10091.30 5.513000e-01
10091.70 5.483000e-01
10092.10 5.345000e-01
10092.50 5.340000e-01
10092.90 5.429000e-01
10093.30 5.407000e-01
10093.70 5.419000e-01
10094.10 5.598000e-01
10094.50 5.460000e-01
10094.90 5.263000e-01
10095.30 5.237000e-01
10095.70 5.083000e-01
10096.10 5.377000e-01
10096.50 5.371000e-01
10096.90 5.118000e-01
10097.30 5.288000e-01
10097.70 5.421000e-01
10098.10 5.590000e-01
10098.50 5.505000e-01
10098.90 5.111000e-01
10099.30 5.205000e-01
10099.70 5.224000e-01
10100.10 5.241000e-01
10100.50 4.972000e-01
10100.90 5.142000e-01
10101.30 4.935000e-01
10101.70 5.024000e-01
10102.10 5.192000e-01
10102.50 5.075000e-01
10102.90 5.008000e-01
10103.30 5.182000e-01
10103.70 5.332000e-01
10104.10 5.460000e-01
10104.50 5.470000e-01
10104.90 5.244000e-01
10105.30 5.132000e-01
10105.70 5.251000e-01
10106.10 5.053000e-01
10106.50 4.972000e-01
10106.90 5.136000e-01
10107.30 5.073000e-01
10107.70 5.305000e-01
10108.10 5.392000e-01
10108.50 5.490000e-01
10108.90 5.276000e-01
10109.30 5.141000e-01
10109.70 5.078000e-01
10110.10 5.002000e-01
10110.50 5.088000e-01
10110.90 5.160000e-01
10111.30 5.097000e-01
10111.70 5.012000e-01
10112.10 4.893000e-01
10112.50 5.030000e-01
10112.90 5.026000e-01
10113.30 4.833000e-01
10113.70 5.171000e-01
10114.10 5.279000e-01
10114.50 5.218000e-01
10114.90 5.173000e-01
10115.30 5.444000e-01
10115.70 5.410000e-01
10116.10 4.852000e-01
10116.50 4.858000e-01
10116.90 5.138000e-01
10117.30 5.300000e-01
10117.70 5.095000e-01
10118.10 4.984000e-01
10118.50 4.936000e-01
10118.90 4.921000e-01
10119.30 4.811000e-01
10119.70 4.867000e-01
10120.10 4.681000e-01
10120.50 4.105000e-01
10120.90 3.968000e-01
10121.30 4.098000e-01
10121.70 4.105000e-01
10122.10 4.433000e-01
10122.50 4.585000e-01
10122.90 4.537000e-01
10123.30 4.663000e-01
10123.70 4.410000e-01
10124.10 4.464000e-01
10124.50 4.684000e-01
10124.90 4.709000e-01
10125.30 4.640000e-01
10125.70 4.864000e-01
10126.10 5.031000e-01
10126.50 5.042000e-01
10126.90 5.337000e-01
10127.30 4.768000e-01
10127.70 4.561000e-01
10128.10 4.646000e-01
10128.50 4.866000e-01
10128.90 4.786000e-01
10129.30 4.856000e-01
10129.70 4.618000e-01
10130.10 5.024000e-01
10130.50 5.275000e-01
10130.90 5.192000e-01
10131.30 4.934000e-01
10131.70 4.896000e-01
10132.10 4.923000e-01
10132.50 4.656000e-01
10132.90 5.021000e-01
10133.30 4.753000e-01
10133.70 4.595000e-01
10134.10 4.556000e-01
10134.50 4.397000e-01
10134.90 4.729000e-01
10135.30 4.810000e-01
10135.70 4.393000e-01
10136.10 4.376000e-01
10136.50 4.473000e-01
10136.90 4.243000e-01
10137.30 4.781000e-01
10137.70 4.554000e-01
10138.10 4.716000e-01
10138.50 5.006000e-01
10138.90 4.871000e-01
10139.30 4.842000e-01
10139.70 4.691000e-01
10140.10 4.735000e-01
10140.50 4.835000e-01
10140.90 4.623000e-01
10141.30 4.788000e-01
10141.70 4.694000e-01
10142.10 4.800000e-01
10142.50 4.695000e-01
10142.90 4.885000e-01
10143.30 4.773000e-01
10143.70 4.906000e-01
10144.10 5.071000e-01
10144.50 4.725000e-01
10144.90 4.750000e-01
10145.30 4.930000e-01
10145.70 4.810000e-01
10146.10 4.513000e-01
10146.50 4.571000e-01
10146.90 4.831000e-01
10147.30 4.703000e-01
10147.70 4.715000e-01
10148.10 4.683000e-01
10148.50 5.191000e-01
10148.90 5.388000e-01
10149.30 4.683000e-01
10149.70 4.500000e-01
10150.10 4.773000e-01
10150.50 5.042000e-01
10150.90 4.614000e-01
10151.30 5.023000e-01
10151.70 4.893000e-01
10152.10 4.726000e-01
10152.50 4.749000e-01
10152.90 4.732000e-01
10153.30 4.905000e-01
10153.70 4.830000e-01
10154.10 4.791000e-01
10154.50 4.771000e-01
10154.90 4.565000e-01
10155.30 4.496000e-01
10155.70 4.451000e-01
10156.10 4.814000e-01
10156.50 4.628000e-01
10156.90 4.322000e-01
10157.30 4.378000e-01
10157.70 4.741000e-01
10158.10 4.584000e-01
10158.50 4.733000e-01
10158.90 4.842000e-01
10159.30 4.867000e-01
10159.70 4.460000e-01
10160.10 4.618000e-01
10160.50 4.546000e-01
10160.90 4.975000e-01
10161.30 4.823000e-01
10161.70 4.709000e-01
10162.10 4.621000e-01
10162.50 4.428000e-01
10162.90 4.643000e-01
10163.30 4.948000e-01
10163.70 4.577000e-01
10164.10 4.829000e-01
10164.50 4.559000e-01
10164.90 4.564000e-01
10165.30 4.766000e-01
10165.70 4.940000e-01
10166.10 4.923000e-01
10166.50 4.820000e-01
10166.90 4.862000e-01
10167.30 4.864000e-01
10167.70 4.793000e-01
10168.10 4.594000e-01
10168.50 4.638000e-01
10168.90 4.667000e-01
10169.30 4.490000e-01
10169.70 4.403000e-01
10170.10 4.411000e-01
10170.50 4.601000e-01
10170.90 4.762000e-01
10171.30 4.867000e-01
10171.70 4.586000e-01
10172.10 4.646000e-01
10172.50 4.598000e-01
10172.90 4.710000e-01
10173.30 5.006000e-01
10173.70 5.186000e-01
10174.10 5.287000e-01
10174.50 4.731000e-01
10174.90 4.680000e-01
10175.30 4.963000e-01
10175.70 5.056000e-01
10176.10 4.516000e-01
10176.50 4.653000e-01
10176.90 5.019000e-01
10177.30 4.632000e-01
10177.70 4.630000e-01
10178.10 4.685000e-01
10178.50 4.760000e-01
10178.90 4.488000e-01
10179.30 4.430000e-01
10179.70 4.510000e-01
10180.10 4.659000e-01
10180.50 4.496000e-01
10180.90 4.507000e-01
10181.30 4.860000e-01
10181.70 4.578000e-01
10182.10 4.550000e-01
10182.50 4.530000e-01
10182.90 4.952000e-01
10183.30 4.882000e-01
10183.70 4.735000e-01
10184.10 4.676000e-01
10184.50 4.512000e-01
10184.90 4.613000e-01
10185.30 4.680000e-01
10185.70 4.471000e-01
10186.10 4.812000e-01
10186.50 4.972000e-01
10186.90 4.741000e-01
10187.30 4.785000e-01
10187.70 4.830000e-01
10188.10 5.089000e-01
10188.50 5.125000e-01
10188.90 5.111000e-01
10189.30 5.050000e-01
10189.70 4.966000e-01
10190.10 4.650000e-01
10190.50 4.471000e-01
10190.90 4.543000e-01
10191.30 4.779000e-01
10191.70 4.777000e-01
10192.10 4.998000e-01
10192.50 4.479000e-01
10192.90 4.453000e-01
10193.30 4.902000e-01
10193.70 4.867000e-01
10194.10 4.865000e-01
10194.50 4.542000e-01
10194.90 4.480000e-01
10195.30 4.745000e-01
10195.70 4.757000e-01
10196.10 4.482000e-01
10196.50 4.354000e-01
10196.90 4.211000e-01
10197.30 4.207000e-01
10197.70 4.497000e-01
10198.10 4.137000e-01
10198.50 4.331000e-01
10198.90 4.582000e-01
10199.30 4.728000e-01
10199.70 4.520000e-01
10200.10 4.543000e-01
10200.50 4.611000e-01
10200.90 4.791000e-01
10201.30 4.850000e-01
10201.70 4.412000e-01
10202.10 4.905000e-01
10202.50 4.831000e-01
10202.90 4.399000e-01
10203.30 4.549000e-01
10203.70 4.674000e-01
10204.10 4.403000e-01
10204.50 4.401000e-01
10204.90 4.741000e-01
10205.30 4.343000e-01
10205.70 4.326000e-01
10206.10 4.608000e-01
10206.50 4.770000e-01
10206.90 4.835000e-01
10207.30 4.476000e-01
10207.70 4.362000e-01
10208.10 4.480000e-01
10208.50 4.472000e-01
10208.90 4.529000e-01
10209.30 4.688000e-01
10209.70 4.706000e-01
10210.10 4.964000e-01
10210.50 4.944000e-01
10210.90 4.633000e-01
10211.30 4.627000e-01
10211.70 4.744000e-01
10212.10 4.587000e-01
10212.50 4.611000e-01
10212.90 4.693000e-01
10213.30 4.341000e-01
10213.70 4.426000e-01
10214.10 4.334000e-01
10214.50 4.239000e-01
10214.90 4.543000e-01
10215.30 4.499000e-01
10215.70 4.334000e-01
10216.10 4.433000e-01
10216.50 4.263000e-01
10216.90 4.282000e-01
10217.30 4.006000e-01
10217.70 3.893000e-01
10218.10 3.991000e-01
10218.50 3.771000e-01
10218.90 3.797000e-01
10219.30 4.497000e-01
10219.70 4.427000e-01
10220.10 4.028000e-01
10220.50 4.262000e-01
10220.90 4.228000e-01
10221.30 4.542000e-01
10221.70 4.728000e-01
10222.10 4.354000e-01
10222.50 4.421000e-01
10222.90 4.233000e-01
10223.30 4.325000e-01
10223.70 4.639000e-01
10224.10 4.567000e-01
10224.50 4.006000e-01
10224.90 4.219000e-01
10225.30 4.416000e-01
10225.70 4.289000e-01
10226.10 4.206000e-01
10226.50 4.281000e-01
10226.90 4.390000e-01
10227.30 4.228000e-01
10227.70 4.372000e-01
10228.10 4.435000e-01
10228.50 4.547000e-01
10228.90 4.620000e-01
10229.30 4.383000e-01
10229.70 4.268000e-01
10230.10 4.045000e-01
10230.50 4.195000e-01
10230.90 4.474000e-01
10231.30 4.476000e-01
10231.70 4.339000e-01
10232.10 4.271000e-01
10232.50 4.448000e-01
10232.90 4.456000e-01
10233.30 4.151000e-01
10233.70 4.388000e-01
10234.10 4.492000e-01
10234.50 4.608000e-01
10234.90 4.301000e-01
10235.30 4.531000e-01
10235.70 4.809000e-01
10236.10 4.413000e-01
10236.50 4.412000e-01
10236.90 4.417000e-01
10237.30 4.427000e-01
10237.70 4.538000e-01
10238.10 4.477000e-01
10238.50 4.279000e-01
10238.90 4.287000e-01
10239.30 4.427000e-01
10239.70 4.324000e-01
10240.10 4.034000e-01
10240.50 4.346000e-01
10240.90 4.349000e-01
10241.30 4.242000e-01
10241.70 4.466000e-01
10242.10 4.551000e-01
10242.50 4.388000e-01
10242.90 4.232000e-01
10243.30 4.256000e-01
10243.70 4.290000e-01
10244.10 4.394000e-01
10244.50 4.453000e-01
10244.90 4.464000e-01
10245.30 4.660000e-01
10245.70 4.502000e-01
10246.10 4.215000e-01
10246.50 4.294000e-01
10246.90 4.391000e-01
10247.30 4.570000e-01
10247.70 4.220000e-01
10248.10 0.000000e+00
10248.50 0.000000e+00
10248.90 4.458000e-01
10249.30 4.578000e-01
10249.70 4.595000e-01
10250.10 4.517000e-01
10250.50 4.489000e-01
10250.90 3.709000e-01
10251.30 3.500000e-01
10251.70 4.138000e-01
10252.10 4.398000e-01
10252.50 4.382000e-01
10252.90 4.336000e-01
10253.30 4.488000e-01
10253.70 4.576000e-01
10254.10 4.289000e-01
10254.50 4.313000e-01
10254.90 4.614000e-01
10255.30 4.540000e-01
10255.70 4.577000e-01
10256.10 4.302000e-01
10256.50 4.143000e-01
10256.90 4.199000e-01
10257.30 4.529000e-01
10257.70 4.721000e-01
10258.10 4.517000e-01
10258.50 4.320000e-01
10258.90 3.704000e-01
10259.30 3.809000e-01
10259.70 4.168000e-01
10260.10 4.257000e-01
10260.50 3.742000e-01
10260.90 3.823000e-01
10261.30 4.088000e-01
10261.70 4.057000e-01
10262.10 4.578000e-01
10262.50 4.496000e-01
10262.90 4.387000e-01
10263.30 4.571000e-01
10263.70 4.377000e-01
10264.10 4.259000e-01
10264.50 4.498000e-01
10264.90 4.743000e-01
10265.30 4.540000e-01
10265.70 4.512000e-01
10266.10 4.708000e-01
10266.50 4.849000e-01
10266.90 4.516000e-01
10267.30 4.782000e-01
10267.70 4.838000e-01
10268.10 4.536000e-01
10268.50 4.475000e-01
10268.90 4.315000e-01
10269.30 4.367000e-01
10269.70 4.260000e-01
10270.10 4.322000e-01
10270.50 4.571000e-01
10270.90 4.420000e-01
10271.30 4.311000e-01
10271.70 4.678000e-01
10272.10 4.527000e-01
10272.50 4.212000e-01
10272.90 4.779000e-01
10273.30 4.636000e-01
10273.70 4.578000e-01
10274.10 4.511000e-01
10274.50 4.267000e-01
10274.90 4.095000e-01
10275.30 4.144000e-01
10275.70 4.116000e-01
10276.10 4.271000e-01
10276.50 4.368000e-01
10276.90 4.525000e-01
10277.30 4.666000e-01
10277.70 4.561000e-01
10278.10 4.314000e-01
10278.50 4.131000e-01
10278.90 4.180000e-01
10279.30 4.808000e-01
10279.70 4.828000e-01
10280.10 4.445000e-01
10280.50 4.595000e-01
10280.90 4.306000e-01
10281.30 3.932000e-01
10281.70 4.061000e-01
10282.10 4.439000e-01
10282.50 4.370000e-01
10282.90 4.177000e-01
10283.30 4.560000e-01
10283.70 4.312000e-01
10284.10 4.286000e-01
10284.50 4.204000e-01
10284.90 4.206000e-01
10285.30 4.609000e-01
10285.70 4.513000e-01
10286.10 4.370000e-01
10286.50 4.255000e-01
10286.90 4.270000e-01
10287.30 4.198000e-01
10287.70 4.441000e-01
10288.10 3.684000e-01
10288.50 4.318000e-01
10288.90 4.552000e-01
10289.30 4.180000e-01
10289.70 0.000000e+00
10290.10 4.592000e-01
10290.50 4.290000e-01
10290.90 4.299000e-01
10291.30 4.399000e-01
10291.70 4.361000e-01
10292.10 4.343000e-01
10292.50 4.578000e-01
10292.90 3.840000e-01
10293.30 3.626000e-01
10293.70 3.163000e-01
10294.10 3.155000e-01
10294.50 3.210000e-01
10294.90 3.176000e-01
10295.30 4.275000e-01
10295.70 4.438000e-01
10296.10 4.605000e-01
10296.50 4.766000e-01
10296.90 4.352000e-01
10297.30 4.496000e-01
10297.70 4.105000e-01
10298.10 4.145000e-01
10298.50 4.129000e-01
10298.90 4.346000e-01
10299.30 4.287000e-01
10299.70 4.390000e-01
10300.10 4.252000e-01
10300.50 4.097000e-01
10300.90 4.130000e-01
10301.30 4.222000e-01
10301.70 4.451000e-01
10302.10 4.260000e-01
10302.50 4.247000e-01
10302.90 4.513000e-01
10303.30 4.622000e-01
10303.70 4.497000e-01
10304.10 4.219000e-01
10304.50 4.378000e-01
10304.90 4.383000e-01
10305.30 4.175000e-01
10305.70 4.558000e-01
10306.10 4.379000e-01
10306.50 4.376000e-01
10306.90 4.443000e-01
10307.30 4.457000e-01
10307.70 4.514000e-01
10308.10 4.253000e-01
10308.50 3.911000e-01
10308.90 4.287000e-01
10309.30 4.498000e-01
10309.70 4.500000e-01
10310.10 4.548000e-01
10310.50 4.641000e-01
10310.90 4.620000e-01
10311.30 4.110000e-01
10311.70 4.250000e-01
10312.10 4.438000e-01
10312.50 4.525000e-01
10312.90 4.240000e-01
10313.30 3.849000e-01
10313.70 3.947000e-01
10314.10 4.246000e-01
10314.50 3.496000e-01
10314.90 3.443000e-01
10315.30 4.300000e-01
10315.70 4.243000e-01
10316.10 4.695000e-01
10316.50 3.243000e-01
10316.90 3.561000e-01
10317.30 4.218000e-01
10317.70 4.419000e-01
10318.10 4.731000e-01
10318.50 4.572000e-01
10318.90 4.627000e-01
10319.30 4.696000e-01
10319.70 4.541000e-01
10320.10 4.395000e-01
10320.50 4.315000e-01
10320.90 4.420000e-01
10321.30 4.369000e-01
10321.70 4.417000e-01
10322.10 4.362000e-01
10322.50 4.202000e-01
10322.90 4.351000e-01
10323.30 4.482000e-01
10323.70 4.419000e-01
10324.10 4.306000e-01
10324.50 4.790000e-01
10324.90 4.933000e-01
10325.30 4.730000e-01
10325.70 4.803000e-01
10326.10 4.812000e-01
10326.50 4.522000e-01
10326.90 4.896000e-01
10327.30 4.739000e-01
10327.70 4.359000e-01
10328.10 4.031000e-01
10328.50 3.653000e-01
10328.90 4.701000e-01
10329.30 4.524000e-01
10329.70 4.326000e-01
10330.10 4.522000e-01
10330.50 4.684000e-01
10330.90 0.000000e+00
10331.30 0.000000e+00
10331.70 3.472000e-01
10332.10 3.620000e-01
10332.50 3.267000e-01
10332.90 3.295000e-01
10333.30 3.293000e-01
10333.70 3.572000e-01
10334.10 0.000000e+00
10334.50 0.000000e+00
10334.90 0.000000e+00
10335.30 4.152000e-01
10335.70 4.283000e-01
10336.10 4.303000e-01
10336.50 4.269000e-01
10336.90 4.142000e-01
10337.30 3.969000e-01
10337.70 4.330000e-01
10338.10 4.499000e-01
10338.50 4.487000e-01
10338.90 4.355000e-01
10339.30 4.305000e-01
10339.70 4.488000e-01
10340.10 4.614000e-01
10340.50 4.699000e-01
10340.90 4.458000e-01
10341.30 4.341000e-01
10341.70 4.035000e-01
10342.10 4.099000e-01
10342.50 4.215000e-01
10342.90 4.433000e-01
10343.30 4.622000e-01
10343.70 4.441000e-01
10344.10 4.105000e-01
10344.50 3.875000e-01
10344.90 3.947000e-01
10345.30 3.589000e-01
10345.70 4.650000e-01
10346.10 4.592000e-01
10346.50 4.794000e-01
10346.90 4.391000e-01
10347.30 4.643000e-01
10347.70 4.889000e-01
10348.10 0.000000e+00
10348.50 0.000000e+00
10348.90 4.657000e-01
10349.30 4.446000e-01
10349.70 4.136000e-01
10350.10 4.207000e-01
10350.50 4.220000e-01
10350.90 0.000000e+00
10351.30 0.000000e+00
10351.70 0.000000e+00
10352.10 4.931000e-01
10352.50 4.450000e-01
10352.90 4.504000e-01
10353.30 4.648000e-01
10353.70 4.568000e-01
10354.10 4.705000e-01
10354.50 4.708000e-01
10354.90 4.461000e-01
10355.30 4.744000e-01
10355.70 4.442000e-01
10356.10 4.375000e-01
10356.50 4.333000e-01
10356.90 4.710000e-01
10357.30 4.718000e-01
10357.70 4.435000e-01
10358.10 4.372000e-01
10358.50 4.293000e-01
10358.90 4.634000e-01
10359.30 4.909000e-01
10359.70 4.676000e-01
10360.10 4.181000e-01
10360.50 4.257000e-01
10360.90 4.533000e-01
10361.30 4.105000e-01
10361.70 4.320000e-01
10362.10 4.278000e-01
10362.50 4.716000e-01
10362.90 4.738000e-01
10363.30 4.788000e-01
10363.70 4.125000e-01
10364.10 4.476000e-01
10364.50 4.464000e-01
10364.90 4.534000e-01
10365.30 4.239000e-01
10365.70 4.268000e-01
10366.10 4.235000e-01
10366.50 0.000000e+00
10366.90 0.000000e+00
10367.30 4.163000e-01
10367.70 4.046000e-01
10368.10 0.000000e+00
10368.50 4.301000e-01
10368.90 4.286000e-01
10369.30 4.494000e-01
10369.70 4.650000e-01
10370.10 4.543000e-01
10370.50 4.361000e-01
10370.90 4.631000e-01
10371.30 4.490000e-01
10371.70 4.217000e-01
10372.10 4.661000e-01
10372.50 4.723000e-01
10372.90 4.622000e-01
10373.30 4.259000e-01
10373.70 4.418000e-01
10374.10 4.712000e-01
10374.50 4.091000e-01
10374.90 4.733000e-01
10375.30 4.220000e-01
10375.70 4.670000e-01
10376.10 4.523000e-01
10376.50 4.711000e-01
10376.90 2.780000e-01
10377.30 0.000000e+00
10377.70 4.576000e-01
10378.10 4.392000e-01
10378.50 0.000000e+00
10378.90 0.000000e+00
10379.30 0.000000e+00
10379.70 0.000000e+00
10380.10 0.000000e+00
10380.50 4.809000e-01
10380.90 4.859000e-01
10381.30 4.689000e-01
10381.70 4.512000e-01
10382.10 4.290000e-01
10382.50 4.536000e-01
10382.90 4.376000e-01
10383.30 4.612000e-01
10383.70 4.372000e-01
10384.10 4.651000e-01
10384.50 4.270000e-01
10384.90 4.124000e-01
10385.30 3.877000e-01
10385.70 4.221000e-01
10386.10 4.202000e-01
10386.50 4.249000e-01
10386.90 4.668000e-01
10387.30 4.783000e-01
10387.70 4.301000e-01
10388.10 4.056000e-01
10388.50 4.021000e-01
10388.90 3.636000e-01
10389.30 0.000000e+00
10389.70 3.778000e-01
10390.10 3.625000e-01
10390.50 4.341000e-01
10390.90 4.306000e-01
10391.30 4.493000e-01
10391.70 4.667000e-01
10392.10 4.268000e-01
10392.50 4.180000e-01
10392.90 4.026000e-01
10393.30 4.042000e-01
10393.70 4.251000e-01
10394.10 4.372000e-01
10394.50 4.158000e-01
10394.90 4.377000e-01
10395.30 4.414000e-01
10395.70 4.540000e-01
10396.10 4.511000e-01
10396.50 4.157000e-01
10396.90 4.008000e-01
10397.30 4.039000e-01
10397.70 3.984000e-01
10398.10 0.000000e+00
10398.50 3.184000e-01
10398.90 4.061000e-01
10399.30 4.341000e-01
10399.70 4.270000e-01
10400.10 4.528000e-01
10400.50 4.149000e-01
10400.90 3.934000e-01
10401.30 4.514000e-01
10401.70 4.398000e-01
10402.10 4.083000e-01
10402.50 0.000000e+00
10402.90 4.473000e-01
10403.30 4.251000e-01
10403.70 4.432000e-01
10404.10 4.239000e-01
10404.50 4.546000e-01
10404.90 4.360000e-01
10405.30 4.169000e-01
10405.70 4.561000e-01
10406.10 4.276000e-01
10406.50 3.998000e-01
10406.90 4.439000e-01
10407.30 4.415000e-01
10407.70 4.524000e-01
10408.10 4.753000e-01
10408.50 4.542000e-01
10408.90 4.137000e-01
10409.30 4.235000e-01
10409.70 4.585000e-01
10410.10 4.454000e-01
10410.50 4.366000e-01
10410.90 4.205000e-01
10411.30 4.328000e-01
10411.70 3.558000e-01
10412.10 3.355000e-01
10412.50 3.161000e-01
10412.90 3.685000e-01
10413.30 0.000000e+00
10413.70 2.745000e-01
10414.10 0.000000e+00
10414.50 4.297000e-01
10414.90 4.398000e-01
10415.30 4.193000e-01
10415.70 4.165000e-01
10416.10 4.024000e-01
10416.50 4.559000e-01
10416.90 4.712000e-01
10417.30 4.662000e-01
10417.70 4.284000e-01
10418.10 4.185000e-01
10418.50 4.497000e-01
10418.90 4.017000e-01
10419.30 4.617000e-01
10419.70 4.548000e-01
10420.10 4.520000e-01
10420.50 4.377000e-01
10420.90 4.715000e-01
10421.30 4.506000e-01
10421.70 4.346000e-01
10422.10 4.274000e-01
10422.50 4.379000e-01
10422.90 4.214000e-01
10423.30 4.398000e-01
10423.70 4.251000e-01
10424.10 4.469000e-01
10424.50 4.815000e-01
10424.90 4.658000e-01
10425.30 4.588000e-01
10425.70 4.807000e-01
10426.10 4.307000e-01
10426.50 4.078000e-01
10426.90 2.812000e-01
10427.30 4.121000e-01
10427.70 4.104000e-01
10428.10 3.956000e-01
10428.50 4.196000e-01
10428.90 4.488000e-01
10429.30 4.375000e-01
10429.70 4.458000e-01
10430.10 4.169000e-01
10430.50 3.990000e-01
10430.90 4.037000e-01
10431.30 3.942000e-01
10431.70 4.340000e-01
10432.10 4.333000e-01
10432.50 4.337000e-01
10432.90 4.352000e-01
10433.30 4.258000e-01
10433.70 4.305000e-01
10434.10 4.329000e-01
10434.50 4.759000e-01
10434.90 4.657000e-01
10435.30 4.400000e-01
10435.70 4.128000e-01
10436.10 0.000000e+00
10436.50 4.884000e-01
10436.90 4.446000e-01
10437.30 4.238000e-01
10437.70 4.568000e-01
10438.10 4.063000e-01
10438.50 4.058000e-01
10438.90 3.930000e-01
10439.30 4.627000e-01
10439.70 4.352000e-01
10440.10 4.034000e-01
10440.50 4.140000e-01
10440.90 4.267000e-01
10441.30 4.391000e-01
10441.70 4.291000e-01
10442.10 4.671000e-01
10442.50 4.472000e-01
10442.90 4.293000e-01
10443.30 4.500000e-01
10443.70 4.576000e-01
10444.10 4.565000e-01
10444.50 4.484000e-01
10444.90 4.585000e-01
10445.30 4.237000e-01
10445.70 3.966000e-01
10446.10 3.595000e-01
10446.50 4.443000e-01
10446.90 4.433000e-01
10447.30 4.703000e-01
10447.70 4.476000e-01
10448.10 4.409000e-01
10448.50 4.008000e-01
10448.90 4.640000e-01
10449.30 5.015000e-01
10449.70 4.643000e-01
10450.10 4.611000e-01
10450.50 4.415000e-01
10450.90 4.840000e-01
10451.30 4.620000e-01
10451.70 4.262000e-01
10452.10 4.214000e-01
10452.50 4.294000e-01
10452.90 4.529000e-01
10453.30 4.667000e-01
10453.70 4.588000e-01
10454.10 4.183000e-01
10454.50 4.354000e-01
10454.90 4.397000e-01
10455.30 4.284000e-01
10455.70 4.269000e-01
10456.10 0.000000e+00
10456.50 3.520000e-01
10456.90 4.304000e-01
10457.30 4.325000e-01
10457.70 4.325000e-01
10458.10 4.447000e-01
10458.50 4.476000e-01
10458.90 4.594000e-01
10459.30 4.434000e-01
10459.70 4.359000e-01
10460.10 4.321000e-01
10460.50 4.440000e-01
10460.90 4.595000e-01
10461.30 4.644000e-01
10461.70 4.539000e-01
10462.10 4.460000e-01
10462.50 4.773000e-01
10462.90 4.334000e-01
10463.30 4.241000e-01
10463.70 0.000000e+00
10464.10 0.000000e+00
10464.50 3.565000e-01
10464.90 3.969000e-01
10465.30 3.866000e-01
10465.70 3.979000e-01
10466.10 4.612000e-01
10466.50 0.000000e+00
10466.90 0.000000e+00
10467.30 4.263000e-01
10467.70 3.809000e-01
10468.10 0.000000e+00
10468.50 4.327000e-01
10468.90 3.916000e-01
10469.30 4.148000e-01
10469.70 4.068000e-01
10470.10 4.380000e-01
10470.50 4.435000e-01
10470.90 4.544000e-01
10471.30 4.734000e-01
10471.70 4.541000e-01
10472.10 4.449000e-01
10472.50 4.415000e-01
10472.90 4.092000e-01
10473.30 4.228000e-01
10473.70 4.375000e-01
10474.10 4.631000e-01
10474.50 4.769000e-01
10474.90 5.069000e-01
10475.30 4.514000e-01
10475.70 4.381000e-01
10476.10 4.454000e-01
10476.50 4.396000e-01
10476.90 4.326000e-01
10477.30 4.351000e-01
10477.70 3.947000e-01
10478.10 4.183000e-01
10478.50 4.497000e-01
10478.90 4.724000e-01
10479.30 4.446000e-01
10479.70 4.631000e-01
10480.10 4.644000e-01
10480.50 4.240000e-01
10480.90 3.958000e-01
10481.30 4.123000e-01
10481.70 4.351000e-01
10482.10 4.336000e-01
10482.50 4.676000e-01
10482.90 4.517000e-01
10483.30 4.439000e-01
10483.70 4.532000e-01
10484.10 4.639000e-01
10484.50 4.624000e-01
10484.90 4.286000e-01
10485.30 4.173000e-01
10485.70 4.120000e-01
10486.10 4.525000e-01
10486.50 4.131000e-01
10486.90 4.376000e-01
10487.30 3.994000e-01
10487.70 4.533000e-01
10488.10 4.797000e-01
10488.50 4.333000e-01
10488.90 4.220000e-01
10489.30 3.965000e-01
10489.70 4.249000e-01
10490.10 4.314000e-01
10490.50 3.416000e-01
10490.90 4.186000e-01
10491.30 4.324000e-01
10491.70 4.269000e-01
10492.10 4.077000e-01
10492.50 4.519000e-01
10492.90 4.497000e-01
10493.30 4.544000e-01
10493.70 4.697000e-01
10494.10 0.000000e+00
10494.50 0.000000e+00
10494.90 4.134000e-01
10495.30 0.000000e+00
10495.70 3.157000e-01
10496.10 4.532000e-01
10496.50 4.486000e-01
10496.90 4.451000e-01
10497.30 4.231000e-01
10497.70 4.156000e-01
10498.10 0.000000e+00
10498.50 3.369000e-01
10498.90 3.099000e-01
10499.30 4.358000e-01
10499.70 4.530000e-01
10500.10 4.656000e-01
10500.50 3.796000e-01
10500.90 0.000000e+00
10501.30 0.000000e+00
10501.70 0.000000e+00
10502.10 4.945000e-01
10502.50 4.853000e-01
10502.90 4.807000e-01
10503.30 4.592000e-01
10503.70 4.906000e-01
10504.10 4.823000e-01
10504.50 4.907000e-01
10504.90 4.842000e-01
10505.30 4.623000e-01
10505.70 4.718000e-01
10506.10 4.353000e-01
10506.50 4.507000e-01
10506.90 4.677000e-01
10507.30 4.531000e-01
10507.70 4.129000e-01
10508.10 4.576000e-01
10508.50 4.096000e-01
10508.90 4.771000e-01
10509.30 4.330000e-01
10509.70 4.578000e-01
10510.10 4.523000e-01
10510.50 4.794000e-01
10510.90 2.946000e-01
10511.30 0.000000e+00
10511.70 4.575000e-01
10512.10 4.265000e-01
10512.50 4.684000e-01
10512.90 4.554000e-01
10513.30 4.894000e-01
10513.70 4.657000e-01
10514.10 4.380000e-01
10514.50 4.661000e-01
10514.90 4.637000e-01
10515.30 4.857000e-01
10515.70 4.912000e-01
10516.10 4.823000e-01
10516.50 5.104000e-01
10516.90 4.892000e-01
10517.30 4.521000e-01
10517.70 0.000000e+00
10518.10 0.000000e+00
10518.50 3.029000e-01
10518.90 4.676000e-01
10519.30 4.888000e-01
10519.70 4.628000e-01
10520.10 4.898000e-01
10520.50 4.437000e-01
10520.90 4.571000e-01
10521.30 4.343000e-01
10521.70 4.200000e-01
10522.10 4.188000e-01
10522.50 4.049000e-01
10522.90 4.073000e-01
10523.30 4.889000e-01
10523.70 4.849000e-01
10524.10 0.000000e+00
10524.50 0.000000e+00
10524.90 3.301000e-01
10525.30 0.000000e+00
10525.70 0.000000e+00
10526.10 4.635000e-01
10526.50 4.719000e-01
10526.90 5.087000e-01
10527.30 4.763000e-01
10527.70 4.464000e-01
10528.10 4.384000e-01
10528.50 4.586000e-01
10528.90 0.000000e+00
10529.30 3.350000e-01
10529.70 4.540000e-01
10530.10 4.672000e-01
10530.50 4.113000e-01
10530.90 4.798000e-01
10531.30 5.072000e-01
10531.70 5.180000e-01
10532.10 4.688000e-01
10532.50 4.843000e-01
10532.90 4.609000e-01
10533.30 3.693000e-01
10533.70 4.418000e-01
10534.10 4.669000e-01
10534.50 4.840000e-01
10534.90 4.856000e-01
10535.30 4.680000e-01
10535.70 4.441000e-01
10536.10 4.605000e-01
10536.50 4.782000e-01
10536.90 4.279000e-01
10537.30 0.000000e+00
10537.70 0.000000e+00
10538.10 5.054000e-01
10538.50 5.186000e-01
10538.90 4.699000e-01
10539.30 4.587000e-01
10539.70 4.807000e-01
10540.10 4.515000e-01
10540.50 4.539000e-01
10540.90 4.950000e-01
10541.30 5.072000e-01
10541.70 5.050000e-01
10542.10 4.673000e-01
10542.50 4.615000e-01
10542.90 0.000000e+00
10543.30 4.615000e-01
10543.70 4.705000e-01
10544.10 4.880000e-01
10544.50 4.881000e-01
10544.90 4.603000e-01
10545.30 4.625000e-01
10545.70 4.647000e-01
10546.10 4.468000e-01
10546.50 4.700000e-01
10546.90 4.660000e-01
10547.30 0.000000e+00
10547.70 0.000000e+00
10548.10 0.000000e+00
10548.50 4.809000e-01
10548.90 4.567000e-01
10549.30 4.520000e-01
10549.70 4.517000e-01
10550.10 4.758000e-01
10550.50 4.973000e-01
10550.90 4.444000e-01
10551.30 4.396000e-01
10551.70 4.357000e-01
10552.10 4.676000e-01
10552.50 4.442000e-01
10552.90 4.497000e-01
10553.30 4.876000e-01
10553.70 4.699000e-01
10554.10 4.131000e-01
10554.50 4.529000e-01
10554.90 4.471000e-01
10555.30 4.105000e-01
10555.70 4.745000e-01
10556.10 4.577000e-01
10556.50 4.505000e-01
10556.90 4.524000e-01
10557.30 4.297000e-01
10557.70 4.351000e-01
10558.10 4.432000e-01
10558.50 4.304000e-01
10558.90 4.186000e-01
10559.30 4.260000e-01
10559.70 4.383000e-01
10560.10 4.371000e-01
10560.50 4.555000e-01
10560.90 4.986000e-01
10561.30 4.737000e-01
10561.70 4.266000e-01
10562.10 3.944000e-01
10562.50 4.098000e-01
10562.90 4.159000e-01
10563.30 4.584000e-01
10563.70 5.038000e-01
10564.10 4.825000e-01
10564.50 4.356000e-01
10564.90 0.000000e+00
10565.30 4.506000e-01
10565.70 4.529000e-01
10566.10 0.000000e+00
10566.50 4.427000e-01
10566.90 4.407000e-01
10567.30 4.784000e-01
10567.70 3.334000e-01
10568.10 3.309000e-01
10568.50 0.000000e+00
10568.90 3.882000e-01
10569.30 4.207000e-01
10569.70 4.198000e-01
10570.10 3.844000e-01
10570.50 5.117000e-01
10570.90 4.911000e-01
10571.30 0.000000e+00
10571.70 4.558000e-01
10572.10 3.419000e-01
10572.50 3.987000e-01
10572.90 4.600000e-01
10573.30 4.558000e-01
10573.70 4.593000e-01
10574.10 4.864000e-01
10574.50 4.682000e-01
10574.90 4.821000e-01
10575.30 3.371000e-01
10575.70 3.682000e-01
10576.10 4.503000e-01
10576.50 4.349000e-01
10576.90 4.641000e-01
10577.30 4.602000e-01
10577.70 4.260000e-01
10578.10 3.948000e-01
10578.50 4.070000e-01
10578.90 4.540000e-01
10579.30 4.400000e-01
10579.70 4.297000e-01
10580.10 3.300000e-01
10580.50 0.000000e+00
10580.90 4.805000e-01
10581.30 4.521000e-01
10581.70 4.750000e-01
10582.10 4.673000e-01
10582.50 4.149000e-01
10582.90 3.909000e-01
10583.30 3.119000e-01
10583.70 4.129000e-01
10584.10 4.886000e-01
10584.50 4.550000e-01
10584.90 0.000000e+00
10585.30 0.000000e+00
10585.70 4.815000e-01
10586.10 4.035000e-01
10586.50 2.934000e-01
10586.90 0.000000e+00
10587.30 4.360000e-01
10587.70 4.398000e-01
10588.10 4.011000e-01
10588.50 4.486000e-01
10588.90 4.749000e-01
10589.30 4.490000e-01
10589.70 4.718000e-01
10590.10 4.639000e-01
10590.50 4.498000e-01
10590.90 4.160000e-01
10591.30 4.506000e-01
10591.70 4.710000e-01
10592.10 0.000000e+00
10592.50 0.000000e+00
10592.90 0.000000e+00
10593.30 4.720000e-01
10593.70 4.550000e-01
10594.10 0.000000e+00
10594.50 4.242000e-01
10594.90 4.304000e-01
10595.30 0.000000e+00
10595.70 0.000000e+00
10596.10 0.000000e+00
10596.50 0.000000e+00
10596.90 0.000000e+00
10597.30 3.373000e-01
10597.70 4.310000e-01
10598.10 0.000000e+00
10598.50 0.000000e+00
10598.90 0.000000e+00
10599.30 0.000000e+00
10599.70 0.000000e+00
10600.10 0.000000e+00
10600.50 4.102000e-01
10600.90 0.000000e+00
10601.30 0.000000e+00
10601.70 4.859000e-01
10602.10 0.000000e+00
10602.50 0.000000e+00
10602.90 0.000000e+00
10603.30 4.191000e-01
10603.70 3.639000e-01
10604.10 0.000000e+00
10604.50 0.000000e+00
10604.90 4.283000e-01
10605.30 4.342000e-01
10605.70 3.810000e-01
10606.10 4.458000e-01
10606.50 4.237000e-01
10606.90 4.462000e-01
10607.30 0.000000e+00
10607.70 0.000000e+00
10608.10 0.000000e+00
10608.50 0.000000e+00
10608.90 0.000000e+00
10609.30 0.000000e+00
10609.70 0.000000e+00
10610.10 0.000000e+00
10610.50 0.000000e+00
10610.90 4.245000e-01
10611.30 4.298000e-01
10611.70 4.073000e-01
10612.10 4.491000e-01
10612.50 0.000000e+00
10612.90 4.124000e-01
10613.30 4.354000e-01
10613.70 4.559000e-01
10614.10 4.276000e-01
10614.50 4.089000e-01
10614.90 4.156000e-01
10615.30 4.621000e-01
10615.70 4.557000e-01
10616.10 4.633000e-01
10616.50 4.482000e-01
10616.90 4.747000e-01
10617.30 4.665000e-01
10617.70 4.224000e-01
10618.10 0.000000e+00
10618.50 0.000000e+00
10618.90 2.992000e-01
10619.30 4.129000e-01
10619.70 3.975000e-01
10620.10 4.427000e-01
10620.50 4.401000e-01
10620.90 0.000000e+00
10621.30 0.000000e+00
10621.70 4.556000e-01
10622.10 4.435000e-01
10622.50 4.516000e-01
10622.90 0.000000e+00
10623.30 0.000000e+00
10623.70 4.421000e-01
10624.10 0.000000e+00
10624.50 3.984000e-01
10624.90 4.251000e-01
10625.30 3.789000e-01
10625.70 4.188000e-01
10626.10 4.496000e-01
10626.50 4.320000e-01
10626.90 4.350000e-01
10627.30 4.238000e-01
10627.70 4.584000e-01
10628.10 4.161000e-01
10628.50 3.972000e-01
10628.90 4.352000e-01
10629.30 4.603000e-01
10629.70 0.000000e+00
10630.10 0.000000e+00
10630.50 4.454000e-01
10630.90 4.156000e-01
10631.30 4.220000e-01
10631.70 4.086000e-01
10632.10 4.494000e-01
10632.50 4.634000e-01
10632.90 5.069000e-01
10633.30 5.230000e-01
10633.70 4.580000e-01
10634.10 0.000000e+00
10634.50 0.000000e+00
10634.90 0.000000e+00
10635.30 0.000000e+00
10635.70 4.491000e-01
10636.10 4.718000e-01
10636.50 4.455000e-01
10636.90 4.294000e-01
10637.30 3.887000e-01
10637.70 3.986000e-01
10638.10 4.079000e-01
10638.50 4.013000e-01
10638.90 4.020000e-01
10639.30 3.898000e-01
10639.70 4.323000e-01
10640.10 0.000000e+00
10640.50 3.913000e-01
10640.90 0.000000e+00
10641.30 3.914000e-01
10641.70 4.350000e-01
10642.10 3.910000e-01
10642.50 3.035000e-01
10642.90 0.000000e+00
10643.30 0.000000e+00
10643.70 4.345000e-01
10644.10 4.670000e-01
10644.50 4.107000e-01
10644.90 4.665000e-01
10645.30 4.205000e-01
10645.70 3.114000e-01
10646.10 3.182000e-01
10646.50 0.000000e+00
10646.90 4.373000e-01
10647.30 4.208000e-01
10647.70 4.728000e-01
10648.10 4.549000e-01
10648.50 4.016000e-01
10648.90 0.000000e+00
10649.30 0.000000e+00
10649.70 4.554000e-01
10650.10 4.434000e-01
10650.50 4.228000e-01
10650.90 2.912000e-01
10651.30 4.022000e-01
10651.70 0.000000e+00
10652.10 2.348000e-01
10652.50 0.000000e+00
10652.90 0.000000e+00
10653.30 0.000000e+00
10653.70 0.000000e+00
10654.10 0.000000e+00
10654.50 4.429000e-01
10654.90 4.349000e-01
10655.30 4.035000e-01
10655.70 0.000000e+00
10656.10 0.000000e+00
10656.50 0.000000e+00
10656.90 0.000000e+00
10657.30 0.000000e+00
10657.70 0.000000e+00
10658.10 4.507000e-01
10658.50 4.642000e-01
10658.90 4.314000e-01
10659.30 4.379000e-01
10659.70 4.370000e-01
10660.10 4.735000e-01
10660.50 2.306000e-01
10660.90 0.000000e+00
10661.30 4.720000e-01
10661.70 0.000000e+00
10662.10 0.000000e+00
10662.50 4.593000e-01
10662.90 4.680000e-01
10663.30 4.523000e-01
10663.70 4.274000e-01
10664.10 4.460000e-01
10664.50 0.000000e+00
10664.90 0.000000e+00
10665.30 4.559000e-01
10665.70 4.086000e-01
10666.10 0.000000e+00
10666.50 0.000000e+00
10666.90 4.941000e-01
10667.30 0.000000e+00
10667.70 4.535000e-01
10668.10 4.427000e-01
10668.50 3.976000e-01
10668.90 0.000000e+00
10669.30 4.558000e-01
10669.70 0.000000e+00
10670.10 0.000000e+00
10670.50 0.000000e+00
10670.90 4.694000e-01
10671.30 4.254000e-01
10671.70 0.000000e+00
10672.10 0.000000e+00
10672.50 0.000000e+00
10672.90 0.000000e+00
10673.30 0.000000e+00
10673.70 0.000000e+00
10674.10 0.000000e+00
10674.50 0.000000e+00
10674.90 0.000000e+00
10675.30 4.895000e-01
10675.70 4.659000e-01
10676.10 4.312000e-01
10676.50 4.412000e-01
10676.90 0.000000e+00
10677.30 2.911000e-01
10677.70 2.772000e-01
10678.10 2.946000e-01
10678.50 0.000000e+00
10678.90 0.000000e+00
10679.30 4.513000e-01
10679.70 3.996000e-01
10680.10 4.545000e-01
10680.50 0.000000e+00
10680.90 0.000000e+00
10681.30 4.510000e-01
10681.70 4.758000e-01
10682.10 4.153000e-01
10682.50 4.349000e-01
10682.90 2.361000e-01
10683.30 0.000000e+00
10683.70 0.000000e+00
10684.10 0.000000e+00
10684.50 4.435000e-01
10684.90 4.758000e-01
10685.30 4.912000e-01
10685.70 4.708000e-01
10686.10 4.696000e-01
10686.50 4.582000e-01
10686.90 4.724000e-01
10687.30 5.241000e-01
10687.70 0.000000e+00
10688.10 0.000000e+00
10688.50 4.311000e-01
10688.90 4.925000e-01
10689.30 0.000000e+00
10689.70 4.019000e-01
10690.10 4.080000e-01
10690.50 4.450000e-01
10690.90 4.394000e-01
10691.30 4.701000e-01
10691.70 4.770000e-01
10692.10 4.632000e-01
10692.50 0.000000e+00
10692.90 2.813000e-01
10693.30 2.810000e-01
10693.70 3.873000e-01
10694.10 4.585000e-01
10694.50 4.452000e-01
10694.90 4.469000e-01
10695.30 4.555000e-01
10695.70 0.000000e+00
10696.10 3.489000e-01
10696.50 3.356000e-01
10696.90 0.000000e+00
10697.30 0.000000e+00
10697.70 3.339000e-01
10698.10 0.000000e+00
10698.50 0.000000e+00
10698.90 4.219000e-01
10699.30 3.984000e-01
10699.70 3.971000e-01
10700.10 4.270000e-01
10700.50 4.267000e-01
10700.90 4.435000e-01
10701.30 4.579000e-01
10701.70 4.608000e-01
10702.10 4.593000e-01
10702.50 4.430000e-01
10702.90 4.848000e-01
10703.30 0.000000e+00
10703.70 0.000000e+00
10704.10 0.000000e+00
10704.50 0.000000e+00
10704.90 0.000000e+00
10705.30 4.720000e-01
10705.70 0.000000e+00
10706.10 0.000000e+00
10706.50 0.000000e+00
10706.90 4.040000e-01
10707.30 0.000000e+00
10707.70 4.831000e-01
10708.10 4.914000e-01
10708.50 4.979000e-01
10708.90 4.787000e-01
10709.30 0.000000e+00
10709.70 0.000000e+00
10710.10 0.000000e+00
10710.50 4.678000e-01
10710.90 4.671000e-01
10711.30 0.000000e+00
10711.70 4.258000e-01
10712.10 4.411000e-01
10712.50 5.092000e-01
10712.90 5.094000e-01
10713.30 5.023000e-01
10713.70 4.459000e-01
10714.10 4.535000e-01
10714.50 4.365000e-01
10714.90 4.088000e-01
10715.30 4.435000e-01
10715.70 4.556000e-01
10716.10 4.078000e-01
10716.50 3.901000e-01
10716.90 4.354000e-01
10717.30 4.152000e-01
10717.70 3.985000e-01
10718.10 4.388000e-01
10718.50 4.576000e-01
10718.90 4.503000e-01
10719.30 4.686000e-01
10719.70 5.091000e-01
10720.10 5.217000e-01
10720.50 4.717000e-01
10720.90 4.595000e-01
10721.30 4.498000e-01
10721.70 0.000000e+00
10722.10 4.380000e-01
10722.50 4.929000e-01
10722.90 4.686000e-01
10723.30 4.581000e-01
10723.70 5.223000e-01
10724.10 5.083000e-01
10724.50 5.113000e-01
10724.90 4.700000e-01
10725.30 5.050000e-01
10725.70 5.152000e-01
10726.10 5.123000e-01
10726.50 4.943000e-01
10726.90 3.042000e-01
10727.30 4.367000e-01
10727.70 4.698000e-01
10728.10 4.734000e-01
10728.50 4.435000e-01
10728.90 4.361000e-01
10729.30 4.774000e-01
10729.70 4.738000e-01
10730.10 4.520000e-01
10730.50 4.807000e-01
10730.90 5.119000e-01
10731.30 4.922000e-01
10731.70 4.509000e-01
10732.10 4.685000e-01
10732.50 4.487000e-01
10732.90 0.000000e+00
10733.30 0.000000e+00
10733.70 0.000000e+00
10734.10 0.000000e+00
10734.50 4.450000e-01
10734.90 4.649000e-01
10735.30 4.317000e-01
10735.70 4.282000e-01
10736.10 4.629000e-01
10736.50 4.459000e-01
10736.90 4.000000e-01
10737.30 4.012000e-01
10737.70 4.210000e-01
10738.10 4.618000e-01
10738.50 5.056000e-01
10738.90 4.861000e-01
10739.30 4.502000e-01
10739.70 4.535000e-01
10740.10 4.816000e-01
10740.50 5.005000e-01
10740.90 4.881000e-01
10741.30 4.586000e-01
10741.70 4.710000e-01
10742.10 5.028000e-01
10742.50 5.125000e-01
10742.90 5.293000e-01
10743.30 4.923000e-01
10743.70 4.587000e-01
10744.10 4.353000e-01
10744.50 4.652000e-01
10744.90 5.114000e-01
10745.30 0.000000e+00
10745.70 0.000000e+00
10746.10 4.411000e-01
10746.50 4.601000e-01
10746.90 4.816000e-01
10747.30 4.906000e-01
10747.70 4.750000e-01
10748.10 5.145000e-01
10748.50 5.043000e-01
10748.90 4.635000e-01
10749.30 5.017000e-01
10749.70 5.173000e-01
10750.10 4.827000e-01
10750.50 4.722000e-01
10750.90 4.855000e-01
10751.30 4.795000e-01
10751.70 4.783000e-01
10752.10 4.838000e-01
10752.50 4.529000e-01
10752.90 4.305000e-01
10753.30 4.500000e-01
10753.70 4.903000e-01
10754.10 4.564000e-01
10754.50 4.845000e-01
10754.90 5.151000e-01
10755.30 4.932000e-01
10755.70 4.728000e-01
10756.10 4.586000e-01
10756.50 4.226000e-01
10756.90 4.639000e-01
10757.30 4.959000e-01
10757.70 4.700000e-01
10758.10 4.691000e-01
10758.50 4.898000e-01
10758.90 4.699000e-01
10759.30 4.396000e-01
10759.70 4.876000e-01
10760.10 5.551000e-01
10760.50 0.000000e+00
10760.90 0.000000e+00
10761.30 4.977000e-01
10761.70 4.733000e-01
10762.10 4.668000e-01
10762.50 4.939000e-01
10762.90 5.044000e-01
10763.30 4.674000e-01
10763.70 4.727000e-01
10764.10 4.846000e-01
10764.50 4.772000e-01
10764.90 4.609000e-01
10765.30 4.612000e-01
10765.70 4.820000e-01
10766.10 4.481000e-01
10766.50 4.472000e-01
10766.90 4.441000e-01
10767.30 4.536000e-01
10767.70 4.713000e-01
10768.10 4.748000e-01
10768.50 4.985000e-01
10768.90 5.227000e-01
10769.30 5.011000e-01
10769.70 5.063000e-01
10770.10 5.341000e-01
10770.50 4.980000e-01
10770.90 4.534000e-01
10771.30 4.547000e-01
10771.70 4.832000e-01
10772.10 5.292000e-01
10772.50 5.022000e-01
10772.90 4.741000e-01
10773.30 5.023000e-01
10773.70 5.089000e-01
10774.10 4.719000e-01
10774.50 4.867000e-01
10774.90 4.714000e-01
10775.30 4.669000e-01
10775.70 5.054000e-01
10776.10 5.018000e-01
10776.50 4.772000e-01
10776.90 4.795000e-01
10777.30 4.400000e-01
10777.70 4.748000e-01
10778.10 5.059000e-01
10778.50 5.370000e-01
10778.90 5.204000e-01
10779.30 4.896000e-01
10779.70 5.048000e-01
10780.10 5.246000e-01
10780.50 5.409000e-01
10780.90 5.130000e-01
10781.30 4.974000e-01
10781.70 4.796000e-01
10782.10 4.731000e-01
10782.50 5.180000e-01
10782.90 5.572000e-01
10783.30 5.724000e-01
10783.70 5.727000e-01
10784.10 5.488000e-01
10784.50 5.481000e-01
10784.90 5.197000e-01
10785.30 5.024000e-01
10785.70 4.902000e-01
10786.10 4.976000e-01
10786.50 5.177000e-01
10786.90 5.169000e-01
10787.30 5.172000e-01
10787.70 5.009000e-01
10788.10 4.567000e-01
10788.50 4.885000e-01
10788.90 5.182000e-01
10789.30 4.970000e-01
10789.70 5.078000e-01
10790.10 5.354000e-01
10790.50 5.011000e-01
10790.90 4.843000e-01
10791.30 5.144000e-01
10791.70 5.058000e-01
10792.10 5.129000e-01
10792.50 5.081000e-01
10792.90 4.648000e-01
10793.30 5.000000e-01
10793.70 5.291000e-01
10794.10 5.123000e-01
10794.50 4.984000e-01
10794.90 4.843000e-01
10795.30 5.200000e-01
10795.70 5.751000e-01
10796.10 5.359000e-01
10796.50 5.011000e-01
10796.90 5.000000e-01
10797.30 5.086000e-01
10797.70 5.193000e-01
10798.10 4.950000e-01
10798.50 4.825000e-01
10798.90 4.820000e-01
10799.30 4.694000e-01
10799.70 4.453000e-01
10800.10 4.547000e-01
10800.50 4.734000e-01
10800.90 4.604000e-01
10801.30 4.814000e-01
10801.70 4.757000e-01
10802.10 5.163000e-01
10802.50 5.051000e-01
10802.90 0.000000e+00
10803.30 0.000000e+00
10803.70 5.377000e-01
10804.10 5.112000e-01
10804.50 5.036000e-01
10804.90 4.997000e-01
10805.30 5.114000e-01
10805.70 5.198000e-01
10806.10 4.784000e-01
10806.50 4.879000e-01
10806.90 5.358000e-01
10807.30 5.408000e-01
10807.70 5.418000e-01
10808.10 5.435000e-01
10808.50 5.666000e-01
10808.90 5.453000e-01
10809.30 4.879000e-01
10809.70 4.968000e-01
10810.10 5.328000e-01
10810.50 5.452000e-01
10810.90 5.125000e-01
10811.30 5.257000e-01
10811.70 5.663000e-01
10812.10 5.378000e-01
10812.50 5.191000e-01
10812.90 5.471000e-01
10813.30 5.324000e-01
10813.70 5.472000e-01
10814.10 5.338000e-01
10814.50 5.181000e-01
10814.90 5.595000e-01
10815.30 5.682000e-01
10815.70 5.613000e-01
10816.10 5.671000e-01
10816.50 5.931000e-01
10816.90 5.598000e-01
10817.30 5.343000e-01
10817.70 5.168000e-01
10818.10 5.285000e-01
10818.50 5.306000e-01
10818.90 5.279000e-01
10819.30 5.618000e-01
10819.70 5.625000e-01
10820.10 5.382000e-01
10820.50 5.647000e-01
10820.90 5.806000e-01
10821.30 5.470000e-01
10821.70 5.719000e-01
10822.10 6.023000e-01
10822.50 5.948000e-01
10822.90 5.804000e-01
10823.30 5.676000e-01
10823.70 5.764000e-01
10824.10 6.162000e-01
10824.50 6.168000e-01
10824.90 6.316000e-01
10825.30 6.157000e-01
10825.70 5.716000e-01
10826.10 5.717000e-01
10826.50 5.561000e-01
10826.90 5.043000e-01
10827.30 0.000000e+00
10827.70 0.000000e+00
10828.10 5.529000e-01
10828.50 5.259000e-01
10828.90 5.103000e-01
10829.30 5.319000e-01
10829.70 5.758000e-01
10830.10 5.697000e-01
10830.50 5.403000e-01
10830.90 5.637000e-01
10831.30 5.622000e-01
10831.70 5.413000e-01
10832.10 5.727000e-01
10832.50 5.684000e-01
10832.90 5.456000e-01
10833.30 5.672000e-01
10833.70 5.820000e-01
10834.10 5.469000e-01
10834.50 5.823000e-01
10834.90 5.944000e-01
10835.30 5.842000e-01
10835.70 5.968000e-01
10836.10 5.949000e-01
10836.50 5.707000e-01
10836.90 5.431000e-01
10837.30 5.346000e-01
10837.70 5.502000e-01
10838.10 5.873000e-01
10838.50 6.048000e-01
10838.90 5.967000e-01
10839.30 5.751000e-01
10839.70 5.988000e-01
10840.10 5.987000e-01
10840.50 5.738000e-01
10840.90 5.867000e-01
10841.30 5.993000e-01
10841.70 6.057000e-01
10842.10 5.850000e-01
10842.50 5.774000e-01
10842.90 5.521000e-01
10843.30 5.664000e-01
10843.70 5.673000e-01
10844.10 6.165000e-01
10844.50 5.548000e-01
10844.90 5.569000e-01
10845.30 5.936000e-01
10845.70 5.672000e-01
10846.10 5.336000e-01
10846.50 5.587000e-01
10846.90 5.969000e-01
10847.30 6.071000e-01
10847.70 5.992000e-01
10848.10 5.708000e-01
10848.50 5.689000e-01
10848.90 5.726000e-01
10849.30 5.332000e-01
10849.70 5.138000e-01
10850.10 5.505000e-01
10850.50 5.267000e-01
10850.90 5.270000e-01
10851.30 5.414000e-01
10851.70 5.785000e-01
10852.10 6.077000e-01
10852.50 5.709000e-01
10852.90 5.694000e-01
10853.30 5.767000e-01
10853.70 5.419000e-01
10854.10 5.423000e-01
10854.50 5.436000e-01
10854.90 5.564000e-01
10855.30 5.792000e-01
10855.70 5.539000e-01
10856.10 5.487000e-01
10856.50 5.340000e-01
10856.90 5.124000e-01
10857.30 5.635000e-01
10857.70 5.821000e-01
10858.10 6.146000e-01
10858.50 6.210000e-01
10858.90 5.768000e-01
10859.30 5.284000e-01
10859.70 5.721000e-01
10860.10 5.432000e-01
10860.50 4.822000e-01
10860.90 4.676000e-01
10861.30 0.000000e+00
10861.70 5.184000e-01
10862.10 5.327000e-01
10862.50 5.084000e-01
10862.90 5.009000e-01
10863.30 5.128000e-01
10863.70 5.297000e-01
10864.10 5.505000e-01
10864.50 5.562000e-01
10864.90 5.228000e-01
10865.30 5.509000e-01
10865.70 5.367000e-01
10866.10 5.293000e-01
10866.50 5.666000e-01
10866.90 5.634000e-01
10867.30 5.445000e-01
10867.70 4.986000e-01
10868.10 5.160000e-01
10868.50 5.268000e-01
10868.90 5.373000e-01
10869.30 5.656000e-01
10869.70 5.903000e-01
10870.10 5.863000e-01
10870.50 5.879000e-01
10870.90 5.586000e-01
10871.30 5.237000e-01
10871.70 5.418000e-01
10872.10 5.179000e-01
10872.50 5.346000e-01
10872.90 5.582000e-01
10873.30 5.431000e-01
10873.70 5.200000e-01
10874.10 5.247000e-01
10874.50 5.396000e-01
10874.90 5.262000e-01
10875.30 5.189000e-01
10875.70 5.179000e-01
10876.10 5.601000e-01
10876.50 5.863000e-01
10876.90 5.335000e-01
10877.30 5.423000e-01
10877.70 5.092000e-01
10878.10 5.130000e-01
10878.50 5.473000e-01
10878.90 5.588000e-01
10879.30 5.620000e-01
10879.70 5.574000e-01
10880.10 5.360000e-01
10880.50 5.034000e-01
10880.90 5.292000e-01
10881.30 4.706000e-01
10881.70 5.143000e-01
10882.10 5.107000e-01
10882.50 5.355000e-01
10882.90 5.339000e-01
10883.30 5.600000e-01
10883.70 5.482000e-01
10884.10 5.312000e-01
10884.50 5.069000e-01
10884.90 4.681000e-01
10885.30 4.886000e-01
10885.70 5.402000e-01
10886.10 5.551000e-01
10886.50 5.424000e-01
10886.90 5.506000e-01
10887.30 5.117000e-01
10887.70 5.192000e-01
10888.10 5.818000e-01
10888.50 5.425000e-01
10888.90 4.759000e-01
10889.30 4.671000e-01
10889.70 4.907000e-01
10890.10 4.978000e-01
10890.50 5.260000e-01
10890.90 5.243000e-01
10891.30 5.303000e-01
10891.70 5.458000e-01
10892.10 5.198000e-01
10892.50 5.156000e-01
10892.90 5.150000e-01
10893.30 5.257000e-01
10893.70 4.934000e-01
10894.10 5.185000e-01
10894.50 5.294000e-01
10894.90 5.202000e-01
10895.30 5.394000e-01
10895.70 5.371000e-01
10896.10 5.009000e-01
10896.50 4.902000e-01
10896.90 5.217000e-01
10897.30 5.173000e-01
10897.70 5.147000e-01
10898.10 5.312000e-01
10898.50 5.084000e-01
10898.90 5.295000e-01
10899.30 5.328000e-01
10899.70 4.939000e-01
10900.10 4.943000e-01
10900.50 4.995000e-01
10900.90 4.968000e-01
10901.30 4.974000e-01
10901.70 5.133000e-01
10902.10 5.203000e-01
10902.50 5.473000e-01
10902.90 5.308000e-01
10903.30 5.005000e-01
10903.70 5.226000e-01
10904.10 4.926000e-01
10904.50 0.000000e+00
10904.90 0.000000e+00
10905.30 0.000000e+00
10905.70 4.936000e-01
10906.10 4.818000e-01
10906.50 5.096000e-01
10906.90 4.831000e-01
10907.30 4.498000e-01
10907.70 4.615000e-01
10908.10 4.714000e-01
10908.50 0.000000e+00
10908.90 0.000000e+00
10909.30 5.211000e-01
10909.70 4.932000e-01
10910.10 5.251000e-01
10910.50 4.925000e-01
10910.90 4.894000e-01
10911.30 4.951000e-01
10911.70 5.054000e-01
10912.10 5.165000e-01
10912.50 4.953000e-01
10912.90 5.173000e-01
10913.30 5.164000e-01
10913.70 4.622000e-01
10914.10 4.436000e-01
10914.50 4.866000e-01
10914.90 5.455000e-01
10915.30 5.381000e-01
10915.70 5.357000e-01
10916.10 5.406000e-01
10916.50 4.981000e-01
10916.90 4.460000e-01
10917.30 0.000000e+00
10917.70 0.000000e+00
10918.10 5.164000e-01
10918.50 4.930000e-01
10918.90 5.279000e-01
10919.30 5.351000e-01
10919.70 5.388000e-01
10920.10 5.277000e-01
10920.50 5.190000e-01
10920.90 5.135000e-01
10921.30 5.100000e-01
10921.70 4.899000e-01
10922.10 5.280000e-01
10922.50 5.218000e-01
10922.90 4.872000e-01
10923.30 4.990000e-01
10923.70 5.497000e-01
10924.10 5.234000e-01
10924.50 4.842000e-01
10924.90 5.058000e-01
10925.30 5.140000e-01
10925.70 5.542000e-01
10926.10 5.598000e-01
10926.50 5.044000e-01
10926.90 5.028000e-01
10927.30 0.000000e+00
10927.70 0.000000e+00
10928.10 0.000000e+00
10928.50 5.390000e-01
10928.90 5.338000e-01
10929.30 4.946000e-01
10929.70 4.656000e-01
10930.10 4.938000e-01
10930.50 5.048000e-01
10930.90 4.977000e-01
10931.30 5.265000e-01
10931.70 5.564000e-01
10932.10 0.000000e+00
10932.50 5.004000e-01
10932.90 5.153000e-01
10933.30 4.863000e-01
10933.70 4.966000e-01
10934.10 5.282000e-01
10934.50 5.088000e-01
10934.90 4.967000e-01
10935.30 4.946000e-01
10935.70 4.993000e-01
10936.10 5.190000e-01
10936.50 5.263000e-01
10936.90 5.446000e-01
10937.30 5.576000e-01
10937.70 5.293000e-01
10938.10 5.091000e-01
10938.50 5.250000e-01
10938.90 5.579000e-01
10939.30 5.459000e-01
10939.70 5.208000e-01
10940.10 5.259000e-01
10940.50 5.504000e-01
10940.90 5.934000e-01
10941.30 5.412000e-01
10941.70 5.292000e-01
10942.10 5.344000e-01
10942.50 5.722000e-01
10942.90 5.808000e-01
10943.30 5.648000e-01
10943.70 5.659000e-01
10944.10 5.338000e-01
10944.50 5.252000e-01
10944.90 5.798000e-01
10945.30 5.807000e-01
10945.70 5.488000e-01
10946.10 5.215000e-01
10946.50 5.424000e-01
10946.90 5.892000e-01
10947.30 5.426000e-01
10947.70 5.391000e-01
10948.10 0.000000e+00
10948.50 0.000000e+00
10948.90 4.800000e-01
10949.30 5.224000e-01
10949.70 5.618000e-01
10950.10 5.655000e-01
10950.50 5.501000e-01
10950.90 5.481000e-01
10951.30 5.363000e-01
10951.70 5.094000e-01
10952.10 5.585000e-01
10952.50 5.628000e-01
10952.90 5.769000e-01
10953.30 5.884000e-01
10953.70 5.591000e-01
10954.10 5.421000e-01
10954.50 5.220000e-01
10954.90 5.057000e-01
10955.30 5.483000e-01
10955.70 5.359000e-01
10956.10 5.163000e-01
10956.50 5.682000e-01
10956.90 5.799000e-01
10957.30 5.282000e-01
10957.70 4.956000e-01
10958.10 5.125000e-01
10958.50 5.238000e-01
10958.90 5.621000e-01
10959.30 5.698000e-01
10959.70 5.257000e-01
10960.10 5.254000e-01
10960.50 5.694000e-01
10960.90 5.397000e-01
10961.30 5.270000e-01
10961.70 5.277000e-01
10962.10 5.073000e-01
10962.50 5.310000e-01
10962.90 4.801000e-01
10963.30 4.881000e-01
10963.70 5.254000e-01
10964.10 5.286000e-01
10964.50 5.046000e-01
10964.90 5.467000e-01
10965.30 5.639000e-01
10965.70 5.221000e-01
10966.10 5.178000e-01
10966.50 5.182000e-01
10966.90 5.025000e-01
10967.30 5.409000e-01
10967.70 5.411000e-01
10968.10 5.483000e-01
10968.50 5.345000e-01
10968.90 5.487000e-01
10969.30 5.982000e-01
10969.70 5.981000e-01
10970.10 0.000000e+00
10970.50 4.912000e-01
10970.90 4.978000e-01
10971.30 5.213000e-01
10971.70 5.107000e-01
10972.10 5.311000e-01
10972.50 5.613000e-01
10972.90 0.000000e+00
10973.30 4.888000e-01
10973.70 5.391000e-01
10974.10 5.348000e-01
10974.50 4.997000e-01
10974.90 4.916000e-01
10975.30 5.169000e-01
10975.70 5.088000e-01
10976.10 4.718000e-01
10976.50 4.971000e-01
10976.90 5.367000e-01
10977.30 5.281000e-01
10977.70 5.213000e-01
10978.10 5.012000e-01
10978.50 5.096000e-01
10978.90 5.255000e-01
10979.30 5.224000e-01
10979.70 4.977000e-01
10980.10 5.290000e-01
10980.50 5.196000e-01
10980.90 5.130000e-01
10981.30 5.535000e-01
10981.70 5.513000e-01
10982.10 5.486000e-01
10982.50 5.406000e-01
10982.90 5.274000e-01
10983.30 5.544000e-01
10983.70 5.412000e-01
10984.10 5.353000e-01
10984.50 5.176000e-01
10984.90 5.035000e-01
10985.30 4.701000e-01
10985.70 4.758000e-01
10986.10 4.680000e-01
10986.50 4.784000e-01
10986.90 5.023000e-01
10987.30 4.493000e-01
10987.70 4.524000e-01
10988.10 4.736000e-01
10988.50 4.903000e-01
10988.90 5.018000e-01
10989.30 4.672000e-01
10989.70 0.000000e+00
10990.10 5.134000e-01
10990.50 5.159000e-01
10990.90 5.351000e-01
10991.30 5.334000e-01
10991.70 5.204000e-01
10992.10 5.543000e-01
10992.50 0.000000e+00
10992.90 0.000000e+00
10993.30 4.340000e-01
10993.70 0.000000e+00
10994.10 5.038000e-01
10994.50 5.025000e-01
10994.90 4.901000e-01
10995.30 4.654000e-01
10995.70 4.869000e-01
10996.10 4.714000e-01
10996.50 4.525000e-01
10996.90 4.653000e-01
10997.30 4.767000e-01
10997.70 4.879000e-01
10998.10 4.561000e-01
10998.50 0.000000e+00
10998.90 4.896000e-01
10999.30 4.520000e-01
10999.70 4.544000e-01
11000.10 4.372000e-01
11000.50 4.479000e-01
11000.90 4.576000e-01
11001.30 5.003000e-01
11001.70 4.609000e-01
11002.10 4.616000e-01
11002.50 4.969000e-01
11002.90 5.096000e-01
11003.30 0.000000e+00
11003.70 0.000000e+00
11004.10 0.000000e+00
11004.50 4.142000e-01
11004.90 4.291000e-01
11005.30 4.549000e-01
11005.70 4.720000e-01
11006.10 4.945000e-01
11006.50 4.686000e-01
11006.90 4.475000e-01
11007.30 4.603000e-01
11007.70 4.777000e-01
11008.10 4.644000e-01
11008.50 4.371000e-01
11008.90 4.365000e-01
11009.30 4.269000e-01
11009.70 4.472000e-01
11010.10 4.705000e-01
11010.50 4.761000e-01
11010.90 4.763000e-01
11011.30 4.833000e-01
11011.70 0.000000e+00
11012.10 0.000000e+00
11012.50 0.000000e+00
11012.90 0.000000e+00
11013.30 0.000000e+00
11013.70 4.755000e-01
11014.10 5.181000e-01
11014.50 0.000000e+00
11014.90 0.000000e+00
11015.30 0.000000e+00
11015.70 0.000000e+00
11016.10 4.827000e-01
11016.50 5.035000e-01
11016.90 5.232000e-01
11017.30 0.000000e+00
11017.70 0.000000e+00
11018.10 0.000000e+00
11018.50 0.000000e+00
11018.90 4.342000e-01
11019.30 4.171000e-01
11019.70 0.000000e+00
11020.10 0.000000e+00
11020.50 0.000000e+00
11020.90 3.944000e-01
11021.30 4.012000e-01
11021.70 4.386000e-01
11022.10 4.601000e-01
11022.50 4.685000e-01
11022.90 4.346000e-01
11023.30 4.567000e-01
11023.70 4.634000e-01
11024.10 4.557000e-01
11024.50 4.201000e-01
11024.90 4.152000e-01
11025.30 4.333000e-01
11025.70 4.458000e-01
11026.10 4.169000e-01
11026.50 0.000000e+00
11026.90 4.372000e-01
11027.30 4.385000e-01
11027.70 4.648000e-01
11028.10 4.865000e-01
11028.50 0.000000e+00
11028.90 3.956000e-01
11029.30 4.345000e-01
11029.70 4.394000e-01
11030.10 4.395000e-01
11030.50 4.506000e-01
11030.90 4.159000e-01
11031.30 4.109000e-01
11031.70 4.145000e-01
11032.10 4.345000e-01
11032.50 4.419000e-01
11032.90 4.405000e-01
11033.30 4.482000e-01
11033.70 4.492000e-01
11034.10 4.600000e-01
11034.50 0.000000e+00
11034.90 0.000000e+00
11035.30 0.000000e+00
11035.70 4.561000e-01
11036.10 0.000000e+00
11036.50 3.722000e-01
11036.90 3.603000e-01
11037.30 0.000000e+00
11037.70 0.000000e+00
11038.10 4.958000e-01
11038.50 4.594000e-01
11038.90 0.000000e+00
11039.30 0.000000e+00
11039.70 0.000000e+00
11040.10 4.249000e-01
11040.50 4.194000e-01
11040.90 4.320000e-01
11041.30 4.365000e-01
11041.70 4.342000e-01
11042.10 4.066000e-01
11042.50 4.201000e-01
11042.90 4.470000e-01
11043.30 0.000000e+00
11043.70 0.000000e+00
11044.10 3.976000e-01
11044.50 4.237000e-01
11044.90 0.000000e+00
11045.30 0.000000e+00
11045.70 3.301000e-01
11046.10 0.000000e+00
11046.50 0.000000e+00
11046.90 0.000000e+00
11047.30 0.000000e+00
11047.70 0.000000e+00
11048.10 4.152000e-01
11048.50 0.000000e+00
11048.90 0.000000e+00
11049.30 0.000000e+00
11049.70 4.470000e-01
11050.10 4.155000e-01
11050.50 3.975000e-01
11050.90 3.986000e-01
11051.30 3.708000e-01
11051.70 0.000000e+00
11052.10 0.000000e+00
11052.50 0.000000e+00
11052.90 0.000000e+00
11053.30 0.000000e+00
11053.70 3.844000e-01
11054.10 4.082000e-01
11054.50 4.405000e-01
11054.90 4.396000e-01
11055.30 4.029000e-01
11055.70 3.870000e-01
11056.10 3.891000e-01
11056.50 0.000000e+00
11056.90 0.000000e+00
11057.30 4.560000e-01
11057.70 4.591000e-01
11058.10 4.511000e-01
11058.50 3.978000e-01
11058.90 0.000000e+00
11059.30 3.928000e-01
11059.70 0.000000e+00
11060.10 0.000000e+00
11060.50 0.000000e+00
11060.90 0.000000e+00
11061.30 0.000000e+00
11061.70 4.181000e-01
11062.10 4.599000e-01
11062.50 4.670000e-01
11062.90 0.000000e+00
11063.30 0.000000e+00
11063.70 0.000000e+00
11064.10 0.000000e+00
11064.50 0.000000e+00
11064.90 3.764000e-01
11065.30 0.000000e+00
11065.70 4.258000e-01
11066.10 3.915000e-01
11066.50 0.000000e+00
11066.90 0.000000e+00
11067.30 0.000000e+00
11067.70 0.000000e+00
11068.10 0.000000e+00
11068.50 4.107000e-01
11068.90 4.524000e-01
11069.30 4.562000e-01
11069.70 0.000000e+00
11070.10 3.952000e-01
11070.50 4.099000e-01
11070.90 0.000000e+00
11071.30 0.000000e+00
11071.70 0.000000e+00
11072.10 0.000000e+00
11072.50 4.221000e-01
11072.90 4.180000e-01
11073.30 4.222000e-01
11073.70 3.977000e-01
11074.10 3.871000e-01
11074.50 0.000000e+00
11074.90 0.000000e+00
11075.30 0.000000e+00
11075.70 4.491000e-01
11076.10 4.276000e-01
11076.50 3.803000e-01
11076.90 3.690000e-01
11077.30 3.452000e-01
11077.70 3.678000e-01
11078.10 3.926000e-01
11078.50 4.199000e-01
11078.90 4.134000e-01
11079.30 3.887000e-01
11079.70 4.189000e-01
11080.10 0.000000e+00
11080.50 0.000000e+00
11080.90 0.000000e+00
11081.30 0.000000e+00
11081.70 0.000000e+00
11082.10 0.000000e+00
11082.50 0.000000e+00
11082.90 0.000000e+00
11083.30 4.062000e-01
11083.70 3.775000e-01
11084.10 3.904000e-01
11084.50 3.983000e-01
11084.90 4.098000e-01
11085.30 3.971000e-01
11085.70 3.705000e-01
11086.10 0.000000e+00
11086.50 0.000000e+00
11086.90 0.000000e+00
11087.30 3.796000e-01
11087.70 3.973000e-01
11088.10 3.865000e-01
11088.50 4.086000e-01
11088.90 3.734000e-01
11089.30 3.556000e-01
11089.70 3.788000e-01
11090.10 0.000000e+00
11090.50 4.279000e-01
11090.90 3.844000e-01
11091.30 3.836000e-01
11091.70 4.126000e-01
11092.10 3.925000e-01
11092.50 4.147000e-01
11092.90 4.144000e-01
11093.30 3.949000e-01
11093.70 3.834000e-01
11094.10 3.755000e-01
11094.50 3.569000e-01
11094.90 0.000000e+00
11095.30 0.000000e+00
11095.70 4.332000e-01
11096.10 3.990000e-01
11096.50 3.729000e-01
11096.90 3.775000e-01
11097.30 3.766000e-01
11097.70 3.470000e-01
11098.10 0.000000e+00
11098.50 0.000000e+00
11098.90 0.000000e+00
11099.30 3.702000e-01
11099.70 0.000000e+00
11100.10 0.000000e+00
11100.50 0.000000e+00
11100.90 0.000000e+00
11101.30 0.000000e+00
11101.70 3.552000e-01
11102.10 0.000000e+00
11102.50 4.152000e-01
11102.90 4.099000e-01
11103.30 3.994000e-01
11103.70 3.626000e-01
11104.10 3.530000e-01
11104.50 3.857000e-01
11104.90 4.249000e-01
11105.30 4.257000e-01
11105.70 4.067000e-01
11106.10 3.855000e-01
11106.50 3.895000e-01
11106.90 3.990000e-01
11107.30 4.177000e-01
11107.70 4.338000e-01
11108.10 4.347000e-01
11108.50 4.170000e-01
11108.90 4.120000e-01
11109.30 3.835000e-01
11109.70 3.897000e-01
11110.10 3.887000e-01
11110.50 4.174000e-01
11110.90 4.090000e-01
11111.30 3.874000e-01
11111.70 3.887000e-01
11112.10 3.950000e-01
11112.50 3.996000e-01
11112.90 3.690000e-01
11113.30 3.919000e-01
11113.70 3.853000e-01
11114.10 4.025000e-01
11114.50 3.943000e-01
11114.90 3.531000e-01
11115.30 3.475000e-01
11115.70 0.000000e+00
11116.10 0.000000e+00
11116.50 0.000000e+00
11116.90 3.648000e-01
11117.30 3.535000e-01
11117.70 3.790000e-01
11118.10 4.079000e-01
11118.50 4.099000e-01
11118.90 4.369000e-01
11119.30 0.000000e+00
11119.70 0.000000e+00
11120.10 3.955000e-01
11120.50 3.807000e-01
11120.90 3.524000e-01
11121.30 3.735000e-01
11121.70 3.430000e-01
11122.10 0.000000e+00
11122.50 0.000000e+00
11122.90 3.994000e-01
11123.30 3.764000e-01
11123.70 3.908000e-01
11124.10 4.066000e-01
11124.50 3.777000e-01
11124.90 0.000000e+00
11125.30 0.000000e+00
11125.70 0.000000e+00
11126.10 0.000000e+00
11126.50 0.000000e+00
11126.90 3.755000e-01
11127.30 0.000000e+00
11127.70 0.000000e+00
11128.10 0.000000e+00
11128.50 3.862000e-01
11128.90 4.115000e-01
11129.30 3.948000e-01
11129.70 3.650000e-01
11130.10 3.687000e-01
11130.50 3.600000e-01
11130.90 0.000000e+00
11131.30 0.000000e+00
11131.70 0.000000e+00
11132.10 3.908000e-01
11132.50 3.761000e-01
11132.90 3.717000e-01
11133.30 0.000000e+00
11133.70 4.629000e-01
11134.10 4.240000e-01
11134.50 4.003000e-01
11134.90 3.997000e-01
11135.30 4.242000e-01
11135.70 0.000000e+00
11136.10 0.000000e+00
11136.50 3.912000e-01
11136.90 3.890000e-01
11137.30 0.000000e+00
11137.70 0.000000e+00
11138.10 0.000000e+00
11138.50 0.000000e+00
11138.90 3.902000e-01
11139.30 0.000000e+00
11139.70 4.776000e-01
11140.10 0.000000e+00
11140.50 0.000000e+00
11140.90 3.735000e-01
11141.30 0.000000e+00
11141.70 0.000000e+00
11142.10 3.815000e-01
11142.50 3.377000e-01
11142.90 0.000000e+00
11143.30 0.000000e+00
11143.70 3.686000e-01
11144.10 3.630000e-01
11144.50 3.431000e-01
11144.90 0.000000e+00
11145.30 4.116000e-01
11145.70 4.441000e-01
11146.10 0.000000e+00
11146.50 0.000000e+00
11146.90 0.000000e+00
11147.30 0.000000e+00
11147.70 3.771000e-01
11148.10 3.749000e-01
11148.50 3.889000e-01
11148.90 4.187000e-01
11149.30 3.991000e-01
11149.70 4.185000e-01
11150.10 3.856000e-01
11150.50 3.737000e-01
11150.90 0.000000e+00
11151.30 4.035000e-01
11151.70 3.835000e-01
11152.10 0.000000e+00
11152.50 4.192000e-01
11152.90 0.000000e+00
11153.30 0.000000e+00
11153.70 0.000000e+00
11154.10 4.313000e-01
11154.50 0.000000e+00
11154.90 0.000000e+00
11155.30 0.000000e+00
11155.70 0.000000e+00
11156.10 0.000000e+00
11156.50 0.000000e+00
11156.90 3.379000e-01
11157.30 0.000000e+00
11157.70 4.616000e-01
11158.10 4.378000e-01
11158.50 0.000000e+00
11158.90 0.000000e+00
11159.30 0.000000e+00
11159.70 4.856000e-01
11160.10 0.000000e+00
11160.50 0.000000e+00
11160.90 0.000000e+00
11161.30 3.562000e-01
11161.70 3.763000e-01
11162.10 0.000000e+00
11162.50 0.000000e+00
11162.90 4.055000e-01
11163.30 4.174000e-01
11163.70 4.020000e-01
11164.10 0.000000e+00
11164.50 0.000000e+00
11164.90 0.000000e+00
11165.30 4.532000e-01
11165.70 0.000000e+00
11166.10 3.843000e-01
11166.50 3.839000e-01
11166.90 3.589000e-01
11167.30 3.925000e-01
11167.70 4.322000e-01
11168.10 4.273000e-01
11168.50 3.893000e-01
11168.90 3.641000e-01
11169.30 0.000000e+00
11169.70 0.000000e+00
11170.10 0.000000e+00
11170.50 4.069000e-01
11170.90 3.813000e-01
11171.30 3.772000e-01
11171.70 3.944000e-01
11172.10 3.859000e-01
11172.50 3.626000e-01
11172.90 3.743000e-01
11173.30 3.858000e-01
11173.70 3.974000e-01
11174.10 4.098000e-01
11174.50 0.000000e+00
11174.90 0.000000e+00
11175.30 0.000000e+00
11175.70 4.206000e-01
11176.10 0.000000e+00
11176.50 0.000000e+00
11176.90 0.000000e+00
11177.30 0.000000e+00
11177.70 3.623000e-01
11178.10 3.431000e-01
11178.50 0.000000e+00
11178.90 0.000000e+00
11179.30 4.211000e-01
11179.70 3.757000e-01
11180.10 3.691000e-01
11180.50 3.480000e-01
11180.90 3.280000e-01
11181.30 0.000000e+00
11181.70 0.000000e+00
11182.10 0.000000e+00
11182.50 0.000000e+00
11182.90 0.000000e+00
11183.30 0.000000e+00
11183.70 0.000000e+00
11184.10 0.000000e+00
11184.50 0.000000e+00
11184.90 0.000000e+00
11185.30 0.000000e+00
11185.70 0.000000e+00
11186.10 3.023000e-01
11186.50 0.000000e+00
11186.90 0.000000e+00
11187.30 0.000000e+00
11187.70 0.000000e+00
11188.10 0.000000e+00
11188.50 3.541000e-01
11188.90 0.000000e+00
11189.30 0.000000e+00
11189.70 0.000000e+00
11190.10 3.609000e-01
11190.50 3.626000e-01
11190.90 3.937000e-01
11191.30 0.000000e+00
11191.70 0.000000e+00
11192.10 0.000000e+00
11192.50 0.000000e+00
11192.90 0.000000e+00
11193.30 0.000000e+00
11193.70 0.000000e+00
11194.10 3.993000e-01
11194.50 4.251000e-01
11194.90 0.000000e+00
11195.30 0.000000e+00
11195.70 0.000000e+00
11196.10 4.147000e-01
11196.50 0.000000e+00
11196.90 0.000000e+00
11197.30 0.000000e+00
11197.70 3.345000e-01
11198.10 3.447000e-01
11198.50 3.384000e-01
11198.90 0.000000e+00
11199.30 0.000000e+00
11199.70 0.000000e+00
11200.10 0.000000e+00
11200.50 0.000000e+00
11200.90 0.000000e+00
11201.30 0.000000e+00
11201.70 4.421000e-01
11202.10 0.000000e+00
11202.50 3.469000e-01
11202.90 0.000000e+00
11203.30 0.000000e+00
11203.70 3.859000e-01
11204.10 3.550000e-01
11204.50 3.342000e-01
11204.90 0.000000e+00
11205.30 0.000000e+00
11205.70 3.362000e-01
11206.10 3.647000e-01
11206.50 3.838000e-01
11206.90 4.015000e-01
11207.30 0.000000e+00
11207.70 0.000000e+00
11208.10 0.000000e+00
11208.50 3.738000e-01
11208.90 3.736000e-01
11209.30 3.553000e-01
11209.70 3.319000e-01
11210.10 3.172000e-01
11210.50 3.286000e-01
11210.90 0.000000e+00
11211.30 3.509000e-01
11211.70 3.324000e-01
11212.10 3.147000e-01
11212.50 0.000000e+00
11212.90 0.000000e+00
11213.30 0.000000e+00
11213.70 0.000000e+00
11214.10 0.000000e+00
11214.50 0.000000e+00
11214.90 0.000000e+00
11215.30 0.000000e+00
11215.70 0.000000e+00
11216.10 0.000000e+00
11216.50 0.000000e+00
11216.90 0.000000e+00
11217.30 3.338000e-01
11217.70 0.000000e+00
11218.10 3.634000e-01
11218.50 0.000000e+00
11218.90 3.434000e-01
11219.30 0.000000e+00
11219.70 0.000000e+00
11220.10 3.017000e-01
11220.50 0.000000e+00
11220.90 0.000000e+00
11221.30 0.000000e+00
11221.70 4.056000e-01
11222.10 3.872000e-01
11222.50 3.989000e-01
11222.90 3.919000e-01
11223.30 3.798000e-01
11223.70 3.665000e-01
11224.10 3.404000e-01
11224.50 0.000000e+00
11224.90 3.306000e-01
11225.30 3.333000e-01
11225.70 3.507000e-01
11226.10 3.597000e-01
11226.50 0.000000e+00
11226.90 4.261000e-01
11227.30 4.143000e-01
11227.70 0.000000e+00
11228.10 0.000000e+00
11228.50 3.177000e-01
11228.90 0.000000e+00
11229.30 0.000000e+00
11229.70 3.414000e-01
11230.10 3.536000e-01
11230.50 0.000000e+00
11230.90 0.000000e+00
11231.30 4.336000e-01
11231.70 0.000000e+00
11232.10 0.000000e+00
11232.50 3.714000e-01
11232.90 3.741000e-01
11233.30 3.649000e-01
11233.70 3.396000e-01
11234.10 3.169000e-01
11234.50 3.506000e-01
11234.90 3.547000e-01
11235.30 3.475000e-01
11235.70 3.206000e-01
11236.10 3.228000e-01
11236.50 3.354000e-01
11236.90 3.281000e-01
11237.30 0.000000e+00
11237.70 0.000000e+00
11238.10 0.000000e+00
11238.50 0.000000e+00
11238.90 0.000000e+00
11239.30 0.000000e+00
11239.70 3.372000e-01
11240.10 3.285000e-01
11240.50 3.633000e-01
11240.90 3.630000e-01
11241.30 3.567000e-01
11241.70 3.190000e-01
11242.10 0.000000e+00
11242.50 3.462000e-01
11242.90 0.000000e+00
11243.30 3.879000e-01
11243.70 0.000000e+00
11244.10 0.000000e+00
11244.50 3.761000e-01
11244.90 0.000000e+00
11245.30 0.000000e+00
11245.70 0.000000e+00
11246.10 3.405000e-01
11246.50 2.997000e-01
11246.90 0.000000e+00
11247.30 0.000000e+00
11247.70 3.514000e-01
11248.10 0.000000e+00
11248.50 0.000000e+00
11248.90 0.000000e+00
11249.30 3.530000e-01
11249.70 3.853000e-01
11250.10 3.965000e-01
11250.50 4.371000e-01
11250.90 4.228000e-01
11251.30 3.919000e-01
11251.70 3.474000e-01
11252.10 0.000000e+00
11252.50 0.000000e+00
11252.90 4.607000e-01
11253.30 0.000000e+00
11253.70 0.000000e+00
11254.10 0.000000e+00
11254.50 0.000000e+00
11254.90 0.000000e+00
11255.30 0.000000e+00
11255.70 3.918000e-01
11256.10 0.000000e+00
11256.50 3.494000e-01
11256.90 3.499000e-01
11257.30 3.313000e-01
11257.70 3.170000e-01
11258.10 3.453000e-01
11258.50 0.000000e+00
11258.90 3.887000e-01
11259.30 3.609000e-01
11259.70 3.477000e-01
11260.10 3.768000e-01
11260.50 3.895000e-01
11260.90 3.641000e-01
11261.30 0.000000e+00
11261.70 0.000000e+00
11262.10 0.000000e+00
11262.50 0.000000e+00
11262.90 3.377000e-01
11263.30 3.468000e-01
11263.70 3.553000e-01
11264.10 3.630000e-01
11264.50 3.531000e-01
11264.90 3.286000e-01
11265.30 3.094000e-01
11265.70 3.367000e-01
11266.10 3.631000e-01
11266.50 3.577000e-01
11266.90 0.000000e+00
11267.30 0.000000e+00
11267.70 0.000000e+00
11268.10 0.000000e+00
11268.50 0.000000e+00
11268.90 3.314000e-01
11269.30 3.432000e-01
11269.70 0.000000e+00
11270.10 4.272000e-01
11270.50 3.833000e-01
11270.90 3.604000e-01
11271.30 3.989000e-01
11271.70 4.067000e-01
11272.10 3.996000e-01
11272.50 4.386000e-01
11272.90 0.000000e+00
11273.30 0.000000e+00
11273.70 3.603000e-01
11274.10 3.744000e-01
11274.50 0.000000e+00
11274.90 0.000000e+00
11275.30 0.000000e+00
11275.70 4.054000e-01
11276.10 3.618000e-01
11276.50 3.732000e-01
11276.90 3.564000e-01
11277.30 3.381000e-01
11277.70 3.606000e-01
11278.10 0.000000e+00
11278.50 0.000000e+00
11278.90 0.000000e+00
11279.30 0.000000e+00
11279.70 0.000000e+00
11280.10 0.000000e+00
11280.50 0.000000e+00
11280.90 0.000000e+00
11281.30 0.000000e+00
11281.70 0.000000e+00
11282.10 0.000000e+00
11282.50 0.000000e+00
11282.90 0.000000e+00
11283.30 3.597000e-01
11283.70 3.720000e-01
11284.10 3.633000e-01
11284.50 3.814000e-01
11284.90 3.520000e-01
11285.30 0.000000e+00
11285.70 3.453000e-01
11286.10 0.000000e+00
11286.50 3.722000e-01
11286.90 3.880000e-01
11287.30 3.977000e-01
11287.70 3.637000e-01
11288.10 0.000000e+00
11288.50 0.000000e+00
11288.90 0.000000e+00
11289.30 0.000000e+00
11289.70 0.000000e+00
11290.10 0.000000e+00
11290.50 0.000000e+00
11290.90 0.000000e+00
11291.30 0.000000e+00
11291.70 0.000000e+00
11292.10 3.823000e-01
11292.50 0.000000e+00
11292.90 0.000000e+00
11293.30 0.000000e+00
11293.70 3.696000e-01
11294.10 0.000000e+00
11294.50 0.000000e+00
11294.90 0.000000e+00
11295.30 0.000000e+00
11295.70 0.000000e+00
11296.10 0.000000e+00
11296.50 0.000000e+00
11296.90 0.000000e+00
11297.30 4.286000e-01
11297.70 0.000000e+00
11298.10 0.000000e+00
11298.50 0.000000e+00
11298.90 0.000000e+00
11299.30 0.000000e+00
11299.70 3.882000e-01
11300.10 3.959000e-01
11300.50 3.691000e-01
11300.90 0.000000e+00
11301.30 0.000000e+00
11301.70 0.000000e+00
11302.10 0.000000e+00
11302.50 0.000000e+00
11302.90 4.077000e-01
11303.30 3.765000e-01
11303.70 3.745000e-01
11304.10 3.961000e-01
11304.50 0.000000e+00
11304.90 0.000000e+00
11305.30 0.000000e+00
11305.70 0.000000e+00
11306.10 3.655000e-01
11306.50 3.968000e-01
11306.90 0.000000e+00
11307.30 3.678000e-01
11307.70 0.000000e+00
11308.10 0.000000e+00
11308.50 0.000000e+00
11308.90 4.182000e-01
11309.30 4.307000e-01
11309.70 3.996000e-01
11310.10 4.100000e-01
11310.50 4.033000e-01
11310.90 4.061000e-01
11311.30 3.971000e-01
11311.70 3.766000e-01
11312.10 3.904000e-01
11312.50 4.079000e-01
11312.90 0.000000e+00
11313.30 0.000000e+00
11313.70 0.000000e+00
11314.10 4.152000e-01
11314.50 0.000000e+00
11314.90 0.000000e+00
11315.30 0.000000e+00
11315.70 0.000000e+00
11316.10 0.000000e+00
11316.50 0.000000e+00
11316.90 0.000000e+00
11317.30 0.000000e+00
11317.70 0.000000e+00
11318.10 4.234000e-01
11318.50 4.648000e-01
11318.90 0.000000e+00
11319.30 0.000000e+00
11319.70 0.000000e+00
11320.10 4.140000e-01
11320.50 3.672000e-01
11320.90 3.900000e-01
11321.30 0.000000e+00
11321.70 0.000000e+00
11322.10 0.000000e+00
11322.50 0.000000e+00
11322.90 3.748000e-01
11323.30 3.978000e-01
11323.70 0.000000e+00
11324.10 0.000000e+00
11324.50 0.000000e+00
11324.90 3.623000e-01
11325.30 0.000000e+00
11325.70 0.000000e+00
11326.10 0.000000e+00
11326.50 0.000000e+00
11326.90 0.000000e+00
11327.30 0.000000e+00
11327.70 3.238000e-01
11328.10 3.387000e-01
11328.50 3.356000e-01
11328.90 0.000000e+00
11329.30 0.000000e+00
11329.70 3.723000e-01
11330.10 3.620000e-01
11330.50 0.000000e+00
11330.90 0.000000e+00
11331.30 0.000000e+00
11331.70 0.000000e+00
11332.10 0.000000e+00
11332.50 0.000000e+00
11332.90 3.996000e-01
11333.30 4.172000e-01
11333.70 0.000000e+00
11334.10 0.000000e+00
11334.50 0.000000e+00
11334.90 0.000000e+00
11335.30 0.000000e+00
11335.70 0.000000e+00
11336.10 0.000000e+00
11336.50 0.000000e+00
11336.90 3.674000e-01
11337.30 3.530000e-01
11337.70 3.210000e-01
11338.10 0.000000e+00
11338.50 0.000000e+00
11338.90 0.000000e+00
11339.30 0.000000e+00
11339.70 0.000000e+00
11340.10 0.000000e+00
11340.50 0.000000e+00
11340.90 0.000000e+00
11341.30 0.000000e+00
11341.70 0.000000e+00
11342.10 0.000000e+00
11342.50 0.000000e+00
11342.90 3.528000e-01
11343.30 3.546000e-01
11343.70 3.781000e-01
11344.10 0.000000e+00
11344.50 0.000000e+00
11344.90 0.000000e+00
11345.30 3.744000e-01
11345.70 3.979000e-01
11346.10 0.000000e+00
11346.50 0.000000e+00
11346.90 0.000000e+00
11347.30 3.483000e-01
11347.70 3.427000e-01
11348.10 0.000000e+00
11348.50 0.000000e+00
11348.90 0.000000e+00
11349.30 3.977000e-01
11349.70 3.792000e-01
